[chains] g3_refit: 10 被试 / 2600 试次 / chains=4 draws=8000 burn=2000 p_outlier=0.0
[chains] 设置 z 默认值失败（忽略）：'z'
No model attribute --> setting up standard HDDM
Set model to ddm
/opt/conda/lib/python3.9/site-packages/scipy/optimize/_optimize.py:2309: RuntimeWarning: invalid value encountered in double_scalars
  tmp2 = (x - v) * (fx - fw)
/opt/conda/lib/python3.9/site-packages/scipy/optimize/_optimize.py:2310: RuntimeWarning: invalid value encountered in double_scalars
  p = (x - v) * tmp2 - (x - w) * tmp1
/opt/conda/lib/python3.9/site-packages/scipy/optimize/_optimize.py:2309: RuntimeWarning: invalid value encountered in double_scalars
  tmp2 = (x - v) * (fx - fw)
/opt/conda/lib/python3.9/site-packages/scipy/optimize/_optimize.py:2310: RuntimeWarning: invalid value encountered in double_scalars
  p = (x - v) * tmp2 - (x - w) * tmp1
/opt/conda/lib/python3.9/site-packages/scipy/optimize/_optimize.py:2309: RuntimeWarning: invalid value encountered in double_scalars
  tmp2 = (x - v) * (fx - fw)
/opt/conda/lib/python3.9/site-packages/scipy/optimize/_optimize.py:2310: RuntimeWarning: invalid value encountered in double_scalars
  p = (x - v) * tmp2 - (x - w) * tmp1
/opt/conda/lib/python3.9/site-packages/scipy/optimize/_optimize.py:2309: RuntimeWarning: invalid value encountered in double_scalars
  tmp2 = (x - v) * (fx - fw)
/opt/conda/lib/python3.9/site-packages/scipy/optimize/_optimize.py:2310: RuntimeWarning: invalid value encountered in double_scalars
  p = (x - v) * tmp2 - (x - w) * tmp1
[                  0%                  ] 11 of 8000 complete in 0.5 sec
[                  0%                  ] 21 of 8000 complete in 1.1 sec
[                  0%                  ] 31 of 8000 complete in 1.6 sec
[                  0%                  ] 40 of 8000 complete in 2.1 sec
[                  0%                  ] 48 of 8000 complete in 2.6 sec
[                  0%                  ] 57 of 8000 complete in 3.1 sec
[                  0%                  ] 67 of 8000 complete in 3.7 sec
[                  0%                  ] 77 of 8000 complete in 4.2 sec
[                  1%                  ] 88 of 8000 complete in 4.8 sec
[                  1%                  ] 98 of 8000 complete in 5.3 sec
[                  1%                  ] 107 of 8000 complete in 5.8 sec
[                  1%                  ] 117 of 8000 complete in 6.3 sec
[                  1%                  ] 126 of 8000 complete in 6.9 sec
[                  1%                  ] 135 of 8000 complete in 7.4 sec
[                  1%                  ] 144 of 8000 complete in 7.9 sec
[                  1%                  ] 153 of 8000 complete in 8.4 sec
[                  2%                  ] 163 of 8000 complete in 8.9 sec
[                  2%                  ] 172 of 8000 complete in 9.5 sec
[                  2%                  ] 182 of 8000 complete in 10.0 sec
[                  2%                  ] 191 of 8000 complete in 10.5 sec
[                  2%                  ] 200 of 8000 complete in 11.1 sec
[                  2%                  ] 209 of 8000 complete in 11.6 sec
[-                 2%                  ] 218 of 8000 complete in 12.1 sec
[-                 2%                  ] 227 of 8000 complete in 12.6 sec
[-                 2%                  ] 236 of 8000 complete in 13.1 sec
[-                 3%                  ] 245 of 8000 complete in 13.7 sec
[-                 3%                  ] 254 of 8000 complete in 14.2 sec
[-                 3%                  ] 263 of 8000 complete in 14.7 sec
[-                 3%                  ] 272 of 8000 complete in 15.2 sec
[-                 3%                  ] 281 of 8000 complete in 15.8 sec
[-                 3%                  ] 289 of 8000 complete in 16.3 sec
[-                 3%                  ] 298 of 8000 complete in 16.8 sec
[-                 3%                  ] 307 of 8000 complete in 17.3 sec
[-                 3%                  ] 316 of 8000 complete in 17.8 sec
[-                 4%                  ] 325 of 8000 complete in 18.3 sec
[-                 4%                  ] 334 of 8000 complete in 18.8 sec
[-                 4%                  ] 343 of 8000 complete in 19.4 sec
[-                 4%                  ] 352 of 8000 complete in 19.9 sec
[-                 4%                  ] 361 of 8000 complete in 20.4 sec
[-                 4%                  ] 369 of 8000 complete in 20.9 sec
[-                 4%                  ] 377 of 8000 complete in 21.4 sec
[-                 4%                  ] 385 of 8000 complete in 22.0 sec
[-                 4%                  ] 394 of 8000 complete in 22.5 sec
[-                 5%                  ] 402 of 8000 complete in 23.0 sec
[-                 5%                  ] 410 of 8000 complete in 23.6 sec
[-                 5%                  ] 418 of 8000 complete in 24.1 sec
[--                5%                  ] 426 of 8000 complete in 24.6 sec
[--                5%                  ] 433 of 8000 complete in 25.2 sec
[--                5%                  ] 442 of 8000 complete in 25.7 sec
[--                5%                  ] 451 of 8000 complete in 26.3 sec
[--                5%                  ] 460 of 8000 complete in 26.8 sec
[--                5%                  ] 468 of 8000 complete in 27.3 sec
[--                5%                  ] 477 of 8000 complete in 27.9 sec
[--                6%                  ] 485 of 8000 complete in 28.4 sec
[--                6%                  ] 494 of 8000 complete in 28.9 sec
[--                6%                  ] 503 of 8000 complete in 29.5 sec
[--                6%                  ] 512 of 8000 complete in 30.0 sec
[--                6%                  ] 520 of 8000 complete in 30.5 sec
[--                6%                  ] 529 of 8000 complete in 31.0 sec
[--                6%                  ] 537 of 8000 complete in 31.6 sec
[--                6%                  ] 544 of 8000 complete in 32.1 sec
[--                6%                  ] 551 of 8000 complete in 32.7 sec
[--                7%                  ] 560 of 8000 complete in 33.2 sec
[--                7%                  ] 569 of 8000 complete in 33.8 sec
[--                7%                  ] 578 of 8000 complete in 34.3 sec
[--                7%                  ] 587 of 8000 complete in 34.8 sec
[--                7%                  ] 595 of 8000 complete in 35.3 sec
[--                7%                  ] 602 of 8000 complete in 35.9 sec
[--                7%                  ] 610 of 8000 complete in 36.4 sec
[--                7%                  ] 618 of 8000 complete in 36.9 sec
[--                7%                  ] 627 of 8000 complete in 37.5 sec
[---               7%                  ] 636 of 8000 complete in 38.0 sec
[---               8%                  ] 645 of 8000 complete in 38.6 sec
[---               8%                  ] 654 of 8000 complete in 39.1 sec
[---               8%                  ] 663 of 8000 complete in 39.6 sec
[---               8%                  ] 672 of 8000 complete in 40.2 sec
[---               8%                  ] 680 of 8000 complete in 40.7 sec
[---               8%                  ] 688 of 8000 complete in 41.3 sec
[---               8%                  ] 696 of 8000 complete in 41.8 sec
[---               8%                  ] 704 of 8000 complete in 42.3 sec
[---               8%                  ] 712 of 8000 complete in 42.8 sec
[---               9%                  ] 720 of 8000 complete in 43.3 sec
[---               9%                  ] 729 of 8000 complete in 43.9 sec
[---               9%                  ] 738 of 8000 complete in 44.4 sec
[---               9%                  ] 747 of 8000 complete in 45.0 sec
[---               9%                  ] 756 of 8000 complete in 45.5 sec
[---               9%                  ] 765 of 8000 complete in 46.0 sec
[---               9%                  ] 773 of 8000 complete in 46.5 sec
[---               9%                  ] 781 of 8000 complete in 47.0 sec
[---               9%                  ] 790 of 8000 complete in 47.5 sec
[---               9%                  ] 799 of 8000 complete in 48.0 sec
[---              10%                  ] 808 of 8000 complete in 48.6 sec
[---              10%                  ] 817 of 8000 complete in 49.1 sec
[---              10%                  ] 826 of 8000 complete in 49.7 sec
[---              10%                  ] 834 of 8000 complete in 50.2 sec
[---              10%                  ] 842 of 8000 complete in 50.7 sec
[----             10%                  ] 849 of 8000 complete in 51.3 sec
[----             10%                  ] 856 of 8000 complete in 51.8 sec
[----             10%                  ] 863 of 8000 complete in 52.3 sec
[----             10%                  ] 870 of 8000 complete in 52.8 sec
[----             10%                  ] 878 of 8000 complete in 53.3 sec
[----             11%                  ] 887 of 8000 complete in 53.9 sec
[----             11%                  ] 896 of 8000 complete in 54.4 sec
[----             11%                  ] 905 of 8000 complete in 55.0 sec
[----             11%                  ] 913 of 8000 complete in 55.5 sec
[----             11%                  ] 922 of 8000 complete in 56.1 sec
[----             11%                  ] 931 of 8000 complete in 56.6 sec
[----             11%                  ] 939 of 8000 complete in 57.2 sec
[----             11%                  ] 947 of 8000 complete in 57.7 sec
[----             11%                  ] 955 of 8000 complete in 58.2 sec
[----             12%                  ] 963 of 8000 complete in 58.7 sec
[                  0%                  ] 10 of 8000 complete in 0.5 sec
[                  0%                  ] 20 of 8000 complete in 1.0 sec
[                  0%                  ] 30 of 8000 complete in 1.6 sec
[                  0%                  ] 40 of 8000 complete in 2.1 sec
[                  0%                  ] 48 of 8000 complete in 2.6 sec
[                  0%                  ] 56 of 8000 complete in 3.1 sec
[                  0%                  ] 65 of 8000 complete in 3.6 sec
[                  0%                  ] 75 of 8000 complete in 4.2 sec
[                  1%                  ] 85 of 8000 complete in 4.7 sec
[                  1%                  ] 95 of 8000 complete in 5.2 sec
[                  1%                  ] 105 of 8000 complete in 5.8 sec
[                  1%                  ] 115 of 8000 complete in 6.3 sec
[                  1%                  ] 124 of 8000 complete in 6.8 sec
[                  1%                  ] 134 of 8000 complete in 7.4 sec
[                  1%                  ] 144 of 8000 complete in 7.9 sec
[                  1%                  ] 153 of 8000 complete in 8.5 sec
[                  2%                  ] 162 of 8000 complete in 9.0 sec
[                  2%                  ] 171 of 8000 complete in 9.5 sec
[                  2%                  ] 181 of 8000 complete in 10.1 sec
[                  2%                  ] 190 of 8000 complete in 10.6 sec
[                  2%                  ] 199 of 8000 complete in 11.1 sec
[                  2%                  ] 209 of 8000 complete in 11.6 sec
[-                 2%                  ] 218 of 8000 complete in 12.1 sec
[-                 2%                  ] 227 of 8000 complete in 12.7 sec
[-                 2%                  ] 236 of 8000 complete in 13.2 sec
[-                 3%                  ] 245 of 8000 complete in 13.7 sec
[-                 3%                  ] 254 of 8000 complete in 14.2 sec
[-                 3%                  ] 263 of 8000 complete in 14.7 sec
[-                 3%                  ] 272 of 8000 complete in 15.3 sec
[-                 3%                  ] 281 of 8000 complete in 15.8 sec
[-                 3%                  ] 290 of 8000 complete in 16.4 sec
[-                 3%                  ] 298 of 8000 complete in 16.9 sec
[-                 3%                  ] 307 of 8000 complete in 17.4 sec
[-                 3%                  ] 315 of 8000 complete in 18.0 sec
[-                 4%                  ] 325 of 8000 complete in 18.5 sec
[-                 4%                  ] 334 of 8000 complete in 19.0 sec
[-                 4%                  ] 343 of 8000 complete in 19.5 sec
[-                 4%                  ] 352 of 8000 complete in 20.1 sec
[-                 4%                  ] 361 of 8000 complete in 20.6 sec
[-                 4%                  ] 369 of 8000 complete in 21.1 sec
[-                 4%                  ] 377 of 8000 complete in 21.7 sec
[-                 4%                  ] 385 of 8000 complete in 22.2 sec
[-                 4%                  ] 393 of 8000 complete in 22.8 sec
[-                 5%                  ] 401 of 8000 complete in 23.3 sec
[-                 5%                  ] 409 of 8000 complete in 23.9 sec
[-                 5%                  ] 416 of 8000 complete in 24.4 sec
[--                5%                  ] 422 of 8000 complete in 24.9 sec
[--                5%                  ] 429 of 8000 complete in 25.4 sec
[--                5%                  ] 438 of 8000 complete in 26.0 sec
[--                5%                  ] 446 of 8000 complete in 26.5 sec
[--                5%                  ] 454 of 8000 complete in 27.0 sec
[--                5%                  ] 462 of 8000 complete in 27.5 sec
[--                5%                  ] 470 of 8000 complete in 28.0 sec
[--                5%                  ] 479 of 8000 complete in 28.6 sec
[--                6%                  ] 488 of 8000 complete in 29.1 sec
[--                6%                  ] 497 of 8000 complete in 29.6 sec
[--                6%                  ] 506 of 8000 complete in 30.2 sec
[--                6%                  ] 514 of 8000 complete in 30.7 sec
[--                6%                  ] 522 of 8000 complete in 31.2 sec
[--                6%                  ] 529 of 8000 complete in 31.7 sec
[--                6%                  ] 536 of 8000 complete in 32.2 sec
[--                6%                  ] 543 of 8000 complete in 32.8 sec
[--                6%                  ] 552 of 8000 complete in 33.4 sec
[--                7%                  ] 561 of 8000 complete in 33.9 sec
[--                7%                  ] 570 of 8000 complete in 34.4 sec
[--                7%                  ] 579 of 8000 complete in 35.0 sec
[--                7%                  ] 587 of 8000 complete in 35.6 sec
[--                7%                  ] 594 of 8000 complete in 36.2 sec
[--                7%                  ] 602 of 8000 complete in 36.7 sec
[--                7%                  ] 610 of 8000 complete in 37.2 sec
[--                7%                  ] 619 of 8000 complete in 37.7 sec
[--                7%                  ] 628 of 8000 complete in 38.3 sec
[---               7%                  ] 637 of 8000 complete in 38.8 sec
[---               8%                  ] 646 of 8000 complete in 39.4 sec
[---               8%                  ] 654 of 8000 complete in 39.9 sec
[---               8%                  ] 663 of 8000 complete in 40.4 sec
[---               8%                  ] 671 of 8000 complete in 41.0 sec
[---               8%                  ] 679 of 8000 complete in 41.5 sec
[---               8%                  ] 687 of 8000 complete in 42.0 sec
[---               8%                  ] 695 of 8000 complete in 42.6 sec
[---               8%                  ] 702 of 8000 complete in 43.1 sec
[---               8%                  ] 710 of 8000 complete in 43.6 sec
[---               8%                  ] 719 of 8000 complete in 44.1 sec
[---               9%                  ] 728 of 8000 complete in 44.7 sec
[---               9%                  ] 737 of 8000 complete in 45.2 sec
[---               9%                  ] 746 of 8000 complete in 45.7 sec
[---               9%                  ] 755 of 8000 complete in 46.2 sec
[---               9%                  ] 763 of 8000 complete in 46.8 sec
[---               9%                  ] 771 of 8000 complete in 47.3 sec
[---               9%                  ] 780 of 8000 complete in 47.8 sec
[---               9%                  ] 789 of 8000 complete in 48.3 sec
[---               9%                  ] 798 of 8000 complete in 48.8 sec
[---              10%                  ] 807 of 8000 complete in 49.4 sec
[---              10%                  ] 815 of 8000 complete in 49.9 sec
[---              10%                  ] 823 of 8000 complete in 50.5 sec
[---              10%                  ] 830 of 8000 complete in 51.0 sec
[---              10%                  ] 837 of 8000 complete in 51.5 sec
[----             10%                  ] 844 of 8000 complete in 52.0 sec
[----             10%                  ] 852 of 8000 complete in 52.6 sec
[----             10%                  ] 859 of 8000 complete in 53.1 sec
[----             10%                  ] 866 of 8000 complete in 53.6 sec
[----             10%                  ] 874 of 8000 complete in 54.1 sec
[----             11%                  ] 882 of 8000 complete in 54.6 sec
[----             11%                  ] 890 of 8000 complete in 55.2 sec
[----             11%                  ] 897 of 8000 complete in 55.7 sec
[----             11%                  ] 905 of 8000 complete in 56.2 sec
[----             11%                  ] 913 of 8000 complete in 56.7 sec
[----             11%                  ] 921 of 8000 complete in 57.3 sec
[----             11%                  ] 929 of 8000 complete in 57.8 sec
[----             11%                  ] 937 of 8000 complete in 58.3 sec
[----             11%                  ] 945 of 8000 complete in 58.9 sec
[                  0%                  ] 10 of 8000 complete in 0.5 sec
[                  0%                  ] 20 of 8000 complete in 1.0 sec
[                  0%                  ] 29 of 8000 complete in 1.6 sec
[                  0%                  ] 38 of 8000 complete in 2.1 sec
[                  0%                  ] 47 of 8000 complete in 2.6 sec
[                  0%                  ] 55 of 8000 complete in 3.1 sec
[                  0%                  ] 65 of 8000 complete in 3.7 sec
[                  0%                  ] 74 of 8000 complete in 4.2 sec
[                  1%                  ] 83 of 8000 complete in 4.7 sec
[                  1%                  ] 93 of 8000 complete in 5.2 sec
[                  1%                  ] 103 of 8000 complete in 5.7 sec
[                  1%                  ] 113 of 8000 complete in 6.3 sec
[                  1%                  ] 122 of 8000 complete in 6.8 sec
[                  1%                  ] 131 of 8000 complete in 7.4 sec
[                  1%                  ] 141 of 8000 complete in 7.9 sec
[                  1%                  ] 150 of 8000 complete in 8.4 sec
[                  2%                  ] 160 of 8000 complete in 9.0 sec
[                  2%                  ] 170 of 8000 complete in 9.5 sec
[                  2%                  ] 179 of 8000 complete in 10.1 sec
[                  2%                  ] 187 of 8000 complete in 10.6 sec
[                  2%                  ] 196 of 8000 complete in 11.1 sec
[                  2%                  ] 205 of 8000 complete in 11.6 sec
[-                 2%                  ] 215 of 8000 complete in 12.2 sec
[-                 2%                  ] 224 of 8000 complete in 12.7 sec
[-                 2%                  ] 233 of 8000 complete in 13.3 sec
[-                 3%                  ] 242 of 8000 complete in 13.8 sec
[-                 3%                  ] 251 of 8000 complete in 14.3 sec
[-                 3%                  ] 259 of 8000 complete in 14.9 sec
[-                 3%                  ] 267 of 8000 complete in 15.4 sec
[-                 3%                  ] 276 of 8000 complete in 15.9 sec
[-                 3%                  ] 284 of 8000 complete in 16.4 sec
[-                 3%                  ] 293 of 8000 complete in 17.0 sec
[-                 3%                  ] 302 of 8000 complete in 17.5 sec
[-                 3%                  ] 310 of 8000 complete in 18.1 sec
[-                 3%                  ] 319 of 8000 complete in 18.6 sec
[-                 4%                  ] 328 of 8000 complete in 19.1 sec
[-                 4%                  ] 337 of 8000 complete in 19.6 sec
[-                 4%                  ] 346 of 8000 complete in 20.2 sec
[-                 4%                  ] 355 of 8000 complete in 20.7 sec
[-                 4%                  ] 363 of 8000 complete in 21.2 sec
[-                 4%                  ] 371 of 8000 complete in 21.8 sec
[-                 4%                  ] 379 of 8000 complete in 22.4 sec
[-                 4%                  ] 387 of 8000 complete in 22.9 sec
[-                 4%                  ] 395 of 8000 complete in 23.4 sec
[-                 5%                  ] 403 of 8000 complete in 24.0 sec
[-                 5%                  ] 410 of 8000 complete in 24.5 sec
[-                 5%                  ] 416 of 8000 complete in 25.1 sec
[--                5%                  ] 423 of 8000 complete in 25.6 sec
[--                5%                  ] 431 of 8000 complete in 26.1 sec
[--                5%                  ] 439 of 8000 complete in 26.6 sec
[--                5%                  ] 447 of 8000 complete in 27.1 sec
[--                5%                  ] 455 of 8000 complete in 27.7 sec
[--                5%                  ] 463 of 8000 complete in 28.2 sec
[--                5%                  ] 472 of 8000 complete in 28.8 sec
[--                6%                  ] 481 of 8000 complete in 29.3 sec
[--                6%                  ] 490 of 8000 complete in 29.9 sec
[--                6%                  ] 498 of 8000 complete in 30.4 sec
[--                6%                  ] 507 of 8000 complete in 30.9 sec
[--                6%                  ] 514 of 8000 complete in 31.4 sec
[--                6%                  ] 521 of 8000 complete in 31.9 sec
[--                6%                  ] 528 of 8000 complete in 32.5 sec
[--                6%                  ] 535 of 8000 complete in 33.0 sec
[--                6%                  ] 543 of 8000 complete in 33.5 sec
[--                6%                  ] 552 of 8000 complete in 34.1 sec
[--                7%                  ] 561 of 8000 complete in 34.6 sec
[--                7%                  ] 569 of 8000 complete in 35.1 sec
[--                7%                  ] 576 of 8000 complete in 35.6 sec
[--                7%                  ] 582 of 8000 complete in 36.2 sec
[--                7%                  ] 590 of 8000 complete in 36.7 sec
[--                7%                  ] 598 of 8000 complete in 37.3 sec
[--                7%                  ] 606 of 8000 complete in 37.8 sec
[--                7%                  ] 614 of 8000 complete in 38.3 sec
[--                7%                  ] 622 of 8000 complete in 38.8 sec
[--                7%                  ] 631 of 8000 complete in 39.4 sec
[---               7%                  ] 639 of 8000 complete in 39.9 sec
[---               8%                  ] 648 of 8000 complete in 40.5 sec
[---               8%                  ] 656 of 8000 complete in 41.0 sec
[---               8%                  ] 664 of 8000 complete in 41.6 sec
[---               8%                  ] 672 of 8000 complete in 42.1 sec
[---               8%                  ] 680 of 8000 complete in 42.7 sec
[---               8%                  ] 688 of 8000 complete in 43.2 sec
[---               8%                  ] 696 of 8000 complete in 43.8 sec
[---               8%                  ] 705 of 8000 complete in 44.3 sec
[---               8%                  ] 714 of 8000 complete in 44.8 sec
[---               9%                  ] 723 of 8000 complete in 45.4 sec
[---               9%                  ] 732 of 8000 complete in 45.9 sec
[---               9%                  ] 740 of 8000 complete in 46.4 sec
[---               9%                  ] 749 of 8000 complete in 47.0 sec
[---               9%                  ] 758 of 8000 complete in 47.6 sec
[---               9%                  ] 767 of 8000 complete in 48.1 sec
[---               9%                  ] 776 of 8000 complete in 48.6 sec
[---               9%                  ] 785 of 8000 complete in 49.1 sec
[---               9%                  ] 793 of 8000 complete in 49.7 sec
[---              10%                  ] 802 of 8000 complete in 50.2 sec
[---              10%                  ] 811 of 8000 complete in 50.8 sec
[---              10%                  ] 817 of 8000 complete in 51.3 sec
[---              10%                  ] 824 of 8000 complete in 51.8 sec
[---              10%                  ] 831 of 8000 complete in 52.3 sec
[---              10%                  ] 838 of 8000 complete in 52.9 sec
[----             10%                  ] 846 of 8000 complete in 53.5 sec
[----             10%                  ] 854 of 8000 complete in 54.0 sec
[----             10%                  ] 862 of 8000 complete in 54.5 sec
[----             10%                  ] 870 of 8000 complete in 55.0 sec
[----             10%                  ] 877 of 8000 complete in 55.5 sec
[----             11%                  ] 885 of 8000 complete in 56.0 sec
[----             11%                  ] 893 of 8000 complete in 56.6 sec
[----             11%                  ] 901 of 8000 complete in 57.1 sec
[----             11%                  ] 908 of 8000 complete in 57.6 sec
[----             11%                  ] 915 of 8000 complete in 58.1 sec
[----             11%                  ] 923 of 8000 complete in 58.7 sec
[----             11%                  ] 931 of 8000 complete in 59.2 sec
[                  0%                  ] 10 of 8000 complete in 0.5 sec
[                  0%                  ] 20 of 8000 complete in 1.0 sec
[                  0%                  ] 30 of 8000 complete in 1.6 sec
[                  0%                  ] 40 of 8000 complete in 2.1 sec
[                  0%                  ] 48 of 8000 complete in 2.6 sec
[                  0%                  ] 56 of 8000 complete in 3.1 sec
[                  0%                  ] 66 of 8000 complete in 3.7 sec
[                  0%                  ] 76 of 8000 complete in 4.2 sec
[                  1%                  ] 86 of 8000 complete in 4.8 sec
[                  1%                  ] 95 of 8000 complete in 5.3 sec
[                  1%                  ] 105 of 8000 complete in 5.8 sec
[                  1%                  ] 115 of 8000 complete in 6.3 sec
[                  1%                  ] 125 of 8000 complete in 6.9 sec
[                  1%                  ] 135 of 8000 complete in 7.4 sec
[                  1%                  ] 145 of 8000 complete in 8.0 sec
[                  1%                  ] 154 of 8000 complete in 8.5 sec
[                  2%                  ] 164 of 8000 complete in 9.0 sec
[                  2%                  ] 173 of 8000 complete in 9.6 sec
[                  2%                  ] 182 of 8000 complete in 10.1 sec
[                  2%                  ] 190 of 8000 complete in 10.6 sec
[                  2%                  ] 199 of 8000 complete in 11.2 sec
[                  2%                  ] 208 of 8000 complete in 11.7 sec
[-                 2%                  ] 218 of 8000 complete in 12.3 sec
[-                 2%                  ] 226 of 8000 complete in 12.8 sec
[-                 2%                  ] 235 of 8000 complete in 13.3 sec
[-                 3%                  ] 244 of 8000 complete in 13.8 sec
[-                 3%                  ] 254 of 8000 complete in 14.4 sec
[-                 3%                  ] 263 of 8000 complete in 14.9 sec
[-                 3%                  ] 271 of 8000 complete in 15.4 sec
[-                 3%                  ] 280 of 8000 complete in 15.9 sec
[-                 3%                  ] 288 of 8000 complete in 16.4 sec
[-                 3%                  ] 297 of 8000 complete in 17.0 sec
[-                 3%                  ] 306 of 8000 complete in 17.6 sec
[-                 3%                  ] 314 of 8000 complete in 18.1 sec
[-                 4%                  ] 323 of 8000 complete in 18.6 sec
[-                 4%                  ] 332 of 8000 complete in 19.1 sec
[-                 4%                  ] 341 of 8000 complete in 19.6 sec
[-                 4%                  ] 350 of 8000 complete in 20.2 sec
[-                 4%                  ] 359 of 8000 complete in 20.7 sec
[-                 4%                  ] 367 of 8000 complete in 21.2 sec
[-                 4%                  ] 375 of 8000 complete in 21.8 sec
[-                 4%                  ] 383 of 8000 complete in 22.3 sec
[-                 4%                  ] 391 of 8000 complete in 22.9 sec
[-                 5%                  ] 400 of 8000 complete in 23.4 sec
[-                 5%                  ] 408 of 8000 complete in 23.9 sec
[-                 5%                  ] 415 of 8000 complete in 24.5 sec
[--                5%                  ] 422 of 8000 complete in 25.0 sec
[--                5%                  ] 429 of 8000 complete in 25.5 sec
[--                5%                  ] 438 of 8000 complete in 26.1 sec
[--                5%                  ] 446 of 8000 complete in 26.6 sec
[--                5%                  ] 455 of 8000 complete in 27.2 sec
[--                5%                  ] 463 of 8000 complete in 27.7 sec
[--                5%                  ] 471 of 8000 complete in 28.2 sec
[--                5%                  ] 479 of 8000 complete in 28.7 sec
[--                6%                  ] 488 of 8000 complete in 29.2 sec
[--                6%                  ] 497 of 8000 complete in 29.8 sec
[--                6%                  ] 505 of 8000 complete in 30.3 sec
[--                6%                  ] 514 of 8000 complete in 30.8 sec
[--                6%                  ] 522 of 8000 complete in 31.4 sec
[--                6%                  ] 529 of 8000 complete in 31.9 sec
[--                6%                  ] 536 of 8000 complete in 32.4 sec
[--                6%                  ] 543 of 8000 complete in 33.0 sec
[--                6%                  ] 551 of 8000 complete in 33.5 sec
[--                7%                  ] 561 of 8000 complete in 34.0 sec
[--                7%                  ] 570 of 8000 complete in 34.6 sec
[--                7%                  ] 578 of 8000 complete in 35.1 sec
[--                7%                  ] 585 of 8000 complete in 35.6 sec
[--                7%                  ] 592 of 8000 complete in 36.2 sec
[--                7%                  ] 600 of 8000 complete in 36.7 sec
[--                7%                  ] 608 of 8000 complete in 37.2 sec
[--                7%                  ] 617 of 8000 complete in 37.7 sec
[--                7%                  ] 625 of 8000 complete in 38.3 sec
[---               7%                  ] 633 of 8000 complete in 38.8 sec
[---               8%                  ] 642 of 8000 complete in 39.4 sec
[---               8%                  ] 651 of 8000 complete in 39.9 sec
[---               8%                  ] 659 of 8000 complete in 40.5 sec
[---               8%                  ] 667 of 8000 complete in 41.0 sec
[---               8%                  ] 675 of 8000 complete in 41.6 sec
[---               8%                  ] 683 of 8000 complete in 42.1 sec
[---               8%                  ] 690 of 8000 complete in 42.6 sec
[---               8%                  ] 697 of 8000 complete in 43.2 sec
[---               8%                  ] 705 of 8000 complete in 43.7 sec
[---               8%                  ] 714 of 8000 complete in 44.3 sec
[---               9%                  ] 723 of 8000 complete in 44.8 sec
[---               9%                  ] 732 of 8000 complete in 45.3 sec
[---               9%                  ] 741 of 8000 complete in 45.9 sec
[---               9%                  ] 750 of 8000 complete in 46.4 sec
[---               9%                  ] 758 of 8000 complete in 47.0 sec
[---               9%                  ] 767 of 8000 complete in 47.5 sec
[---               9%                  ] 776 of 8000 complete in 48.1 sec
[---               9%                  ] 785 of 8000 complete in 48.6 sec
[---               9%                  ] 794 of 8000 complete in 49.2 sec
[---              10%                  ] 803 of 8000 complete in 49.7 sec
[---              10%                  ] 811 of 8000 complete in 50.2 sec
[---              10%                  ] 819 of 8000 complete in 50.7 sec
[---              10%                  ] 826 of 8000 complete in 51.3 sec
[---              10%                  ] 833 of 8000 complete in 51.8 sec
[---              10%                  ] 840 of 8000 complete in 52.3 sec
[----             10%                  ] 846 of 8000 complete in 52.8 sec
[----             10%                  ] 853 of 8000 complete in 53.4 sec
[----             10%                  ] 861 of 8000 complete in 53.9 sec
[----             10%                  ] 869 of 8000 complete in 54.4 sec
[----             10%                  ] 877 of 8000 complete in 55.0 sec
[----             11%                  ] 885 of 8000 complete in 55.5 sec
[----             11%                  ] 893 of 8000 complete in 56.0 sec
[----             11%                  ] 902 of 8000 complete in 56.6 sec
[----             11%                  ] 910 of 8000 complete in 57.1 sec
[----             11%                  ] 918 of 8000 complete in 57.7 sec
[----             11%                  ] 926 of 8000 complete in 58.2 sec
[----             11%                  ] 935 of 8000 complete in 58.8 sec
[----             11%                  ] 944 of 8000 complete in 59.3 sec
[----             11%                  ] 954 of 8000 complete in 59.4 sec
[----             12%                  ] 963 of 8000 complete in 59.9 sec
[----             12%                  ] 972 of 8000 complete in 60.5 sec
[----             12%                  ] 981 of 8000 complete in 61.0 sec
[----             12%                  ] 989 of 8000 complete in 61.6 sec
[----             12%                  ] 998 of 8000 complete in 62.1 sec
[----             12%                  ] 1006 of 8000 complete in 62.6 sec
[----             12%                  ] 1014 of 8000 complete in 63.1 sec
[----             12%                  ] 1022 of 8000 complete in 63.7 sec
[----             12%                  ] 1030 of 8000 complete in 64.2 sec
[----             12%                  ] 1038 of 8000 complete in 64.7 sec
[----             13%                  ] 1047 of 8000 complete in 65.3 sec
[-----            13%                  ] 1055 of 8000 complete in 65.8 sec
[-----            13%                  ] 1063 of 8000 complete in 66.3 sec
[-----            13%                  ] 1071 of 8000 complete in 66.9 sec
[-----            13%                  ] 1079 of 8000 complete in 67.4 sec
[-----            13%                  ] 1087 of 8000 complete in 68.0 sec
[-----            13%                  ] 1095 of 8000 complete in 68.5 sec
[-----            13%                  ] 1102 of 8000 complete in 69.0 sec
[-----            13%                  ] 1109 of 8000 complete in 69.6 sec
[-----            13%                  ] 1116 of 8000 complete in 70.1 sec
[-----            14%                  ] 1123 of 8000 complete in 70.6 sec
[-----            14%                  ] 1130 of 8000 complete in 71.1 sec
[-----            14%                  ] 1137 of 8000 complete in 71.6 sec
[-----            14%                  ] 1145 of 8000 complete in 72.1 sec
[-----            14%                  ] 1154 of 8000 complete in 72.7 sec
[-----            14%                  ] 1162 of 8000 complete in 73.2 sec
[-----            14%                  ] 1171 of 8000 complete in 73.7 sec
[-----            14%                  ] 1180 of 8000 complete in 74.2 sec
[-----            14%                  ] 1189 of 8000 complete in 74.8 sec
[-----            14%                  ] 1198 of 8000 complete in 75.3 sec
[-----            15%                  ] 1207 of 8000 complete in 75.8 sec
[-----            15%                  ] 1216 of 8000 complete in 76.4 sec
[-----            15%                  ] 1225 of 8000 complete in 76.9 sec
[-----            15%                  ] 1234 of 8000 complete in 77.5 sec
[-----            15%                  ] 1242 of 8000 complete in 78.0 sec
[-----            15%                  ] 1250 of 8000 complete in 78.5 sec
[-----            15%                  ] 1258 of 8000 complete in 79.0 sec
[------           15%                  ] 1266 of 8000 complete in 79.5 sec
[------           15%                  ] 1274 of 8000 complete in 80.0 sec
[------           16%                  ] 1282 of 8000 complete in 80.5 sec
[------           16%                  ] 1289 of 8000 complete in 81.0 sec
[------           16%                  ] 1297 of 8000 complete in 81.6 sec
[------           16%                  ] 1305 of 8000 complete in 82.2 sec
[------           16%                  ] 1313 of 8000 complete in 82.7 sec
[------           16%                  ] 1320 of 8000 complete in 83.2 sec
[------           16%                  ] 1328 of 8000 complete in 83.8 sec
[------           16%                  ] 1336 of 8000 complete in 84.3 sec
[------           16%                  ] 1344 of 8000 complete in 84.8 sec
[------           16%                  ] 1352 of 8000 complete in 85.3 sec
[------           17%                  ] 1360 of 8000 complete in 85.8 sec
[------           17%                  ] 1368 of 8000 complete in 86.4 sec
[------           17%                  ] 1376 of 8000 complete in 86.9 sec
[------           17%                  ] 1384 of 8000 complete in 87.4 sec
[------           17%                  ] 1392 of 8000 complete in 88.0 sec
[------           17%                  ] 1400 of 8000 complete in 88.5 sec
[------           17%                  ] 1408 of 8000 complete in 89.0 sec
[------           17%                  ] 1417 of 8000 complete in 89.5 sec
[------           17%                  ] 1426 of 8000 complete in 90.1 sec
[------           17%                  ] 1435 of 8000 complete in 90.6 sec
[------           18%                  ] 1444 of 8000 complete in 91.2 sec
[------           18%                  ] 1453 of 8000 complete in 91.7 sec
[------           18%                  ] 1462 of 8000 complete in 92.2 sec
[------           18%                  ] 1469 of 8000 complete in 92.8 sec
[-------          18%                  ] 1476 of 8000 complete in 93.3 sec
[-------          18%                  ] 1483 of 8000 complete in 93.8 sec
[-------          18%                  ] 1491 of 8000 complete in 94.3 sec
[-------          18%                  ] 1499 of 8000 complete in 94.8 sec
[-------          18%                  ] 1507 of 8000 complete in 95.4 sec
[-------          18%                  ] 1515 of 8000 complete in 95.9 sec
[-------          19%                  ] 1523 of 8000 complete in 96.4 sec
[-------          19%                  ] 1531 of 8000 complete in 96.9 sec
[-------          19%                  ] 1539 of 8000 complete in 97.5 sec
[-------          19%                  ] 1547 of 8000 complete in 98.0 sec
[-------          19%                  ] 1555 of 8000 complete in 98.6 sec
[-------          19%                  ] 1563 of 8000 complete in 99.1 sec
[-------          19%                  ] 1570 of 8000 complete in 99.6 sec
[-------          19%                  ] 1578 of 8000 complete in 100.1 sec
[-------          19%                  ] 1587 of 8000 complete in 100.6 sec
[-------          19%                  ] 1595 of 8000 complete in 101.1 sec
[-------          20%                  ] 1603 of 8000 complete in 101.7 sec
[-------          20%                  ] 1611 of 8000 complete in 102.2 sec
[-------          20%                  ] 1619 of 8000 complete in 102.7 sec
[-------          20%                  ] 1626 of 8000 complete in 103.3 sec
[-------          20%                  ] 1634 of 8000 complete in 103.8 sec
[-------          20%                  ] 1642 of 8000 complete in 104.3 sec
[-------          20%                  ] 1651 of 8000 complete in 104.8 sec
[-------          20%                  ] 1660 of 8000 complete in 105.3 sec
[-------          20%                  ] 1669 of 8000 complete in 105.9 sec
[-------          20%                  ] 1678 of 8000 complete in 106.4 sec
[--------         21%                  ] 1687 of 8000 complete in 107.0 sec
[--------         21%                  ] 1696 of 8000 complete in 107.5 sec
[--------         21%                  ] 1704 of 8000 complete in 108.1 sec
[--------         21%                  ] 1712 of 8000 complete in 108.6 sec
[--------         21%                  ] 1720 of 8000 complete in 109.1 sec
[--------         21%                  ] 1728 of 8000 complete in 109.7 sec
[--------         21%                  ] 1737 of 8000 complete in 110.2 sec
[--------         21%                  ] 1746 of 8000 complete in 110.7 sec
[--------         21%                  ] 1753 of 8000 complete in 111.2 sec
[--------         22%                  ] 1761 of 8000 complete in 111.8 sec
[--------         22%                  ] 1768 of 8000 complete in 112.3 sec
[--------         22%                  ] 1775 of 8000 complete in 112.9 sec
[--------         22%                  ] 1783 of 8000 complete in 113.4 sec
[--------         22%                  ] 1791 of 8000 complete in 114.0 sec
[--------         22%                  ] 1799 of 8000 complete in 114.5 sec
[--------         22%                  ] 1807 of 8000 complete in 115.0 sec
[--------         22%                  ] 1815 of 8000 complete in 115.5 sec
[--------         22%                  ] 1823 of 8000 complete in 116.1 sec
[----             12%                  ] 972 of 8000 complete in 59.3 sec
[----             12%                  ] 981 of 8000 complete in 59.8 sec
[----             12%                  ] 990 of 8000 complete in 60.3 sec
[----             12%                  ] 999 of 8000 complete in 60.9 sec
[----             12%                  ] 1008 of 8000 complete in 61.4 sec
[----             12%                  ] 1016 of 8000 complete in 61.9 sec
[----             12%                  ] 1025 of 8000 complete in 62.5 sec
[----             12%                  ] 1033 of 8000 complete in 63.0 sec
[----             13%                  ] 1041 of 8000 complete in 63.5 sec
[----             13%                  ] 1050 of 8000 complete in 64.1 sec
[-----            13%                  ] 1059 of 8000 complete in 64.6 sec
[-----            13%                  ] 1068 of 8000 complete in 65.2 sec
[-----            13%                  ] 1076 of 8000 complete in 65.7 sec
[-----            13%                  ] 1084 of 8000 complete in 66.2 sec
[-----            13%                  ] 1092 of 8000 complete in 66.7 sec
[-----            13%                  ] 1100 of 8000 complete in 67.3 sec
[-----            13%                  ] 1108 of 8000 complete in 67.8 sec
[-----            13%                  ] 1116 of 8000 complete in 68.4 sec
[-----            14%                  ] 1123 of 8000 complete in 69.0 sec
[-----            14%                  ] 1130 of 8000 complete in 69.5 sec
[-----            14%                  ] 1137 of 8000 complete in 70.0 sec
[-----            14%                  ] 1144 of 8000 complete in 70.5 sec
[-----            14%                  ] 1151 of 8000 complete in 71.0 sec
[-----            14%                  ] 1159 of 8000 complete in 71.6 sec
[-----            14%                  ] 1168 of 8000 complete in 72.1 sec
[-----            14%                  ] 1176 of 8000 complete in 72.6 sec
[-----            14%                  ] 1184 of 8000 complete in 73.1 sec
[-----            14%                  ] 1192 of 8000 complete in 73.6 sec
[-----            15%                  ] 1200 of 8000 complete in 74.1 sec
[-----            15%                  ] 1209 of 8000 complete in 74.6 sec
[-----            15%                  ] 1218 of 8000 complete in 75.2 sec
[-----            15%                  ] 1227 of 8000 complete in 75.7 sec
[-----            15%                  ] 1236 of 8000 complete in 76.2 sec
[-----            15%                  ] 1244 of 8000 complete in 76.8 sec
[-----            15%                  ] 1253 of 8000 complete in 77.3 sec
[-----            15%                  ] 1261 of 8000 complete in 77.8 sec
[------           15%                  ] 1269 of 8000 complete in 78.4 sec
[------           15%                  ] 1277 of 8000 complete in 78.9 sec
[------           16%                  ] 1285 of 8000 complete in 79.4 sec
[------           16%                  ] 1293 of 8000 complete in 79.9 sec
[------           16%                  ] 1301 of 8000 complete in 80.4 sec
[------           16%                  ] 1309 of 8000 complete in 81.0 sec
[------           16%                  ] 1316 of 8000 complete in 81.5 sec
[------           16%                  ] 1324 of 8000 complete in 82.1 sec
[------           16%                  ] 1332 of 8000 complete in 82.6 sec
[------           16%                  ] 1339 of 8000 complete in 83.1 sec
[------           16%                  ] 1346 of 8000 complete in 83.7 sec
[------           16%                  ] 1354 of 8000 complete in 84.2 sec
[------           17%                  ] 1362 of 8000 complete in 84.7 sec
[------           17%                  ] 1370 of 8000 complete in 85.2 sec
[------           17%                  ] 1379 of 8000 complete in 85.8 sec
[------           17%                  ] 1387 of 8000 complete in 86.3 sec
[------           17%                  ] 1394 of 8000 complete in 86.8 sec
[------           17%                  ] 1402 of 8000 complete in 87.4 sec
[------           17%                  ] 1410 of 8000 complete in 87.9 sec
[------           17%                  ] 1418 of 8000 complete in 88.4 sec
[------           17%                  ] 1426 of 8000 complete in 88.9 sec
[------           17%                  ] 1435 of 8000 complete in 89.5 sec
[------           18%                  ] 1444 of 8000 complete in 90.0 sec
[------           18%                  ] 1452 of 8000 complete in 90.5 sec
[------           18%                  ] 1460 of 8000 complete in 91.0 sec
[------           18%                  ] 1469 of 8000 complete in 91.6 sec
[-------          18%                  ] 1477 of 8000 complete in 92.1 sec
[-------          18%                  ] 1484 of 8000 complete in 92.6 sec
[-------          18%                  ] 1491 of 8000 complete in 93.1 sec
[-------          18%                  ] 1499 of 8000 complete in 93.7 sec
[-------          18%                  ] 1507 of 8000 complete in 94.3 sec
[-------          18%                  ] 1515 of 8000 complete in 94.8 sec
[-------          19%                  ] 1523 of 8000 complete in 95.3 sec
[-------          19%                  ] 1531 of 8000 complete in 95.8 sec
[-------          19%                  ] 1539 of 8000 complete in 96.3 sec
[-------          19%                  ] 1547 of 8000 complete in 96.9 sec
[-------          19%                  ] 1555 of 8000 complete in 97.4 sec
[-------          19%                  ] 1563 of 8000 complete in 97.9 sec
[-------          19%                  ] 1571 of 8000 complete in 98.5 sec
[-------          19%                  ] 1579 of 8000 complete in 99.0 sec
[-------          19%                  ] 1587 of 8000 complete in 99.6 sec
[-------          19%                  ] 1595 of 8000 complete in 100.1 sec
[-------          20%                  ] 1604 of 8000 complete in 100.6 sec
[-------          20%                  ] 1612 of 8000 complete in 101.1 sec
[-------          20%                  ] 1619 of 8000 complete in 101.7 sec
[-------          20%                  ] 1627 of 8000 complete in 102.2 sec
[-------          20%                  ] 1635 of 8000 complete in 102.8 sec
[-------          20%                  ] 1643 of 8000 complete in 103.3 sec
[-------          20%                  ] 1651 of 8000 complete in 103.8 sec
[-------          20%                  ] 1659 of 8000 complete in 104.3 sec
[-------          20%                  ] 1668 of 8000 complete in 104.9 sec
[-------          20%                  ] 1677 of 8000 complete in 105.4 sec
[--------         21%                  ] 1685 of 8000 complete in 105.9 sec
[--------         21%                  ] 1694 of 8000 complete in 106.5 sec
[--------         21%                  ] 1702 of 8000 complete in 107.0 sec
[--------         21%                  ] 1710 of 8000 complete in 107.5 sec
[--------         21%                  ] 1719 of 8000 complete in 108.0 sec
[--------         21%                  ] 1727 of 8000 complete in 108.6 sec
[--------         21%                  ] 1735 of 8000 complete in 109.1 sec
[--------         21%                  ] 1743 of 8000 complete in 109.7 sec
[--------         21%                  ] 1752 of 8000 complete in 110.2 sec
[--------         22%                  ] 1761 of 8000 complete in 110.8 sec
[--------         22%                  ] 1768 of 8000 complete in 111.3 sec
[--------         22%                  ] 1775 of 8000 complete in 111.8 sec
[--------         22%                  ] 1782 of 8000 complete in 112.3 sec
[--------         22%                  ] 1789 of 8000 complete in 112.9 sec
[--------         22%                  ] 1797 of 8000 complete in 113.4 sec
[--------         22%                  ] 1805 of 8000 complete in 114.0 sec
[--------         22%                  ] 1813 of 8000 complete in 114.5 sec
[--------         22%                  ] 1820 of 8000 complete in 115.0 sec
[--------         22%                  ] 1828 of 8000 complete in 115.6 sec
[--------         22%                  ] 1836 of 8000 complete in 116.1 sec
[----             11%                  ] 953 of 8000 complete in 59.8 sec
[----             12%                  ] 962 of 8000 complete in 60.4 sec
[----             12%                  ] 971 of 8000 complete in 60.9 sec
[----             12%                  ] 980 of 8000 complete in 61.4 sec
[----             12%                  ] 988 of 8000 complete in 62.0 sec
[----             12%                  ] 996 of 8000 complete in 62.5 sec
[----             12%                  ] 1004 of 8000 complete in 63.0 sec
[----             12%                  ] 1012 of 8000 complete in 63.5 sec
[----             12%                  ] 1020 of 8000 complete in 64.0 sec
[----             12%                  ] 1027 of 8000 complete in 64.5 sec
[----             12%                  ] 1036 of 8000 complete in 65.1 sec
[----             13%                  ] 1044 of 8000 complete in 65.6 sec
[----             13%                  ] 1052 of 8000 complete in 66.1 sec
[-----            13%                  ] 1060 of 8000 complete in 66.6 sec
[-----            13%                  ] 1068 of 8000 complete in 67.1 sec
[-----            13%                  ] 1075 of 8000 complete in 67.7 sec
[-----            13%                  ] 1083 of 8000 complete in 68.2 sec
[-----            13%                  ] 1091 of 8000 complete in 68.8 sec
[-----            13%                  ] 1098 of 8000 complete in 69.3 sec
[-----            13%                  ] 1105 of 8000 complete in 69.8 sec
[-----            13%                  ] 1112 of 8000 complete in 70.4 sec
[-----            13%                  ] 1119 of 8000 complete in 70.9 sec
[-----            14%                  ] 1126 of 8000 complete in 71.4 sec
[-----            14%                  ] 1134 of 8000 complete in 71.9 sec
[-----            14%                  ] 1142 of 8000 complete in 72.4 sec
[-----            14%                  ] 1150 of 8000 complete in 73.0 sec
[-----            14%                  ] 1159 of 8000 complete in 73.5 sec
[-----            14%                  ] 1167 of 8000 complete in 74.1 sec
[-----            14%                  ] 1176 of 8000 complete in 74.6 sec
[-----            14%                  ] 1185 of 8000 complete in 75.1 sec
[-----            14%                  ] 1194 of 8000 complete in 75.7 sec
[-----            15%                  ] 1202 of 8000 complete in 76.2 sec
[-----            15%                  ] 1210 of 8000 complete in 76.8 sec
[-----            15%                  ] 1219 of 8000 complete in 77.3 sec
[-----            15%                  ] 1228 of 8000 complete in 77.9 sec
[-----            15%                  ] 1236 of 8000 complete in 78.4 sec
[-----            15%                  ] 1244 of 8000 complete in 78.9 sec
[-----            15%                  ] 1252 of 8000 complete in 79.4 sec
[-----            15%                  ] 1260 of 8000 complete in 80.0 sec
[------           15%                  ] 1268 of 8000 complete in 80.5 sec
[------           15%                  ] 1276 of 8000 complete in 81.1 sec
[------           16%                  ] 1283 of 8000 complete in 81.6 sec
[------           16%                  ] 1290 of 8000 complete in 82.1 sec
[------           16%                  ] 1297 of 8000 complete in 82.6 sec
[------           16%                  ] 1304 of 8000 complete in 83.2 sec
[------           16%                  ] 1312 of 8000 complete in 83.7 sec
[------           16%                  ] 1320 of 8000 complete in 84.2 sec
[------           16%                  ] 1328 of 8000 complete in 84.7 sec
[------           16%                  ] 1336 of 8000 complete in 85.3 sec
[------           16%                  ] 1345 of 8000 complete in 85.8 sec
[------           16%                  ] 1353 of 8000 complete in 86.4 sec
[------           17%                  ] 1361 of 8000 complete in 86.9 sec
[------           17%                  ] 1369 of 8000 complete in 87.4 sec
[------           17%                  ] 1377 of 8000 complete in 87.9 sec
[------           17%                  ] 1386 of 8000 complete in 88.5 sec
[------           17%                  ] 1394 of 8000 complete in 89.0 sec
[------           17%                  ] 1403 of 8000 complete in 89.6 sec
[------           17%                  ] 1411 of 8000 complete in 90.1 sec
[------           17%                  ] 1420 of 8000 complete in 90.6 sec
[------           17%                  ] 1429 of 8000 complete in 91.2 sec
[------           17%                  ] 1437 of 8000 complete in 91.7 sec
[------           18%                  ] 1445 of 8000 complete in 92.2 sec
[------           18%                  ] 1452 of 8000 complete in 92.7 sec
[------           18%                  ] 1460 of 8000 complete in 93.3 sec
[------           18%                  ] 1468 of 8000 complete in 93.9 sec
[-------          18%                  ] 1475 of 8000 complete in 94.4 sec
[-------          18%                  ] 1483 of 8000 complete in 94.9 sec
[-------          18%                  ] 1491 of 8000 complete in 95.4 sec
[-------          18%                  ] 1499 of 8000 complete in 95.9 sec
[-------          18%                  ] 1508 of 8000 complete in 96.5 sec
[-------          18%                  ] 1517 of 8000 complete in 97.0 sec
[-------          19%                  ] 1525 of 8000 complete in 97.6 sec
[-------          19%                  ] 1534 of 8000 complete in 98.2 sec
[-------          19%                  ] 1542 of 8000 complete in 98.7 sec
[-------          19%                  ] 1550 of 8000 complete in 99.3 sec
[-------          19%                  ] 1558 of 8000 complete in 99.8 sec
[-------          19%                  ] 1567 of 8000 complete in 100.4 sec
[-------          19%                  ] 1576 of 8000 complete in 100.9 sec
[-------          19%                  ] 1584 of 8000 complete in 101.4 sec
[-------          19%                  ] 1592 of 8000 complete in 102.0 sec
[-------          20%                  ] 1600 of 8000 complete in 102.5 sec
[-------          20%                  ] 1607 of 8000 complete in 103.0 sec
[-------          20%                  ] 1615 of 8000 complete in 103.5 sec
[-------          20%                  ] 1623 of 8000 complete in 104.1 sec
[-------          20%                  ] 1631 of 8000 complete in 104.6 sec
[-------          20%                  ] 1639 of 8000 complete in 105.1 sec
[-------          20%                  ] 1648 of 8000 complete in 105.7 sec
[-------          20%                  ] 1657 of 8000 complete in 106.2 sec
[-------          20%                  ] 1666 of 8000 complete in 106.7 sec
[-------          20%                  ] 1675 of 8000 complete in 107.3 sec
[-------          21%                  ] 1683 of 8000 complete in 107.8 sec
[--------         21%                  ] 1692 of 8000 complete in 108.4 sec
[--------         21%                  ] 1701 of 8000 complete in 108.9 sec
[--------         21%                  ] 1709 of 8000 complete in 109.5 sec
[--------         21%                  ] 1717 of 8000 complete in 110.0 sec
[--------         21%                  ] 1726 of 8000 complete in 110.5 sec
[--------         21%                  ] 1734 of 8000 complete in 111.0 sec
[--------         21%                  ] 1741 of 8000 complete in 111.6 sec
[--------         21%                  ] 1749 of 8000 complete in 112.2 sec
[--------         21%                  ] 1756 of 8000 complete in 112.7 sec
[--------         22%                  ] 1763 of 8000 complete in 113.2 sec
[--------         22%                  ] 1771 of 8000 complete in 113.7 sec
[--------         22%                  ] 1779 of 8000 complete in 114.3 sec
[--------         22%                  ] 1787 of 8000 complete in 114.8 sec
[--------         22%                  ] 1795 of 8000 complete in 115.4 sec
[--------         22%                  ] 1803 of 8000 complete in 115.9 sec
[--------         22%                  ] 1811 of 8000 complete in 116.4 sec
[--------         22%                  ] 1819 of 8000 complete in 117.0 sec
[----             11%                  ] 939 of 8000 complete in 59.7 sec
[----             11%                  ] 948 of 8000 complete in 60.2 sec
[----             11%                  ] 957 of 8000 complete in 60.8 sec
[----             12%                  ] 965 of 8000 complete in 61.3 sec
[----             12%                  ] 973 of 8000 complete in 61.8 sec
[----             12%                  ] 981 of 8000 complete in 62.3 sec
[----             12%                  ] 989 of 8000 complete in 62.9 sec
[----             12%                  ] 998 of 8000 complete in 63.4 sec
[----             12%                  ] 1006 of 8000 complete in 64.0 sec
[----             12%                  ] 1014 of 8000 complete in 64.5 sec
[----             12%                  ] 1022 of 8000 complete in 65.0 sec
[----             12%                  ] 1031 of 8000 complete in 65.6 sec
[----             12%                  ] 1039 of 8000 complete in 66.1 sec
[----             13%                  ] 1047 of 8000 complete in 66.6 sec
[-----            13%                  ] 1054 of 8000 complete in 67.2 sec
[-----            13%                  ] 1061 of 8000 complete in 67.7 sec
[-----            13%                  ] 1069 of 8000 complete in 68.3 sec
[-----            13%                  ] 1076 of 8000 complete in 68.8 sec
[-----            13%                  ] 1083 of 8000 complete in 69.4 sec
[-----            13%                  ] 1090 of 8000 complete in 69.9 sec
[-----            13%                  ] 1097 of 8000 complete in 70.5 sec
[-----            13%                  ] 1104 of 8000 complete in 71.0 sec
[-----            13%                  ] 1112 of 8000 complete in 71.6 sec
[-----            14%                  ] 1120 of 8000 complete in 72.1 sec
[-----            14%                  ] 1128 of 8000 complete in 72.6 sec
[-----            14%                  ] 1136 of 8000 complete in 73.1 sec
[-----            14%                  ] 1145 of 8000 complete in 73.7 sec
[-----            14%                  ] 1153 of 8000 complete in 74.2 sec
[-----            14%                  ] 1162 of 8000 complete in 74.8 sec
[-----            14%                  ] 1171 of 8000 complete in 75.3 sec
[-----            14%                  ] 1180 of 8000 complete in 75.8 sec
[-----            14%                  ] 1188 of 8000 complete in 76.3 sec
[-----            14%                  ] 1196 of 8000 complete in 76.9 sec
[-----            15%                  ] 1205 of 8000 complete in 77.4 sec
[-----            15%                  ] 1213 of 8000 complete in 78.0 sec
[-----            15%                  ] 1221 of 8000 complete in 78.5 sec
[-----            15%                  ] 1230 of 8000 complete in 79.0 sec
[-----            15%                  ] 1238 of 8000 complete in 79.5 sec
[-----            15%                  ] 1246 of 8000 complete in 80.1 sec
[-----            15%                  ] 1254 of 8000 complete in 80.6 sec
[-----            15%                  ] 1261 of 8000 complete in 81.2 sec
[------           15%                  ] 1269 of 8000 complete in 81.7 sec
[------           15%                  ] 1276 of 8000 complete in 82.3 sec
[------           16%                  ] 1284 of 8000 complete in 82.8 sec
[------           16%                  ] 1292 of 8000 complete in 83.3 sec
[------           16%                  ] 1300 of 8000 complete in 83.8 sec
[------           16%                  ] 1309 of 8000 complete in 84.4 sec
[------           16%                  ] 1317 of 8000 complete in 84.9 sec
[------           16%                  ] 1325 of 8000 complete in 85.5 sec
[------           16%                  ] 1333 of 8000 complete in 86.0 sec
[------           16%                  ] 1341 of 8000 complete in 86.5 sec
[------           16%                  ] 1349 of 8000 complete in 87.1 sec
[------           16%                  ] 1357 of 8000 complete in 87.6 sec
[------           17%                  ] 1365 of 8000 complete in 88.2 sec
[------           17%                  ] 1373 of 8000 complete in 88.7 sec
[------           17%                  ] 1381 of 8000 complete in 89.2 sec
[------           17%                  ] 1389 of 8000 complete in 89.7 sec
[------           17%                  ] 1398 of 8000 complete in 90.2 sec
[------           17%                  ] 1406 of 8000 complete in 90.8 sec
[------           17%                  ] 1415 of 8000 complete in 91.3 sec
[------           17%                  ] 1423 of 8000 complete in 91.8 sec
[------           17%                  ] 1431 of 8000 complete in 92.3 sec
[------           17%                  ] 1438 of 8000 complete in 92.9 sec
[------           18%                  ] 1446 of 8000 complete in 93.4 sec
[------           18%                  ] 1454 of 8000 complete in 94.0 sec
[------           18%                  ] 1462 of 8000 complete in 94.5 sec
[------           18%                  ] 1470 of 8000 complete in 95.0 sec
[-------          18%                  ] 1478 of 8000 complete in 95.5 sec
[-------          18%                  ] 1486 of 8000 complete in 96.1 sec
[-------          18%                  ] 1494 of 8000 complete in 96.6 sec
[-------          18%                  ] 1502 of 8000 complete in 97.1 sec
[-------          18%                  ] 1510 of 8000 complete in 97.6 sec
[-------          18%                  ] 1519 of 8000 complete in 98.2 sec
[-------          19%                  ] 1527 of 8000 complete in 98.7 sec
[-------          19%                  ] 1535 of 8000 complete in 99.3 sec
[-------          19%                  ] 1543 of 8000 complete in 99.8 sec
[-------          19%                  ] 1552 of 8000 complete in 100.4 sec
[-------          19%                  ] 1561 of 8000 complete in 100.9 sec
[-------          19%                  ] 1570 of 8000 complete in 101.5 sec
[-------          19%                  ] 1578 of 8000 complete in 102.0 sec
[-------          19%                  ] 1586 of 8000 complete in 102.6 sec
[-------          19%                  ] 1593 of 8000 complete in 103.1 sec
[-------          20%                  ] 1601 of 8000 complete in 103.6 sec
[-------          20%                  ] 1610 of 8000 complete in 104.2 sec
[-------          20%                  ] 1618 of 8000 complete in 104.7 sec
[-------          20%                  ] 1627 of 8000 complete in 105.2 sec
[-------          20%                  ] 1635 of 8000 complete in 105.7 sec
[-------          20%                  ] 1644 of 8000 complete in 106.3 sec
[-------          20%                  ] 1653 of 8000 complete in 106.8 sec
[-------          20%                  ] 1662 of 8000 complete in 107.3 sec
[-------          20%                  ] 1670 of 8000 complete in 107.8 sec
[-------          20%                  ] 1678 of 8000 complete in 108.3 sec
[--------         21%                  ] 1686 of 8000 complete in 108.9 sec
[--------         21%                  ] 1694 of 8000 complete in 109.4 sec
[--------         21%                  ] 1702 of 8000 complete in 110.0 sec
[--------         21%                  ] 1711 of 8000 complete in 110.5 sec
[--------         21%                  ] 1720 of 8000 complete in 111.1 sec
[--------         21%                  ] 1727 of 8000 complete in 111.6 sec
[--------         21%                  ] 1735 of 8000 complete in 112.1 sec
[--------         21%                  ] 1742 of 8000 complete in 112.7 sec
[--------         21%                  ] 1749 of 8000 complete in 113.2 sec
[--------         21%                  ] 1757 of 8000 complete in 113.8 sec
[--------         22%                  ] 1765 of 8000 complete in 114.3 sec
[--------         22%                  ] 1773 of 8000 complete in 114.9 sec
[--------         22%                  ] 1781 of 8000 complete in 115.4 sec
[--------         22%                  ] 1789 of 8000 complete in 116.0 sec
[--------         22%                  ] 1797 of 8000 complete in 116.5 sec
[--------         22%                  ] 1805 of 8000 complete in 117.0 sec
[--------         22%                  ] 1831 of 8000 complete in 116.6 sec
[--------         22%                  ] 1839 of 8000 complete in 117.1 sec
[--------         23%                  ] 1847 of 8000 complete in 117.6 sec
[--------         23%                  ] 1855 of 8000 complete in 118.1 sec
[--------         23%                  ] 1863 of 8000 complete in 118.6 sec
[--------         23%                  ] 1872 of 8000 complete in 119.2 sec
[--------         23%                  ] 1881 of 8000 complete in 119.7 sec
[--------         23%                  ] 1889 of 8000 complete in 120.3 sec
[---------        23%                  ] 1898 of 8000 complete in 120.8 sec
[---------        23%                  ] 1907 of 8000 complete in 121.4 sec
[---------        23%                  ] 1915 of 8000 complete in 121.9 sec
[---------        24%                  ] 1923 of 8000 complete in 122.4 sec
[---------        24%                  ] 1930 of 8000 complete in 123.0 sec
[---------        24%                  ] 1937 of 8000 complete in 123.5 sec
[---------        24%                  ] 1945 of 8000 complete in 124.1 sec
[---------        24%                  ] 1953 of 8000 complete in 124.6 sec
[---------        24%                  ] 1961 of 8000 complete in 125.1 sec
[---------        24%                  ] 1969 of 8000 complete in 125.6 sec
[---------        24%                  ] 1977 of 8000 complete in 126.1 sec
[---------        24%                  ] 1984 of 8000 complete in 126.6 sec
[---------        24%                  ] 1992 of 8000 complete in 127.2 sec
[---------        25%                  ] 2001 of 8000 complete in 127.8 sec
[---------        25%                  ] 2010 of 8000 complete in 128.3 sec
[---------        25%                  ] 2020 of 8000 complete in 128.8 sec
[---------        25%                  ] 2029 of 8000 complete in 129.4 sec
[---------        25%                  ] 2038 of 8000 complete in 129.9 sec
[---------        25%                  ] 2047 of 8000 complete in 130.4 sec
[---------        25%                  ] 2056 of 8000 complete in 131.0 sec
[---------        25%                  ] 2065 of 8000 complete in 131.5 sec
[---------        25%                  ] 2074 of 8000 complete in 132.0 sec
[---------        26%                  ] 2083 of 8000 complete in 132.6 sec
[---------        26%                  ] 2091 of 8000 complete in 133.1 sec
[---------        26%                  ] 2100 of 8000 complete in 133.6 sec
[----------       26%                  ] 2108 of 8000 complete in 134.1 sec
[----------       26%                  ] 2117 of 8000 complete in 134.7 sec
[----------       26%                  ] 2126 of 8000 complete in 135.3 sec
[----------       26%                  ] 2134 of 8000 complete in 135.8 sec
[----------       26%                  ] 2141 of 8000 complete in 136.4 sec
[----------       26%                  ] 2147 of 8000 complete in 136.9 sec
[----------       26%                  ] 2155 of 8000 complete in 137.4 sec
[----------       27%                  ] 2164 of 8000 complete in 137.9 sec
[----------       27%                  ] 2173 of 8000 complete in 138.4 sec
[----------       27%                  ] 2183 of 8000 complete in 139.0 sec
[----------       27%                  ] 2192 of 8000 complete in 139.5 sec
[----------       27%                  ] 2201 of 8000 complete in 140.0 sec
[----------       27%                  ] 2210 of 8000 complete in 140.6 sec
[----------       27%                  ] 2218 of 8000 complete in 141.1 sec
[----------       27%                  ] 2226 of 8000 complete in 141.6 sec
[----------       27%                  ] 2234 of 8000 complete in 142.1 sec
[----------       28%                  ] 2242 of 8000 complete in 142.7 sec
[----------       28%                  ] 2250 of 8000 complete in 143.2 sec
[----------       28%                  ] 2259 of 8000 complete in 143.7 sec
[----------       28%                  ] 2267 of 8000 complete in 144.3 sec
[----------       28%                  ] 2275 of 8000 complete in 144.8 sec
[----------       28%                  ] 2283 of 8000 complete in 145.3 sec
[----------       28%                  ] 2291 of 8000 complete in 145.8 sec
[----------       28%                  ] 2300 of 8000 complete in 146.4 sec
[----------       28%                  ] 2309 of 8000 complete in 146.9 sec
[-----------      28%                  ] 2317 of 8000 complete in 147.4 sec
[-----------      29%                  ] 2325 of 8000 complete in 147.9 sec
[-----------      29%                  ] 2333 of 8000 complete in 148.5 sec
[-----------      29%                  ] 2342 of 8000 complete in 149.0 sec
[-----------      29%                  ] 2350 of 8000 complete in 149.5 sec
[-----------      29%                  ] 2359 of 8000 complete in 150.0 sec
[-----------      29%                  ] 2368 of 8000 complete in 150.6 sec
[-----------      29%                  ] 2377 of 8000 complete in 151.1 sec
[-----------      29%                  ] 2386 of 8000 complete in 151.6 sec
[-----------      29%                  ] 2395 of 8000 complete in 152.2 sec
[-----------      30%                  ] 2403 of 8000 complete in 152.8 sec
[-----------      30%                  ] 2411 of 8000 complete in 153.3 sec
[-----------      30%                  ] 2420 of 8000 complete in 153.8 sec
[-----------      30%                  ] 2429 of 8000 complete in 154.4 sec
[-----------      30%                  ] 2437 of 8000 complete in 154.9 sec
[-----------      30%                  ] 2445 of 8000 complete in 155.4 sec
[-----------      30%                  ] 2454 of 8000 complete in 156.0 sec
[-----------      30%                  ] 2462 of 8000 complete in 156.5 sec
[-----------      30%                  ] 2472 of 8000 complete in 157.0 sec
[-----------      31%                  ] 2481 of 8000 complete in 157.6 sec
[-----------      31%                  ] 2490 of 8000 complete in 158.1 sec
[-----------      31%                  ] 2499 of 8000 complete in 158.6 sec
[-----------      31%                  ] 2508 of 8000 complete in 159.1 sec
[-----------      31%                  ] 2516 of 8000 complete in 159.6 sec
[-----------      31%                  ] 2525 of 8000 complete in 160.1 sec
[------------     31%                  ] 2534 of 8000 complete in 160.7 sec
[------------     31%                  ] 2542 of 8000 complete in 161.2 sec
[------------     31%                  ] 2551 of 8000 complete in 161.8 sec
[------------     31%                  ] 2559 of 8000 complete in 162.3 sec
[------------     32%                  ] 2568 of 8000 complete in 162.8 sec
[------------     32%                  ] 2577 of 8000 complete in 163.3 sec
[------------     32%                  ] 2586 of 8000 complete in 163.8 sec
[------------     32%                  ] 2595 of 8000 complete in 164.3 sec
[------------     32%                  ] 2603 of 8000 complete in 164.9 sec
[------------     32%                  ] 2611 of 8000 complete in 165.4 sec
[------------     32%                  ] 2620 of 8000 complete in 165.9 sec
[------------     32%                  ] 2629 of 8000 complete in 166.4 sec
[------------     32%                  ] 2638 of 8000 complete in 166.9 sec
[------------     33%                  ] 2647 of 8000 complete in 167.5 sec
[------------     33%                  ] 2655 of 8000 complete in 168.0 sec
[------------     33%                  ] 2664 of 8000 complete in 168.5 sec
[------------     33%                  ] 2673 of 8000 complete in 169.0 sec
[------------     33%                  ] 2682 of 8000 complete in 169.6 sec
[------------     33%                  ] 2691 of 8000 complete in 170.1 sec
[------------     33%                  ] 2700 of 8000 complete in 170.6 sec
[------------     33%                  ] 2708 of 8000 complete in 171.1 sec
[------------     33%                  ] 2717 of 8000 complete in 171.7 sec
[------------     34%                  ] 2726 of 8000 complete in 172.2 sec
[------------     34%                  ] 2734 of 8000 complete in 172.7 sec
[--------         23%                  ] 1843 of 8000 complete in 116.6 sec
[--------         23%                  ] 1851 of 8000 complete in 117.1 sec
[--------         23%                  ] 1859 of 8000 complete in 117.7 sec
[--------         23%                  ] 1867 of 8000 complete in 118.2 sec
[--------         23%                  ] 1876 of 8000 complete in 118.7 sec
[--------         23%                  ] 1884 of 8000 complete in 119.3 sec
[--------         23%                  ] 1892 of 8000 complete in 119.8 sec
[---------        23%                  ] 1899 of 8000 complete in 120.3 sec
[---------        23%                  ] 1908 of 8000 complete in 120.8 sec
[---------        23%                  ] 1916 of 8000 complete in 121.3 sec
[---------        24%                  ] 1924 of 8000 complete in 121.9 sec
[---------        24%                  ] 1932 of 8000 complete in 122.4 sec
[---------        24%                  ] 1939 of 8000 complete in 122.9 sec
[---------        24%                  ] 1946 of 8000 complete in 123.5 sec
[---------        24%                  ] 1954 of 8000 complete in 124.0 sec
[---------        24%                  ] 1962 of 8000 complete in 124.6 sec
[---------        24%                  ] 1971 of 8000 complete in 125.1 sec
[---------        24%                  ] 1979 of 8000 complete in 125.6 sec
[---------        24%                  ] 1987 of 8000 complete in 126.2 sec
[---------        24%                  ] 1994 of 8000 complete in 126.7 sec
[---------        25%                  ] 2001 of 8000 complete in 127.2 sec
[---------        25%                  ] 2010 of 8000 complete in 127.7 sec
[---------        25%                  ] 2019 of 8000 complete in 128.3 sec
[---------        25%                  ] 2029 of 8000 complete in 128.9 sec
[---------        25%                  ] 2038 of 8000 complete in 129.4 sec
[---------        25%                  ] 2047 of 8000 complete in 129.9 sec
[---------        25%                  ] 2056 of 8000 complete in 130.5 sec
[---------        25%                  ] 2065 of 8000 complete in 131.0 sec
[---------        25%                  ] 2074 of 8000 complete in 131.5 sec
[---------        26%                  ] 2083 of 8000 complete in 132.1 sec
[---------        26%                  ] 2092 of 8000 complete in 132.6 sec
[---------        26%                  ] 2100 of 8000 complete in 133.1 sec
[----------       26%                  ] 2108 of 8000 complete in 133.6 sec
[----------       26%                  ] 2115 of 8000 complete in 134.1 sec
[----------       26%                  ] 2123 of 8000 complete in 134.7 sec
[----------       26%                  ] 2131 of 8000 complete in 135.2 sec
[----------       26%                  ] 2139 of 8000 complete in 135.7 sec
[----------       26%                  ] 2145 of 8000 complete in 136.3 sec
[----------       26%                  ] 2151 of 8000 complete in 136.8 sec
[----------       26%                  ] 2159 of 8000 complete in 137.3 sec
[----------       27%                  ] 2168 of 8000 complete in 137.9 sec
[----------       27%                  ] 2178 of 8000 complete in 138.4 sec
[----------       27%                  ] 2187 of 8000 complete in 139.0 sec
[----------       27%                  ] 2196 of 8000 complete in 139.5 sec
[----------       27%                  ] 2205 of 8000 complete in 140.0 sec
[----------       27%                  ] 2214 of 8000 complete in 140.6 sec
[----------       27%                  ] 2222 of 8000 complete in 141.1 sec
[----------       27%                  ] 2231 of 8000 complete in 141.6 sec
[----------       28%                  ] 2240 of 8000 complete in 142.2 sec
[----------       28%                  ] 2248 of 8000 complete in 142.7 sec
[----------       28%                  ] 2256 of 8000 complete in 143.2 sec
[----------       28%                  ] 2264 of 8000 complete in 143.7 sec
[----------       28%                  ] 2272 of 8000 complete in 144.3 sec
[----------       28%                  ] 2280 of 8000 complete in 144.8 sec
[----------       28%                  ] 2288 of 8000 complete in 145.3 sec
[----------       28%                  ] 2297 of 8000 complete in 145.9 sec
[----------       28%                  ] 2305 of 8000 complete in 146.4 sec
[----------       28%                  ] 2314 of 8000 complete in 146.9 sec
[-----------      29%                  ] 2322 of 8000 complete in 147.5 sec
[-----------      29%                  ] 2330 of 8000 complete in 148.0 sec
[-----------      29%                  ] 2338 of 8000 complete in 148.5 sec
[-----------      29%                  ] 2346 of 8000 complete in 149.1 sec
[-----------      29%                  ] 2354 of 8000 complete in 149.6 sec
[-----------      29%                  ] 2363 of 8000 complete in 150.1 sec
[-----------      29%                  ] 2372 of 8000 complete in 150.7 sec
[-----------      29%                  ] 2381 of 8000 complete in 151.2 sec
[-----------      29%                  ] 2390 of 8000 complete in 151.8 sec
[-----------      29%                  ] 2398 of 8000 complete in 152.3 sec
[-----------      30%                  ] 2405 of 8000 complete in 152.8 sec
[-----------      30%                  ] 2413 of 8000 complete in 153.3 sec
[-----------      30%                  ] 2421 of 8000 complete in 153.8 sec
[-----------      30%                  ] 2429 of 8000 complete in 154.4 sec
[-----------      30%                  ] 2437 of 8000 complete in 154.9 sec
[-----------      30%                  ] 2445 of 8000 complete in 155.5 sec
[-----------      30%                  ] 2453 of 8000 complete in 156.0 sec
[-----------      30%                  ] 2462 of 8000 complete in 156.5 sec
[-----------      30%                  ] 2471 of 8000 complete in 157.1 sec
[-----------      30%                  ] 2479 of 8000 complete in 157.6 sec
[-----------      31%                  ] 2488 of 8000 complete in 158.1 sec
[-----------      31%                  ] 2497 of 8000 complete in 158.6 sec
[-----------      31%                  ] 2506 of 8000 complete in 159.2 sec
[-----------      31%                  ] 2515 of 8000 complete in 159.7 sec
[-----------      31%                  ] 2524 of 8000 complete in 160.2 sec
[------------     31%                  ] 2532 of 8000 complete in 160.8 sec
[------------     31%                  ] 2541 of 8000 complete in 161.3 sec
[------------     31%                  ] 2549 of 8000 complete in 161.8 sec
[------------     31%                  ] 2558 of 8000 complete in 162.3 sec
[------------     32%                  ] 2567 of 8000 complete in 162.9 sec
[------------     32%                  ] 2577 of 8000 complete in 163.4 sec
[------------     32%                  ] 2585 of 8000 complete in 164.0 sec
[------------     32%                  ] 2594 of 8000 complete in 164.5 sec
[------------     32%                  ] 2602 of 8000 complete in 165.0 sec
[------------     32%                  ] 2611 of 8000 complete in 165.5 sec
[------------     32%                  ] 2620 of 8000 complete in 166.1 sec
[------------     32%                  ] 2628 of 8000 complete in 166.6 sec
[------------     32%                  ] 2637 of 8000 complete in 167.1 sec
[------------     33%                  ] 2646 of 8000 complete in 167.6 sec
[------------     33%                  ] 2655 of 8000 complete in 168.2 sec
[------------     33%                  ] 2664 of 8000 complete in 168.7 sec
[------------     33%                  ] 2673 of 8000 complete in 169.2 sec
[------------     33%                  ] 2682 of 8000 complete in 169.8 sec
[------------     33%                  ] 2691 of 8000 complete in 170.3 sec
[------------     33%                  ] 2700 of 8000 complete in 170.8 sec
[------------     33%                  ] 2708 of 8000 complete in 171.3 sec
[------------     33%                  ] 2717 of 8000 complete in 171.9 sec
[------------     34%                  ] 2725 of 8000 complete in 172.4 sec
[------------     34%                  ] 2733 of 8000 complete in 172.9 sec
[--------         22%                  ] 1827 of 8000 complete in 117.5 sec
[--------         22%                  ] 1835 of 8000 complete in 118.0 sec
[--------         23%                  ] 1843 of 8000 complete in 118.6 sec
[--------         23%                  ] 1852 of 8000 complete in 119.1 sec
[--------         23%                  ] 1861 of 8000 complete in 119.7 sec
[--------         23%                  ] 1869 of 8000 complete in 120.2 sec
[--------         23%                  ] 1878 of 8000 complete in 120.8 sec
[--------         23%                  ] 1887 of 8000 complete in 121.3 sec
[---------        23%                  ] 1895 of 8000 complete in 121.9 sec
[---------        23%                  ] 1903 of 8000 complete in 122.4 sec
[---------        23%                  ] 1910 of 8000 complete in 122.9 sec
[---------        23%                  ] 1917 of 8000 complete in 123.4 sec
[---------        24%                  ] 1925 of 8000 complete in 124.0 sec
[---------        24%                  ] 1934 of 8000 complete in 124.5 sec
[---------        24%                  ] 1942 of 8000 complete in 125.1 sec
[---------        24%                  ] 1950 of 8000 complete in 125.6 sec
[---------        24%                  ] 1958 of 8000 complete in 126.1 sec
[---------        24%                  ] 1966 of 8000 complete in 126.6 sec
[---------        24%                  ] 1974 of 8000 complete in 127.2 sec
[---------        24%                  ] 1982 of 8000 complete in 127.7 sec
[---------        24%                  ] 1991 of 8000 complete in 128.3 sec
[---------        25%                  ] 2000 of 8000 complete in 128.8 sec
[---------        25%                  ] 2009 of 8000 complete in 129.3 sec
[---------        25%                  ] 2018 of 8000 complete in 129.8 sec
[---------        25%                  ] 2027 of 8000 complete in 130.4 sec
[---------        25%                  ] 2035 of 8000 complete in 130.9 sec
[---------        25%                  ] 2043 of 8000 complete in 131.4 sec
[---------        25%                  ] 2052 of 8000 complete in 131.9 sec
[---------        25%                  ] 2061 of 8000 complete in 132.5 sec
[---------        25%                  ] 2069 of 8000 complete in 133.0 sec
[---------        25%                  ] 2077 of 8000 complete in 133.5 sec
[---------        26%                  ] 2085 of 8000 complete in 134.1 sec
[---------        26%                  ] 2093 of 8000 complete in 134.6 sec
[---------        26%                  ] 2101 of 8000 complete in 135.1 sec
[----------       26%                  ] 2110 of 8000 complete in 135.7 sec
[----------       26%                  ] 2117 of 8000 complete in 136.2 sec
[----------       26%                  ] 2124 of 8000 complete in 136.8 sec
[----------       26%                  ] 2132 of 8000 complete in 137.3 sec
[----------       26%                  ] 2140 of 8000 complete in 137.8 sec
[----------       26%                  ] 2149 of 8000 complete in 138.4 sec
[----------       26%                  ] 2159 of 8000 complete in 138.9 sec
[----------       27%                  ] 2168 of 8000 complete in 139.4 sec
[----------       27%                  ] 2177 of 8000 complete in 140.0 sec
[----------       27%                  ] 2186 of 8000 complete in 140.5 sec
[----------       27%                  ] 2194 of 8000 complete in 141.0 sec
[----------       27%                  ] 2202 of 8000 complete in 141.5 sec
[----------       27%                  ] 2210 of 8000 complete in 142.1 sec
[----------       27%                  ] 2218 of 8000 complete in 142.6 sec
[----------       27%                  ] 2225 of 8000 complete in 143.1 sec
[----------       27%                  ] 2233 of 8000 complete in 143.6 sec
[----------       28%                  ] 2241 of 8000 complete in 144.1 sec
[----------       28%                  ] 2249 of 8000 complete in 144.6 sec
[----------       28%                  ] 2257 of 8000 complete in 145.2 sec
[----------       28%                  ] 2266 of 8000 complete in 145.7 sec
[----------       28%                  ] 2274 of 8000 complete in 146.3 sec
[----------       28%                  ] 2282 of 8000 complete in 146.8 sec
[----------       28%                  ] 2290 of 8000 complete in 147.3 sec
[----------       28%                  ] 2299 of 8000 complete in 147.9 sec
[----------       28%                  ] 2307 of 8000 complete in 148.4 sec
[-----------      28%                  ] 2316 of 8000 complete in 148.9 sec
[-----------      29%                  ] 2325 of 8000 complete in 149.5 sec
[-----------      29%                  ] 2333 of 8000 complete in 150.0 sec
[-----------      29%                  ] 2341 of 8000 complete in 150.5 sec
[-----------      29%                  ] 2350 of 8000 complete in 151.1 sec
[-----------      29%                  ] 2359 of 8000 complete in 151.6 sec
[-----------      29%                  ] 2367 of 8000 complete in 152.2 sec
[-----------      29%                  ] 2375 of 8000 complete in 152.7 sec
[-----------      29%                  ] 2382 of 8000 complete in 153.2 sec
[-----------      29%                  ] 2391 of 8000 complete in 153.8 sec
[-----------      29%                  ] 2399 of 8000 complete in 154.3 sec
[-----------      30%                  ] 2407 of 8000 complete in 154.8 sec
[-----------      30%                  ] 2415 of 8000 complete in 155.3 sec
[-----------      30%                  ] 2423 of 8000 complete in 155.9 sec
[-----------      30%                  ] 2431 of 8000 complete in 156.4 sec
[-----------      30%                  ] 2440 of 8000 complete in 156.9 sec
[-----------      30%                  ] 2449 of 8000 complete in 157.5 sec
[-----------      30%                  ] 2458 of 8000 complete in 158.0 sec
[-----------      30%                  ] 2467 of 8000 complete in 158.5 sec
[-----------      30%                  ] 2476 of 8000 complete in 159.0 sec
[-----------      31%                  ] 2485 of 8000 complete in 159.6 sec
[-----------      31%                  ] 2494 of 8000 complete in 160.1 sec
[-----------      31%                  ] 2503 of 8000 complete in 160.7 sec
[-----------      31%                  ] 2511 of 8000 complete in 161.2 sec
[-----------      31%                  ] 2519 of 8000 complete in 161.7 sec
[------------     31%                  ] 2528 of 8000 complete in 162.2 sec
[------------     31%                  ] 2537 of 8000 complete in 162.8 sec
[------------     31%                  ] 2545 of 8000 complete in 163.3 sec
[------------     31%                  ] 2554 of 8000 complete in 163.8 sec
[------------     32%                  ] 2563 of 8000 complete in 164.4 sec
[------------     32%                  ] 2571 of 8000 complete in 164.9 sec
[------------     32%                  ] 2579 of 8000 complete in 165.4 sec
[------------     32%                  ] 2588 of 8000 complete in 165.9 sec
[------------     32%                  ] 2597 of 8000 complete in 166.5 sec
[------------     32%                  ] 2606 of 8000 complete in 167.0 sec
[------------     32%                  ] 2615 of 8000 complete in 167.5 sec
[------------     32%                  ] 2624 of 8000 complete in 168.1 sec
[------------     32%                  ] 2633 of 8000 complete in 168.6 sec
[------------     33%                  ] 2642 of 8000 complete in 169.1 sec
[------------     33%                  ] 2651 of 8000 complete in 169.7 sec
[------------     33%                  ] 2660 of 8000 complete in 170.2 sec
[------------     33%                  ] 2669 of 8000 complete in 170.8 sec
[------------     33%                  ] 2677 of 8000 complete in 171.3 sec
[------------     33%                  ] 2686 of 8000 complete in 171.8 sec
[------------     33%                  ] 2694 of 8000 complete in 172.4 sec
[------------     33%                  ] 2702 of 8000 complete in 172.9 sec
[------------     33%                  ] 2711 of 8000 complete in 173.4 sec
[------------     33%                  ] 2719 of 8000 complete in 174.0 sec
[--------         22%                  ] 1813 of 8000 complete in 117.5 sec
[--------         22%                  ] 1821 of 8000 complete in 118.1 sec
[--------         22%                  ] 1829 of 8000 complete in 118.6 sec
[--------         22%                  ] 1837 of 8000 complete in 119.1 sec
[--------         23%                  ] 1846 of 8000 complete in 119.7 sec
[--------         23%                  ] 1854 of 8000 complete in 120.2 sec
[--------         23%                  ] 1862 of 8000 complete in 120.7 sec
[--------         23%                  ] 1870 of 8000 complete in 121.3 sec
[--------         23%                  ] 1878 of 8000 complete in 121.8 sec
[--------         23%                  ] 1886 of 8000 complete in 122.3 sec
[--------         23%                  ] 1894 of 8000 complete in 122.9 sec
[---------        23%                  ] 1901 of 8000 complete in 123.5 sec
[---------        23%                  ] 1908 of 8000 complete in 124.0 sec
[---------        23%                  ] 1917 of 8000 complete in 124.5 sec
[---------        24%                  ] 1925 of 8000 complete in 125.1 sec
[---------        24%                  ] 1933 of 8000 complete in 125.6 sec
[---------        24%                  ] 1941 of 8000 complete in 126.1 sec
[---------        24%                  ] 1949 of 8000 complete in 126.7 sec
[---------        24%                  ] 1957 of 8000 complete in 127.2 sec
[---------        24%                  ] 1965 of 8000 complete in 127.7 sec
[---------        24%                  ] 1974 of 8000 complete in 128.2 sec
[---------        24%                  ] 1983 of 8000 complete in 128.7 sec
[---------        24%                  ] 1992 of 8000 complete in 129.3 sec
[---------        25%                  ] 2001 of 8000 complete in 129.8 sec
[---------        25%                  ] 2010 of 8000 complete in 130.4 sec
[---------        25%                  ] 2019 of 8000 complete in 130.9 sec
[---------        25%                  ] 2027 of 8000 complete in 131.4 sec
[---------        25%                  ] 2036 of 8000 complete in 131.9 sec
[---------        25%                  ] 2045 of 8000 complete in 132.4 sec
[---------        25%                  ] 2053 of 8000 complete in 133.0 sec
[---------        25%                  ] 2062 of 8000 complete in 133.5 sec
[---------        25%                  ] 2070 of 8000 complete in 134.0 sec
[---------        25%                  ] 2078 of 8000 complete in 134.6 sec
[---------        26%                  ] 2087 of 8000 complete in 135.1 sec
[---------        26%                  ] 2095 of 8000 complete in 135.7 sec
[---------        26%                  ] 2102 of 8000 complete in 136.2 sec
[----------       26%                  ] 2108 of 8000 complete in 136.7 sec
[----------       26%                  ] 2116 of 8000 complete in 137.3 sec
[----------       26%                  ] 2125 of 8000 complete in 137.8 sec
[----------       26%                  ] 2134 of 8000 complete in 138.3 sec
[----------       26%                  ] 2143 of 8000 complete in 138.9 sec
[----------       26%                  ] 2152 of 8000 complete in 139.4 sec
[----------       27%                  ] 2161 of 8000 complete in 139.9 sec
[----------       27%                  ] 2170 of 8000 complete in 140.4 sec
[----------       27%                  ] 2178 of 8000 complete in 140.9 sec
[----------       27%                  ] 2186 of 8000 complete in 141.5 sec
[----------       27%                  ] 2194 of 8000 complete in 142.0 sec
[----------       27%                  ] 2202 of 8000 complete in 142.5 sec
[----------       27%                  ] 2210 of 8000 complete in 143.0 sec
[----------       27%                  ] 2218 of 8000 complete in 143.5 sec
[----------       27%                  ] 2226 of 8000 complete in 144.0 sec
[----------       27%                  ] 2234 of 8000 complete in 144.6 sec
[----------       28%                  ] 2242 of 8000 complete in 145.1 sec
[----------       28%                  ] 2250 of 8000 complete in 145.6 sec
[----------       28%                  ] 2258 of 8000 complete in 146.2 sec
[----------       28%                  ] 2267 of 8000 complete in 146.7 sec
[----------       28%                  ] 2275 of 8000 complete in 147.2 sec
[----------       28%                  ] 2283 of 8000 complete in 147.7 sec
[----------       28%                  ] 2291 of 8000 complete in 148.3 sec
[----------       28%                  ] 2300 of 8000 complete in 148.8 sec
[----------       28%                  ] 2309 of 8000 complete in 149.4 sec
[-----------      28%                  ] 2318 of 8000 complete in 149.9 sec
[-----------      29%                  ] 2326 of 8000 complete in 150.4 sec
[-----------      29%                  ] 2335 of 8000 complete in 151.0 sec
[-----------      29%                  ] 2344 of 8000 complete in 151.5 sec
[-----------      29%                  ] 2353 of 8000 complete in 152.1 sec
[-----------      29%                  ] 2361 of 8000 complete in 152.6 sec
[-----------      29%                  ] 2369 of 8000 complete in 153.1 sec
[-----------      29%                  ] 2378 of 8000 complete in 153.7 sec
[-----------      29%                  ] 2386 of 8000 complete in 154.2 sec
[-----------      29%                  ] 2394 of 8000 complete in 154.7 sec
[-----------      30%                  ] 2402 of 8000 complete in 155.3 sec
[-----------      30%                  ] 2411 of 8000 complete in 155.8 sec
[-----------      30%                  ] 2419 of 8000 complete in 156.4 sec
[-----------      30%                  ] 2428 of 8000 complete in 156.9 sec
[-----------      30%                  ] 2437 of 8000 complete in 157.4 sec
[-----------      30%                  ] 2447 of 8000 complete in 158.0 sec
[-----------      30%                  ] 2456 of 8000 complete in 158.5 sec
[-----------      30%                  ] 2465 of 8000 complete in 159.0 sec
[-----------      30%                  ] 2474 of 8000 complete in 159.6 sec
[-----------      31%                  ] 2483 of 8000 complete in 160.1 sec
[-----------      31%                  ] 2492 of 8000 complete in 160.7 sec
[-----------      31%                  ] 2500 of 8000 complete in 161.2 sec
[-----------      31%                  ] 2508 of 8000 complete in 161.7 sec
[-----------      31%                  ] 2517 of 8000 complete in 162.3 sec
[-----------      31%                  ] 2526 of 8000 complete in 162.8 sec
[------------     31%                  ] 2535 of 8000 complete in 163.3 sec
[------------     31%                  ] 2544 of 8000 complete in 163.9 sec
[------------     31%                  ] 2552 of 8000 complete in 164.4 sec
[------------     32%                  ] 2561 of 8000 complete in 165.0 sec
[------------     32%                  ] 2570 of 8000 complete in 165.5 sec
[------------     32%                  ] 2579 of 8000 complete in 166.0 sec
[------------     32%                  ] 2588 of 8000 complete in 166.6 sec
[------------     32%                  ] 2597 of 8000 complete in 167.1 sec
[------------     32%                  ] 2606 of 8000 complete in 167.7 sec
[------------     32%                  ] 2615 of 8000 complete in 168.2 sec
[------------     32%                  ] 2624 of 8000 complete in 168.7 sec
[------------     32%                  ] 2633 of 8000 complete in 169.2 sec
[------------     33%                  ] 2642 of 8000 complete in 169.8 sec
[------------     33%                  ] 2652 of 8000 complete in 170.3 sec
[------------     33%                  ] 2661 of 8000 complete in 170.8 sec
[------------     33%                  ] 2669 of 8000 complete in 171.4 sec
[------------     33%                  ] 2678 of 8000 complete in 171.9 sec
[------------     33%                  ] 2686 of 8000 complete in 172.4 sec
[------------     33%                  ] 2694 of 8000 complete in 173.0 sec
[------------     33%                  ] 2703 of 8000 complete in 173.5 sec
[------------     33%                  ] 2711 of 8000 complete in 174.0 sec
[-------------    34%                  ] 2742 of 8000 complete in 173.2 sec
[-------------    34%                  ] 2750 of 8000 complete in 173.8 sec
[-------------    34%                  ] 2758 of 8000 complete in 174.3 sec
[-------------    34%                  ] 2766 of 8000 complete in 174.8 sec
[-------------    34%                  ] 2775 of 8000 complete in 175.4 sec
[-------------    34%                  ] 2782 of 8000 complete in 175.9 sec
[-------------    34%                  ] 2789 of 8000 complete in 176.4 sec
[-------------    34%                  ] 2796 of 8000 complete in 176.9 sec
[-------------    35%                  ] 2803 of 8000 complete in 177.4 sec
[-------------    35%                  ] 2810 of 8000 complete in 178.0 sec
[-------------    35%                  ] 2817 of 8000 complete in 178.5 sec
[-------------    35%                  ] 2825 of 8000 complete in 179.0 sec
[-------------    35%                  ] 2834 of 8000 complete in 179.6 sec
[-------------    35%                  ] 2843 of 8000 complete in 180.1 sec
[-------------    35%                  ] 2851 of 8000 complete in 180.6 sec
[-------------    35%                  ] 2860 of 8000 complete in 181.2 sec
[-------------    35%                  ] 2869 of 8000 complete in 181.7 sec
[-------------    35%                  ] 2878 of 8000 complete in 182.3 sec
[-------------    36%                  ] 2887 of 8000 complete in 182.8 sec
[-------------    36%                  ] 2895 of 8000 complete in 183.3 sec
[-------------    36%                  ] 2904 of 8000 complete in 183.9 sec
[-------------    36%                  ] 2913 of 8000 complete in 184.4 sec
[-------------    36%                  ] 2922 of 8000 complete in 184.9 sec
[-------------    36%                  ] 2931 of 8000 complete in 185.4 sec
[-------------    36%                  ] 2940 of 8000 complete in 185.9 sec
[--------------   36%                  ] 2950 of 8000 complete in 186.5 sec
[--------------   36%                  ] 2959 of 8000 complete in 187.0 sec
[--------------   37%                  ] 2968 of 8000 complete in 187.5 sec
[--------------   37%                  ] 2977 of 8000 complete in 188.0 sec
[--------------   37%                  ] 2986 of 8000 complete in 188.6 sec
[--------------   37%                  ] 2995 of 8000 complete in 189.1 sec
[--------------   37%                  ] 3004 of 8000 complete in 189.6 sec
[--------------   37%                  ] 3013 of 8000 complete in 190.2 sec
[--------------   37%                  ] 3022 of 8000 complete in 190.7 sec
[--------------   37%                  ] 3031 of 8000 complete in 191.2 sec
[--------------   37%                  ] 3039 of 8000 complete in 191.7 sec
[--------------   38%                  ] 3048 of 8000 complete in 192.3 sec
[--------------   38%                  ] 3056 of 8000 complete in 192.8 sec
[--------------   38%                  ] 3064 of 8000 complete in 193.4 sec
[--------------   38%                  ] 3073 of 8000 complete in 193.9 sec
[--------------   38%                  ] 3081 of 8000 complete in 194.4 sec
[--------------   38%                  ] 3090 of 8000 complete in 194.9 sec
[--------------   38%                  ] 3098 of 8000 complete in 195.5 sec
[--------------   38%                  ] 3107 of 8000 complete in 196.0 sec
[--------------   38%                  ] 3116 of 8000 complete in 196.5 sec
[--------------   39%                  ] 3125 of 8000 complete in 197.0 sec
[--------------   39%                  ] 3134 of 8000 complete in 197.5 sec
[--------------   39%                  ] 3143 of 8000 complete in 198.1 sec
[--------------   39%                  ] 3152 of 8000 complete in 198.6 sec
[---------------  39%                  ] 3161 of 8000 complete in 199.1 sec
[---------------  39%                  ] 3170 of 8000 complete in 199.7 sec
[---------------  39%                  ] 3178 of 8000 complete in 200.2 sec
[---------------  39%                  ] 3187 of 8000 complete in 200.7 sec
[---------------  39%                  ] 3196 of 8000 complete in 201.3 sec
[---------------  40%                  ] 3204 of 8000 complete in 201.8 sec
[---------------  40%                  ] 3213 of 8000 complete in 202.3 sec
[---------------  40%                  ] 3221 of 8000 complete in 202.9 sec
[---------------  40%                  ] 3229 of 8000 complete in 203.4 sec
[---------------  40%                  ] 3237 of 8000 complete in 203.9 sec
[---------------  40%                  ] 3246 of 8000 complete in 204.5 sec
[---------------  40%                  ] 3254 of 8000 complete in 205.0 sec
[---------------  40%                  ] 3263 of 8000 complete in 205.5 sec
[---------------  40%                  ] 3271 of 8000 complete in 206.0 sec
[---------------  40%                  ] 3279 of 8000 complete in 206.6 sec
[---------------  41%                  ] 3287 of 8000 complete in 207.1 sec
[---------------  41%                  ] 3296 of 8000 complete in 207.7 sec
[---------------  41%                  ] 3305 of 8000 complete in 208.2 sec
[---------------  41%                  ] 3313 of 8000 complete in 208.8 sec
[---------------  41%                  ] 3321 of 8000 complete in 209.3 sec
[---------------  41%                  ] 3329 of 8000 complete in 209.8 sec
[---------------  41%                  ] 3336 of 8000 complete in 210.3 sec
[---------------  41%                  ] 3343 of 8000 complete in 210.8 sec
[---------------  41%                  ] 3352 of 8000 complete in 211.4 sec
[---------------  42%                  ] 3360 of 8000 complete in 211.9 sec
[---------------- 42%                  ] 3369 of 8000 complete in 212.4 sec
[---------------- 42%                  ] 3378 of 8000 complete in 212.9 sec
[---------------- 42%                  ] 3387 of 8000 complete in 213.5 sec
[---------------- 42%                  ] 3396 of 8000 complete in 214.0 sec
[---------------- 42%                  ] 3405 of 8000 complete in 214.5 sec
[---------------- 42%                  ] 3414 of 8000 complete in 215.0 sec
[---------------- 42%                  ] 3423 of 8000 complete in 215.6 sec
[---------------- 42%                  ] 3433 of 8000 complete in 216.1 sec
[---------------- 43%                  ] 3442 of 8000 complete in 216.6 sec
[---------------- 43%                  ] 3451 of 8000 complete in 217.2 sec
[---------------- 43%                  ] 3459 of 8000 complete in 217.7 sec
[---------------- 43%                  ] 3468 of 8000 complete in 218.2 sec
[---------------- 43%                  ] 3478 of 8000 complete in 218.7 sec
[---------------- 43%                  ] 3487 of 8000 complete in 219.3 sec
[---------------- 43%                  ] 3496 of 8000 complete in 219.8 sec
[---------------- 43%                  ] 3505 of 8000 complete in 220.4 sec
[---------------- 43%                  ] 3514 of 8000 complete in 220.9 sec
[---------------- 44%                  ] 3521 of 8000 complete in 221.4 sec
[---------------- 44%                  ] 3530 of 8000 complete in 222.0 sec
[---------------- 44%                  ] 3539 of 8000 complete in 222.5 sec
[---------------- 44%                  ] 3547 of 8000 complete in 223.0 sec
[---------------- 44%                  ] 3556 of 8000 complete in 223.6 sec
[---------------- 44%                  ] 3565 of 8000 complete in 224.1 sec
[---------------- 44%                  ] 3574 of 8000 complete in 224.6 sec
[-----------------44%                  ] 3583 of 8000 complete in 225.2 sec
[-----------------44%                  ] 3592 of 8000 complete in 225.7 sec
[-----------------45%                  ] 3601 of 8000 complete in 226.2 sec
[-----------------45%                  ] 3610 of 8000 complete in 226.8 sec
[-----------------45%                  ] 3619 of 8000 complete in 227.3 sec
[-----------------45%                  ] 3628 of 8000 complete in 227.8 sec
[-----------------45%                  ] 3637 of 8000 complete in 228.3 sec
[-----------------45%                  ] 3646 of 8000 complete in 228.9 sec
[-----------------45%                  ] 3655 of 8000 complete in 229.4 sec
[-------------    34%                  ] 2741 of 8000 complete in 173.4 sec
[-------------    34%                  ] 2749 of 8000 complete in 174.0 sec
[-------------    34%                  ] 2757 of 8000 complete in 174.5 sec
[-------------    34%                  ] 2765 of 8000 complete in 175.0 sec
[-------------    34%                  ] 2773 of 8000 complete in 175.5 sec
[-------------    34%                  ] 2780 of 8000 complete in 176.1 sec
[-------------    34%                  ] 2788 of 8000 complete in 176.6 sec
[-------------    34%                  ] 2795 of 8000 complete in 177.2 sec
[-------------    35%                  ] 2801 of 8000 complete in 177.7 sec
[-------------    35%                  ] 2808 of 8000 complete in 178.2 sec
[-------------    35%                  ] 2816 of 8000 complete in 178.8 sec
[-------------    35%                  ] 2825 of 8000 complete in 179.3 sec
[-------------    35%                  ] 2834 of 8000 complete in 179.9 sec
[-------------    35%                  ] 2843 of 8000 complete in 180.4 sec
[-------------    35%                  ] 2852 of 8000 complete in 181.0 sec
[-------------    35%                  ] 2861 of 8000 complete in 181.5 sec
[-------------    35%                  ] 2869 of 8000 complete in 182.0 sec
[-------------    35%                  ] 2878 of 8000 complete in 182.6 sec
[-------------    36%                  ] 2886 of 8000 complete in 183.1 sec
[-------------    36%                  ] 2895 of 8000 complete in 183.7 sec
[-------------    36%                  ] 2904 of 8000 complete in 184.2 sec
[-------------    36%                  ] 2913 of 8000 complete in 184.7 sec
[-------------    36%                  ] 2922 of 8000 complete in 185.3 sec
[-------------    36%                  ] 2931 of 8000 complete in 185.8 sec
[-------------    36%                  ] 2940 of 8000 complete in 186.3 sec
[--------------   36%                  ] 2949 of 8000 complete in 186.9 sec
[--------------   36%                  ] 2958 of 8000 complete in 187.4 sec
[--------------   37%                  ] 2967 of 8000 complete in 188.0 sec
[--------------   37%                  ] 2976 of 8000 complete in 188.5 sec
[--------------   37%                  ] 2985 of 8000 complete in 189.1 sec
[--------------   37%                  ] 2994 of 8000 complete in 189.6 sec
[--------------   37%                  ] 3003 of 8000 complete in 190.1 sec
[--------------   37%                  ] 3012 of 8000 complete in 190.6 sec
[--------------   37%                  ] 3021 of 8000 complete in 191.1 sec
[--------------   37%                  ] 3029 of 8000 complete in 191.7 sec
[--------------   37%                  ] 3037 of 8000 complete in 192.2 sec
[--------------   38%                  ] 3045 of 8000 complete in 192.7 sec
[--------------   38%                  ] 3053 of 8000 complete in 193.3 sec
[--------------   38%                  ] 3062 of 8000 complete in 193.8 sec
[--------------   38%                  ] 3070 of 8000 complete in 194.3 sec
[--------------   38%                  ] 3079 of 8000 complete in 194.9 sec
[--------------   38%                  ] 3088 of 8000 complete in 195.4 sec
[--------------   38%                  ] 3097 of 8000 complete in 195.9 sec
[--------------   38%                  ] 3106 of 8000 complete in 196.4 sec
[--------------   38%                  ] 3114 of 8000 complete in 197.0 sec
[--------------   39%                  ] 3122 of 8000 complete in 197.5 sec
[--------------   39%                  ] 3131 of 8000 complete in 198.0 sec
[--------------   39%                  ] 3141 of 8000 complete in 198.5 sec
[--------------   39%                  ] 3150 of 8000 complete in 199.1 sec
[---------------  39%                  ] 3158 of 8000 complete in 199.6 sec
[---------------  39%                  ] 3167 of 8000 complete in 200.1 sec
[---------------  39%                  ] 3176 of 8000 complete in 200.7 sec
[---------------  39%                  ] 3184 of 8000 complete in 201.2 sec
[---------------  39%                  ] 3193 of 8000 complete in 201.8 sec
[---------------  40%                  ] 3201 of 8000 complete in 202.3 sec
[---------------  40%                  ] 3209 of 8000 complete in 202.9 sec
[---------------  40%                  ] 3218 of 8000 complete in 203.4 sec
[---------------  40%                  ] 3226 of 8000 complete in 204.0 sec
[---------------  40%                  ] 3235 of 8000 complete in 204.5 sec
[---------------  40%                  ] 3243 of 8000 complete in 205.1 sec
[---------------  40%                  ] 3251 of 8000 complete in 205.6 sec
[---------------  40%                  ] 3259 of 8000 complete in 206.1 sec
[---------------  40%                  ] 3267 of 8000 complete in 206.6 sec
[---------------  40%                  ] 3275 of 8000 complete in 207.2 sec
[---------------  41%                  ] 3283 of 8000 complete in 207.7 sec
[---------------  41%                  ] 3292 of 8000 complete in 208.2 sec
[---------------  41%                  ] 3299 of 8000 complete in 208.7 sec
[---------------  41%                  ] 3307 of 8000 complete in 209.3 sec
[---------------  41%                  ] 3315 of 8000 complete in 209.8 sec
[---------------  41%                  ] 3322 of 8000 complete in 210.3 sec
[---------------  41%                  ] 3329 of 8000 complete in 210.8 sec
[---------------  41%                  ] 3338 of 8000 complete in 211.4 sec
[---------------  41%                  ] 3346 of 8000 complete in 211.9 sec
[---------------  41%                  ] 3355 of 8000 complete in 212.4 sec
[---------------  42%                  ] 3364 of 8000 complete in 213.0 sec
[---------------- 42%                  ] 3373 of 8000 complete in 213.5 sec
[---------------- 42%                  ] 3382 of 8000 complete in 214.0 sec
[---------------- 42%                  ] 3391 of 8000 complete in 214.5 sec
[---------------- 42%                  ] 3400 of 8000 complete in 215.1 sec
[---------------- 42%                  ] 3409 of 8000 complete in 215.6 sec
[---------------- 42%                  ] 3418 of 8000 complete in 216.1 sec
[---------------- 42%                  ] 3427 of 8000 complete in 216.7 sec
[---------------- 42%                  ] 3436 of 8000 complete in 217.2 sec
[---------------- 43%                  ] 3445 of 8000 complete in 217.8 sec
[---------------- 43%                  ] 3454 of 8000 complete in 218.3 sec
[---------------- 43%                  ] 3463 of 8000 complete in 218.8 sec
[---------------- 43%                  ] 3473 of 8000 complete in 219.3 sec
[---------------- 43%                  ] 3482 of 8000 complete in 219.9 sec
[---------------- 43%                  ] 3490 of 8000 complete in 220.4 sec
[---------------- 43%                  ] 3498 of 8000 complete in 220.9 sec
[---------------- 43%                  ] 3506 of 8000 complete in 221.5 sec
[---------------- 43%                  ] 3514 of 8000 complete in 222.0 sec
[---------------- 44%                  ] 3522 of 8000 complete in 222.5 sec
[---------------- 44%                  ] 3530 of 8000 complete in 223.0 sec
[---------------- 44%                  ] 3539 of 8000 complete in 223.6 sec
[---------------- 44%                  ] 3548 of 8000 complete in 224.2 sec
[---------------- 44%                  ] 3557 of 8000 complete in 224.7 sec
[---------------- 44%                  ] 3566 of 8000 complete in 225.3 sec
[---------------- 44%                  ] 3575 of 8000 complete in 225.8 sec
[-----------------44%                  ] 3584 of 8000 complete in 226.3 sec
[-----------------44%                  ] 3593 of 8000 complete in 226.9 sec
[-----------------45%                  ] 3601 of 8000 complete in 227.4 sec
[-----------------45%                  ] 3609 of 8000 complete in 227.9 sec
[-----------------45%                  ] 3619 of 8000 complete in 228.4 sec
[-----------------45%                  ] 3628 of 8000 complete in 229.0 sec
[-----------------45%                  ] 3637 of 8000 complete in 229.5 sec
[-----------------45%                  ] 3646 of 8000 complete in 230.1 sec
[------------     33%                  ] 2719 of 8000 complete in 174.6 sec
[------------     34%                  ] 2727 of 8000 complete in 175.1 sec
[------------     34%                  ] 2735 of 8000 complete in 175.6 sec
[-------------    34%                  ] 2742 of 8000 complete in 176.2 sec
[-------------    34%                  ] 2749 of 8000 complete in 176.7 sec
[-------------    34%                  ] 2756 of 8000 complete in 177.2 sec
[-------------    34%                  ] 2762 of 8000 complete in 177.7 sec
[-------------    34%                  ] 2768 of 8000 complete in 178.2 sec
[-------------    34%                  ] 2776 of 8000 complete in 178.8 sec
[-------------    34%                  ] 2785 of 8000 complete in 179.3 sec
[-------------    34%                  ] 2794 of 8000 complete in 179.9 sec
[-------------    35%                  ] 2803 of 8000 complete in 180.4 sec
[-------------    35%                  ] 2811 of 8000 complete in 180.9 sec
[-------------    35%                  ] 2820 of 8000 complete in 181.5 sec
[-------------    35%                  ] 2828 of 8000 complete in 182.0 sec
[-------------    35%                  ] 2836 of 8000 complete in 182.5 sec
[-------------    35%                  ] 2844 of 8000 complete in 183.0 sec
[-------------    35%                  ] 2852 of 8000 complete in 183.6 sec
[-------------    35%                  ] 2860 of 8000 complete in 184.1 sec
[-------------    35%                  ] 2868 of 8000 complete in 184.6 sec
[-------------    35%                  ] 2877 of 8000 complete in 185.1 sec
[-------------    36%                  ] 2886 of 8000 complete in 185.7 sec
[-------------    36%                  ] 2895 of 8000 complete in 186.2 sec
[-------------    36%                  ] 2904 of 8000 complete in 186.7 sec
[-------------    36%                  ] 2913 of 8000 complete in 187.2 sec
[-------------    36%                  ] 2921 of 8000 complete in 187.7 sec
[-------------    36%                  ] 2930 of 8000 complete in 188.2 sec
[-------------    36%                  ] 2939 of 8000 complete in 188.8 sec
[--------------   36%                  ] 2948 of 8000 complete in 189.3 sec
[--------------   36%                  ] 2956 of 8000 complete in 189.8 sec
[--------------   37%                  ] 2965 of 8000 complete in 190.3 sec
[--------------   37%                  ] 2974 of 8000 complete in 190.8 sec
[--------------   37%                  ] 2984 of 8000 complete in 191.4 sec
[--------------   37%                  ] 2992 of 8000 complete in 191.9 sec
[--------------   37%                  ] 3000 of 8000 complete in 192.5 sec
[--------------   37%                  ] 3007 of 8000 complete in 193.0 sec
[--------------   37%                  ] 3016 of 8000 complete in 193.6 sec
[--------------   37%                  ] 3025 of 8000 complete in 194.1 sec
[--------------   37%                  ] 3034 of 8000 complete in 194.7 sec
[--------------   38%                  ] 3042 of 8000 complete in 195.2 sec
[--------------   38%                  ] 3051 of 8000 complete in 195.7 sec
[--------------   38%                  ] 3060 of 8000 complete in 196.2 sec
[--------------   38%                  ] 3069 of 8000 complete in 196.7 sec
[--------------   38%                  ] 3077 of 8000 complete in 197.3 sec
[--------------   38%                  ] 3085 of 8000 complete in 197.8 sec
[--------------   38%                  ] 3093 of 8000 complete in 198.3 sec
[--------------   38%                  ] 3102 of 8000 complete in 198.8 sec
[--------------   38%                  ] 3111 of 8000 complete in 199.3 sec
[--------------   39%                  ] 3120 of 8000 complete in 199.9 sec
[--------------   39%                  ] 3129 of 8000 complete in 200.4 sec
[--------------   39%                  ] 3138 of 8000 complete in 200.9 sec
[--------------   39%                  ] 3146 of 8000 complete in 201.4 sec
[--------------   39%                  ] 3154 of 8000 complete in 201.9 sec
[---------------  39%                  ] 3162 of 8000 complete in 202.4 sec
[---------------  39%                  ] 3170 of 8000 complete in 203.0 sec
[---------------  39%                  ] 3178 of 8000 complete in 203.5 sec
[---------------  39%                  ] 3186 of 8000 complete in 204.0 sec
[---------------  39%                  ] 3194 of 8000 complete in 204.6 sec
[---------------  40%                  ] 3202 of 8000 complete in 205.1 sec
[---------------  40%                  ] 3210 of 8000 complete in 205.6 sec
[---------------  40%                  ] 3218 of 8000 complete in 206.1 sec
[---------------  40%                  ] 3226 of 8000 complete in 206.7 sec
[---------------  40%                  ] 3234 of 8000 complete in 207.2 sec
[---------------  40%                  ] 3242 of 8000 complete in 207.7 sec
[---------------  40%                  ] 3250 of 8000 complete in 208.3 sec
[---------------  40%                  ] 3257 of 8000 complete in 208.8 sec
[---------------  40%                  ] 3265 of 8000 complete in 209.3 sec
[---------------  40%                  ] 3273 of 8000 complete in 209.9 sec
[---------------  41%                  ] 3280 of 8000 complete in 210.4 sec
[---------------  41%                  ] 3288 of 8000 complete in 210.9 sec
[---------------  41%                  ] 3297 of 8000 complete in 211.5 sec
[---------------  41%                  ] 3306 of 8000 complete in 212.0 sec
[---------------  41%                  ] 3315 of 8000 complete in 212.5 sec
[---------------  41%                  ] 3324 of 8000 complete in 213.1 sec
[---------------  41%                  ] 3333 of 8000 complete in 213.6 sec
[---------------  41%                  ] 3342 of 8000 complete in 214.1 sec
[---------------  41%                  ] 3351 of 8000 complete in 214.7 sec
[---------------  42%                  ] 3360 of 8000 complete in 215.2 sec
[---------------- 42%                  ] 3369 of 8000 complete in 215.7 sec
[---------------- 42%                  ] 3378 of 8000 complete in 216.3 sec
[---------------- 42%                  ] 3387 of 8000 complete in 216.8 sec
[---------------- 42%                  ] 3396 of 8000 complete in 217.3 sec
[---------------- 42%                  ] 3405 of 8000 complete in 217.9 sec
[---------------- 42%                  ] 3415 of 8000 complete in 218.4 sec
[---------------- 42%                  ] 3424 of 8000 complete in 218.9 sec
[---------------- 42%                  ] 3433 of 8000 complete in 219.4 sec
[---------------- 43%                  ] 3442 of 8000 complete in 220.0 sec
[---------------- 43%                  ] 3450 of 8000 complete in 220.5 sec
[---------------- 43%                  ] 3458 of 8000 complete in 221.1 sec
[---------------- 43%                  ] 3466 of 8000 complete in 221.6 sec
[---------------- 43%                  ] 3475 of 8000 complete in 222.1 sec
[---------------- 43%                  ] 3484 of 8000 complete in 222.7 sec
[---------------- 43%                  ] 3492 of 8000 complete in 223.2 sec
[---------------- 43%                  ] 3501 of 8000 complete in 223.7 sec
[---------------- 43%                  ] 3509 of 8000 complete in 224.3 sec
[---------------- 43%                  ] 3518 of 8000 complete in 224.8 sec
[---------------- 44%                  ] 3527 of 8000 complete in 225.3 sec
[---------------- 44%                  ] 3536 of 8000 complete in 225.9 sec
[---------------- 44%                  ] 3545 of 8000 complete in 226.4 sec
[---------------- 44%                  ] 3555 of 8000 complete in 227.0 sec
[---------------- 44%                  ] 3564 of 8000 complete in 227.5 sec
[---------------- 44%                  ] 3573 of 8000 complete in 228.1 sec
[-----------------44%                  ] 3582 of 8000 complete in 228.6 sec
[-----------------44%                  ] 3591 of 8000 complete in 229.1 sec
[-----------------44%                  ] 3599 of 8000 complete in 229.6 sec
[-----------------45%                  ] 3608 of 8000 complete in 230.2 sec
[-----------------45%                  ] 3617 of 8000 complete in 230.7 sec
[------------     34%                  ] 2727 of 8000 complete in 174.5 sec
[------------     34%                  ] 2736 of 8000 complete in 175.1 sec
[-------------    34%                  ] 2744 of 8000 complete in 175.6 sec
[-------------    34%                  ] 2751 of 8000 complete in 176.1 sec
[-------------    34%                  ] 2758 of 8000 complete in 176.6 sec
[-------------    34%                  ] 2765 of 8000 complete in 177.1 sec
[-------------    34%                  ] 2772 of 8000 complete in 177.6 sec
[-------------    34%                  ] 2778 of 8000 complete in 178.1 sec
[-------------    34%                  ] 2786 of 8000 complete in 178.7 sec
[-------------    34%                  ] 2795 of 8000 complete in 179.2 sec
[-------------    35%                  ] 2804 of 8000 complete in 179.8 sec
[-------------    35%                  ] 2812 of 8000 complete in 180.3 sec
[-------------    35%                  ] 2820 of 8000 complete in 180.8 sec
[-------------    35%                  ] 2828 of 8000 complete in 181.3 sec
[-------------    35%                  ] 2837 of 8000 complete in 181.9 sec
[-------------    35%                  ] 2845 of 8000 complete in 182.4 sec
[-------------    35%                  ] 2853 of 8000 complete in 182.9 sec
[-------------    35%                  ] 2862 of 8000 complete in 183.5 sec
[-------------    35%                  ] 2870 of 8000 complete in 184.0 sec
[-------------    35%                  ] 2879 of 8000 complete in 184.5 sec
[-------------    36%                  ] 2888 of 8000 complete in 185.1 sec
[-------------    36%                  ] 2897 of 8000 complete in 185.6 sec
[-------------    36%                  ] 2906 of 8000 complete in 186.1 sec
[-------------    36%                  ] 2916 of 8000 complete in 186.7 sec
[-------------    36%                  ] 2926 of 8000 complete in 187.2 sec
[-------------    36%                  ] 2935 of 8000 complete in 187.8 sec
[-------------    36%                  ] 2944 of 8000 complete in 188.3 sec
[--------------   36%                  ] 2952 of 8000 complete in 188.8 sec
[--------------   37%                  ] 2961 of 8000 complete in 189.4 sec
[--------------   37%                  ] 2970 of 8000 complete in 189.9 sec
[--------------   37%                  ] 2979 of 8000 complete in 190.4 sec
[--------------   37%                  ] 2988 of 8000 complete in 190.9 sec
[--------------   37%                  ] 2996 of 8000 complete in 191.4 sec
[--------------   37%                  ] 3004 of 8000 complete in 192.0 sec
[--------------   37%                  ] 3012 of 8000 complete in 192.5 sec
[--------------   37%                  ] 3020 of 8000 complete in 193.1 sec
[--------------   37%                  ] 3029 of 8000 complete in 193.6 sec
[--------------   37%                  ] 3038 of 8000 complete in 194.1 sec
[--------------   38%                  ] 3047 of 8000 complete in 194.7 sec
[--------------   38%                  ] 3055 of 8000 complete in 195.2 sec
[--------------   38%                  ] 3064 of 8000 complete in 195.7 sec
[--------------   38%                  ] 3073 of 8000 complete in 196.3 sec
[--------------   38%                  ] 3081 of 8000 complete in 196.8 sec
[--------------   38%                  ] 3089 of 8000 complete in 197.3 sec
[--------------   38%                  ] 3098 of 8000 complete in 197.9 sec
[--------------   38%                  ] 3107 of 8000 complete in 198.4 sec
[--------------   38%                  ] 3116 of 8000 complete in 198.9 sec
[--------------   39%                  ] 3125 of 8000 complete in 199.4 sec
[--------------   39%                  ] 3134 of 8000 complete in 200.0 sec
[--------------   39%                  ] 3143 of 8000 complete in 200.5 sec
[--------------   39%                  ] 3152 of 8000 complete in 201.0 sec
[---------------  39%                  ] 3160 of 8000 complete in 201.6 sec
[---------------  39%                  ] 3168 of 8000 complete in 202.1 sec
[---------------  39%                  ] 3176 of 8000 complete in 202.6 sec
[---------------  39%                  ] 3184 of 8000 complete in 203.2 sec
[---------------  39%                  ] 3192 of 8000 complete in 203.7 sec
[---------------  40%                  ] 3200 of 8000 complete in 204.2 sec
[---------------  40%                  ] 3208 of 8000 complete in 204.8 sec
[---------------  40%                  ] 3216 of 8000 complete in 205.3 sec
[---------------  40%                  ] 3223 of 8000 complete in 205.8 sec
[---------------  40%                  ] 3232 of 8000 complete in 206.4 sec
[---------------  40%                  ] 3240 of 8000 complete in 206.9 sec
[---------------  40%                  ] 3248 of 8000 complete in 207.4 sec
[---------------  40%                  ] 3257 of 8000 complete in 208.0 sec
[---------------  40%                  ] 3265 of 8000 complete in 208.5 sec
[---------------  40%                  ] 3273 of 8000 complete in 209.0 sec
[---------------  41%                  ] 3281 of 8000 complete in 209.6 sec
[---------------  41%                  ] 3289 of 8000 complete in 210.1 sec
[---------------  41%                  ] 3297 of 8000 complete in 210.7 sec
[---------------  41%                  ] 3305 of 8000 complete in 211.2 sec
[---------------  41%                  ] 3314 of 8000 complete in 211.7 sec
[---------------  41%                  ] 3323 of 8000 complete in 212.3 sec
[---------------  41%                  ] 3332 of 8000 complete in 212.8 sec
[---------------  41%                  ] 3341 of 8000 complete in 213.4 sec
[---------------  41%                  ] 3350 of 8000 complete in 213.9 sec
[---------------  41%                  ] 3359 of 8000 complete in 214.5 sec
[---------------  42%                  ] 3368 of 8000 complete in 215.0 sec
[---------------- 42%                  ] 3377 of 8000 complete in 215.5 sec
[---------------- 42%                  ] 3386 of 8000 complete in 216.1 sec
[---------------- 42%                  ] 3395 of 8000 complete in 216.6 sec
[---------------- 42%                  ] 3404 of 8000 complete in 217.1 sec
[---------------- 42%                  ] 3413 of 8000 complete in 217.7 sec
[---------------- 42%                  ] 3422 of 8000 complete in 218.2 sec
[---------------- 42%                  ] 3431 of 8000 complete in 218.7 sec
[---------------- 43%                  ] 3440 of 8000 complete in 219.2 sec
[---------------- 43%                  ] 3449 of 8000 complete in 219.8 sec
[---------------- 43%                  ] 3457 of 8000 complete in 220.3 sec
[---------------- 43%                  ] 3466 of 8000 complete in 220.9 sec
[---------------- 43%                  ] 3474 of 8000 complete in 221.4 sec
[---------------- 43%                  ] 3482 of 8000 complete in 221.9 sec
[---------------- 43%                  ] 3491 of 8000 complete in 222.5 sec
[---------------- 43%                  ] 3499 of 8000 complete in 223.0 sec
[---------------- 43%                  ] 3508 of 8000 complete in 223.5 sec
[---------------- 43%                  ] 3518 of 8000 complete in 224.1 sec
[---------------- 44%                  ] 3527 of 8000 complete in 224.6 sec
[---------------- 44%                  ] 3536 of 8000 complete in 225.2 sec
[---------------- 44%                  ] 3545 of 8000 complete in 225.7 sec
[---------------- 44%                  ] 3554 of 8000 complete in 226.3 sec
[---------------- 44%                  ] 3563 of 8000 complete in 226.8 sec
[---------------- 44%                  ] 3572 of 8000 complete in 227.3 sec
[-----------------44%                  ] 3580 of 8000 complete in 227.8 sec
[-----------------44%                  ] 3589 of 8000 complete in 228.4 sec
[-----------------44%                  ] 3598 of 8000 complete in 228.9 sec
[-----------------45%                  ] 3607 of 8000 complete in 229.4 sec
[-----------------45%                  ] 3616 of 8000 complete in 230.0 sec
[-----------------45%                  ] 3625 of 8000 complete in 230.5 sec
[-----------------45%                  ] 3634 of 8000 complete in 231.1 sec
[-----------------45%                  ] 3664 of 8000 complete in 229.9 sec
[-----------------45%                  ] 3672 of 8000 complete in 230.4 sec
[-----------------46%                  ] 3681 of 8000 complete in 230.9 sec
[-----------------46%                  ] 3689 of 8000 complete in 231.5 sec
[-----------------46%                  ] 3697 of 8000 complete in 232.0 sec
[-----------------46%                  ] 3705 of 8000 complete in 232.5 sec
[-----------------46%                  ] 3712 of 8000 complete in 233.0 sec
[-----------------46%                  ] 3720 of 8000 complete in 233.5 sec
[-----------------46%                  ] 3726 of 8000 complete in 234.0 sec
[-----------------46%                  ] 3733 of 8000 complete in 234.5 sec
[-----------------46%                  ] 3740 of 8000 complete in 235.1 sec
[-----------------46%                  ] 3748 of 8000 complete in 235.6 sec
[-----------------46%                  ] 3756 of 8000 complete in 236.2 sec
[-----------------47%                  ] 3764 of 8000 complete in 236.7 sec
[-----------------47%                  ] 3772 of 8000 complete in 237.2 sec
[-----------------47%                  ] 3779 of 8000 complete in 237.8 sec
[-----------------47%                  ] 3786 of 8000 complete in 238.3 sec
[-----------------47%                  ] 3793 of 8000 complete in 238.8 sec
[-----------------47%                  ] 3802 of 8000 complete in 239.3 sec
[-----------------47%                  ] 3811 of 8000 complete in 239.9 sec
[-----------------47%                  ] 3820 of 8000 complete in 240.4 sec
[-----------------47%                  ] 3829 of 8000 complete in 240.9 sec
[-----------------47%                  ] 3838 of 8000 complete in 241.5 sec
[-----------------48%                  ] 3847 of 8000 complete in 242.0 sec
[-----------------48%                  ] 3856 of 8000 complete in 242.6 sec
[-----------------48%                  ] 3864 of 8000 complete in 243.1 sec
[-----------------48%                  ] 3872 of 8000 complete in 243.6 sec
[-----------------48%                  ] 3881 of 8000 complete in 244.2 sec
[-----------------48%                  ] 3890 of 8000 complete in 244.7 sec
[-----------------48%                  ] 3899 of 8000 complete in 245.2 sec
[-----------------48%                  ] 3909 of 8000 complete in 245.7 sec
[-----------------48%                  ] 3919 of 8000 complete in 246.3 sec
[-----------------49%                  ] 3928 of 8000 complete in 246.8 sec
[-----------------49%                  ] 3937 of 8000 complete in 247.4 sec
[-----------------49%                  ] 3945 of 8000 complete in 247.9 sec
[-----------------49%                  ] 3954 of 8000 complete in 248.5 sec
[-----------------49%                  ] 3963 of 8000 complete in 249.0 sec
[-----------------49%                  ] 3972 of 8000 complete in 249.5 sec
[-----------------49%                  ] 3982 of 8000 complete in 250.1 sec
[-----------------49%                  ] 3991 of 8000 complete in 250.6 sec
[-----------------50%                  ] 4000 of 8000 complete in 251.1 sec
[-----------------50%                  ] 4009 of 8000 complete in 251.6 sec
[-----------------50%                  ] 4017 of 8000 complete in 252.1 sec
[-----------------50%                  ] 4027 of 8000 complete in 252.7 sec
[-----------------50%                  ] 4036 of 8000 complete in 253.3 sec
[-----------------50%                  ] 4045 of 8000 complete in 253.8 sec
[-----------------50%                  ] 4054 of 8000 complete in 254.3 sec
[-----------------50%                  ] 4063 of 8000 complete in 254.8 sec
[-----------------50%                  ] 4072 of 8000 complete in 255.3 sec
[-----------------51%                  ] 4081 of 8000 complete in 255.9 sec
[-----------------51%                  ] 4090 of 8000 complete in 256.4 sec
[-----------------51%                  ] 4099 of 8000 complete in 256.9 sec
[-----------------51%                  ] 4108 of 8000 complete in 257.5 sec
[-----------------51%                  ] 4117 of 8000 complete in 258.0 sec
[-----------------51%                  ] 4126 of 8000 complete in 258.5 sec
[-----------------51%                  ] 4135 of 8000 complete in 259.0 sec
[-----------------51%                  ] 4144 of 8000 complete in 259.6 sec
[-----------------51%                  ] 4153 of 8000 complete in 260.1 sec
[-----------------52%                  ] 4162 of 8000 complete in 260.7 sec
[-----------------52%                  ] 4170 of 8000 complete in 261.2 sec
[-----------------52%                  ] 4178 of 8000 complete in 261.8 sec
[-----------------52%                  ] 4186 of 8000 complete in 262.3 sec
[-----------------52%                  ] 4193 of 8000 complete in 262.8 sec
[-----------------52%                  ] 4201 of 8000 complete in 263.4 sec
[-----------------52%                  ] 4208 of 8000 complete in 263.9 sec
[-----------------52%                  ] 4216 of 8000 complete in 264.5 sec
[-----------------52%                  ] 4223 of 8000 complete in 265.0 sec
[-----------------52%                  ] 4231 of 8000 complete in 265.6 sec
[-----------------52%                  ] 4238 of 8000 complete in 266.1 sec
[-----------------53%                  ] 4246 of 8000 complete in 266.7 sec
[-----------------53%                  ] 4255 of 8000 complete in 267.2 sec
[-----------------53%                  ] 4264 of 8000 complete in 267.8 sec
[-----------------53%                  ] 4273 of 8000 complete in 268.3 sec
[-----------------53%                  ] 4282 of 8000 complete in 268.8 sec
[-----------------53%                  ] 4291 of 8000 complete in 269.3 sec
[-----------------53%                  ] 4300 of 8000 complete in 269.9 sec
[-----------------53%                  ] 4309 of 8000 complete in 270.4 sec
[-----------------53%                  ] 4319 of 8000 complete in 271.0 sec
[-----------------54%                  ] 4328 of 8000 complete in 271.5 sec
[-----------------54%                  ] 4337 of 8000 complete in 272.0 sec
[-----------------54%                  ] 4346 of 8000 complete in 272.5 sec
[-----------------54%                  ] 4354 of 8000 complete in 273.0 sec
[-----------------54%                  ] 4363 of 8000 complete in 273.6 sec
[-----------------54%                  ] 4373 of 8000 complete in 274.1 sec
[-----------------54%                  ] 4381 of 8000 complete in 274.6 sec
[-----------------54%                  ] 4390 of 8000 complete in 275.2 sec
[-----------------54%                  ] 4398 of 8000 complete in 275.7 sec
[-----------------55%                  ] 4405 of 8000 complete in 276.2 sec
[-----------------55%                  ] 4413 of 8000 complete in 276.7 sec
[-----------------55%-                 ] 4422 of 8000 complete in 277.3 sec
[-----------------55%-                 ] 4431 of 8000 complete in 277.8 sec
[-----------------55%-                 ] 4439 of 8000 complete in 278.3 sec
[-----------------55%-                 ] 4448 of 8000 complete in 278.8 sec
[-----------------55%-                 ] 4457 of 8000 complete in 279.4 sec
[-----------------55%-                 ] 4467 of 8000 complete in 279.9 sec
[-----------------55%-                 ] 4476 of 8000 complete in 280.4 sec
[-----------------56%-                 ] 4485 of 8000 complete in 280.9 sec
[-----------------56%-                 ] 4494 of 8000 complete in 281.5 sec
[-----------------56%-                 ] 4503 of 8000 complete in 282.0 sec
[-----------------56%-                 ] 4512 of 8000 complete in 282.5 sec
[-----------------56%-                 ] 4521 of 8000 complete in 283.1 sec
[-----------------56%-                 ] 4530 of 8000 complete in 283.6 sec
[-----------------56%-                 ] 4539 of 8000 complete in 284.2 sec
[-----------------56%-                 ] 4547 of 8000 complete in 284.7 sec
[-----------------56%-                 ] 4556 of 8000 complete in 285.2 sec
[-----------------57%-                 ] 4565 of 8000 complete in 285.7 sec
[-----------------57%-                 ] 4574 of 8000 complete in 286.2 sec
[-----------------45%                  ] 3655 of 8000 complete in 230.6 sec
[-----------------45%                  ] 3663 of 8000 complete in 231.1 sec
[-----------------45%                  ] 3670 of 8000 complete in 231.7 sec
[-----------------45%                  ] 3678 of 8000 complete in 232.2 sec
[-----------------46%                  ] 3685 of 8000 complete in 232.7 sec
[-----------------46%                  ] 3692 of 8000 complete in 233.2 sec
[-----------------46%                  ] 3699 of 8000 complete in 233.7 sec
[-----------------46%                  ] 3706 of 8000 complete in 234.3 sec
[-----------------46%                  ] 3713 of 8000 complete in 234.8 sec
[-----------------46%                  ] 3720 of 8000 complete in 235.4 sec
[-----------------46%                  ] 3728 of 8000 complete in 235.9 sec
[-----------------46%                  ] 3735 of 8000 complete in 236.4 sec
[-----------------46%                  ] 3743 of 8000 complete in 237.0 sec
[-----------------46%                  ] 3751 of 8000 complete in 237.5 sec
[-----------------46%                  ] 3757 of 8000 complete in 238.0 sec
[-----------------47%                  ] 3764 of 8000 complete in 238.5 sec
[-----------------47%                  ] 3772 of 8000 complete in 239.0 sec
[-----------------47%                  ] 3781 of 8000 complete in 239.6 sec
[-----------------47%                  ] 3790 of 8000 complete in 240.1 sec
[-----------------47%                  ] 3800 of 8000 complete in 240.6 sec
[-----------------47%                  ] 3809 of 8000 complete in 241.2 sec
[-----------------47%                  ] 3817 of 8000 complete in 241.7 sec
[-----------------47%                  ] 3825 of 8000 complete in 242.2 sec
[-----------------47%                  ] 3833 of 8000 complete in 242.7 sec
[-----------------48%                  ] 3841 of 8000 complete in 243.3 sec
[-----------------48%                  ] 3850 of 8000 complete in 243.8 sec
[-----------------48%                  ] 3859 of 8000 complete in 244.3 sec
[-----------------48%                  ] 3868 of 8000 complete in 244.9 sec
[-----------------48%                  ] 3877 of 8000 complete in 245.4 sec
[-----------------48%                  ] 3886 of 8000 complete in 245.9 sec
[-----------------48%                  ] 3895 of 8000 complete in 246.5 sec
[-----------------48%                  ] 3904 of 8000 complete in 247.0 sec
[-----------------48%                  ] 3913 of 8000 complete in 247.5 sec
[-----------------49%                  ] 3920 of 8000 complete in 248.0 sec
[-----------------49%                  ] 3929 of 8000 complete in 248.6 sec
[-----------------49%                  ] 3938 of 8000 complete in 249.1 sec
[-----------------49%                  ] 3947 of 8000 complete in 249.7 sec
[-----------------49%                  ] 3956 of 8000 complete in 250.2 sec
[-----------------49%                  ] 3964 of 8000 complete in 250.7 sec
[-----------------49%                  ] 3973 of 8000 complete in 251.2 sec
[-----------------49%                  ] 3982 of 8000 complete in 251.7 sec
[-----------------49%                  ] 3991 of 8000 complete in 252.3 sec
[-----------------50%                  ] 4000 of 8000 complete in 252.8 sec
[-----------------50%                  ] 4009 of 8000 complete in 253.4 sec
[-----------------50%                  ] 4017 of 8000 complete in 253.9 sec
[-----------------50%                  ] 4026 of 8000 complete in 254.4 sec
[-----------------50%                  ] 4035 of 8000 complete in 255.0 sec
[-----------------50%                  ] 4044 of 8000 complete in 255.5 sec
[-----------------50%                  ] 4053 of 8000 complete in 256.0 sec
[-----------------50%                  ] 4062 of 8000 complete in 256.5 sec
[-----------------50%                  ] 4072 of 8000 complete in 257.1 sec
[-----------------51%                  ] 4082 of 8000 complete in 257.6 sec
[-----------------51%                  ] 4091 of 8000 complete in 258.2 sec
[-----------------51%                  ] 4100 of 8000 complete in 258.7 sec
[-----------------51%                  ] 4109 of 8000 complete in 259.3 sec
[-----------------51%                  ] 4118 of 8000 complete in 259.8 sec
[-----------------51%                  ] 4127 of 8000 complete in 260.3 sec
[-----------------51%                  ] 4136 of 8000 complete in 260.9 sec
[-----------------51%                  ] 4144 of 8000 complete in 261.4 sec
[-----------------51%                  ] 4152 of 8000 complete in 262.0 sec
[-----------------51%                  ] 4159 of 8000 complete in 262.5 sec
[-----------------52%                  ] 4166 of 8000 complete in 263.0 sec
[-----------------52%                  ] 4173 of 8000 complete in 263.6 sec
[-----------------52%                  ] 4180 of 8000 complete in 264.1 sec
[-----------------52%                  ] 4188 of 8000 complete in 264.7 sec
[-----------------52%                  ] 4195 of 8000 complete in 265.2 sec
[-----------------52%                  ] 4203 of 8000 complete in 265.8 sec
[-----------------52%                  ] 4210 of 8000 complete in 266.3 sec
[-----------------52%                  ] 4219 of 8000 complete in 266.9 sec
[-----------------52%                  ] 4228 of 8000 complete in 267.4 sec
[-----------------52%                  ] 4237 of 8000 complete in 268.0 sec
[-----------------53%                  ] 4245 of 8000 complete in 268.5 sec
[-----------------53%                  ] 4254 of 8000 complete in 269.0 sec
[-----------------53%                  ] 4263 of 8000 complete in 269.5 sec
[-----------------53%                  ] 4272 of 8000 complete in 270.1 sec
[-----------------53%                  ] 4281 of 8000 complete in 270.6 sec
[-----------------53%                  ] 4290 of 8000 complete in 271.1 sec
[-----------------53%                  ] 4299 of 8000 complete in 271.7 sec
[-----------------53%                  ] 4309 of 8000 complete in 272.2 sec
[-----------------53%                  ] 4318 of 8000 complete in 272.7 sec
[-----------------54%                  ] 4325 of 8000 complete in 273.2 sec
[-----------------54%                  ] 4334 of 8000 complete in 273.8 sec
[-----------------54%                  ] 4343 of 8000 complete in 274.3 sec
[-----------------54%                  ] 4351 of 8000 complete in 274.8 sec
[-----------------54%                  ] 4359 of 8000 complete in 275.4 sec
[-----------------54%                  ] 4367 of 8000 complete in 275.9 sec
[-----------------54%                  ] 4375 of 8000 complete in 276.5 sec
[-----------------54%                  ] 4383 of 8000 complete in 277.0 sec
[-----------------54%                  ] 4392 of 8000 complete in 277.5 sec
[-----------------55%                  ] 4400 of 8000 complete in 278.0 sec
[-----------------55%                  ] 4409 of 8000 complete in 278.5 sec
[-----------------55%                  ] 4418 of 8000 complete in 279.1 sec
[-----------------55%-                 ] 4427 of 8000 complete in 279.6 sec
[-----------------55%-                 ] 4437 of 8000 complete in 280.1 sec
[-----------------55%-                 ] 4446 of 8000 complete in 280.7 sec
[-----------------55%-                 ] 4455 of 8000 complete in 281.2 sec
[-----------------55%-                 ] 4464 of 8000 complete in 281.7 sec
[-----------------55%-                 ] 4473 of 8000 complete in 282.2 sec
[-----------------56%-                 ] 4483 of 8000 complete in 282.8 sec
[-----------------56%-                 ] 4492 of 8000 complete in 283.3 sec
[-----------------56%-                 ] 4501 of 8000 complete in 283.9 sec
[-----------------56%-                 ] 4509 of 8000 complete in 284.4 sec
[-----------------56%-                 ] 4518 of 8000 complete in 284.9 sec
[-----------------56%-                 ] 4526 of 8000 complete in 285.4 sec
[-----------------56%-                 ] 4535 of 8000 complete in 286.0 sec
[-----------------56%-                 ] 4544 of 8000 complete in 286.5 sec
[-----------------56%-                 ] 4552 of 8000 complete in 287.0 sec
[-----------------45%                  ] 3625 of 8000 complete in 231.2 sec
[-----------------45%                  ] 3632 of 8000 complete in 231.8 sec
[-----------------45%                  ] 3640 of 8000 complete in 232.3 sec
[-----------------45%                  ] 3648 of 8000 complete in 232.8 sec
[-----------------45%                  ] 3656 of 8000 complete in 233.4 sec
[-----------------45%                  ] 3663 of 8000 complete in 233.9 sec
[-----------------45%                  ] 3670 of 8000 complete in 234.5 sec
[-----------------45%                  ] 3677 of 8000 complete in 235.0 sec
[-----------------46%                  ] 3685 of 8000 complete in 235.6 sec
[-----------------46%                  ] 3693 of 8000 complete in 236.1 sec
[-----------------46%                  ] 3700 of 8000 complete in 236.6 sec
[-----------------46%                  ] 3708 of 8000 complete in 237.2 sec
[-----------------46%                  ] 3715 of 8000 complete in 237.7 sec
[-----------------46%                  ] 3722 of 8000 complete in 238.3 sec
[-----------------46%                  ] 3729 of 8000 complete in 238.8 sec
[-----------------46%                  ] 3737 of 8000 complete in 239.3 sec
[-----------------46%                  ] 3746 of 8000 complete in 239.9 sec
[-----------------46%                  ] 3755 of 8000 complete in 240.4 sec
[-----------------47%                  ] 3764 of 8000 complete in 240.9 sec
[-----------------47%                  ] 3773 of 8000 complete in 241.5 sec
[-----------------47%                  ] 3782 of 8000 complete in 242.0 sec
[-----------------47%                  ] 3790 of 8000 complete in 242.6 sec
[-----------------47%                  ] 3798 of 8000 complete in 243.1 sec
[-----------------47%                  ] 3806 of 8000 complete in 243.6 sec
[-----------------47%                  ] 3815 of 8000 complete in 244.2 sec
[-----------------47%                  ] 3824 of 8000 complete in 244.7 sec
[-----------------47%                  ] 3833 of 8000 complete in 245.2 sec
[-----------------48%                  ] 3842 of 8000 complete in 245.8 sec
[-----------------48%                  ] 3851 of 8000 complete in 246.3 sec
[-----------------48%                  ] 3860 of 8000 complete in 246.8 sec
[-----------------48%                  ] 3868 of 8000 complete in 247.3 sec
[-----------------48%                  ] 3877 of 8000 complete in 247.9 sec
[-----------------48%                  ] 3885 of 8000 complete in 248.4 sec
[-----------------48%                  ] 3893 of 8000 complete in 248.9 sec
[-----------------48%                  ] 3902 of 8000 complete in 249.5 sec
[-----------------48%                  ] 3911 of 8000 complete in 250.0 sec
[-----------------49%                  ] 3920 of 8000 complete in 250.6 sec
[-----------------49%                  ] 3930 of 8000 complete in 251.1 sec
[-----------------49%                  ] 3939 of 8000 complete in 251.6 sec
[-----------------49%                  ] 3947 of 8000 complete in 252.1 sec
[-----------------49%                  ] 3957 of 8000 complete in 252.7 sec
[-----------------49%                  ] 3966 of 8000 complete in 253.2 sec
[-----------------49%                  ] 3975 of 8000 complete in 253.8 sec
[-----------------49%                  ] 3983 of 8000 complete in 254.3 sec
[-----------------49%                  ] 3993 of 8000 complete in 254.9 sec
[-----------------50%                  ] 4002 of 8000 complete in 255.4 sec
[-----------------50%                  ] 4011 of 8000 complete in 255.9 sec
[-----------------50%                  ] 4020 of 8000 complete in 256.4 sec
[-----------------50%                  ] 4029 of 8000 complete in 257.0 sec
[-----------------50%                  ] 4039 of 8000 complete in 257.5 sec
[-----------------50%                  ] 4049 of 8000 complete in 258.1 sec
[-----------------50%                  ] 4058 of 8000 complete in 258.6 sec
[-----------------50%                  ] 4067 of 8000 complete in 259.2 sec
[-----------------50%                  ] 4076 of 8000 complete in 259.7 sec
[-----------------51%                  ] 4084 of 8000 complete in 260.2 sec
[-----------------51%                  ] 4093 of 8000 complete in 260.8 sec
[-----------------51%                  ] 4101 of 8000 complete in 261.3 sec
[-----------------51%                  ] 4108 of 8000 complete in 261.8 sec
[-----------------51%                  ] 4116 of 8000 complete in 262.4 sec
[-----------------51%                  ] 4123 of 8000 complete in 262.9 sec
[-----------------51%                  ] 4131 of 8000 complete in 263.5 sec
[-----------------51%                  ] 4138 of 8000 complete in 264.0 sec
[-----------------51%                  ] 4146 of 8000 complete in 264.5 sec
[-----------------51%                  ] 4153 of 8000 complete in 265.0 sec
[-----------------52%                  ] 4161 of 8000 complete in 265.6 sec
[-----------------52%                  ] 4168 of 8000 complete in 266.1 sec
[-----------------52%                  ] 4176 of 8000 complete in 266.7 sec
[-----------------52%                  ] 4185 of 8000 complete in 267.3 sec
[-----------------52%                  ] 4194 of 8000 complete in 267.8 sec
[-----------------52%                  ] 4203 of 8000 complete in 268.3 sec
[-----------------52%                  ] 4212 of 8000 complete in 268.9 sec
[-----------------52%                  ] 4221 of 8000 complete in 269.4 sec
[-----------------52%                  ] 4230 of 8000 complete in 269.9 sec
[-----------------52%                  ] 4239 of 8000 complete in 270.4 sec
[-----------------53%                  ] 4248 of 8000 complete in 270.9 sec
[-----------------53%                  ] 4257 of 8000 complete in 271.5 sec
[-----------------53%                  ] 4267 of 8000 complete in 272.0 sec
[-----------------53%                  ] 4277 of 8000 complete in 272.5 sec
[-----------------53%                  ] 4286 of 8000 complete in 273.1 sec
[-----------------53%                  ] 4295 of 8000 complete in 273.6 sec
[-----------------53%                  ] 4304 of 8000 complete in 274.1 sec
[-----------------53%                  ] 4312 of 8000 complete in 274.6 sec
[-----------------54%                  ] 4320 of 8000 complete in 275.2 sec
[-----------------54%                  ] 4328 of 8000 complete in 275.7 sec
[-----------------54%                  ] 4336 of 8000 complete in 276.2 sec
[-----------------54%                  ] 4344 of 8000 complete in 276.7 sec
[-----------------54%                  ] 4353 of 8000 complete in 277.3 sec
[-----------------54%                  ] 4362 of 8000 complete in 277.8 sec
[-----------------54%                  ] 4371 of 8000 complete in 278.3 sec
[-----------------54%                  ] 4380 of 8000 complete in 278.9 sec
[-----------------54%                  ] 4389 of 8000 complete in 279.4 sec
[-----------------54%                  ] 4398 of 8000 complete in 279.9 sec
[-----------------55%                  ] 4407 of 8000 complete in 280.4 sec
[-----------------55%                  ] 4416 of 8000 complete in 280.9 sec
[-----------------55%-                 ] 4424 of 8000 complete in 281.5 sec
[-----------------55%-                 ] 4433 of 8000 complete in 282.0 sec
[-----------------55%-                 ] 4442 of 8000 complete in 282.5 sec
[-----------------55%-                 ] 4450 of 8000 complete in 283.0 sec
[-----------------55%-                 ] 4459 of 8000 complete in 283.5 sec
[-----------------55%-                 ] 4468 of 8000 complete in 284.1 sec
[-----------------55%-                 ] 4477 of 8000 complete in 284.6 sec
[-----------------56%-                 ] 4485 of 8000 complete in 285.1 sec
[-----------------56%-                 ] 4494 of 8000 complete in 285.6 sec
[-----------------56%-                 ] 4503 of 8000 complete in 286.2 sec
[-----------------56%-                 ] 4512 of 8000 complete in 286.7 sec
[-----------------56%-                 ] 4520 of 8000 complete in 287.3 sec
[-----------------56%-                 ] 4529 of 8000 complete in 287.8 sec
[-----------------45%                  ] 3641 of 8000 complete in 231.6 sec
[-----------------45%                  ] 3649 of 8000 complete in 232.1 sec
[-----------------45%                  ] 3657 of 8000 complete in 232.7 sec
[-----------------45%                  ] 3664 of 8000 complete in 233.2 sec
[-----------------45%                  ] 3671 of 8000 complete in 233.8 sec
[-----------------45%                  ] 3678 of 8000 complete in 234.3 sec
[-----------------46%                  ] 3686 of 8000 complete in 234.9 sec
[-----------------46%                  ] 3694 of 8000 complete in 235.4 sec
[-----------------46%                  ] 3702 of 8000 complete in 236.0 sec
[-----------------46%                  ] 3710 of 8000 complete in 236.5 sec
[-----------------46%                  ] 3718 of 8000 complete in 237.0 sec
[-----------------46%                  ] 3725 of 8000 complete in 237.6 sec
[-----------------46%                  ] 3731 of 8000 complete in 238.1 sec
[-----------------46%                  ] 3738 of 8000 complete in 238.6 sec
[-----------------46%                  ] 3747 of 8000 complete in 239.1 sec
[-----------------46%                  ] 3756 of 8000 complete in 239.7 sec
[-----------------47%                  ] 3764 of 8000 complete in 240.2 sec
[-----------------47%                  ] 3773 of 8000 complete in 240.7 sec
[-----------------47%                  ] 3782 of 8000 complete in 241.2 sec
[-----------------47%                  ] 3790 of 8000 complete in 241.7 sec
[-----------------47%                  ] 3798 of 8000 complete in 242.2 sec
[-----------------47%                  ] 3806 of 8000 complete in 242.7 sec
[-----------------47%                  ] 3813 of 8000 complete in 243.2 sec
[-----------------47%                  ] 3821 of 8000 complete in 243.7 sec
[-----------------47%                  ] 3830 of 8000 complete in 244.3 sec
[-----------------47%                  ] 3839 of 8000 complete in 244.8 sec
[-----------------48%                  ] 3849 of 8000 complete in 245.4 sec
[-----------------48%                  ] 3858 of 8000 complete in 245.9 sec
[-----------------48%                  ] 3867 of 8000 complete in 246.4 sec
[-----------------48%                  ] 3875 of 8000 complete in 246.9 sec
[-----------------48%                  ] 3883 of 8000 complete in 247.4 sec
[-----------------48%                  ] 3891 of 8000 complete in 248.0 sec
[-----------------48%                  ] 3899 of 8000 complete in 248.5 sec
[-----------------48%                  ] 3908 of 8000 complete in 249.0 sec
[-----------------48%                  ] 3917 of 8000 complete in 249.5 sec
[-----------------49%                  ] 3926 of 8000 complete in 250.1 sec
[-----------------49%                  ] 3935 of 8000 complete in 250.6 sec
[-----------------49%                  ] 3944 of 8000 complete in 251.1 sec
[-----------------49%                  ] 3953 of 8000 complete in 251.6 sec
[-----------------49%                  ] 3962 of 8000 complete in 252.1 sec
[-----------------49%                  ] 3971 of 8000 complete in 252.7 sec
[-----------------49%                  ] 3980 of 8000 complete in 253.2 sec
[-----------------49%                  ] 3990 of 8000 complete in 253.7 sec
[-----------------49%                  ] 3998 of 8000 complete in 254.2 sec
[-----------------50%                  ] 4007 of 8000 complete in 254.8 sec
[-----------------50%                  ] 4016 of 8000 complete in 255.3 sec
[-----------------50%                  ] 4025 of 8000 complete in 255.8 sec
[-----------------50%                  ] 4034 of 8000 complete in 256.4 sec
[-----------------50%                  ] 4043 of 8000 complete in 256.9 sec
[-----------------50%                  ] 4052 of 8000 complete in 257.4 sec
[-----------------50%                  ] 4061 of 8000 complete in 257.9 sec
[-----------------50%                  ] 4070 of 8000 complete in 258.5 sec
[-----------------50%                  ] 4079 of 8000 complete in 259.1 sec
[-----------------51%                  ] 4087 of 8000 complete in 259.6 sec
[-----------------51%                  ] 4096 of 8000 complete in 260.1 sec
[-----------------51%                  ] 4105 of 8000 complete in 260.7 sec
[-----------------51%                  ] 4113 of 8000 complete in 261.2 sec
[-----------------51%                  ] 4121 of 8000 complete in 261.7 sec
[-----------------51%                  ] 4129 of 8000 complete in 262.3 sec
[-----------------51%                  ] 4136 of 8000 complete in 262.8 sec
[-----------------51%                  ] 4144 of 8000 complete in 263.4 sec
[-----------------51%                  ] 4151 of 8000 complete in 263.9 sec
[-----------------51%                  ] 4159 of 8000 complete in 264.4 sec
[-----------------52%                  ] 4166 of 8000 complete in 265.0 sec
[-----------------52%                  ] 4174 of 8000 complete in 265.6 sec
[-----------------52%                  ] 4181 of 8000 complete in 266.1 sec
[-----------------52%                  ] 4189 of 8000 complete in 266.6 sec
[-----------------52%                  ] 4197 of 8000 complete in 267.2 sec
[-----------------52%                  ] 4206 of 8000 complete in 267.7 sec
[-----------------52%                  ] 4214 of 8000 complete in 268.2 sec
[-----------------52%                  ] 4223 of 8000 complete in 268.8 sec
[-----------------52%                  ] 4231 of 8000 complete in 269.3 sec
[-----------------53%                  ] 4241 of 8000 complete in 269.8 sec
[-----------------53%                  ] 4250 of 8000 complete in 270.4 sec
[-----------------53%                  ] 4259 of 8000 complete in 270.9 sec
[-----------------53%                  ] 4268 of 8000 complete in 271.4 sec
[-----------------53%                  ] 4277 of 8000 complete in 271.9 sec
[-----------------53%                  ] 4286 of 8000 complete in 272.4 sec
[-----------------53%                  ] 4294 of 8000 complete in 272.9 sec
[-----------------53%                  ] 4303 of 8000 complete in 273.5 sec
[-----------------53%                  ] 4312 of 8000 complete in 274.0 sec
[-----------------54%                  ] 4320 of 8000 complete in 274.5 sec
[-----------------54%                  ] 4328 of 8000 complete in 275.1 sec
[-----------------54%                  ] 4336 of 8000 complete in 275.6 sec
[-----------------54%                  ] 4344 of 8000 complete in 276.1 sec
[-----------------54%                  ] 4352 of 8000 complete in 276.7 sec
[-----------------54%                  ] 4361 of 8000 complete in 277.2 sec
[-----------------54%                  ] 4371 of 8000 complete in 277.7 sec
[-----------------54%                  ] 4380 of 8000 complete in 278.3 sec
[-----------------54%                  ] 4389 of 8000 complete in 278.8 sec
[-----------------54%                  ] 4398 of 8000 complete in 279.3 sec
[-----------------55%                  ] 4407 of 8000 complete in 279.9 sec
[-----------------55%                  ] 4416 of 8000 complete in 280.4 sec
[-----------------55%-                 ] 4426 of 8000 complete in 280.9 sec
[-----------------55%-                 ] 4435 of 8000 complete in 281.4 sec
[-----------------55%-                 ] 4444 of 8000 complete in 282.0 sec
[-----------------55%-                 ] 4453 of 8000 complete in 282.5 sec
[-----------------55%-                 ] 4462 of 8000 complete in 283.0 sec
[-----------------55%-                 ] 4471 of 8000 complete in 283.6 sec
[-----------------56%-                 ] 4480 of 8000 complete in 284.1 sec
[-----------------56%-                 ] 4489 of 8000 complete in 284.6 sec
[-----------------56%-                 ] 4498 of 8000 complete in 285.2 sec
[-----------------56%-                 ] 4507 of 8000 complete in 285.7 sec
[-----------------56%-                 ] 4516 of 8000 complete in 286.2 sec
[-----------------56%-                 ] 4525 of 8000 complete in 286.8 sec
[-----------------56%-                 ] 4533 of 8000 complete in 287.3 sec
[-----------------56%-                 ] 4542 of 8000 complete in 287.9 sec
[-----------------57%-                 ] 4583 of 8000 complete in 286.8 sec
[-----------------57%-                 ] 4591 of 8000 complete in 287.3 sec
[-----------------57%-                 ] 4600 of 8000 complete in 287.9 sec
[-----------------57%-                 ] 4610 of 8000 complete in 288.4 sec
[-----------------57%-                 ] 4619 of 8000 complete in 288.9 sec
[-----------------57%-                 ] 4628 of 8000 complete in 289.5 sec
[-----------------57%--                ] 4637 of 8000 complete in 290.0 sec
[-----------------58%--                ] 4646 of 8000 complete in 290.5 sec
[-----------------58%--                ] 4655 of 8000 complete in 291.1 sec
[-----------------58%--                ] 4662 of 8000 complete in 291.6 sec
[-----------------58%--                ] 4670 of 8000 complete in 292.1 sec
[-----------------58%--                ] 4679 of 8000 complete in 292.7 sec
[-----------------58%--                ] 4686 of 8000 complete in 293.2 sec
[-----------------58%--                ] 4694 of 8000 complete in 293.7 sec
[-----------------58%--                ] 4702 of 8000 complete in 294.2 sec
[-----------------58%--                ] 4710 of 8000 complete in 294.7 sec
[-----------------58%--                ] 4718 of 8000 complete in 295.3 sec
[-----------------59%--                ] 4727 of 8000 complete in 295.8 sec
[-----------------59%--                ] 4735 of 8000 complete in 296.3 sec
[-----------------59%--                ] 4744 of 8000 complete in 296.9 sec
[-----------------59%--                ] 4753 of 8000 complete in 297.4 sec
[-----------------59%--                ] 4762 of 8000 complete in 298.0 sec
[-----------------59%--                ] 4770 of 8000 complete in 298.5 sec
[-----------------59%--                ] 4778 of 8000 complete in 299.0 sec
[-----------------59%--                ] 4787 of 8000 complete in 299.6 sec
[-----------------59%--                ] 4796 of 8000 complete in 300.1 sec
[-----------------60%--                ] 4805 of 8000 complete in 300.6 sec
[-----------------60%--                ] 4814 of 8000 complete in 301.2 sec
[-----------------60%--                ] 4823 of 8000 complete in 301.7 sec
[-----------------60%--                ] 4832 of 8000 complete in 302.3 sec
[-----------------60%--                ] 4841 of 8000 complete in 302.8 sec
[-----------------60%---               ] 4849 of 8000 complete in 303.3 sec
[-----------------60%---               ] 4858 of 8000 complete in 303.9 sec
[-----------------60%---               ] 4867 of 8000 complete in 304.4 sec
[-----------------60%---               ] 4876 of 8000 complete in 304.9 sec
[-----------------61%---               ] 4885 of 8000 complete in 305.4 sec
[-----------------61%---               ] 4894 of 8000 complete in 306.0 sec
[-----------------61%---               ] 4903 of 8000 complete in 306.5 sec
[-----------------61%---               ] 4912 of 8000 complete in 307.0 sec
[-----------------61%---               ] 4921 of 8000 complete in 307.5 sec
[-----------------61%---               ] 4931 of 8000 complete in 308.1 sec
[-----------------61%---               ] 4940 of 8000 complete in 308.6 sec
[-----------------61%---               ] 4949 of 8000 complete in 309.1 sec
[-----------------61%---               ] 4958 of 8000 complete in 309.7 sec
[-----------------62%---               ] 4967 of 8000 complete in 310.3 sec
[-----------------62%---               ] 4976 of 8000 complete in 310.8 sec
[-----------------62%---               ] 4985 of 8000 complete in 311.3 sec
[-----------------62%---               ] 4994 of 8000 complete in 311.8 sec
[-----------------62%---               ] 5003 of 8000 complete in 312.4 sec
[-----------------62%---               ] 5011 of 8000 complete in 312.9 sec
[-----------------62%---               ] 5018 of 8000 complete in 313.4 sec
[-----------------62%---               ] 5027 of 8000 complete in 313.9 sec
[-----------------62%---               ] 5035 of 8000 complete in 314.5 sec
[-----------------63%---               ] 5043 of 8000 complete in 315.0 sec
[-----------------63%---               ] 5051 of 8000 complete in 315.5 sec
[-----------------63%----              ] 5060 of 8000 complete in 316.0 sec
[-----------------63%----              ] 5068 of 8000 complete in 316.6 sec
[-----------------63%----              ] 5077 of 8000 complete in 317.1 sec
[-----------------63%----              ] 5086 of 8000 complete in 317.6 sec
[-----------------63%----              ] 5095 of 8000 complete in 318.2 sec
[-----------------63%----              ] 5105 of 8000 complete in 318.7 sec
[-----------------63%----              ] 5114 of 8000 complete in 319.2 sec
[-----------------64%----              ] 5122 of 8000 complete in 319.7 sec
[-----------------64%----              ] 5130 of 8000 complete in 320.3 sec
[-----------------64%----              ] 5137 of 8000 complete in 320.8 sec
[-----------------64%----              ] 5144 of 8000 complete in 321.3 sec
[-----------------64%----              ] 5151 of 8000 complete in 321.9 sec
[-----------------64%----              ] 5159 of 8000 complete in 322.5 sec
[-----------------64%----              ] 5167 of 8000 complete in 323.0 sec
[-----------------64%----              ] 5175 of 8000 complete in 323.5 sec
[-----------------64%----              ] 5184 of 8000 complete in 324.1 sec
[-----------------64%----              ] 5193 of 8000 complete in 324.7 sec
[-----------------65%----              ] 5201 of 8000 complete in 325.2 sec
[-----------------65%----              ] 5209 of 8000 complete in 325.7 sec
[-----------------65%----              ] 5217 of 8000 complete in 326.2 sec
[-----------------65%----              ] 5225 of 8000 complete in 326.7 sec
[-----------------65%----              ] 5233 of 8000 complete in 327.2 sec
[-----------------65%----              ] 5241 of 8000 complete in 327.8 sec
[-----------------65%----              ] 5249 of 8000 complete in 328.3 sec
[-----------------65%----              ] 5258 of 8000 complete in 328.8 sec
[-----------------65%-----             ] 5267 of 8000 complete in 329.4 sec
[-----------------65%-----             ] 5276 of 8000 complete in 329.9 sec
[-----------------66%-----             ] 5285 of 8000 complete in 330.4 sec
[-----------------66%-----             ] 5294 of 8000 complete in 330.9 sec
[-----------------66%-----             ] 5302 of 8000 complete in 331.5 sec
[-----------------66%-----             ] 5310 of 8000 complete in 332.0 sec
[-----------------66%-----             ] 5319 of 8000 complete in 332.5 sec
[-----------------66%-----             ] 5327 of 8000 complete in 333.0 sec
[-----------------66%-----             ] 5336 of 8000 complete in 333.6 sec
[-----------------66%-----             ] 5345 of 8000 complete in 334.1 sec
[-----------------66%-----             ] 5354 of 8000 complete in 334.7 sec
[-----------------67%-----             ] 5363 of 8000 complete in 335.2 sec
[-----------------67%-----             ] 5372 of 8000 complete in 335.7 sec
[-----------------67%-----             ] 5381 of 8000 complete in 336.2 sec
[-----------------67%-----             ] 5390 of 8000 complete in 336.8 sec
[-----------------67%-----             ] 5399 of 8000 complete in 337.3 sec
[-----------------67%-----             ] 5408 of 8000 complete in 337.8 sec
[-----------------67%-----             ] 5417 of 8000 complete in 338.4 sec
[-----------------67%-----             ] 5426 of 8000 complete in 338.9 sec
[-----------------67%-----             ] 5435 of 8000 complete in 339.4 sec
[-----------------68%-----             ] 5444 of 8000 complete in 340.0 sec
[-----------------68%-----             ] 5453 of 8000 complete in 340.5 sec
[-----------------68%-----             ] 5462 of 8000 complete in 341.0 sec
[-----------------68%-----             ] 5472 of 8000 complete in 341.6 sec
[-----------------68%------            ] 5481 of 8000 complete in 342.1 sec
[-----------------68%------            ] 5490 of 8000 complete in 342.7 sec
[-----------------68%------            ] 5498 of 8000 complete in 343.2 sec
[-----------------57%-                 ] 4561 of 8000 complete in 287.6 sec
[-----------------57%-                 ] 4570 of 8000 complete in 288.1 sec
[-----------------57%-                 ] 4579 of 8000 complete in 288.6 sec
[-----------------57%-                 ] 4588 of 8000 complete in 289.2 sec
[-----------------57%-                 ] 4596 of 8000 complete in 289.7 sec
[-----------------57%-                 ] 4605 of 8000 complete in 290.2 sec
[-----------------57%-                 ] 4614 of 8000 complete in 290.8 sec
[-----------------57%-                 ] 4622 of 8000 complete in 291.3 sec
[-----------------57%-                 ] 4630 of 8000 complete in 291.9 sec
[-----------------57%--                ] 4638 of 8000 complete in 292.4 sec
[-----------------58%--                ] 4645 of 8000 complete in 292.9 sec
[-----------------58%--                ] 4653 of 8000 complete in 293.5 sec
[-----------------58%--                ] 4661 of 8000 complete in 294.0 sec
[-----------------58%--                ] 4669 of 8000 complete in 294.6 sec
[-----------------58%--                ] 4677 of 8000 complete in 295.1 sec
[-----------------58%--                ] 4685 of 8000 complete in 295.6 sec
[-----------------58%--                ] 4693 of 8000 complete in 296.1 sec
[-----------------58%--                ] 4701 of 8000 complete in 296.6 sec
[-----------------58%--                ] 4709 of 8000 complete in 297.2 sec
[-----------------58%--                ] 4718 of 8000 complete in 297.7 sec
[-----------------59%--                ] 4727 of 8000 complete in 298.3 sec
[-----------------59%--                ] 4735 of 8000 complete in 298.8 sec
[-----------------59%--                ] 4744 of 8000 complete in 299.3 sec
[-----------------59%--                ] 4754 of 8000 complete in 299.9 sec
[-----------------59%--                ] 4763 of 8000 complete in 300.4 sec
[-----------------59%--                ] 4772 of 8000 complete in 300.9 sec
[-----------------59%--                ] 4780 of 8000 complete in 301.4 sec
[-----------------59%--                ] 4790 of 8000 complete in 302.0 sec
[-----------------59%--                ] 4799 of 8000 complete in 302.5 sec
[-----------------60%--                ] 4807 of 8000 complete in 303.0 sec
[-----------------60%--                ] 4816 of 8000 complete in 303.5 sec
[-----------------60%--                ] 4825 of 8000 complete in 304.1 sec
[-----------------60%--                ] 4834 of 8000 complete in 304.6 sec
[-----------------60%---               ] 4843 of 8000 complete in 305.2 sec
[-----------------60%---               ] 4852 of 8000 complete in 305.7 sec
[-----------------60%---               ] 4861 of 8000 complete in 306.3 sec
[-----------------60%---               ] 4870 of 8000 complete in 306.8 sec
[-----------------60%---               ] 4879 of 8000 complete in 307.3 sec
[-----------------61%---               ] 4888 of 8000 complete in 307.8 sec
[-----------------61%---               ] 4897 of 8000 complete in 308.4 sec
[-----------------61%---               ] 4906 of 8000 complete in 308.9 sec
[-----------------61%---               ] 4914 of 8000 complete in 309.5 sec
[-----------------61%---               ] 4923 of 8000 complete in 310.0 sec
[-----------------61%---               ] 4931 of 8000 complete in 310.5 sec
[-----------------61%---               ] 4940 of 8000 complete in 311.0 sec
[-----------------61%---               ] 4949 of 8000 complete in 311.5 sec
[-----------------61%---               ] 4958 of 8000 complete in 312.1 sec
[-----------------62%---               ] 4967 of 8000 complete in 312.6 sec
[-----------------62%---               ] 4975 of 8000 complete in 313.2 sec
[-----------------62%---               ] 4984 of 8000 complete in 313.7 sec
[-----------------62%---               ] 4992 of 8000 complete in 314.2 sec
[-----------------62%---               ] 5000 of 8000 complete in 314.8 sec
[-----------------62%---               ] 5007 of 8000 complete in 315.3 sec
[-----------------62%---               ] 5016 of 8000 complete in 315.8 sec
[-----------------62%---               ] 5024 of 8000 complete in 316.3 sec
[-----------------62%---               ] 5032 of 8000 complete in 316.8 sec
[-----------------63%---               ] 5041 of 8000 complete in 317.4 sec
[-----------------63%---               ] 5050 of 8000 complete in 317.9 sec
[-----------------63%----              ] 5058 of 8000 complete in 318.4 sec
[-----------------63%----              ] 5067 of 8000 complete in 318.9 sec
[-----------------63%----              ] 5076 of 8000 complete in 319.4 sec
[-----------------63%----              ] 5084 of 8000 complete in 320.0 sec
[-----------------63%----              ] 5091 of 8000 complete in 320.5 sec
[-----------------63%----              ] 5098 of 8000 complete in 321.0 sec
[-----------------63%----              ] 5104 of 8000 complete in 321.5 sec
[-----------------63%----              ] 5111 of 8000 complete in 322.1 sec
[-----------------63%----              ] 5118 of 8000 complete in 322.6 sec
[-----------------64%----              ] 5125 of 8000 complete in 323.1 sec
[-----------------64%----              ] 5133 of 8000 complete in 323.6 sec
[-----------------64%----              ] 5141 of 8000 complete in 324.2 sec
[-----------------64%----              ] 5150 of 8000 complete in 324.7 sec
[-----------------64%----              ] 5158 of 8000 complete in 325.3 sec
[-----------------64%----              ] 5166 of 8000 complete in 325.8 sec
[-----------------64%----              ] 5174 of 8000 complete in 326.3 sec
[-----------------64%----              ] 5182 of 8000 complete in 326.8 sec
[-----------------64%----              ] 5190 of 8000 complete in 327.3 sec
[-----------------64%----              ] 5198 of 8000 complete in 327.9 sec
[-----------------65%----              ] 5206 of 8000 complete in 328.4 sec
[-----------------65%----              ] 5215 of 8000 complete in 328.9 sec
[-----------------65%----              ] 5224 of 8000 complete in 329.4 sec
[-----------------65%----              ] 5234 of 8000 complete in 330.0 sec
[-----------------65%----              ] 5243 of 8000 complete in 330.5 sec
[-----------------65%----              ] 5252 of 8000 complete in 331.1 sec
[-----------------65%----              ] 5260 of 8000 complete in 331.6 sec
[-----------------65%-----             ] 5268 of 8000 complete in 332.1 sec
[-----------------65%-----             ] 5277 of 8000 complete in 332.6 sec
[-----------------66%-----             ] 5285 of 8000 complete in 333.1 sec
[-----------------66%-----             ] 5294 of 8000 complete in 333.7 sec
[-----------------66%-----             ] 5303 of 8000 complete in 334.2 sec
[-----------------66%-----             ] 5312 of 8000 complete in 334.8 sec
[-----------------66%-----             ] 5321 of 8000 complete in 335.3 sec
[-----------------66%-----             ] 5330 of 8000 complete in 335.8 sec
[-----------------66%-----             ] 5338 of 8000 complete in 336.4 sec
[-----------------66%-----             ] 5347 of 8000 complete in 336.9 sec
[-----------------66%-----             ] 5356 of 8000 complete in 337.4 sec
[-----------------67%-----             ] 5365 of 8000 complete in 337.9 sec
[-----------------67%-----             ] 5373 of 8000 complete in 338.4 sec
[-----------------67%-----             ] 5382 of 8000 complete in 339.0 sec
[-----------------67%-----             ] 5391 of 8000 complete in 339.5 sec
[-----------------67%-----             ] 5400 of 8000 complete in 340.0 sec
[-----------------67%-----             ] 5409 of 8000 complete in 340.5 sec
[-----------------67%-----             ] 5418 of 8000 complete in 341.1 sec
[-----------------67%-----             ] 5426 of 8000 complete in 341.6 sec
[-----------------67%-----             ] 5434 of 8000 complete in 342.1 sec
[-----------------68%-----             ] 5442 of 8000 complete in 342.6 sec
[-----------------68%-----             ] 5449 of 8000 complete in 343.1 sec
[-----------------68%-----             ] 5458 of 8000 complete in 343.6 sec
[-----------------56%-                 ] 4537 of 8000 complete in 288.4 sec
[-----------------56%-                 ] 4545 of 8000 complete in 288.9 sec
[-----------------56%-                 ] 4553 of 8000 complete in 289.4 sec
[-----------------57%-                 ] 4562 of 8000 complete in 289.9 sec
[-----------------57%-                 ] 4571 of 8000 complete in 290.5 sec
[-----------------57%-                 ] 4580 of 8000 complete in 291.0 sec
[-----------------57%-                 ] 4588 of 8000 complete in 291.6 sec
[-----------------57%-                 ] 4596 of 8000 complete in 292.1 sec
[-----------------57%-                 ] 4605 of 8000 complete in 292.7 sec
[-----------------57%-                 ] 4612 of 8000 complete in 293.2 sec
[-----------------57%-                 ] 4620 of 8000 complete in 293.7 sec
[-----------------57%-                 ] 4628 of 8000 complete in 294.3 sec
[-----------------57%--                ] 4636 of 8000 complete in 294.8 sec
[-----------------58%--                ] 4644 of 8000 complete in 295.3 sec
[-----------------58%--                ] 4653 of 8000 complete in 295.9 sec
[-----------------58%--                ] 4662 of 8000 complete in 296.4 sec
[-----------------58%--                ] 4671 of 8000 complete in 297.0 sec
[-----------------58%--                ] 4679 of 8000 complete in 297.5 sec
[-----------------58%--                ] 4688 of 8000 complete in 298.0 sec
[-----------------58%--                ] 4697 of 8000 complete in 298.6 sec
[-----------------58%--                ] 4705 of 8000 complete in 299.1 sec
[-----------------58%--                ] 4715 of 8000 complete in 299.7 sec
[-----------------59%--                ] 4724 of 8000 complete in 300.2 sec
[-----------------59%--                ] 4733 of 8000 complete in 300.7 sec
[-----------------59%--                ] 4742 of 8000 complete in 301.3 sec
[-----------------59%--                ] 4751 of 8000 complete in 301.8 sec
[-----------------59%--                ] 4760 of 8000 complete in 302.3 sec
[-----------------59%--                ] 4769 of 8000 complete in 302.9 sec
[-----------------59%--                ] 4777 of 8000 complete in 303.4 sec
[-----------------59%--                ] 4785 of 8000 complete in 303.9 sec
[-----------------59%--                ] 4794 of 8000 complete in 304.4 sec
[-----------------60%--                ] 4803 of 8000 complete in 305.0 sec
[-----------------60%--                ] 4812 of 8000 complete in 305.5 sec
[-----------------60%--                ] 4821 of 8000 complete in 306.0 sec
[-----------------60%--                ] 4830 of 8000 complete in 306.6 sec
[-----------------60%--                ] 4839 of 8000 complete in 307.1 sec
[-----------------60%---               ] 4848 of 8000 complete in 307.6 sec
[-----------------60%---               ] 4858 of 8000 complete in 308.2 sec
[-----------------60%---               ] 4867 of 8000 complete in 308.7 sec
[-----------------60%---               ] 4876 of 8000 complete in 309.2 sec
[-----------------61%---               ] 4885 of 8000 complete in 309.8 sec
[-----------------61%---               ] 4894 of 8000 complete in 310.3 sec
[-----------------61%---               ] 4903 of 8000 complete in 310.8 sec
[-----------------61%---               ] 4912 of 8000 complete in 311.3 sec
[-----------------61%---               ] 4920 of 8000 complete in 311.9 sec
[-----------------61%---               ] 4928 of 8000 complete in 312.4 sec
[-----------------61%---               ] 4937 of 8000 complete in 312.9 sec
[-----------------61%---               ] 4945 of 8000 complete in 313.5 sec
[-----------------61%---               ] 4954 of 8000 complete in 314.0 sec
[-----------------62%---               ] 4962 of 8000 complete in 314.5 sec
[-----------------62%---               ] 4969 of 8000 complete in 315.0 sec
[-----------------62%---               ] 4976 of 8000 complete in 315.5 sec
[-----------------62%---               ] 4985 of 8000 complete in 316.1 sec
[-----------------62%---               ] 4993 of 8000 complete in 316.6 sec
[-----------------62%---               ] 5001 of 8000 complete in 317.1 sec
[-----------------62%---               ] 5010 of 8000 complete in 317.6 sec
[-----------------62%---               ] 5019 of 8000 complete in 318.2 sec
[-----------------62%---               ] 5028 of 8000 complete in 318.7 sec
[-----------------62%---               ] 5037 of 8000 complete in 319.3 sec
[-----------------63%---               ] 5046 of 8000 complete in 319.8 sec
[-----------------63%----              ] 5054 of 8000 complete in 320.3 sec
[-----------------63%----              ] 5061 of 8000 complete in 320.9 sec
[-----------------63%----              ] 5068 of 8000 complete in 321.4 sec
[-----------------63%----              ] 5075 of 8000 complete in 321.9 sec
[-----------------63%----              ] 5082 of 8000 complete in 322.5 sec
[-----------------63%----              ] 5090 of 8000 complete in 323.0 sec
[-----------------63%----              ] 5098 of 8000 complete in 323.5 sec
[-----------------63%----              ] 5107 of 8000 complete in 324.1 sec
[-----------------63%----              ] 5115 of 8000 complete in 324.6 sec
[-----------------64%----              ] 5123 of 8000 complete in 325.1 sec
[-----------------64%----              ] 5131 of 8000 complete in 325.7 sec
[-----------------64%----              ] 5140 of 8000 complete in 326.2 sec
[-----------------64%----              ] 5148 of 8000 complete in 326.7 sec
[-----------------64%----              ] 5156 of 8000 complete in 327.3 sec
[-----------------64%----              ] 5164 of 8000 complete in 327.8 sec
[-----------------64%----              ] 5172 of 8000 complete in 328.3 sec
[-----------------64%----              ] 5181 of 8000 complete in 328.8 sec
[-----------------64%----              ] 5190 of 8000 complete in 329.3 sec
[-----------------64%----              ] 5199 of 8000 complete in 329.8 sec
[-----------------65%----              ] 5208 of 8000 complete in 330.4 sec
[-----------------65%----              ] 5217 of 8000 complete in 330.9 sec
[-----------------65%----              ] 5225 of 8000 complete in 331.4 sec
[-----------------65%----              ] 5233 of 8000 complete in 332.0 sec
[-----------------65%----              ] 5242 of 8000 complete in 332.5 sec
[-----------------65%----              ] 5251 of 8000 complete in 333.1 sec
[-----------------65%----              ] 5261 of 8000 complete in 333.6 sec
[-----------------65%-----             ] 5270 of 8000 complete in 334.1 sec
[-----------------65%-----             ] 5279 of 8000 complete in 334.6 sec
[-----------------66%-----             ] 5288 of 8000 complete in 335.2 sec
[-----------------66%-----             ] 5297 of 8000 complete in 335.7 sec
[-----------------66%-----             ] 5306 of 8000 complete in 336.3 sec
[-----------------66%-----             ] 5315 of 8000 complete in 336.8 sec
[-----------------66%-----             ] 5324 of 8000 complete in 337.3 sec
[-----------------66%-----             ] 5334 of 8000 complete in 337.8 sec
[-----------------66%-----             ] 5342 of 8000 complete in 338.3 sec
[-----------------66%-----             ] 5351 of 8000 complete in 338.9 sec
[-----------------67%-----             ] 5360 of 8000 complete in 339.4 sec
[-----------------67%-----             ] 5369 of 8000 complete in 339.9 sec
[-----------------67%-----             ] 5378 of 8000 complete in 340.4 sec
[-----------------67%-----             ] 5386 of 8000 complete in 340.9 sec
[-----------------67%-----             ] 5395 of 8000 complete in 341.5 sec
[-----------------67%-----             ] 5404 of 8000 complete in 342.0 sec
[-----------------67%-----             ] 5413 of 8000 complete in 342.6 sec
[-----------------67%-----             ] 5421 of 8000 complete in 343.1 sec
[-----------------67%-----             ] 5431 of 8000 complete in 343.7 sec
[-----------------68%-----             ] 5440 of 8000 complete in 344.2 sec
[-----------------68%-----             ] 5450 of 8000 complete in 344.7 sec
[-----------------56%-                 ] 4551 of 8000 complete in 288.4 sec
[-----------------57%-                 ] 4560 of 8000 complete in 288.9 sec
[-----------------57%-                 ] 4569 of 8000 complete in 289.5 sec
[-----------------57%-                 ] 4577 of 8000 complete in 290.0 sec
[-----------------57%-                 ] 4586 of 8000 complete in 290.5 sec
[-----------------57%-                 ] 4595 of 8000 complete in 291.1 sec
[-----------------57%-                 ] 4603 of 8000 complete in 291.6 sec
[-----------------57%-                 ] 4611 of 8000 complete in 292.2 sec
[-----------------57%-                 ] 4619 of 8000 complete in 292.7 sec
[-----------------57%-                 ] 4626 of 8000 complete in 293.2 sec
[-----------------57%--                ] 4634 of 8000 complete in 293.7 sec
[-----------------58%--                ] 4642 of 8000 complete in 294.3 sec
[-----------------58%--                ] 4650 of 8000 complete in 294.8 sec
[-----------------58%--                ] 4659 of 8000 complete in 295.3 sec
[-----------------58%--                ] 4667 of 8000 complete in 295.8 sec
[-----------------58%--                ] 4675 of 8000 complete in 296.4 sec
[-----------------58%--                ] 4684 of 8000 complete in 296.9 sec
[-----------------58%--                ] 4693 of 8000 complete in 297.5 sec
[-----------------58%--                ] 4701 of 8000 complete in 298.0 sec
[-----------------58%--                ] 4709 of 8000 complete in 298.5 sec
[-----------------58%--                ] 4717 of 8000 complete in 299.1 sec
[-----------------59%--                ] 4725 of 8000 complete in 299.6 sec
[-----------------59%--                ] 4734 of 8000 complete in 300.1 sec
[-----------------59%--                ] 4742 of 8000 complete in 300.6 sec
[-----------------59%--                ] 4751 of 8000 complete in 301.2 sec
[-----------------59%--                ] 4760 of 8000 complete in 301.7 sec
[-----------------59%--                ] 4769 of 8000 complete in 302.3 sec
[-----------------59%--                ] 4778 of 8000 complete in 302.8 sec
[-----------------59%--                ] 4786 of 8000 complete in 303.3 sec
[-----------------59%--                ] 4795 of 8000 complete in 303.9 sec
[-----------------60%--                ] 4804 of 8000 complete in 304.4 sec
[-----------------60%--                ] 4813 of 8000 complete in 305.0 sec
[-----------------60%--                ] 4822 of 8000 complete in 305.5 sec
[-----------------60%--                ] 4831 of 8000 complete in 306.0 sec
[-----------------60%--                ] 4841 of 8000 complete in 306.6 sec
[-----------------60%---               ] 4850 of 8000 complete in 307.1 sec
[-----------------60%---               ] 4859 of 8000 complete in 307.7 sec
[-----------------60%---               ] 4868 of 8000 complete in 308.2 sec
[-----------------60%---               ] 4877 of 8000 complete in 308.7 sec
[-----------------61%---               ] 4886 of 8000 complete in 309.3 sec
[-----------------61%---               ] 4895 of 8000 complete in 309.8 sec
[-----------------61%---               ] 4904 of 8000 complete in 310.4 sec
[-----------------61%---               ] 4913 of 8000 complete in 310.9 sec
[-----------------61%---               ] 4922 of 8000 complete in 311.4 sec
[-----------------61%---               ] 4931 of 8000 complete in 312.0 sec
[-----------------61%---               ] 4939 of 8000 complete in 312.5 sec
[-----------------61%---               ] 4947 of 8000 complete in 313.0 sec
[-----------------61%---               ] 4955 of 8000 complete in 313.5 sec
[-----------------62%---               ] 4964 of 8000 complete in 314.0 sec
[-----------------62%---               ] 4972 of 8000 complete in 314.6 sec
[-----------------62%---               ] 4979 of 8000 complete in 315.1 sec
[-----------------62%---               ] 4986 of 8000 complete in 315.6 sec
[-----------------62%---               ] 4995 of 8000 complete in 316.1 sec
[-----------------62%---               ] 5003 of 8000 complete in 316.6 sec
[-----------------62%---               ] 5012 of 8000 complete in 317.2 sec
[-----------------62%---               ] 5021 of 8000 complete in 317.8 sec
[-----------------62%---               ] 5030 of 8000 complete in 318.3 sec
[-----------------63%---               ] 5040 of 8000 complete in 318.9 sec
[-----------------63%---               ] 5049 of 8000 complete in 319.4 sec
[-----------------63%----              ] 5057 of 8000 complete in 319.9 sec
[-----------------63%----              ] 5065 of 8000 complete in 320.5 sec
[-----------------63%----              ] 5072 of 8000 complete in 321.0 sec
[-----------------63%----              ] 5079 of 8000 complete in 321.6 sec
[-----------------63%----              ] 5086 of 8000 complete in 322.1 sec
[-----------------63%----              ] 5094 of 8000 complete in 322.6 sec
[-----------------63%----              ] 5101 of 8000 complete in 323.2 sec
[-----------------63%----              ] 5109 of 8000 complete in 323.7 sec
[-----------------63%----              ] 5117 of 8000 complete in 324.2 sec
[-----------------64%----              ] 5126 of 8000 complete in 324.8 sec
[-----------------64%----              ] 5134 of 8000 complete in 325.3 sec
[-----------------64%----              ] 5142 of 8000 complete in 325.8 sec
[-----------------64%----              ] 5150 of 8000 complete in 326.4 sec
[-----------------64%----              ] 5158 of 8000 complete in 326.9 sec
[-----------------64%----              ] 5166 of 8000 complete in 327.4 sec
[-----------------64%----              ] 5174 of 8000 complete in 327.9 sec
[-----------------64%----              ] 5183 of 8000 complete in 328.5 sec
[-----------------64%----              ] 5192 of 8000 complete in 329.0 sec
[-----------------65%----              ] 5201 of 8000 complete in 329.6 sec
[-----------------65%----              ] 5210 of 8000 complete in 330.1 sec
[-----------------65%----              ] 5219 of 8000 complete in 330.6 sec
[-----------------65%----              ] 5227 of 8000 complete in 331.2 sec
[-----------------65%----              ] 5235 of 8000 complete in 331.7 sec
[-----------------65%----              ] 5243 of 8000 complete in 332.2 sec
[-----------------65%----              ] 5252 of 8000 complete in 332.8 sec
[-----------------65%----              ] 5260 of 8000 complete in 333.3 sec
[-----------------65%-----             ] 5269 of 8000 complete in 333.8 sec
[-----------------65%-----             ] 5278 of 8000 complete in 334.3 sec
[-----------------66%-----             ] 5287 of 8000 complete in 334.9 sec
[-----------------66%-----             ] 5296 of 8000 complete in 335.4 sec
[-----------------66%-----             ] 5305 of 8000 complete in 336.0 sec
[-----------------66%-----             ] 5314 of 8000 complete in 336.5 sec
[-----------------66%-----             ] 5323 of 8000 complete in 337.0 sec
[-----------------66%-----             ] 5332 of 8000 complete in 337.5 sec
[-----------------66%-----             ] 5341 of 8000 complete in 338.1 sec
[-----------------66%-----             ] 5350 of 8000 complete in 338.6 sec
[-----------------66%-----             ] 5358 of 8000 complete in 339.1 sec
[-----------------67%-----             ] 5367 of 8000 complete in 339.7 sec
[-----------------67%-----             ] 5376 of 8000 complete in 340.2 sec
[-----------------67%-----             ] 5385 of 8000 complete in 340.7 sec
[-----------------67%-----             ] 5394 of 8000 complete in 341.2 sec
[-----------------67%-----             ] 5403 of 8000 complete in 341.8 sec
[-----------------67%-----             ] 5411 of 8000 complete in 342.3 sec
[-----------------67%-----             ] 5419 of 8000 complete in 342.8 sec
[-----------------67%-----             ] 5426 of 8000 complete in 343.3 sec
[-----------------67%-----             ] 5434 of 8000 complete in 343.8 sec
[-----------------68%-----             ] 5443 of 8000 complete in 344.3 sec
[-----------------68%-----             ] 5451 of 8000 complete in 344.9 sec
[-----------------68%------            ] 5507 of 8000 complete in 343.8 sec
[-----------------68%------            ] 5516 of 8000 complete in 344.3 sec
[-----------------69%------            ] 5525 of 8000 complete in 344.9 sec
[-----------------69%------            ] 5534 of 8000 complete in 345.4 sec
[-----------------69%------            ] 5543 of 8000 complete in 346.0 sec
[-----------------69%------            ] 5552 of 8000 complete in 346.5 sec
[-----------------69%------            ] 5561 of 8000 complete in 347.0 sec
[-----------------69%------            ] 5570 of 8000 complete in 347.5 sec
[-----------------69%------            ] 5579 of 8000 complete in 348.1 sec
[-----------------69%------            ] 5588 of 8000 complete in 348.6 sec
[-----------------69%------            ] 5597 of 8000 complete in 349.2 sec
[-----------------70%------            ] 5606 of 8000 complete in 349.7 sec
[-----------------70%------            ] 5614 of 8000 complete in 350.3 sec
[-----------------70%------            ] 5622 of 8000 complete in 350.8 sec
[-----------------70%------            ] 5630 of 8000 complete in 351.3 sec
[-----------------70%------            ] 5638 of 8000 complete in 351.9 sec
[-----------------70%------            ] 5646 of 8000 complete in 352.4 sec
[-----------------70%------            ] 5654 of 8000 complete in 352.9 sec
[-----------------70%------            ] 5661 of 8000 complete in 353.4 sec
[-----------------70%------            ] 5670 of 8000 complete in 354.0 sec
[-----------------70%------            ] 5678 of 8000 complete in 354.5 sec
[-----------------71%-------           ] 5687 of 8000 complete in 355.1 sec
[-----------------71%-------           ] 5695 of 8000 complete in 355.6 sec
[-----------------71%-------           ] 5704 of 8000 complete in 356.1 sec
[-----------------71%-------           ] 5713 of 8000 complete in 356.6 sec
[-----------------71%-------           ] 5722 of 8000 complete in 357.2 sec
[-----------------71%-------           ] 5730 of 8000 complete in 357.7 sec
[-----------------71%-------           ] 5738 of 8000 complete in 358.3 sec
[-----------------71%-------           ] 5747 of 8000 complete in 358.8 sec
[-----------------71%-------           ] 5755 of 8000 complete in 359.3 sec
[-----------------72%-------           ] 5763 of 8000 complete in 359.8 sec
[-----------------72%-------           ] 5771 of 8000 complete in 360.4 sec
[-----------------72%-------           ] 5780 of 8000 complete in 360.9 sec
[-----------------72%-------           ] 5789 of 8000 complete in 361.4 sec
[-----------------72%-------           ] 5799 of 8000 complete in 362.0 sec
[-----------------72%-------           ] 5808 of 8000 complete in 362.5 sec
[-----------------72%-------           ] 5815 of 8000 complete in 363.0 sec
[-----------------72%-------           ] 5823 of 8000 complete in 363.5 sec
[-----------------72%-------           ] 5831 of 8000 complete in 364.1 sec
[-----------------73%-------           ] 5840 of 8000 complete in 364.6 sec
[-----------------73%-------           ] 5849 of 8000 complete in 365.1 sec
[-----------------73%-------           ] 5858 of 8000 complete in 365.6 sec
[-----------------73%-------           ] 5868 of 8000 complete in 366.2 sec
[-----------------73%-------           ] 5877 of 8000 complete in 366.7 sec
[-----------------73%-------           ] 5886 of 8000 complete in 367.2 sec
[-----------------73%--------          ] 5895 of 8000 complete in 367.8 sec
[-----------------73%--------          ] 5904 of 8000 complete in 368.4 sec
[-----------------73%--------          ] 5914 of 8000 complete in 368.9 sec
[-----------------74%--------          ] 5924 of 8000 complete in 369.4 sec
[-----------------74%--------          ] 5934 of 8000 complete in 370.0 sec
[-----------------74%--------          ] 5943 of 8000 complete in 370.5 sec
[-----------------74%--------          ] 5951 of 8000 complete in 371.0 sec
[-----------------74%--------          ] 5960 of 8000 complete in 371.5 sec
[-----------------74%--------          ] 5969 of 8000 complete in 372.1 sec
[-----------------74%--------          ] 5977 of 8000 complete in 372.6 sec
[-----------------74%--------          ] 5984 of 8000 complete in 373.1 sec
[-----------------74%--------          ] 5993 of 8000 complete in 373.7 sec
[-----------------75%--------          ] 6001 of 8000 complete in 374.2 sec
[-----------------75%--------          ] 6009 of 8000 complete in 374.7 sec
[-----------------75%--------          ] 6016 of 8000 complete in 375.2 sec
[-----------------75%--------          ] 6025 of 8000 complete in 375.8 sec
[-----------------75%--------          ] 6034 of 8000 complete in 376.3 sec
[-----------------75%--------          ] 6042 of 8000 complete in 376.9 sec
[-----------------75%--------          ] 6049 of 8000 complete in 377.4 sec
[-----------------75%--------          ] 6057 of 8000 complete in 377.9 sec
[-----------------75%--------          ] 6066 of 8000 complete in 378.5 sec
[-----------------75%--------          ] 6075 of 8000 complete in 379.0 sec
[-----------------76%--------          ] 6084 of 8000 complete in 379.5 sec
[-----------------76%--------          ] 6093 of 8000 complete in 380.0 sec
[-----------------76%--------          ] 6102 of 8000 complete in 380.5 sec
[-----------------76%---------         ] 6111 of 8000 complete in 381.0 sec
[-----------------76%---------         ] 6120 of 8000 complete in 381.6 sec
[-----------------76%---------         ] 6129 of 8000 complete in 382.1 sec
[-----------------76%---------         ] 6137 of 8000 complete in 382.6 sec
[-----------------76%---------         ] 6145 of 8000 complete in 383.2 sec
[-----------------76%---------         ] 6154 of 8000 complete in 383.7 sec
[-----------------77%---------         ] 6162 of 8000 complete in 384.2 sec
[-----------------77%---------         ] 6171 of 8000 complete in 384.7 sec
[-----------------77%---------         ] 6180 of 8000 complete in 385.3 sec
[-----------------77%---------         ] 6188 of 8000 complete in 385.8 sec
[-----------------77%---------         ] 6196 of 8000 complete in 386.3 sec
[-----------------77%---------         ] 6204 of 8000 complete in 386.9 sec
[-----------------77%---------         ] 6211 of 8000 complete in 387.4 sec
[-----------------77%---------         ] 6219 of 8000 complete in 387.9 sec
[-----------------77%---------         ] 6227 of 8000 complete in 388.5 sec
[-----------------77%---------         ] 6234 of 8000 complete in 389.0 sec
[-----------------78%---------         ] 6242 of 8000 complete in 389.5 sec
[-----------------78%---------         ] 6249 of 8000 complete in 390.0 sec
[-----------------78%---------         ] 6258 of 8000 complete in 390.6 sec
[-----------------78%---------         ] 6267 of 8000 complete in 391.1 sec
[-----------------78%---------         ] 6276 of 8000 complete in 391.6 sec
[-----------------78%---------         ] 6286 of 8000 complete in 392.2 sec
[-----------------78%---------         ] 6295 of 8000 complete in 392.7 sec
[-----------------78%---------         ] 6303 of 8000 complete in 393.2 sec
[-----------------78%---------         ] 6311 of 8000 complete in 393.7 sec
[-----------------79%----------        ] 6320 of 8000 complete in 394.3 sec
[-----------------79%----------        ] 6329 of 8000 complete in 394.9 sec
[-----------------79%----------        ] 6338 of 8000 complete in 395.4 sec
[-----------------79%----------        ] 6347 of 8000 complete in 396.0 sec
[-----------------79%----------        ] 6355 of 8000 complete in 396.5 sec
[-----------------79%----------        ] 6363 of 8000 complete in 397.1 sec
[-----------------79%----------        ] 6372 of 8000 complete in 397.6 sec
[-----------------79%----------        ] 6381 of 8000 complete in 398.1 sec
[-----------------79%----------        ] 6389 of 8000 complete in 398.6 sec
[-----------------79%----------        ] 6398 of 8000 complete in 399.2 sec
[-----------------80%----------        ] 6406 of 8000 complete in 399.7 sec
[-----------------80%----------        ] 6415 of 8000 complete in 400.2 sec
[-----------------68%-----             ] 5467 of 8000 complete in 344.2 sec
[-----------------68%------            ] 5475 of 8000 complete in 344.7 sec
[-----------------68%------            ] 5484 of 8000 complete in 345.3 sec
[-----------------68%------            ] 5492 of 8000 complete in 345.8 sec
[-----------------68%------            ] 5501 of 8000 complete in 346.4 sec
[-----------------68%------            ] 5510 of 8000 complete in 346.9 sec
[-----------------68%------            ] 5519 of 8000 complete in 347.4 sec
[-----------------69%------            ] 5528 of 8000 complete in 348.0 sec
[-----------------69%------            ] 5537 of 8000 complete in 348.5 sec
[-----------------69%------            ] 5545 of 8000 complete in 349.0 sec
[-----------------69%------            ] 5553 of 8000 complete in 349.5 sec
[-----------------69%------            ] 5561 of 8000 complete in 350.1 sec
[-----------------69%------            ] 5570 of 8000 complete in 350.6 sec
[-----------------69%------            ] 5578 of 8000 complete in 351.1 sec
[-----------------69%------            ] 5586 of 8000 complete in 351.7 sec
[-----------------69%------            ] 5594 of 8000 complete in 352.2 sec
[-----------------70%------            ] 5602 of 8000 complete in 352.7 sec
[-----------------70%------            ] 5609 of 8000 complete in 353.2 sec
[-----------------70%------            ] 5618 of 8000 complete in 353.7 sec
[-----------------70%------            ] 5626 of 8000 complete in 354.3 sec
[-----------------70%------            ] 5634 of 8000 complete in 354.8 sec
[-----------------70%------            ] 5642 of 8000 complete in 355.3 sec
[-----------------70%------            ] 5651 of 8000 complete in 355.9 sec
[-----------------70%------            ] 5659 of 8000 complete in 356.4 sec
[-----------------70%------            ] 5667 of 8000 complete in 356.9 sec
[-----------------70%------            ] 5675 of 8000 complete in 357.4 sec
[-----------------71%------            ] 5683 of 8000 complete in 358.0 sec
[-----------------71%-------           ] 5691 of 8000 complete in 358.5 sec
[-----------------71%-------           ] 5699 of 8000 complete in 359.0 sec
[-----------------71%-------           ] 5707 of 8000 complete in 359.6 sec
[-----------------71%-------           ] 5715 of 8000 complete in 360.1 sec
[-----------------71%-------           ] 5724 of 8000 complete in 360.6 sec
[-----------------71%-------           ] 5733 of 8000 complete in 361.1 sec
[-----------------71%-------           ] 5742 of 8000 complete in 361.6 sec
[-----------------71%-------           ] 5751 of 8000 complete in 362.2 sec
[-----------------71%-------           ] 5759 of 8000 complete in 362.7 sec
[-----------------72%-------           ] 5767 of 8000 complete in 363.3 sec
[-----------------72%-------           ] 5775 of 8000 complete in 363.8 sec
[-----------------72%-------           ] 5783 of 8000 complete in 364.4 sec
[-----------------72%-------           ] 5792 of 8000 complete in 364.9 sec
[-----------------72%-------           ] 5801 of 8000 complete in 365.4 sec
[-----------------72%-------           ] 5810 of 8000 complete in 365.9 sec
[-----------------72%-------           ] 5819 of 8000 complete in 366.4 sec
[-----------------72%-------           ] 5828 of 8000 complete in 367.0 sec
[-----------------72%-------           ] 5837 of 8000 complete in 367.5 sec
[-----------------73%-------           ] 5846 of 8000 complete in 368.0 sec
[-----------------73%-------           ] 5855 of 8000 complete in 368.5 sec
[-----------------73%-------           ] 5863 of 8000 complete in 369.0 sec
[-----------------73%-------           ] 5873 of 8000 complete in 369.6 sec
[-----------------73%-------           ] 5882 of 8000 complete in 370.1 sec
[-----------------73%-------           ] 5891 of 8000 complete in 370.6 sec
[-----------------73%--------          ] 5899 of 8000 complete in 371.1 sec
[-----------------73%--------          ] 5908 of 8000 complete in 371.7 sec
[-----------------73%--------          ] 5917 of 8000 complete in 372.2 sec
[-----------------74%--------          ] 5926 of 8000 complete in 372.8 sec
[-----------------74%--------          ] 5934 of 8000 complete in 373.3 sec
[-----------------74%--------          ] 5942 of 8000 complete in 373.9 sec
[-----------------74%--------          ] 5950 of 8000 complete in 374.4 sec
[-----------------74%--------          ] 5958 of 8000 complete in 374.9 sec
[-----------------74%--------          ] 5965 of 8000 complete in 375.5 sec
[-----------------74%--------          ] 5974 of 8000 complete in 376.0 sec
[-----------------74%--------          ] 5981 of 8000 complete in 376.5 sec
[-----------------74%--------          ] 5989 of 8000 complete in 377.1 sec
[-----------------74%--------          ] 5997 of 8000 complete in 377.6 sec
[-----------------75%--------          ] 6005 of 8000 complete in 378.1 sec
[-----------------75%--------          ] 6014 of 8000 complete in 378.6 sec
[-----------------75%--------          ] 6024 of 8000 complete in 379.2 sec
[-----------------75%--------          ] 6033 of 8000 complete in 379.7 sec
[-----------------75%--------          ] 6042 of 8000 complete in 380.2 sec
[-----------------75%--------          ] 6051 of 8000 complete in 380.7 sec
[-----------------75%--------          ] 6059 of 8000 complete in 381.3 sec
[-----------------75%--------          ] 6068 of 8000 complete in 381.8 sec
[-----------------75%--------          ] 6076 of 8000 complete in 382.3 sec
[-----------------76%--------          ] 6084 of 8000 complete in 382.9 sec
[-----------------76%--------          ] 6091 of 8000 complete in 383.4 sec
[-----------------76%--------          ] 6100 of 8000 complete in 383.9 sec
[-----------------76%---------         ] 6109 of 8000 complete in 384.5 sec
[-----------------76%---------         ] 6118 of 8000 complete in 385.0 sec
[-----------------76%---------         ] 6126 of 8000 complete in 385.6 sec
[-----------------76%---------         ] 6134 of 8000 complete in 386.1 sec
[-----------------76%---------         ] 6142 of 8000 complete in 386.7 sec
[-----------------76%---------         ] 6150 of 8000 complete in 387.2 sec
[-----------------76%---------         ] 6158 of 8000 complete in 387.7 sec
[-----------------77%---------         ] 6166 of 8000 complete in 388.3 sec
[-----------------77%---------         ] 6173 of 8000 complete in 388.8 sec
[-----------------77%---------         ] 6181 of 8000 complete in 389.4 sec
[-----------------77%---------         ] 6187 of 8000 complete in 389.9 sec
[-----------------77%---------         ] 6195 of 8000 complete in 390.4 sec
[-----------------77%---------         ] 6204 of 8000 complete in 390.9 sec
[-----------------77%---------         ] 6213 of 8000 complete in 391.5 sec
[-----------------77%---------         ] 6222 of 8000 complete in 392.0 sec
[-----------------77%---------         ] 6230 of 8000 complete in 392.5 sec
[-----------------77%---------         ] 6238 of 8000 complete in 393.1 sec
[-----------------78%---------         ] 6247 of 8000 complete in 393.6 sec
[-----------------78%---------         ] 6255 of 8000 complete in 394.1 sec
[-----------------78%---------         ] 6264 of 8000 complete in 394.7 sec
[-----------------78%---------         ] 6273 of 8000 complete in 395.2 sec
[-----------------78%---------         ] 6282 of 8000 complete in 395.8 sec
[-----------------78%---------         ] 6290 of 8000 complete in 396.3 sec
[-----------------78%---------         ] 6298 of 8000 complete in 396.9 sec
[-----------------78%---------         ] 6306 of 8000 complete in 397.4 sec
[-----------------78%---------         ] 6315 of 8000 complete in 397.9 sec
[-----------------79%----------        ] 6323 of 8000 complete in 398.4 sec
[-----------------79%----------        ] 6331 of 8000 complete in 398.9 sec
[-----------------79%----------        ] 6340 of 8000 complete in 399.4 sec
[-----------------79%----------        ] 6349 of 8000 complete in 400.0 sec
[-----------------79%----------        ] 6358 of 8000 complete in 400.5 sec
[-----------------68%-----             ] 5459 of 8000 complete in 345.3 sec
[-----------------68%-----             ] 5468 of 8000 complete in 345.9 sec
[-----------------68%------            ] 5477 of 8000 complete in 346.4 sec
[-----------------68%------            ] 5487 of 8000 complete in 347.0 sec
[-----------------68%------            ] 5496 of 8000 complete in 347.5 sec
[-----------------68%------            ] 5505 of 8000 complete in 348.0 sec
[-----------------68%------            ] 5514 of 8000 complete in 348.5 sec
[-----------------69%------            ] 5523 of 8000 complete in 349.1 sec
[-----------------69%------            ] 5532 of 8000 complete in 349.6 sec
[-----------------69%------            ] 5541 of 8000 complete in 350.2 sec
[-----------------69%------            ] 5551 of 8000 complete in 350.7 sec
[-----------------69%------            ] 5559 of 8000 complete in 351.2 sec
[-----------------69%------            ] 5567 of 8000 complete in 351.7 sec
[-----------------69%------            ] 5575 of 8000 complete in 352.3 sec
[-----------------69%------            ] 5583 of 8000 complete in 352.8 sec
[-----------------69%------            ] 5590 of 8000 complete in 353.4 sec
[-----------------69%------            ] 5598 of 8000 complete in 353.9 sec
[-----------------70%------            ] 5606 of 8000 complete in 354.4 sec
[-----------------70%------            ] 5615 of 8000 complete in 354.9 sec
[-----------------70%------            ] 5623 of 8000 complete in 355.4 sec
[-----------------70%------            ] 5631 of 8000 complete in 356.0 sec
[-----------------70%------            ] 5639 of 8000 complete in 356.5 sec
[-----------------70%------            ] 5648 of 8000 complete in 357.0 sec
[-----------------70%------            ] 5657 of 8000 complete in 357.6 sec
[-----------------70%------            ] 5664 of 8000 complete in 358.1 sec
[-----------------70%------            ] 5673 of 8000 complete in 358.7 sec
[-----------------71%------            ] 5681 of 8000 complete in 359.2 sec
[-----------------71%-------           ] 5689 of 8000 complete in 359.7 sec
[-----------------71%-------           ] 5698 of 8000 complete in 360.3 sec
[-----------------71%-------           ] 5707 of 8000 complete in 360.8 sec
[-----------------71%-------           ] 5716 of 8000 complete in 361.3 sec
[-----------------71%-------           ] 5726 of 8000 complete in 361.8 sec
[-----------------71%-------           ] 5735 of 8000 complete in 362.4 sec
[-----------------71%-------           ] 5743 of 8000 complete in 362.9 sec
[-----------------71%-------           ] 5751 of 8000 complete in 363.4 sec
[-----------------71%-------           ] 5759 of 8000 complete in 363.9 sec
[-----------------72%-------           ] 5767 of 8000 complete in 364.5 sec
[-----------------72%-------           ] 5776 of 8000 complete in 365.0 sec
[-----------------72%-------           ] 5785 of 8000 complete in 365.5 sec
[-----------------72%-------           ] 5795 of 8000 complete in 366.1 sec
[-----------------72%-------           ] 5804 of 8000 complete in 366.6 sec
[-----------------72%-------           ] 5813 of 8000 complete in 367.1 sec
[-----------------72%-------           ] 5822 of 8000 complete in 367.6 sec
[-----------------72%-------           ] 5830 of 8000 complete in 368.2 sec
[-----------------72%-------           ] 5839 of 8000 complete in 368.7 sec
[-----------------73%-------           ] 5848 of 8000 complete in 369.2 sec
[-----------------73%-------           ] 5857 of 8000 complete in 369.7 sec
[-----------------73%-------           ] 5866 of 8000 complete in 370.2 sec
[-----------------73%-------           ] 5875 of 8000 complete in 370.8 sec
[-----------------73%-------           ] 5883 of 8000 complete in 371.3 sec
[-----------------73%-------           ] 5892 of 8000 complete in 371.8 sec
[-----------------73%--------          ] 5901 of 8000 complete in 372.4 sec
[-----------------73%--------          ] 5909 of 8000 complete in 372.9 sec
[-----------------73%--------          ] 5917 of 8000 complete in 373.4 sec
[-----------------74%--------          ] 5925 of 8000 complete in 373.9 sec
[-----------------74%--------          ] 5934 of 8000 complete in 374.5 sec
[-----------------74%--------          ] 5942 of 8000 complete in 375.0 sec
[-----------------74%--------          ] 5949 of 8000 complete in 375.5 sec
[-----------------74%--------          ] 5958 of 8000 complete in 376.1 sec
[-----------------74%--------          ] 5966 of 8000 complete in 376.6 sec
[-----------------74%--------          ] 5973 of 8000 complete in 377.2 sec
[-----------------74%--------          ] 5981 of 8000 complete in 377.7 sec
[-----------------74%--------          ] 5990 of 8000 complete in 378.2 sec
[-----------------74%--------          ] 5999 of 8000 complete in 378.7 sec
[-----------------75%--------          ] 6008 of 8000 complete in 379.3 sec
[-----------------75%--------          ] 6017 of 8000 complete in 379.8 sec
[-----------------75%--------          ] 6026 of 8000 complete in 380.3 sec
[-----------------75%--------          ] 6035 of 8000 complete in 380.9 sec
[-----------------75%--------          ] 6043 of 8000 complete in 381.4 sec
[-----------------75%--------          ] 6051 of 8000 complete in 381.9 sec
[-----------------75%--------          ] 6059 of 8000 complete in 382.4 sec
[-----------------75%--------          ] 6067 of 8000 complete in 383.0 sec
[-----------------75%--------          ] 6075 of 8000 complete in 383.5 sec
[-----------------76%--------          ] 6083 of 8000 complete in 384.0 sec
[-----------------76%--------          ] 6091 of 8000 complete in 384.5 sec
[-----------------76%--------          ] 6099 of 8000 complete in 385.0 sec
[-----------------76%---------         ] 6107 of 8000 complete in 385.5 sec
[-----------------76%---------         ] 6115 of 8000 complete in 386.1 sec
[-----------------76%---------         ] 6124 of 8000 complete in 386.6 sec
[-----------------76%---------         ] 6132 of 8000 complete in 387.2 sec
[-----------------76%---------         ] 6140 of 8000 complete in 387.8 sec
[-----------------76%---------         ] 6148 of 8000 complete in 388.3 sec
[-----------------76%---------         ] 6156 of 8000 complete in 388.8 sec
[-----------------77%---------         ] 6165 of 8000 complete in 389.4 sec
[-----------------77%---------         ] 6173 of 8000 complete in 390.0 sec
[-----------------77%---------         ] 6181 of 8000 complete in 390.5 sec
[-----------------77%---------         ] 6190 of 8000 complete in 391.0 sec
[-----------------77%---------         ] 6199 of 8000 complete in 391.6 sec
[-----------------77%---------         ] 6208 of 8000 complete in 392.1 sec
[-----------------77%---------         ] 6217 of 8000 complete in 392.6 sec
[-----------------77%---------         ] 6225 of 8000 complete in 393.1 sec
[-----------------77%---------         ] 6234 of 8000 complete in 393.7 sec
[-----------------78%---------         ] 6242 of 8000 complete in 394.2 sec
[-----------------78%---------         ] 6250 of 8000 complete in 394.7 sec
[-----------------78%---------         ] 6259 of 8000 complete in 395.3 sec
[-----------------78%---------         ] 6268 of 8000 complete in 395.8 sec
[-----------------78%---------         ] 6276 of 8000 complete in 396.3 sec
[-----------------78%---------         ] 6284 of 8000 complete in 396.9 sec
[-----------------78%---------         ] 6293 of 8000 complete in 397.4 sec
[-----------------78%---------         ] 6302 of 8000 complete in 397.9 sec
[-----------------78%---------         ] 6311 of 8000 complete in 398.5 sec
[-----------------78%----------        ] 6319 of 8000 complete in 399.0 sec
[-----------------79%----------        ] 6328 of 8000 complete in 399.6 sec
[-----------------79%----------        ] 6337 of 8000 complete in 400.1 sec
[-----------------79%----------        ] 6346 of 8000 complete in 400.7 sec
[-----------------79%----------        ] 6355 of 8000 complete in 401.2 sec
[-----------------79%----------        ] 6363 of 8000 complete in 401.7 sec
[-----------------68%-----             ] 5459 of 8000 complete in 345.4 sec
[-----------------68%-----             ] 5467 of 8000 complete in 345.9 sec
[-----------------68%------            ] 5475 of 8000 complete in 346.4 sec
[-----------------68%------            ] 5484 of 8000 complete in 346.9 sec
[-----------------68%------            ] 5492 of 8000 complete in 347.5 sec
[-----------------68%------            ] 5501 of 8000 complete in 348.0 sec
[-----------------68%------            ] 5509 of 8000 complete in 348.5 sec
[-----------------68%------            ] 5517 of 8000 complete in 349.0 sec
[-----------------69%------            ] 5526 of 8000 complete in 349.6 sec
[-----------------69%------            ] 5534 of 8000 complete in 350.1 sec
[-----------------69%------            ] 5543 of 8000 complete in 350.6 sec
[-----------------69%------            ] 5552 of 8000 complete in 351.2 sec
[-----------------69%------            ] 5560 of 8000 complete in 351.7 sec
[-----------------69%------            ] 5568 of 8000 complete in 352.2 sec
[-----------------69%------            ] 5577 of 8000 complete in 352.8 sec
[-----------------69%------            ] 5584 of 8000 complete in 353.3 sec
[-----------------69%------            ] 5592 of 8000 complete in 353.8 sec
[-----------------70%------            ] 5600 of 8000 complete in 354.3 sec
[-----------------70%------            ] 5609 of 8000 complete in 354.9 sec
[-----------------70%------            ] 5617 of 8000 complete in 355.4 sec
[-----------------70%------            ] 5626 of 8000 complete in 356.0 sec
[-----------------70%------            ] 5634 of 8000 complete in 356.5 sec
[-----------------70%------            ] 5643 of 8000 complete in 357.0 sec
[-----------------70%------            ] 5652 of 8000 complete in 357.6 sec
[-----------------70%------            ] 5659 of 8000 complete in 358.1 sec
[-----------------70%------            ] 5667 of 8000 complete in 358.6 sec
[-----------------70%------            ] 5675 of 8000 complete in 359.2 sec
[-----------------71%------            ] 5683 of 8000 complete in 359.7 sec
[-----------------71%-------           ] 5692 of 8000 complete in 360.2 sec
[-----------------71%-------           ] 5702 of 8000 complete in 360.7 sec
[-----------------71%-------           ] 5711 of 8000 complete in 361.3 sec
[-----------------71%-------           ] 5720 of 8000 complete in 361.8 sec
[-----------------71%-------           ] 5729 of 8000 complete in 362.4 sec
[-----------------71%-------           ] 5737 of 8000 complete in 362.9 sec
[-----------------71%-------           ] 5745 of 8000 complete in 363.5 sec
[-----------------71%-------           ] 5753 of 8000 complete in 364.0 sec
[-----------------72%-------           ] 5761 of 8000 complete in 364.5 sec
[-----------------72%-------           ] 5770 of 8000 complete in 365.1 sec
[-----------------72%-------           ] 5779 of 8000 complete in 365.6 sec
[-----------------72%-------           ] 5788 of 8000 complete in 366.1 sec
[-----------------72%-------           ] 5797 of 8000 complete in 366.7 sec
[-----------------72%-------           ] 5806 of 8000 complete in 367.2 sec
[-----------------72%-------           ] 5815 of 8000 complete in 367.7 sec
[-----------------72%-------           ] 5824 of 8000 complete in 368.3 sec
[-----------------72%-------           ] 5833 of 8000 complete in 368.8 sec
[-----------------73%-------           ] 5842 of 8000 complete in 369.4 sec
[-----------------73%-------           ] 5851 of 8000 complete in 369.9 sec
[-----------------73%-------           ] 5860 of 8000 complete in 370.4 sec
[-----------------73%-------           ] 5869 of 8000 complete in 371.0 sec
[-----------------73%-------           ] 5878 of 8000 complete in 371.5 sec
[-----------------73%-------           ] 5886 of 8000 complete in 372.0 sec
[-----------------73%-------           ] 5894 of 8000 complete in 372.6 sec
[-----------------73%--------          ] 5902 of 8000 complete in 373.1 sec
[-----------------73%--------          ] 5911 of 8000 complete in 373.6 sec
[-----------------73%--------          ] 5919 of 8000 complete in 374.1 sec
[-----------------74%--------          ] 5928 of 8000 complete in 374.7 sec
[-----------------74%--------          ] 5935 of 8000 complete in 375.2 sec
[-----------------74%--------          ] 5943 of 8000 complete in 375.8 sec
[-----------------74%--------          ] 5951 of 8000 complete in 376.3 sec
[-----------------74%--------          ] 5959 of 8000 complete in 376.8 sec
[-----------------74%--------          ] 5967 of 8000 complete in 377.4 sec
[-----------------74%--------          ] 5975 of 8000 complete in 377.9 sec
[-----------------74%--------          ] 5984 of 8000 complete in 378.5 sec
[-----------------74%--------          ] 5993 of 8000 complete in 379.0 sec
[-----------------75%--------          ] 6002 of 8000 complete in 379.5 sec
[-----------------75%--------          ] 6011 of 8000 complete in 380.1 sec
[-----------------75%--------          ] 6020 of 8000 complete in 380.6 sec
[-----------------75%--------          ] 6028 of 8000 complete in 381.1 sec
[-----------------75%--------          ] 6036 of 8000 complete in 381.7 sec
[-----------------75%--------          ] 6045 of 8000 complete in 382.2 sec
[-----------------75%--------          ] 6054 of 8000 complete in 382.8 sec
[-----------------75%--------          ] 6062 of 8000 complete in 383.4 sec
[-----------------75%--------          ] 6070 of 8000 complete in 383.9 sec
[-----------------75%--------          ] 6079 of 8000 complete in 384.4 sec
[-----------------76%--------          ] 6088 of 8000 complete in 385.0 sec
[-----------------76%--------          ] 6096 of 8000 complete in 385.5 sec
[-----------------76%--------          ] 6104 of 8000 complete in 386.0 sec
[-----------------76%---------         ] 6111 of 8000 complete in 386.5 sec
[-----------------76%---------         ] 6119 of 8000 complete in 387.1 sec
[-----------------76%---------         ] 6126 of 8000 complete in 387.6 sec
[-----------------76%---------         ] 6134 of 8000 complete in 388.1 sec
[-----------------76%---------         ] 6142 of 8000 complete in 388.6 sec
[-----------------76%---------         ] 6149 of 8000 complete in 389.1 sec
[-----------------76%---------         ] 6158 of 8000 complete in 389.7 sec
[-----------------77%---------         ] 6165 of 8000 complete in 390.2 sec
[-----------------77%---------         ] 6173 of 8000 complete in 390.7 sec
[-----------------77%---------         ] 6181 of 8000 complete in 391.3 sec
[-----------------77%---------         ] 6190 of 8000 complete in 391.8 sec
[-----------------77%---------         ] 6199 of 8000 complete in 392.4 sec
[-----------------77%---------         ] 6208 of 8000 complete in 392.9 sec
[-----------------77%---------         ] 6216 of 8000 complete in 393.5 sec
[-----------------77%---------         ] 6225 of 8000 complete in 394.0 sec
[-----------------77%---------         ] 6234 of 8000 complete in 394.5 sec
[-----------------78%---------         ] 6243 of 8000 complete in 395.1 sec
[-----------------78%---------         ] 6251 of 8000 complete in 395.6 sec
[-----------------78%---------         ] 6260 of 8000 complete in 396.1 sec
[-----------------78%---------         ] 6267 of 8000 complete in 396.7 sec
[-----------------78%---------         ] 6274 of 8000 complete in 397.2 sec
[-----------------78%---------         ] 6282 of 8000 complete in 397.7 sec
[-----------------78%---------         ] 6291 of 8000 complete in 398.2 sec
[-----------------78%---------         ] 6298 of 8000 complete in 398.8 sec
[-----------------78%---------         ] 6306 of 8000 complete in 399.3 sec
[-----------------78%---------         ] 6315 of 8000 complete in 399.8 sec
[-----------------79%----------        ] 6323 of 8000 complete in 400.3 sec
[-----------------79%----------        ] 6331 of 8000 complete in 400.9 sec
[-----------------79%----------        ] 6339 of 8000 complete in 401.4 sec
[-----------------79%----------        ] 6347 of 8000 complete in 401.9 sec
[-----------------80%----------        ] 6424 of 8000 complete in 400.7 sec
[-----------------80%----------        ] 6432 of 8000 complete in 401.2 sec
[-----------------80%----------        ] 6441 of 8000 complete in 401.8 sec
[-----------------80%----------        ] 6450 of 8000 complete in 402.3 sec
[-----------------80%----------        ] 6459 of 8000 complete in 402.9 sec
[-----------------80%----------        ] 6467 of 8000 complete in 403.4 sec
[-----------------80%----------        ] 6476 of 8000 complete in 403.9 sec
[-----------------81%----------        ] 6485 of 8000 complete in 404.5 sec
[-----------------81%----------        ] 6493 of 8000 complete in 405.0 sec
[-----------------81%----------        ] 6501 of 8000 complete in 405.5 sec
[-----------------81%----------        ] 6509 of 8000 complete in 406.0 sec
[-----------------81%----------        ] 6517 of 8000 complete in 406.5 sec
[-----------------81%----------        ] 6526 of 8000 complete in 407.0 sec
[-----------------81%-----------       ] 6535 of 8000 complete in 407.6 sec
[-----------------81%-----------       ] 6543 of 8000 complete in 408.1 sec
[-----------------81%-----------       ] 6552 of 8000 complete in 408.7 sec
[-----------------82%-----------       ] 6560 of 8000 complete in 409.2 sec
[-----------------82%-----------       ] 6568 of 8000 complete in 409.7 sec
[-----------------82%-----------       ] 6578 of 8000 complete in 410.2 sec
[-----------------82%-----------       ] 6587 of 8000 complete in 410.8 sec
[-----------------82%-----------       ] 6596 of 8000 complete in 411.3 sec
[-----------------82%-----------       ] 6604 of 8000 complete in 411.9 sec
[-----------------82%-----------       ] 6613 of 8000 complete in 412.4 sec
[-----------------82%-----------       ] 6621 of 8000 complete in 412.9 sec
[-----------------82%-----------       ] 6629 of 8000 complete in 413.5 sec
[-----------------82%-----------       ] 6637 of 8000 complete in 414.0 sec
[-----------------83%-----------       ] 6645 of 8000 complete in 414.5 sec
[-----------------83%-----------       ] 6653 of 8000 complete in 415.1 sec
[-----------------83%-----------       ] 6661 of 8000 complete in 415.6 sec
[-----------------83%-----------       ] 6669 of 8000 complete in 416.1 sec
[-----------------83%-----------       ] 6678 of 8000 complete in 416.7 sec
[-----------------83%-----------       ] 6686 of 8000 complete in 417.2 sec
[-----------------83%-----------       ] 6694 of 8000 complete in 417.7 sec
[-----------------83%-----------       ] 6703 of 8000 complete in 418.3 sec
[-----------------83%-----------       ] 6711 of 8000 complete in 418.8 sec
[-----------------84%-----------       ] 6720 of 8000 complete in 419.3 sec
[-----------------84%-----------       ] 6729 of 8000 complete in 419.8 sec
[-----------------84%------------      ] 6738 of 8000 complete in 420.4 sec
[-----------------84%------------      ] 6747 of 8000 complete in 420.9 sec
[-----------------84%------------      ] 6756 of 8000 complete in 421.5 sec
[-----------------84%------------      ] 6765 of 8000 complete in 422.0 sec
[-----------------84%------------      ] 6775 of 8000 complete in 422.6 sec
[-----------------84%------------      ] 6783 of 8000 complete in 423.1 sec
[-----------------84%------------      ] 6792 of 8000 complete in 423.6 sec
[-----------------85%------------      ] 6801 of 8000 complete in 424.1 sec
[-----------------85%------------      ] 6811 of 8000 complete in 424.7 sec
[-----------------85%------------      ] 6820 of 8000 complete in 425.2 sec
[-----------------85%------------      ] 6829 of 8000 complete in 425.7 sec
[-----------------85%------------      ] 6837 of 8000 complete in 426.2 sec
[-----------------85%------------      ] 6845 of 8000 complete in 426.7 sec
[-----------------85%------------      ] 6853 of 8000 complete in 427.2 sec
[-----------------85%------------      ] 6862 of 8000 complete in 427.8 sec
[-----------------85%------------      ] 6871 of 8000 complete in 428.3 sec
[-----------------85%------------      ] 6879 of 8000 complete in 428.8 sec
[-----------------86%------------      ] 6888 of 8000 complete in 429.4 sec
[-----------------86%------------      ] 6896 of 8000 complete in 429.9 sec
[-----------------86%------------      ] 6905 of 8000 complete in 430.4 sec
[-----------------86%------------      ] 6914 of 8000 complete in 430.9 sec
[-----------------86%------------      ] 6923 of 8000 complete in 431.5 sec
[-----------------86%------------      ] 6931 of 8000 complete in 432.0 sec
[-----------------86%------------      ] 6939 of 8000 complete in 432.5 sec
[-----------------86%------------      ] 6947 of 8000 complete in 433.1 sec
[-----------------86%-------------     ] 6955 of 8000 complete in 433.7 sec
[-----------------87%-------------     ] 6964 of 8000 complete in 434.2 sec
[-----------------87%-------------     ] 6973 of 8000 complete in 434.7 sec
[-----------------87%-------------     ] 6981 of 8000 complete in 435.2 sec
[-----------------87%-------------     ] 6990 of 8000 complete in 435.8 sec
[-----------------87%-------------     ] 6999 of 8000 complete in 436.3 sec
[-----------------87%-------------     ] 7008 of 8000 complete in 436.8 sec
[-----------------87%-------------     ] 7018 of 8000 complete in 437.3 sec
[-----------------87%-------------     ] 7027 of 8000 complete in 437.9 sec
[-----------------87%-------------     ] 7036 of 8000 complete in 438.4 sec
[-----------------88%-------------     ] 7046 of 8000 complete in 439.0 sec
[-----------------88%-------------     ] 7055 of 8000 complete in 439.5 sec
[-----------------88%-------------     ] 7064 of 8000 complete in 440.0 sec
[-----------------88%-------------     ] 7072 of 8000 complete in 440.6 sec
[-----------------88%-------------     ] 7079 of 8000 complete in 441.1 sec
[-----------------88%-------------     ] 7086 of 8000 complete in 441.6 sec
[-----------------88%-------------     ] 7095 of 8000 complete in 442.2 sec
[-----------------88%-------------     ] 7103 of 8000 complete in 442.7 sec
[-----------------88%-------------     ] 7110 of 8000 complete in 443.3 sec
[-----------------88%-------------     ] 7118 of 8000 complete in 443.8 sec
[-----------------89%-------------     ] 7126 of 8000 complete in 444.3 sec
[-----------------89%-------------     ] 7135 of 8000 complete in 444.9 sec
[-----------------89%-------------     ] 7144 of 8000 complete in 445.4 sec
[-----------------89%-------------     ] 7153 of 8000 complete in 446.0 sec
[-----------------89%--------------    ] 7161 of 8000 complete in 446.5 sec
[-----------------89%--------------    ] 7170 of 8000 complete in 447.0 sec
[-----------------89%--------------    ] 7178 of 8000 complete in 447.6 sec
[-----------------89%--------------    ] 7186 of 8000 complete in 448.1 sec
[-----------------89%--------------    ] 7194 of 8000 complete in 448.6 sec
[-----------------90%--------------    ] 7201 of 8000 complete in 449.1 sec
[-----------------90%--------------    ] 7210 of 8000 complete in 449.7 sec
[-----------------90%--------------    ] 7218 of 8000 complete in 450.2 sec
[-----------------90%--------------    ] 7228 of 8000 complete in 450.7 sec
[-----------------90%--------------    ] 7237 of 8000 complete in 451.2 sec
[-----------------90%--------------    ] 7246 of 8000 complete in 451.7 sec
[-----------------90%--------------    ] 7255 of 8000 complete in 452.3 sec
[-----------------90%--------------    ] 7264 of 8000 complete in 452.8 sec
[-----------------90%--------------    ] 7272 of 8000 complete in 453.3 sec
[-----------------91%--------------    ] 7281 of 8000 complete in 453.8 sec
[-----------------91%--------------    ] 7289 of 8000 complete in 454.4 sec
[-----------------91%--------------    ] 7297 of 8000 complete in 454.9 sec
[-----------------91%--------------    ] 7306 of 8000 complete in 455.4 sec
[-----------------91%--------------    ] 7314 of 8000 complete in 455.9 sec
[-----------------91%--------------    ] 7322 of 8000 complete in 456.5 sec
[-----------------91%--------------    ] 7331 of 8000 complete in 457.0 sec
[-----------------79%----------        ] 6366 of 8000 complete in 401.0 sec
[-----------------79%----------        ] 6375 of 8000 complete in 401.5 sec
[-----------------79%----------        ] 6383 of 8000 complete in 402.1 sec
[-----------------79%----------        ] 6392 of 8000 complete in 402.6 sec
[-----------------79%----------        ] 6399 of 8000 complete in 403.1 sec
[-----------------80%----------        ] 6407 of 8000 complete in 403.6 sec
[-----------------80%----------        ] 6416 of 8000 complete in 404.1 sec
[-----------------80%----------        ] 6423 of 8000 complete in 404.6 sec
[-----------------80%----------        ] 6431 of 8000 complete in 405.2 sec
[-----------------80%----------        ] 6439 of 8000 complete in 405.8 sec
[-----------------80%----------        ] 6447 of 8000 complete in 406.3 sec
[-----------------80%----------        ] 6456 of 8000 complete in 406.8 sec
[-----------------80%----------        ] 6465 of 8000 complete in 407.4 sec
[-----------------80%----------        ] 6473 of 8000 complete in 407.9 sec
[-----------------81%----------        ] 6482 of 8000 complete in 408.5 sec
[-----------------81%----------        ] 6490 of 8000 complete in 409.0 sec
[-----------------81%----------        ] 6498 of 8000 complete in 409.5 sec
[-----------------81%----------        ] 6507 of 8000 complete in 410.1 sec
[-----------------81%----------        ] 6516 of 8000 complete in 410.6 sec
[-----------------81%----------        ] 6524 of 8000 complete in 411.1 sec
[-----------------81%-----------       ] 6532 of 8000 complete in 411.6 sec
[-----------------81%-----------       ] 6541 of 8000 complete in 412.2 sec
[-----------------81%-----------       ] 6549 of 8000 complete in 412.7 sec
[-----------------81%-----------       ] 6557 of 8000 complete in 413.2 sec
[-----------------82%-----------       ] 6565 of 8000 complete in 413.8 sec
[-----------------82%-----------       ] 6574 of 8000 complete in 414.3 sec
[-----------------82%-----------       ] 6582 of 8000 complete in 414.9 sec
[-----------------82%-----------       ] 6589 of 8000 complete in 415.4 sec
[-----------------82%-----------       ] 6597 of 8000 complete in 415.9 sec
[-----------------82%-----------       ] 6605 of 8000 complete in 416.4 sec
[-----------------82%-----------       ] 6613 of 8000 complete in 417.0 sec
[-----------------82%-----------       ] 6622 of 8000 complete in 417.5 sec
[-----------------82%-----------       ] 6630 of 8000 complete in 418.0 sec
[-----------------82%-----------       ] 6638 of 8000 complete in 418.5 sec
[-----------------83%-----------       ] 6646 of 8000 complete in 419.1 sec
[-----------------83%-----------       ] 6655 of 8000 complete in 419.6 sec
[-----------------83%-----------       ] 6664 of 8000 complete in 420.2 sec
[-----------------83%-----------       ] 6673 of 8000 complete in 420.7 sec
[-----------------83%-----------       ] 6682 of 8000 complete in 421.2 sec
[-----------------83%-----------       ] 6691 of 8000 complete in 421.7 sec
[-----------------83%-----------       ] 6700 of 8000 complete in 422.2 sec
[-----------------83%-----------       ] 6709 of 8000 complete in 422.8 sec
[-----------------83%-----------       ] 6717 of 8000 complete in 423.3 sec
[-----------------84%-----------       ] 6726 of 8000 complete in 423.8 sec
[-----------------84%-----------       ] 6735 of 8000 complete in 424.3 sec
[-----------------84%------------      ] 6745 of 8000 complete in 424.9 sec
[-----------------84%------------      ] 6754 of 8000 complete in 425.4 sec
[-----------------84%------------      ] 6762 of 8000 complete in 425.9 sec
[-----------------84%------------      ] 6770 of 8000 complete in 426.4 sec
[-----------------84%------------      ] 6779 of 8000 complete in 427.0 sec
[-----------------84%------------      ] 6787 of 8000 complete in 427.5 sec
[-----------------84%------------      ] 6795 of 8000 complete in 428.0 sec
[-----------------85%------------      ] 6803 of 8000 complete in 428.6 sec
[-----------------85%------------      ] 6811 of 8000 complete in 429.1 sec
[-----------------85%------------      ] 6819 of 8000 complete in 429.6 sec
[-----------------85%------------      ] 6827 of 8000 complete in 430.1 sec
[-----------------85%------------      ] 6836 of 8000 complete in 430.7 sec
[-----------------85%------------      ] 6845 of 8000 complete in 431.2 sec
[-----------------85%------------      ] 6853 of 8000 complete in 431.8 sec
[-----------------85%------------      ] 6861 of 8000 complete in 432.3 sec
[-----------------85%------------      ] 6869 of 8000 complete in 432.9 sec
[-----------------85%------------      ] 6876 of 8000 complete in 433.4 sec
[-----------------86%------------      ] 6885 of 8000 complete in 433.9 sec
[-----------------86%------------      ] 6893 of 8000 complete in 434.4 sec
[-----------------86%------------      ] 6902 of 8000 complete in 435.0 sec
[-----------------86%------------      ] 6911 of 8000 complete in 435.6 sec
[-----------------86%------------      ] 6921 of 8000 complete in 436.1 sec
[-----------------86%------------      ] 6930 of 8000 complete in 436.6 sec
[-----------------86%------------      ] 6939 of 8000 complete in 437.1 sec
[-----------------86%-------------     ] 6948 of 8000 complete in 437.7 sec
[-----------------86%-------------     ] 6956 of 8000 complete in 438.2 sec
[-----------------87%-------------     ] 6966 of 8000 complete in 438.7 sec
[-----------------87%-------------     ] 6975 of 8000 complete in 439.3 sec
[-----------------87%-------------     ] 6983 of 8000 complete in 439.8 sec
[-----------------87%-------------     ] 6991 of 8000 complete in 440.3 sec
[-----------------87%-------------     ] 6998 of 8000 complete in 440.8 sec
[-----------------87%-------------     ] 7006 of 8000 complete in 441.3 sec
[-----------------87%-------------     ] 7014 of 8000 complete in 441.9 sec
[-----------------87%-------------     ] 7021 of 8000 complete in 442.4 sec
[-----------------87%-------------     ] 7028 of 8000 complete in 442.9 sec
[-----------------87%-------------     ] 7035 of 8000 complete in 443.4 sec
[-----------------88%-------------     ] 7043 of 8000 complete in 443.9 sec
[-----------------88%-------------     ] 7052 of 8000 complete in 444.5 sec
[-----------------88%-------------     ] 7061 of 8000 complete in 445.0 sec
[-----------------88%-------------     ] 7069 of 8000 complete in 445.5 sec
[-----------------88%-------------     ] 7077 of 8000 complete in 446.1 sec
[-----------------88%-------------     ] 7086 of 8000 complete in 446.6 sec
[-----------------88%-------------     ] 7094 of 8000 complete in 447.1 sec
[-----------------88%-------------     ] 7102 of 8000 complete in 447.7 sec
[-----------------88%-------------     ] 7111 of 8000 complete in 448.2 sec
[-----------------88%-------------     ] 7118 of 8000 complete in 448.7 sec
[-----------------89%-------------     ] 7126 of 8000 complete in 449.2 sec
[-----------------89%-------------     ] 7134 of 8000 complete in 449.8 sec
[-----------------89%-------------     ] 7143 of 8000 complete in 450.3 sec
[-----------------89%-------------     ] 7152 of 8000 complete in 450.8 sec
[-----------------89%--------------    ] 7161 of 8000 complete in 451.3 sec
[-----------------89%--------------    ] 7170 of 8000 complete in 451.9 sec
[-----------------89%--------------    ] 7179 of 8000 complete in 452.4 sec
[-----------------89%--------------    ] 7188 of 8000 complete in 452.9 sec
[-----------------89%--------------    ] 7197 of 8000 complete in 453.5 sec
[-----------------90%--------------    ] 7205 of 8000 complete in 454.0 sec
[-----------------90%--------------    ] 7213 of 8000 complete in 454.5 sec
[-----------------90%--------------    ] 7222 of 8000 complete in 455.1 sec
[-----------------90%--------------    ] 7231 of 8000 complete in 455.6 sec
[-----------------90%--------------    ] 7240 of 8000 complete in 456.2 sec
[-----------------90%--------------    ] 7248 of 8000 complete in 456.7 sec
[-----------------90%--------------    ] 7257 of 8000 complete in 457.2 sec
[-----------------79%----------        ] 6372 of 8000 complete in 402.2 sec
[-----------------79%----------        ] 6381 of 8000 complete in 402.8 sec
[-----------------79%----------        ] 6389 of 8000 complete in 403.3 sec
[-----------------79%----------        ] 6398 of 8000 complete in 403.9 sec
[-----------------80%----------        ] 6406 of 8000 complete in 404.4 sec
[-----------------80%----------        ] 6414 of 8000 complete in 404.9 sec
[-----------------80%----------        ] 6422 of 8000 complete in 405.5 sec
[-----------------80%----------        ] 6430 of 8000 complete in 406.0 sec
[-----------------80%----------        ] 6438 of 8000 complete in 406.5 sec
[-----------------80%----------        ] 6447 of 8000 complete in 407.1 sec
[-----------------80%----------        ] 6455 of 8000 complete in 407.6 sec
[-----------------80%----------        ] 6463 of 8000 complete in 408.1 sec
[-----------------80%----------        ] 6472 of 8000 complete in 408.6 sec
[-----------------81%----------        ] 6481 of 8000 complete in 409.2 sec
[-----------------81%----------        ] 6490 of 8000 complete in 409.7 sec
[-----------------81%----------        ] 6499 of 8000 complete in 410.2 sec
[-----------------81%----------        ] 6508 of 8000 complete in 410.8 sec
[-----------------81%----------        ] 6516 of 8000 complete in 411.3 sec
[-----------------81%----------        ] 6524 of 8000 complete in 411.8 sec
[-----------------81%-----------       ] 6533 of 8000 complete in 412.3 sec
[-----------------81%-----------       ] 6541 of 8000 complete in 412.8 sec
[-----------------81%-----------       ] 6549 of 8000 complete in 413.4 sec
[-----------------81%-----------       ] 6557 of 8000 complete in 413.9 sec
[-----------------82%-----------       ] 6565 of 8000 complete in 414.4 sec
[-----------------82%-----------       ] 6573 of 8000 complete in 415.0 sec
[-----------------82%-----------       ] 6580 of 8000 complete in 415.5 sec
[-----------------82%-----------       ] 6588 of 8000 complete in 416.0 sec
[-----------------82%-----------       ] 6596 of 8000 complete in 416.6 sec
[-----------------82%-----------       ] 6605 of 8000 complete in 417.1 sec
[-----------------82%-----------       ] 6613 of 8000 complete in 417.6 sec
[-----------------82%-----------       ] 6621 of 8000 complete in 418.1 sec
[-----------------82%-----------       ] 6629 of 8000 complete in 418.7 sec
[-----------------82%-----------       ] 6637 of 8000 complete in 419.2 sec
[-----------------83%-----------       ] 6646 of 8000 complete in 419.7 sec
[-----------------83%-----------       ] 6655 of 8000 complete in 420.3 sec
[-----------------83%-----------       ] 6665 of 8000 complete in 420.8 sec
[-----------------83%-----------       ] 6674 of 8000 complete in 421.3 sec
[-----------------83%-----------       ] 6683 of 8000 complete in 421.9 sec
[-----------------83%-----------       ] 6693 of 8000 complete in 422.4 sec
[-----------------83%-----------       ] 6703 of 8000 complete in 423.0 sec
[-----------------83%-----------       ] 6711 of 8000 complete in 423.5 sec
[-----------------84%-----------       ] 6720 of 8000 complete in 424.0 sec
[-----------------84%-----------       ] 6729 of 8000 complete in 424.5 sec
[-----------------84%------------      ] 6738 of 8000 complete in 425.0 sec
[-----------------84%------------      ] 6747 of 8000 complete in 425.6 sec
[-----------------84%------------      ] 6756 of 8000 complete in 426.1 sec
[-----------------84%------------      ] 6764 of 8000 complete in 426.6 sec
[-----------------84%------------      ] 6773 of 8000 complete in 427.1 sec
[-----------------84%------------      ] 6781 of 8000 complete in 427.6 sec
[-----------------84%------------      ] 6790 of 8000 complete in 428.1 sec
[-----------------84%------------      ] 6799 of 8000 complete in 428.7 sec
[-----------------85%------------      ] 6807 of 8000 complete in 429.2 sec
[-----------------85%------------      ] 6815 of 8000 complete in 429.7 sec
[-----------------85%------------      ] 6824 of 8000 complete in 430.3 sec
[-----------------85%------------      ] 6833 of 8000 complete in 430.8 sec
[-----------------85%------------      ] 6842 of 8000 complete in 431.4 sec
[-----------------85%------------      ] 6850 of 8000 complete in 431.9 sec
[-----------------85%------------      ] 6858 of 8000 complete in 432.5 sec
[-----------------85%------------      ] 6865 of 8000 complete in 433.0 sec
[-----------------85%------------      ] 6872 of 8000 complete in 433.5 sec
[-----------------86%------------      ] 6881 of 8000 complete in 434.0 sec
[-----------------86%------------      ] 6890 of 8000 complete in 434.6 sec
[-----------------86%------------      ] 6899 of 8000 complete in 435.1 sec
[-----------------86%------------      ] 6908 of 8000 complete in 435.6 sec
[-----------------86%------------      ] 6917 of 8000 complete in 436.1 sec
[-----------------86%------------      ] 6926 of 8000 complete in 436.6 sec
[-----------------86%------------      ] 6936 of 8000 complete in 437.2 sec
[-----------------86%------------      ] 6945 of 8000 complete in 437.7 sec
[-----------------86%-------------     ] 6954 of 8000 complete in 438.3 sec
[-----------------87%-------------     ] 6963 of 8000 complete in 438.8 sec
[-----------------87%-------------     ] 6972 of 8000 complete in 439.3 sec
[-----------------87%-------------     ] 6981 of 8000 complete in 439.9 sec
[-----------------87%-------------     ] 6988 of 8000 complete in 440.4 sec
[-----------------87%-------------     ] 6996 of 8000 complete in 440.9 sec
[-----------------87%-------------     ] 7004 of 8000 complete in 441.4 sec
[-----------------87%-------------     ] 7012 of 8000 complete in 442.0 sec
[-----------------87%-------------     ] 7020 of 8000 complete in 442.5 sec
[-----------------87%-------------     ] 7027 of 8000 complete in 443.1 sec
[-----------------87%-------------     ] 7035 of 8000 complete in 443.6 sec
[-----------------88%-------------     ] 7043 of 8000 complete in 444.2 sec
[-----------------88%-------------     ] 7052 of 8000 complete in 444.7 sec
[-----------------88%-------------     ] 7061 of 8000 complete in 445.2 sec
[-----------------88%-------------     ] 7070 of 8000 complete in 445.8 sec
[-----------------88%-------------     ] 7078 of 8000 complete in 446.3 sec
[-----------------88%-------------     ] 7087 of 8000 complete in 446.8 sec
[-----------------88%-------------     ] 7095 of 8000 complete in 447.4 sec
[-----------------88%-------------     ] 7104 of 8000 complete in 447.9 sec
[-----------------88%-------------     ] 7113 of 8000 complete in 448.4 sec
[-----------------89%-------------     ] 7120 of 8000 complete in 449.0 sec
[-----------------89%-------------     ] 7129 of 8000 complete in 449.5 sec
[-----------------89%-------------     ] 7138 of 8000 complete in 450.1 sec
[-----------------89%-------------     ] 7147 of 8000 complete in 450.6 sec
[-----------------89%-------------     ] 7157 of 8000 complete in 451.1 sec
[-----------------89%--------------    ] 7166 of 8000 complete in 451.7 sec
[-----------------89%--------------    ] 7174 of 8000 complete in 452.2 sec
[-----------------89%--------------    ] 7183 of 8000 complete in 452.7 sec
[-----------------89%--------------    ] 7192 of 8000 complete in 453.3 sec
[-----------------90%--------------    ] 7201 of 8000 complete in 453.8 sec
[-----------------90%--------------    ] 7209 of 8000 complete in 454.3 sec
[-----------------90%--------------    ] 7217 of 8000 complete in 454.9 sec
[-----------------90%--------------    ] 7226 of 8000 complete in 455.4 sec
[-----------------90%--------------    ] 7235 of 8000 complete in 456.0 sec
[-----------------90%--------------    ] 7244 of 8000 complete in 456.5 sec
[-----------------90%--------------    ] 7253 of 8000 complete in 457.1 sec
[-----------------90%--------------    ] 7261 of 8000 complete in 457.6 sec
[-----------------90%--------------    ] 7269 of 8000 complete in 458.1 sec
[-----------------90%--------------    ] 7277 of 8000 complete in 458.6 sec
[-----------------79%----------        ] 6356 of 8000 complete in 402.4 sec
[-----------------79%----------        ] 6365 of 8000 complete in 403.0 sec
[-----------------79%----------        ] 6373 of 8000 complete in 403.6 sec
[-----------------79%----------        ] 6381 of 8000 complete in 404.1 sec
[-----------------79%----------        ] 6389 of 8000 complete in 404.6 sec
[-----------------79%----------        ] 6396 of 8000 complete in 405.1 sec
[-----------------80%----------        ] 6404 of 8000 complete in 405.7 sec
[-----------------80%----------        ] 6412 of 8000 complete in 406.2 sec
[-----------------80%----------        ] 6420 of 8000 complete in 406.7 sec
[-----------------80%----------        ] 6429 of 8000 complete in 407.2 sec
[-----------------80%----------        ] 6438 of 8000 complete in 407.8 sec
[-----------------80%----------        ] 6446 of 8000 complete in 408.3 sec
[-----------------80%----------        ] 6455 of 8000 complete in 408.8 sec
[-----------------80%----------        ] 6464 of 8000 complete in 409.3 sec
[-----------------80%----------        ] 6473 of 8000 complete in 409.9 sec
[-----------------81%----------        ] 6482 of 8000 complete in 410.4 sec
[-----------------81%----------        ] 6490 of 8000 complete in 411.0 sec
[-----------------81%----------        ] 6498 of 8000 complete in 411.5 sec
[-----------------81%----------        ] 6507 of 8000 complete in 412.0 sec
[-----------------81%----------        ] 6516 of 8000 complete in 412.6 sec
[-----------------81%----------        ] 6524 of 8000 complete in 413.1 sec
[-----------------81%-----------       ] 6532 of 8000 complete in 413.7 sec
[-----------------81%-----------       ] 6541 of 8000 complete in 414.3 sec
[-----------------81%-----------       ] 6549 of 8000 complete in 414.8 sec
[-----------------81%-----------       ] 6556 of 8000 complete in 415.3 sec
[-----------------82%-----------       ] 6564 of 8000 complete in 415.8 sec
[-----------------82%-----------       ] 6572 of 8000 complete in 416.4 sec
[-----------------82%-----------       ] 6581 of 8000 complete in 416.9 sec
[-----------------82%-----------       ] 6589 of 8000 complete in 417.4 sec
[-----------------82%-----------       ] 6598 of 8000 complete in 418.0 sec
[-----------------82%-----------       ] 6606 of 8000 complete in 418.5 sec
[-----------------82%-----------       ] 6614 of 8000 complete in 419.0 sec
[-----------------82%-----------       ] 6623 of 8000 complete in 419.5 sec
[-----------------82%-----------       ] 6632 of 8000 complete in 420.1 sec
[-----------------83%-----------       ] 6641 of 8000 complete in 420.6 sec
[-----------------83%-----------       ] 6651 of 8000 complete in 421.1 sec
[-----------------83%-----------       ] 6660 of 8000 complete in 421.7 sec
[-----------------83%-----------       ] 6669 of 8000 complete in 422.2 sec
[-----------------83%-----------       ] 6678 of 8000 complete in 422.7 sec
[-----------------83%-----------       ] 6687 of 8000 complete in 423.2 sec
[-----------------83%-----------       ] 6696 of 8000 complete in 423.8 sec
[-----------------83%-----------       ] 6704 of 8000 complete in 424.3 sec
[-----------------83%-----------       ] 6713 of 8000 complete in 424.8 sec
[-----------------84%-----------       ] 6723 of 8000 complete in 425.4 sec
[-----------------84%-----------       ] 6732 of 8000 complete in 425.9 sec
[-----------------84%------------      ] 6740 of 8000 complete in 426.4 sec
[-----------------84%------------      ] 6749 of 8000 complete in 427.0 sec
[-----------------84%------------      ] 6757 of 8000 complete in 427.5 sec
[-----------------84%------------      ] 6765 of 8000 complete in 428.0 sec
[-----------------84%------------      ] 6773 of 8000 complete in 428.5 sec
[-----------------84%------------      ] 6782 of 8000 complete in 429.1 sec
[-----------------84%------------      ] 6790 of 8000 complete in 429.6 sec
[-----------------84%------------      ] 6798 of 8000 complete in 430.1 sec
[-----------------85%------------      ] 6806 of 8000 complete in 430.6 sec
[-----------------85%------------      ] 6814 of 8000 complete in 431.1 sec
[-----------------85%------------      ] 6823 of 8000 complete in 431.7 sec
[-----------------85%------------      ] 6831 of 8000 complete in 432.2 sec
[-----------------85%------------      ] 6839 of 8000 complete in 432.7 sec
[-----------------85%------------      ] 6846 of 8000 complete in 433.2 sec
[-----------------85%------------      ] 6854 of 8000 complete in 433.8 sec
[-----------------85%------------      ] 6862 of 8000 complete in 434.3 sec
[-----------------85%------------      ] 6871 of 8000 complete in 434.8 sec
[-----------------86%------------      ] 6880 of 8000 complete in 435.4 sec
[-----------------86%------------      ] 6889 of 8000 complete in 435.9 sec
[-----------------86%------------      ] 6898 of 8000 complete in 436.4 sec
[-----------------86%------------      ] 6907 of 8000 complete in 436.9 sec
[-----------------86%------------      ] 6916 of 8000 complete in 437.4 sec
[-----------------86%------------      ] 6925 of 8000 complete in 438.0 sec
[-----------------86%------------      ] 6934 of 8000 complete in 438.5 sec
[-----------------86%------------      ] 6943 of 8000 complete in 439.0 sec
[-----------------86%-------------     ] 6952 of 8000 complete in 439.6 sec
[-----------------87%-------------     ] 6960 of 8000 complete in 440.1 sec
[-----------------87%-------------     ] 6967 of 8000 complete in 440.6 sec
[-----------------87%-------------     ] 6975 of 8000 complete in 441.2 sec
[-----------------87%-------------     ] 6984 of 8000 complete in 441.7 sec
[-----------------87%-------------     ] 6992 of 8000 complete in 442.3 sec
[-----------------87%-------------     ] 7000 of 8000 complete in 442.8 sec
[-----------------87%-------------     ] 7007 of 8000 complete in 443.3 sec
[-----------------87%-------------     ] 7015 of 8000 complete in 443.9 sec
[-----------------87%-------------     ] 7024 of 8000 complete in 444.4 sec
[-----------------87%-------------     ] 7033 of 8000 complete in 445.0 sec
[-----------------88%-------------     ] 7041 of 8000 complete in 445.5 sec
[-----------------88%-------------     ] 7049 of 8000 complete in 446.0 sec
[-----------------88%-------------     ] 7057 of 8000 complete in 446.5 sec
[-----------------88%-------------     ] 7065 of 8000 complete in 447.0 sec
[-----------------88%-------------     ] 7074 of 8000 complete in 447.6 sec
[-----------------88%-------------     ] 7082 of 8000 complete in 448.1 sec
[-----------------88%-------------     ] 7090 of 8000 complete in 448.6 sec
[-----------------88%-------------     ] 7098 of 8000 complete in 449.1 sec
[-----------------88%-------------     ] 7106 of 8000 complete in 449.6 sec
[-----------------88%-------------     ] 7114 of 8000 complete in 450.1 sec
[-----------------89%-------------     ] 7123 of 8000 complete in 450.7 sec
[-----------------89%-------------     ] 7132 of 8000 complete in 451.2 sec
[-----------------89%-------------     ] 7141 of 8000 complete in 451.7 sec
[-----------------89%-------------     ] 7149 of 8000 complete in 452.2 sec
[-----------------89%--------------    ] 7158 of 8000 complete in 452.8 sec
[-----------------89%--------------    ] 7166 of 8000 complete in 453.3 sec
[-----------------89%--------------    ] 7175 of 8000 complete in 453.8 sec
[-----------------89%--------------    ] 7184 of 8000 complete in 454.4 sec
[-----------------89%--------------    ] 7192 of 8000 complete in 454.9 sec
[-----------------90%--------------    ] 7201 of 8000 complete in 455.5 sec
[-----------------90%--------------    ] 7210 of 8000 complete in 456.0 sec
[-----------------90%--------------    ] 7218 of 8000 complete in 456.5 sec
[-----------------90%--------------    ] 7227 of 8000 complete in 457.1 sec
[-----------------90%--------------    ] 7235 of 8000 complete in 457.6 sec
[-----------------90%--------------    ] 7243 of 8000 complete in 458.2 sec
[-----------------90%--------------    ] 7251 of 8000 complete in 458.7 sec
hddm sampling elpased time:  520.238 s
Start converting to InferenceData...
[chains] 完成 g3_refit（8.7 分钟；迹线 idiata.posterior）
[-----------------91%--------------    ] 7340 of 8000 complete in 457.5 sec
[-----------------91%--------------    ] 7348 of 8000 complete in 458.1 sec
[-----------------91%--------------    ] 7356 of 8000 complete in 458.6 sec
[-----------------92%--------------    ] 7364 of 8000 complete in 459.1 sec
[-----------------92%---------------   ] 7372 of 8000 complete in 459.6 sec
[-----------------92%---------------   ] 7381 of 8000 complete in 460.2 sec
[-----------------92%---------------   ] 7390 of 8000 complete in 460.7 sec
[-----------------92%---------------   ] 7399 of 8000 complete in 461.3 sec
[-----------------92%---------------   ] 7407 of 8000 complete in 461.8 sec
[-----------------92%---------------   ] 7416 of 8000 complete in 462.3 sec
[-----------------92%---------------   ] 7424 of 8000 complete in 462.8 sec
[-----------------92%---------------   ] 7433 of 8000 complete in 463.4 sec
[-----------------93%---------------   ] 7442 of 8000 complete in 463.9 sec
[-----------------93%---------------   ] 7450 of 8000 complete in 464.5 sec
[-----------------93%---------------   ] 7458 of 8000 complete in 465.0 sec
[-----------------93%---------------   ] 7466 of 8000 complete in 465.6 sec
[-----------------93%---------------   ] 7474 of 8000 complete in 466.1 sec
[-----------------93%---------------   ] 7482 of 8000 complete in 466.6 sec
[-----------------93%---------------   ] 7491 of 8000 complete in 467.2 sec
[-----------------93%---------------   ] 7500 of 8000 complete in 467.7 sec
[-----------------93%---------------   ] 7509 of 8000 complete in 468.2 sec
[-----------------93%---------------   ] 7518 of 8000 complete in 468.8 sec
[-----------------94%---------------   ] 7526 of 8000 complete in 469.3 sec
[-----------------94%---------------   ] 7535 of 8000 complete in 469.8 sec
[-----------------94%---------------   ] 7543 of 8000 complete in 470.3 sec
[-----------------94%---------------   ] 7550 of 8000 complete in 470.8 sec
[-----------------94%---------------   ] 7556 of 8000 complete in 471.4 sec
[-----------------94%---------------   ] 7564 of 8000 complete in 471.9 sec
[-----------------94%---------------   ] 7572 of 8000 complete in 472.4 sec
[-----------------94%----------------  ] 7580 of 8000 complete in 472.9 sec
[-----------------94%----------------  ] 7587 of 8000 complete in 473.4 sec
[-----------------94%----------------  ] 7595 of 8000 complete in 474.0 sec
[-----------------95%----------------  ] 7603 of 8000 complete in 474.5 sec
[-----------------95%----------------  ] 7611 of 8000 complete in 475.1 sec
[-----------------95%----------------  ] 7619 of 8000 complete in 475.6 sec
[-----------------95%----------------  ] 7627 of 8000 complete in 476.1 sec
[-----------------95%----------------  ] 7635 of 8000 complete in 476.6 sec
[-----------------95%----------------  ] 7643 of 8000 complete in 477.2 sec
[-----------------95%----------------  ] 7651 of 8000 complete in 477.7 sec
[-----------------95%----------------  ] 7659 of 8000 complete in 478.2 sec
[-----------------95%----------------  ] 7667 of 8000 complete in 478.7 sec
[-----------------95%----------------  ] 7674 of 8000 complete in 479.2 sec
[-----------------96%----------------  ] 7682 of 8000 complete in 479.8 sec
[-----------------96%----------------  ] 7691 of 8000 complete in 480.3 sec
[-----------------96%----------------  ] 7700 of 8000 complete in 480.8 sec
[-----------------96%----------------  ] 7709 of 8000 complete in 481.3 sec
[-----------------96%----------------  ] 7718 of 8000 complete in 481.9 sec
[-----------------96%----------------  ] 7725 of 8000 complete in 482.4 sec
[-----------------96%----------------  ] 7734 of 8000 complete in 483.0 sec
[-----------------96%----------------  ] 7741 of 8000 complete in 483.5 sec
[-----------------96%----------------  ] 7749 of 8000 complete in 484.0 sec
[-----------------96%----------------  ] 7757 of 8000 complete in 484.6 sec
[-----------------97%----------------  ] 7765 of 8000 complete in 485.1 sec
[-----------------97%----------------  ] 7773 of 8000 complete in 485.6 sec
[-----------------97%----------------  ] 7782 of 8000 complete in 486.2 sec
[-----------------97%----------------- ] 7791 of 8000 complete in 486.7 sec
[-----------------97%----------------- ] 7799 of 8000 complete in 487.3 sec
[-----------------97%----------------- ] 7807 of 8000 complete in 487.8 sec
[-----------------97%----------------- ] 7816 of 8000 complete in 488.4 sec
[-----------------97%----------------- ] 7823 of 8000 complete in 488.9 sec
[-----------------97%----------------- ] 7830 of 8000 complete in 489.4 sec
[-----------------97%----------------- ] 7838 of 8000 complete in 489.9 sec
[-----------------98%----------------- ] 7847 of 8000 complete in 490.4 sec
[-----------------98%----------------- ] 7855 of 8000 complete in 490.9 sec
[-----------------98%----------------- ] 7864 of 8000 complete in 491.5 sec
[-----------------98%----------------- ] 7873 of 8000 complete in 492.0 sec
[-----------------98%----------------- ] 7881 of 8000 complete in 492.5 sec
[-----------------98%----------------- ] 7890 of 8000 complete in 493.1 sec
[-----------------98%----------------- ] 7898 of 8000 complete in 493.6 sec
[-----------------98%----------------- ] 7906 of 8000 complete in 494.2 sec
[-----------------98%----------------- ] 7915 of 8000 complete in 494.7 sec
[-----------------99%----------------- ] 7923 of 8000 complete in 495.2 sec
[-----------------99%----------------- ] 7931 of 8000 complete in 495.7 sec
[-----------------99%----------------- ] 7940 of 8000 complete in 496.3 sec
[-----------------99%----------------- ] 7949 of 8000 complete in 496.8 sec
[-----------------99%----------------- ] 7958 of 8000 complete in 497.3 sec
[-----------------99%----------------- ] 7967 of 8000 complete in 497.9 sec
[-----------------99%----------------- ] 7976 of 8000 complete in 498.4 sec
[-----------------99%----------------- ] 7983 of 8000 complete in 498.9 sec
[-----------------99%----------------- ] 7992 of 8000 complete in 499.5 sec
[-----------------100%-----------------] 8001 of 8000 complete in 500.1 sec
hddm sampling elpased time:  500.208 s
[-----------------91%--------------    ] 7285 of 8000 complete in 459.1 sec
[-----------------91%--------------    ] 7293 of 8000 complete in 459.6 sec
[-----------------91%--------------    ] 7302 of 8000 complete in 460.2 sec
[-----------------91%--------------    ] 7311 of 8000 complete in 460.7 sec
[-----------------91%--------------    ] 7319 of 8000 complete in 461.2 sec
[-----------------91%--------------    ] 7327 of 8000 complete in 461.7 sec
[-----------------91%--------------    ] 7335 of 8000 complete in 462.3 sec
[-----------------91%--------------    ] 7343 of 8000 complete in 462.8 sec
[-----------------91%--------------    ] 7351 of 8000 complete in 463.3 sec
[-----------------92%--------------    ] 7360 of 8000 complete in 463.9 sec
[-----------------92%--------------    ] 7368 of 8000 complete in 464.4 sec
[-----------------92%---------------   ] 7376 of 8000 complete in 464.9 sec
[-----------------92%---------------   ] 7383 of 8000 complete in 465.4 sec
[-----------------92%---------------   ] 7391 of 8000 complete in 465.9 sec
[-----------------92%---------------   ] 7399 of 8000 complete in 466.5 sec
[-----------------92%---------------   ] 7408 of 8000 complete in 467.0 sec
[-----------------92%---------------   ] 7416 of 8000 complete in 467.5 sec
[-----------------92%---------------   ] 7424 of 8000 complete in 468.0 sec
[-----------------92%---------------   ] 7432 of 8000 complete in 468.5 sec
[-----------------93%---------------   ] 7441 of 8000 complete in 469.0 sec
[-----------------93%---------------   ] 7450 of 8000 complete in 469.6 sec
[-----------------93%---------------   ] 7459 of 8000 complete in 470.1 sec
[-----------------93%---------------   ] 7466 of 8000 complete in 470.6 sec
[-----------------93%---------------   ] 7472 of 8000 complete in 471.1 sec
[-----------------93%---------------   ] 7480 of 8000 complete in 471.6 sec
[-----------------93%---------------   ] 7489 of 8000 complete in 472.2 sec
[-----------------93%---------------   ] 7497 of 8000 complete in 472.7 sec
[-----------------93%---------------   ] 7505 of 8000 complete in 473.3 sec
[-----------------93%---------------   ] 7513 of 8000 complete in 473.8 sec
[-----------------94%---------------   ] 7521 of 8000 complete in 474.4 sec
[-----------------94%---------------   ] 7529 of 8000 complete in 474.9 sec
[-----------------94%---------------   ] 7537 of 8000 complete in 475.4 sec
[-----------------94%---------------   ] 7546 of 8000 complete in 476.0 sec
[-----------------94%---------------   ] 7554 of 8000 complete in 476.5 sec
[-----------------94%---------------   ] 7562 of 8000 complete in 477.0 sec
[-----------------94%---------------   ] 7570 of 8000 complete in 477.5 sec
[-----------------94%----------------  ] 7579 of 8000 complete in 478.1 sec
[-----------------94%----------------  ] 7587 of 8000 complete in 478.6 sec
[-----------------94%----------------  ] 7594 of 8000 complete in 479.1 sec
[-----------------95%----------------  ] 7602 of 8000 complete in 479.6 sec
[-----------------95%----------------  ] 7611 of 8000 complete in 480.2 sec
[-----------------95%----------------  ] 7619 of 8000 complete in 480.7 sec
[-----------------95%----------------  ] 7628 of 8000 complete in 481.2 sec
[-----------------95%----------------  ] 7636 of 8000 complete in 481.7 sec
[-----------------95%----------------  ] 7644 of 8000 complete in 482.3 sec
[-----------------95%----------------  ] 7652 of 8000 complete in 482.8 sec
[-----------------95%----------------  ] 7659 of 8000 complete in 483.4 sec
[-----------------95%----------------  ] 7667 of 8000 complete in 483.9 sec
[-----------------95%----------------  ] 7675 of 8000 complete in 484.4 sec
[-----------------96%----------------  ] 7684 of 8000 complete in 485.0 sec
[-----------------96%----------------  ] 7692 of 8000 complete in 485.5 sec
[-----------------96%----------------  ] 7701 of 8000 complete in 486.0 sec
[-----------------96%----------------  ] 7710 of 8000 complete in 486.6 sec
[-----------------96%----------------  ] 7719 of 8000 complete in 487.2 sec
[-----------------96%----------------  ] 7727 of 8000 complete in 487.7 sec
[-----------------96%----------------  ] 7735 of 8000 complete in 488.2 sec
[-----------------96%----------------  ] 7743 of 8000 complete in 488.8 sec
[-----------------96%----------------  ] 7750 of 8000 complete in 489.3 sec
[-----------------96%----------------  ] 7759 of 8000 complete in 489.8 sec
[-----------------97%----------------  ] 7768 of 8000 complete in 490.4 sec
[-----------------97%----------------  ] 7777 of 8000 complete in 490.9 sec
[-----------------97%----------------  ] 7786 of 8000 complete in 491.5 sec
[-----------------97%----------------- ] 7795 of 8000 complete in 492.0 sec
[-----------------97%----------------- ] 7803 of 8000 complete in 492.5 sec
[-----------------97%----------------- ] 7811 of 8000 complete in 493.0 sec
[-----------------97%----------------- ] 7819 of 8000 complete in 493.6 sec
[-----------------97%----------------- ] 7827 of 8000 complete in 494.1 sec
[-----------------97%----------------- ] 7836 of 8000 complete in 494.6 sec
[-----------------98%----------------- ] 7844 of 8000 complete in 495.1 sec
[-----------------98%----------------- ] 7852 of 8000 complete in 495.7 sec
[-----------------98%----------------- ] 7861 of 8000 complete in 496.2 sec
[-----------------98%----------------- ] 7869 of 8000 complete in 496.7 sec
[-----------------98%----------------- ] 7877 of 8000 complete in 497.2 sec
[-----------------98%----------------- ] 7885 of 8000 complete in 497.7 sec
[-----------------98%----------------- ] 7894 of 8000 complete in 498.3 sec
[-----------------98%----------------- ] 7901 of 8000 complete in 498.8 sec
[-----------------98%----------------- ] 7909 of 8000 complete in 499.4 sec
[-----------------98%----------------- ] 7917 of 8000 complete in 499.9 sec
[-----------------99%----------------- ] 7926 of 8000 complete in 500.4 sec
[-----------------99%----------------- ] 7935 of 8000 complete in 501.0 sec
[-----------------99%----------------- ] 7942 of 8000 complete in 501.5 sec
[-----------------99%----------------- ] 7950 of 8000 complete in 502.0 sec
[-----------------99%----------------- ] 7959 of 8000 complete in 502.5 sec
[-----------------99%----------------- ] 7967 of 8000 complete in 503.1 sec
[-----------------99%----------------- ] 7975 of 8000 complete in 503.6 sec
[-----------------99%----------------- ] 7983 of 8000 complete in 504.1 sec
[-----------------99%----------------- ] 7992 of 8000 complete in 504.6 sec
[-----------------100%-----------------] 8001 of 8000 complete in 505.2 sec
hddm sampling elpased time:  505.302 s
[-----------------90%--------------    ] 7264 of 8000 complete in 457.8 sec
[-----------------90%--------------    ] 7272 of 8000 complete in 458.3 sec
[-----------------90%--------------    ] 7279 of 8000 complete in 458.8 sec
[-----------------91%--------------    ] 7287 of 8000 complete in 459.3 sec
[-----------------91%--------------    ] 7295 of 8000 complete in 459.8 sec
[-----------------91%--------------    ] 7303 of 8000 complete in 460.4 sec
[-----------------91%--------------    ] 7312 of 8000 complete in 460.9 sec
[-----------------91%--------------    ] 7320 of 8000 complete in 461.4 sec
[-----------------91%--------------    ] 7329 of 8000 complete in 462.0 sec
[-----------------91%--------------    ] 7337 of 8000 complete in 462.5 sec
[-----------------91%--------------    ] 7345 of 8000 complete in 463.0 sec
[-----------------91%--------------    ] 7354 of 8000 complete in 463.6 sec
[-----------------92%--------------    ] 7362 of 8000 complete in 464.1 sec
[-----------------92%---------------   ] 7370 of 8000 complete in 464.6 sec
[-----------------92%---------------   ] 7378 of 8000 complete in 465.2 sec
[-----------------92%---------------   ] 7386 of 8000 complete in 465.7 sec
[-----------------92%---------------   ] 7394 of 8000 complete in 466.3 sec
[-----------------92%---------------   ] 7403 of 8000 complete in 466.8 sec
[-----------------92%---------------   ] 7411 of 8000 complete in 467.3 sec
[-----------------92%---------------   ] 7420 of 8000 complete in 467.9 sec
[-----------------92%---------------   ] 7429 of 8000 complete in 468.4 sec
[-----------------92%---------------   ] 7438 of 8000 complete in 469.0 sec
[-----------------93%---------------   ] 7447 of 8000 complete in 469.5 sec
[-----------------93%---------------   ] 7455 of 8000 complete in 470.0 sec
[-----------------93%---------------   ] 7463 of 8000 complete in 470.6 sec
[-----------------93%---------------   ] 7469 of 8000 complete in 471.1 sec
[-----------------93%---------------   ] 7477 of 8000 complete in 471.7 sec
[-----------------93%---------------   ] 7485 of 8000 complete in 472.2 sec
[-----------------93%---------------   ] 7493 of 8000 complete in 472.7 sec
[-----------------93%---------------   ] 7501 of 8000 complete in 473.3 sec
[-----------------93%---------------   ] 7508 of 8000 complete in 473.8 sec
[-----------------93%---------------   ] 7515 of 8000 complete in 474.3 sec
[-----------------94%---------------   ] 7523 of 8000 complete in 474.9 sec
[-----------------94%---------------   ] 7531 of 8000 complete in 475.4 sec
[-----------------94%---------------   ] 7539 of 8000 complete in 475.9 sec
[-----------------94%---------------   ] 7547 of 8000 complete in 476.4 sec
[-----------------94%---------------   ] 7555 of 8000 complete in 476.9 sec
[-----------------94%---------------   ] 7563 of 8000 complete in 477.5 sec
[-----------------94%---------------   ] 7571 of 8000 complete in 478.0 sec
[-----------------94%----------------  ] 7579 of 8000 complete in 478.5 sec
[-----------------94%----------------  ] 7586 of 8000 complete in 479.0 sec
[-----------------94%----------------  ] 7594 of 8000 complete in 479.6 sec
[-----------------95%----------------  ] 7602 of 8000 complete in 480.1 sec
[-----------------95%----------------  ] 7611 of 8000 complete in 480.6 sec
[-----------------95%----------------  ] 7620 of 8000 complete in 481.2 sec
[-----------------95%----------------  ] 7628 of 8000 complete in 481.7 sec
[-----------------95%----------------  ] 7636 of 8000 complete in 482.3 sec
[-----------------95%----------------  ] 7644 of 8000 complete in 482.8 sec
[-----------------95%----------------  ] 7651 of 8000 complete in 483.3 sec
[-----------------95%----------------  ] 7659 of 8000 complete in 483.9 sec
[-----------------95%----------------  ] 7666 of 8000 complete in 484.4 sec
[-----------------95%----------------  ] 7674 of 8000 complete in 484.9 sec
[-----------------96%----------------  ] 7682 of 8000 complete in 485.4 sec
[-----------------96%----------------  ] 7690 of 8000 complete in 485.9 sec
[-----------------96%----------------  ] 7699 of 8000 complete in 486.5 sec
[-----------------96%----------------  ] 7708 of 8000 complete in 487.1 sec
[-----------------96%----------------  ] 7716 of 8000 complete in 487.6 sec
[-----------------96%----------------  ] 7724 of 8000 complete in 488.1 sec
[-----------------96%----------------  ] 7732 of 8000 complete in 488.7 sec
[-----------------96%----------------  ] 7739 of 8000 complete in 489.2 sec
[-----------------96%----------------  ] 7748 of 8000 complete in 489.7 sec
[-----------------96%----------------  ] 7757 of 8000 complete in 490.3 sec
[-----------------97%----------------  ] 7766 of 8000 complete in 490.8 sec
[-----------------97%----------------  ] 7775 of 8000 complete in 491.4 sec
[-----------------97%----------------  ] 7784 of 8000 complete in 491.9 sec
[-----------------97%----------------- ] 7792 of 8000 complete in 492.4 sec
[-----------------97%----------------- ] 7801 of 8000 complete in 493.0 sec
[-----------------97%----------------- ] 7809 of 8000 complete in 493.5 sec
[-----------------97%----------------- ] 7818 of 8000 complete in 494.1 sec
[-----------------97%----------------- ] 7827 of 8000 complete in 494.6 sec
[-----------------97%----------------- ] 7835 of 8000 complete in 495.1 sec
[-----------------98%----------------- ] 7843 of 8000 complete in 495.7 sec
[-----------------98%----------------- ] 7852 of 8000 complete in 496.2 sec
[-----------------98%----------------- ] 7861 of 8000 complete in 496.8 sec
[-----------------98%----------------- ] 7869 of 8000 complete in 497.3 sec
[-----------------98%----------------- ] 7877 of 8000 complete in 497.8 sec
[-----------------98%----------------- ] 7885 of 8000 complete in 498.4 sec
[-----------------98%----------------- ] 7891 of 8000 complete in 498.9 sec
[-----------------98%----------------- ] 7899 of 8000 complete in 499.4 sec
[-----------------98%----------------- ] 7908 of 8000 complete in 500.0 sec
[-----------------98%----------------- ] 7916 of 8000 complete in 500.5 sec
[-----------------99%----------------- ] 7924 of 8000 complete in 501.1 sec
[-----------------99%----------------- ] 7931 of 8000 complete in 501.6 sec
[-----------------99%----------------- ] 7939 of 8000 complete in 502.1 sec
[-----------------99%----------------- ] 7948 of 8000 complete in 502.6 sec
[-----------------99%----------------- ] 7956 of 8000 complete in 503.2 sec
[-----------------99%----------------- ] 7965 of 8000 complete in 503.7 sec
[-----------------99%----------------- ] 7974 of 8000 complete in 504.3 sec
[-----------------99%----------------- ] 7983 of 8000 complete in 504.8 sec
[-----------------99%----------------- ] 7991 of 8000 complete in 505.4 sec
[-----------------99%----------------- ] 7999 of 8000 complete in 505.9 sec
[-----------------100%-----------------] 8000 of 8000 complete in 506.0 sec
hddm sampling elpased time:  506.174 s
[-----------------90%--------------    ] 7259 of 8000 complete in 459.2 sec
[-----------------90%--------------    ] 7267 of 8000 complete in 459.7 sec
[-----------------90%--------------    ] 7275 of 8000 complete in 460.2 sec
[-----------------91%--------------    ] 7283 of 8000 complete in 460.8 sec
[-----------------91%--------------    ] 7292 of 8000 complete in 461.3 sec
[-----------------91%--------------    ] 7301 of 8000 complete in 461.9 sec
[-----------------91%--------------    ] 7309 of 8000 complete in 462.4 sec
[-----------------91%--------------    ] 7317 of 8000 complete in 462.9 sec
[-----------------91%--------------    ] 7325 of 8000 complete in 463.4 sec
[-----------------91%--------------    ] 7333 of 8000 complete in 463.9 sec
[-----------------91%--------------    ] 7341 of 8000 complete in 464.5 sec
[-----------------91%--------------    ] 7349 of 8000 complete in 465.0 sec
[-----------------91%--------------    ] 7357 of 8000 complete in 465.6 sec
[-----------------92%--------------    ] 7365 of 8000 complete in 466.1 sec
[-----------------92%---------------   ] 7373 of 8000 complete in 466.6 sec
[-----------------92%---------------   ] 7382 of 8000 complete in 467.1 sec
[-----------------92%---------------   ] 7390 of 8000 complete in 467.7 sec
[-----------------92%---------------   ] 7399 of 8000 complete in 468.2 sec
[-----------------92%---------------   ] 7408 of 8000 complete in 468.8 sec
[-----------------92%---------------   ] 7417 of 8000 complete in 469.3 sec
[-----------------92%---------------   ] 7426 of 8000 complete in 469.8 sec
[-----------------92%---------------   ] 7434 of 8000 complete in 470.3 sec
[-----------------93%---------------   ] 7441 of 8000 complete in 470.9 sec
[-----------------93%---------------   ] 7448 of 8000 complete in 471.4 sec
[-----------------93%---------------   ] 7456 of 8000 complete in 472.0 sec
[-----------------93%---------------   ] 7465 of 8000 complete in 472.5 sec
[-----------------93%---------------   ] 7472 of 8000 complete in 473.0 sec
[-----------------93%---------------   ] 7480 of 8000 complete in 473.6 sec
[-----------------93%---------------   ] 7487 of 8000 complete in 474.1 sec
[-----------------93%---------------   ] 7496 of 8000 complete in 474.7 sec
[-----------------93%---------------   ] 7504 of 8000 complete in 475.2 sec
[-----------------93%---------------   ] 7512 of 8000 complete in 475.8 sec
[-----------------94%---------------   ] 7520 of 8000 complete in 476.3 sec
[-----------------94%---------------   ] 7528 of 8000 complete in 476.8 sec
[-----------------94%---------------   ] 7536 of 8000 complete in 477.3 sec
[-----------------94%---------------   ] 7544 of 8000 complete in 477.9 sec
[-----------------94%---------------   ] 7552 of 8000 complete in 478.4 sec
[-----------------94%---------------   ] 7559 of 8000 complete in 478.9 sec
[-----------------94%---------------   ] 7567 of 8000 complete in 479.4 sec
[-----------------94%---------------   ] 7575 of 8000 complete in 480.0 sec
[-----------------94%----------------  ] 7584 of 8000 complete in 480.5 sec
[-----------------94%----------------  ] 7592 of 8000 complete in 481.0 sec
[-----------------95%----------------  ] 7600 of 8000 complete in 481.5 sec
[-----------------95%----------------  ] 7608 of 8000 complete in 482.0 sec
[-----------------95%----------------  ] 7616 of 8000 complete in 482.6 sec
[-----------------95%----------------  ] 7624 of 8000 complete in 483.1 sec
[-----------------95%----------------  ] 7632 of 8000 complete in 483.6 sec
[-----------------95%----------------  ] 7640 of 8000 complete in 484.2 sec
[-----------------95%----------------  ] 7648 of 8000 complete in 484.7 sec
[-----------------95%----------------  ] 7656 of 8000 complete in 485.3 sec
[-----------------95%----------------  ] 7664 of 8000 complete in 485.8 sec
[-----------------95%----------------  ] 7673 of 8000 complete in 486.3 sec
[-----------------96%----------------  ] 7681 of 8000 complete in 486.8 sec
[-----------------96%----------------  ] 7690 of 8000 complete in 487.4 sec
[-----------------96%----------------  ] 7698 of 8000 complete in 487.9 sec
[-----------------96%----------------  ] 7707 of 8000 complete in 488.5 sec
[-----------------96%----------------  ] 7715 of 8000 complete in 489.0 sec
[-----------------96%----------------  ] 7723 of 8000 complete in 489.6 sec
[-----------------96%----------------  ] 7731 of 8000 complete in 490.1 sec
[-----------------96%----------------  ] 7740 of 8000 complete in 490.7 sec
[-----------------96%----------------  ] 7749 of 8000 complete in 491.2 sec
[-----------------96%----------------  ] 7757 of 8000 complete in 491.7 sec
[-----------------97%----------------  ] 7766 of 8000 complete in 492.2 sec
[-----------------97%----------------  ] 7774 of 8000 complete in 492.7 sec
[-----------------97%----------------  ] 7782 of 8000 complete in 493.3 sec
[-----------------97%----------------- ] 7791 of 8000 complete in 493.8 sec
[-----------------97%----------------- ] 7800 of 8000 complete in 494.4 sec
[-----------------97%----------------- ] 7808 of 8000 complete in 494.9 sec
[-----------------97%----------------- ] 7816 of 8000 complete in 495.4 sec
[-----------------97%----------------- ] 7825 of 8000 complete in 496.0 sec
[-----------------97%----------------- ] 7833 of 8000 complete in 496.5 sec
[-----------------98%----------------- ] 7842 of 8000 complete in 497.1 sec
[-----------------98%----------------- ] 7851 of 8000 complete in 497.6 sec
[-----------------98%----------------- ] 7860 of 8000 complete in 498.2 sec
[-----------------98%----------------- ] 7867 of 8000 complete in 498.7 sec
[-----------------98%----------------- ] 7874 of 8000 complete in 499.2 sec
[-----------------98%----------------- ] 7882 of 8000 complete in 499.8 sec
[-----------------98%----------------- ] 7891 of 8000 complete in 500.3 sec
[-----------------98%----------------- ] 7899 of 8000 complete in 500.8 sec
[-----------------98%----------------- ] 7906 of 8000 complete in 501.3 sec
[-----------------98%----------------- ] 7913 of 8000 complete in 501.9 sec
[-----------------99%----------------- ] 7922 of 8000 complete in 502.4 sec
[-----------------99%----------------- ] 7930 of 8000 complete in 502.9 sec
[-----------------99%----------------- ] 7938 of 8000 complete in 503.5 sec
[-----------------99%----------------- ] 7946 of 8000 complete in 504.0 sec
[-----------------99%----------------- ] 7954 of 8000 complete in 504.5 sec
[-----------------99%----------------- ] 7962 of 8000 complete in 505.0 sec
[-----------------99%----------------- ] 7970 of 8000 complete in 505.6 sec
[-----------------99%----------------- ] 7978 of 8000 complete in 506.1 sec
[-----------------99%----------------- ] 7987 of 8000 complete in 506.6 sec
[-----------------99%----------------- ] 7996 of 8000 complete in 507.2 sec
[-----------------100%-----------------] 8000 of 8000 complete in 507.5 sec
hddm sampling elpased time:  507.601 s
