[chains] g4_refit: 11 被试 / 2860 试次 / chains=4 draws=8000 burn=2000 p_outlier=0.0
[chains] 设置 z 默认值失败（忽略）：'z'
No model attribute --> setting up standard HDDM
Set model to ddm
/opt/conda/lib/python3.9/site-packages/scipy/optimize/_optimize.py:2309: RuntimeWarning: invalid value encountered in double_scalars
  tmp2 = (x - v) * (fx - fw)
/opt/conda/lib/python3.9/site-packages/scipy/optimize/_optimize.py:2310: RuntimeWarning: invalid value encountered in double_scalars
  p = (x - v) * tmp2 - (x - w) * tmp1
/opt/conda/lib/python3.9/site-packages/scipy/optimize/_optimize.py:2309: RuntimeWarning: invalid value encountered in double_scalars
  tmp2 = (x - v) * (fx - fw)
/opt/conda/lib/python3.9/site-packages/scipy/optimize/_optimize.py:2310: RuntimeWarning: invalid value encountered in double_scalars
  p = (x - v) * tmp2 - (x - w) * tmp1
/opt/conda/lib/python3.9/site-packages/scipy/optimize/_optimize.py:2309: RuntimeWarning: invalid value encountered in double_scalars
  tmp2 = (x - v) * (fx - fw)
/opt/conda/lib/python3.9/site-packages/scipy/optimize/_optimize.py:2310: RuntimeWarning: invalid value encountered in double_scalars
  p = (x - v) * tmp2 - (x - w) * tmp1
/opt/conda/lib/python3.9/site-packages/scipy/optimize/_optimize.py:2309: RuntimeWarning: invalid value encountered in double_scalars
  tmp2 = (x - v) * (fx - fw)
/opt/conda/lib/python3.9/site-packages/scipy/optimize/_optimize.py:2310: RuntimeWarning: invalid value encountered in double_scalars
  p = (x - v) * tmp2 - (x - w) * tmp1
[                  0%                  ] 11 of 8000 complete in 0.6 sec
[                  0%                  ] 20 of 8000 complete in 1.1 sec
[                  0%                  ] 29 of 8000 complete in 1.6 sec
[                  0%                  ] 38 of 8000 complete in 2.2 sec
[                  0%                  ] 45 of 8000 complete in 2.7 sec
[                  0%                  ] 54 of 8000 complete in 3.2 sec
[                  0%                  ] 63 of 8000 complete in 3.8 sec
[                  0%                  ] 72 of 8000 complete in 4.3 sec
[                  1%                  ] 82 of 8000 complete in 4.8 sec
[                  1%                  ] 91 of 8000 complete in 5.4 sec
[                  1%                  ] 100 of 8000 complete in 5.9 sec
[                  1%                  ] 108 of 8000 complete in 6.4 sec
[                  1%                  ] 117 of 8000 complete in 7.0 sec
[                  1%                  ] 125 of 8000 complete in 7.5 sec
[                  1%                  ] 133 of 8000 complete in 8.0 sec
[                  1%                  ] 142 of 8000 complete in 8.5 sec
[                  1%                  ] 150 of 8000 complete in 9.1 sec
[                  1%                  ] 159 of 8000 complete in 9.6 sec
[                  2%                  ] 167 of 8000 complete in 10.1 sec
[                  2%                  ] 176 of 8000 complete in 10.7 sec
[                  2%                  ] 185 of 8000 complete in 11.2 sec
[                  2%                  ] 194 of 8000 complete in 11.8 sec
[                  2%                  ] 202 of 8000 complete in 12.3 sec
[                  2%                  ] 210 of 8000 complete in 12.8 sec
[-                 2%                  ] 218 of 8000 complete in 13.3 sec
[-                 2%                  ] 226 of 8000 complete in 13.9 sec
[-                 2%                  ] 234 of 8000 complete in 14.4 sec
[-                 3%                  ] 241 of 8000 complete in 14.9 sec
[-                 3%                  ] 250 of 8000 complete in 15.4 sec
[-                 3%                  ] 258 of 8000 complete in 16.0 sec
[-                 3%                  ] 266 of 8000 complete in 16.5 sec
[-                 3%                  ] 275 of 8000 complete in 17.1 sec
[-                 3%                  ] 283 of 8000 complete in 17.7 sec
[-                 3%                  ] 291 of 8000 complete in 18.2 sec
[-                 3%                  ] 300 of 8000 complete in 18.7 sec
[-                 3%                  ] 309 of 8000 complete in 19.3 sec
[-                 3%                  ] 317 of 8000 complete in 19.8 sec
[-                 4%                  ] 325 of 8000 complete in 20.3 sec
[-                 4%                  ] 332 of 8000 complete in 20.8 sec
[-                 4%                  ] 339 of 8000 complete in 21.3 sec
[-                 4%                  ] 347 of 8000 complete in 21.9 sec
[-                 4%                  ] 354 of 8000 complete in 22.4 sec
[-                 4%                  ] 362 of 8000 complete in 23.0 sec
[-                 4%                  ] 369 of 8000 complete in 23.5 sec
[-                 4%                  ] 376 of 8000 complete in 24.0 sec
[-                 4%                  ] 382 of 8000 complete in 24.6 sec
[-                 4%                  ] 389 of 8000 complete in 25.1 sec
[-                 4%                  ] 397 of 8000 complete in 25.6 sec
[-                 5%                  ] 405 of 8000 complete in 26.2 sec
[-                 5%                  ] 413 of 8000 complete in 26.7 sec
[-                 5%                  ] 421 of 8000 complete in 27.3 sec
[--                5%                  ] 429 of 8000 complete in 27.8 sec
[--                5%                  ] 437 of 8000 complete in 28.4 sec
[--                5%                  ] 445 of 8000 complete in 28.9 sec
[--                5%                  ] 453 of 8000 complete in 29.4 sec
[--                5%                  ] 461 of 8000 complete in 29.9 sec
[--                5%                  ] 469 of 8000 complete in 30.4 sec
[--                5%                  ] 476 of 8000 complete in 31.0 sec
[--                6%                  ] 483 of 8000 complete in 31.5 sec
[--                6%                  ] 490 of 8000 complete in 32.1 sec
[--                6%                  ] 496 of 8000 complete in 32.6 sec
[--                6%                  ] 504 of 8000 complete in 33.1 sec
[--                6%                  ] 512 of 8000 complete in 33.6 sec
[--                6%                  ] 520 of 8000 complete in 34.1 sec
[--                6%                  ] 528 of 8000 complete in 34.7 sec
[--                6%                  ] 535 of 8000 complete in 35.3 sec
[--                6%                  ] 541 of 8000 complete in 35.8 sec
[--                6%                  ] 548 of 8000 complete in 36.3 sec
[--                6%                  ] 556 of 8000 complete in 36.8 sec
[--                7%                  ] 564 of 8000 complete in 37.4 sec
[--                7%                  ] 572 of 8000 complete in 37.9 sec
[--                7%                  ] 580 of 8000 complete in 38.4 sec
[--                7%                  ] 588 of 8000 complete in 39.0 sec
[--                7%                  ] 596 of 8000 complete in 39.5 sec
[--                7%                  ] 604 of 8000 complete in 40.1 sec
[--                7%                  ] 611 of 8000 complete in 40.6 sec
[--                7%                  ] 618 of 8000 complete in 41.1 sec
[--                7%                  ] 625 of 8000 complete in 41.7 sec
[---               7%                  ] 632 of 8000 complete in 42.2 sec
[---               7%                  ] 639 of 8000 complete in 42.7 sec
[---               8%                  ] 647 of 8000 complete in 43.3 sec
[---               8%                  ] 655 of 8000 complete in 43.8 sec
[---               8%                  ] 663 of 8000 complete in 44.3 sec
[---               8%                  ] 671 of 8000 complete in 44.8 sec
[---               8%                  ] 679 of 8000 complete in 45.3 sec
[---               8%                  ] 687 of 8000 complete in 45.9 sec
[---               8%                  ] 695 of 8000 complete in 46.4 sec
[---               8%                  ] 703 of 8000 complete in 47.0 sec
[---               8%                  ] 711 of 8000 complete in 47.5 sec
[---               8%                  ] 719 of 8000 complete in 48.0 sec
[---               9%                  ] 727 of 8000 complete in 48.6 sec
[---               9%                  ] 735 of 8000 complete in 49.1 sec
[---               9%                  ] 743 of 8000 complete in 49.6 sec
[---               9%                  ] 750 of 8000 complete in 50.2 sec
[---               9%                  ] 757 of 8000 complete in 50.7 sec
[---               9%                  ] 764 of 8000 complete in 51.3 sec
[---               9%                  ] 771 of 8000 complete in 51.8 sec
[---               9%                  ] 778 of 8000 complete in 52.4 sec
[---               9%                  ] 785 of 8000 complete in 53.0 sec
[---               9%                  ] 793 of 8000 complete in 53.5 sec
[---              10%                  ] 800 of 8000 complete in 54.0 sec
[---              10%                  ] 808 of 8000 complete in 54.6 sec
[---              10%                  ] 815 of 8000 complete in 55.1 sec
[---              10%                  ] 823 of 8000 complete in 55.7 sec
[---              10%                  ] 831 of 8000 complete in 56.2 sec
[---              10%                  ] 839 of 8000 complete in 56.8 sec
[----             10%                  ] 846 of 8000 complete in 57.3 sec
[----             10%                  ] 853 of 8000 complete in 57.8 sec
[----             10%                  ] 860 of 8000 complete in 58.3 sec
[----             10%                  ] 868 of 8000 complete in 58.8 sec
[----             10%                  ] 876 of 8000 complete in 59.4 sec
[                  0%                  ] 10 of 8000 complete in 0.5 sec
[                  0%                  ] 19 of 8000 complete in 1.1 sec
[                  0%                  ] 28 of 8000 complete in 1.6 sec
[                  0%                  ] 35 of 8000 complete in 2.2 sec
[                  0%                  ] 43 of 8000 complete in 2.7 sec
[                  0%                  ] 52 of 8000 complete in 3.2 sec
[                  0%                  ] 61 of 8000 complete in 3.8 sec
[                  0%                  ] 70 of 8000 complete in 4.3 sec
[                  0%                  ] 79 of 8000 complete in 4.9 sec
[                  1%                  ] 88 of 8000 complete in 5.4 sec
[                  1%                  ] 97 of 8000 complete in 5.9 sec
[                  1%                  ] 105 of 8000 complete in 6.5 sec
[                  1%                  ] 114 of 8000 complete in 7.0 sec
[                  1%                  ] 121 of 8000 complete in 7.5 sec
[                  1%                  ] 130 of 8000 complete in 8.1 sec
[                  1%                  ] 139 of 8000 complete in 8.6 sec
[                  1%                  ] 147 of 8000 complete in 9.1 sec
[                  1%                  ] 155 of 8000 complete in 9.7 sec
[                  2%                  ] 163 of 8000 complete in 10.2 sec
[                  2%                  ] 171 of 8000 complete in 10.7 sec
[                  2%                  ] 180 of 8000 complete in 11.3 sec
[                  2%                  ] 189 of 8000 complete in 11.8 sec
[                  2%                  ] 197 of 8000 complete in 12.4 sec
[                  2%                  ] 206 of 8000 complete in 12.9 sec
[-                 2%                  ] 214 of 8000 complete in 13.4 sec
[-                 2%                  ] 222 of 8000 complete in 13.9 sec
[-                 2%                  ] 230 of 8000 complete in 14.5 sec
[-                 2%                  ] 238 of 8000 complete in 15.0 sec
[-                 3%                  ] 246 of 8000 complete in 15.5 sec
[-                 3%                  ] 255 of 8000 complete in 16.1 sec
[-                 3%                  ] 263 of 8000 complete in 16.6 sec
[-                 3%                  ] 272 of 8000 complete in 17.2 sec
[-                 3%                  ] 280 of 8000 complete in 17.7 sec
[-                 3%                  ] 288 of 8000 complete in 18.2 sec
[-                 3%                  ] 296 of 8000 complete in 18.8 sec
[-                 3%                  ] 305 of 8000 complete in 19.3 sec
[-                 3%                  ] 314 of 8000 complete in 19.9 sec
[-                 4%                  ] 322 of 8000 complete in 20.4 sec
[-                 4%                  ] 329 of 8000 complete in 21.0 sec
[-                 4%                  ] 336 of 8000 complete in 21.5 sec
[-                 4%                  ] 344 of 8000 complete in 22.1 sec
[-                 4%                  ] 351 of 8000 complete in 22.6 sec
[-                 4%                  ] 359 of 8000 complete in 23.1 sec
[-                 4%                  ] 366 of 8000 complete in 23.7 sec
[-                 4%                  ] 372 of 8000 complete in 24.2 sec
[-                 4%                  ] 378 of 8000 complete in 24.8 sec
[-                 4%                  ] 386 of 8000 complete in 25.3 sec
[-                 4%                  ] 394 of 8000 complete in 25.8 sec
[-                 5%                  ] 402 of 8000 complete in 26.4 sec
[-                 5%                  ] 409 of 8000 complete in 26.9 sec
[-                 5%                  ] 417 of 8000 complete in 27.4 sec
[--                5%                  ] 424 of 8000 complete in 27.9 sec
[--                5%                  ] 432 of 8000 complete in 28.5 sec
[--                5%                  ] 440 of 8000 complete in 29.0 sec
[--                5%                  ] 448 of 8000 complete in 29.5 sec
[--                5%                  ] 456 of 8000 complete in 30.1 sec
[--                5%                  ] 464 of 8000 complete in 30.7 sec
[--                5%                  ] 471 of 8000 complete in 31.2 sec
[--                5%                  ] 477 of 8000 complete in 31.7 sec
[--                6%                  ] 483 of 8000 complete in 32.3 sec
[--                6%                  ] 491 of 8000 complete in 32.8 sec
[--                6%                  ] 499 of 8000 complete in 33.3 sec
[--                6%                  ] 507 of 8000 complete in 33.8 sec
[--                6%                  ] 515 of 8000 complete in 34.4 sec
[--                6%                  ] 522 of 8000 complete in 34.9 sec
[--                6%                  ] 528 of 8000 complete in 35.4 sec
[--                6%                  ] 535 of 8000 complete in 36.0 sec
[--                6%                  ] 542 of 8000 complete in 36.5 sec
[--                6%                  ] 550 of 8000 complete in 37.0 sec
[--                6%                  ] 558 of 8000 complete in 37.6 sec
[--                7%                  ] 565 of 8000 complete in 38.1 sec
[--                7%                  ] 573 of 8000 complete in 38.6 sec
[--                7%                  ] 581 of 8000 complete in 39.2 sec
[--                7%                  ] 589 of 8000 complete in 39.7 sec
[--                7%                  ] 596 of 8000 complete in 40.2 sec
[--                7%                  ] 603 of 8000 complete in 40.8 sec
[--                7%                  ] 610 of 8000 complete in 41.3 sec
[--                7%                  ] 617 of 8000 complete in 41.8 sec
[--                7%                  ] 623 of 8000 complete in 42.3 sec
[--                7%                  ] 630 of 8000 complete in 42.9 sec
[---               7%                  ] 638 of 8000 complete in 43.4 sec
[---               8%                  ] 646 of 8000 complete in 43.9 sec
[---               8%                  ] 654 of 8000 complete in 44.5 sec
[---               8%                  ] 662 of 8000 complete in 45.0 sec
[---               8%                  ] 670 of 8000 complete in 45.5 sec
[---               8%                  ] 677 of 8000 complete in 46.1 sec
[---               8%                  ] 684 of 8000 complete in 46.6 sec
[---               8%                  ] 692 of 8000 complete in 47.1 sec
[---               8%                  ] 700 of 8000 complete in 47.7 sec
[---               8%                  ] 709 of 8000 complete in 48.2 sec
[---               8%                  ] 717 of 8000 complete in 48.7 sec
[---               9%                  ] 725 of 8000 complete in 49.3 sec
[---               9%                  ] 733 of 8000 complete in 49.8 sec
[---               9%                  ] 741 of 8000 complete in 50.4 sec
[---               9%                  ] 747 of 8000 complete in 50.9 sec
[---               9%                  ] 753 of 8000 complete in 51.4 sec
[---               9%                  ] 760 of 8000 complete in 51.9 sec
[---               9%                  ] 766 of 8000 complete in 52.5 sec
[---               9%                  ] 773 of 8000 complete in 53.0 sec
[---               9%                  ] 780 of 8000 complete in 53.5 sec
[---               9%                  ] 787 of 8000 complete in 54.0 sec
[---               9%                  ] 794 of 8000 complete in 54.6 sec
[---              10%                  ] 801 of 8000 complete in 55.1 sec
[---              10%                  ] 808 of 8000 complete in 55.6 sec
[---              10%                  ] 815 of 8000 complete in 56.1 sec
[---              10%                  ] 823 of 8000 complete in 56.7 sec
[---              10%                  ] 830 of 8000 complete in 57.2 sec
[---              10%                  ] 837 of 8000 complete in 57.7 sec
[----             10%                  ] 844 of 8000 complete in 58.3 sec
[----             10%                  ] 852 of 8000 complete in 58.8 sec
[----             10%                  ] 860 of 8000 complete in 59.3 sec
[                  0%                  ] 10 of 8000 complete in 0.5 sec
[                  0%                  ] 19 of 8000 complete in 1.1 sec
[                  0%                  ] 28 of 8000 complete in 1.6 sec
[                  0%                  ] 35 of 8000 complete in 2.1 sec
[                  0%                  ] 44 of 8000 complete in 2.7 sec
[                  0%                  ] 52 of 8000 complete in 3.2 sec
[                  0%                  ] 61 of 8000 complete in 3.7 sec
[                  0%                  ] 70 of 8000 complete in 4.3 sec
[                  0%                  ] 79 of 8000 complete in 4.8 sec
[                  1%                  ] 88 of 8000 complete in 5.4 sec
[                  1%                  ] 97 of 8000 complete in 5.9 sec
[                  1%                  ] 105 of 8000 complete in 6.4 sec
[                  1%                  ] 114 of 8000 complete in 6.9 sec
[                  1%                  ] 122 of 8000 complete in 7.5 sec
[                  1%                  ] 130 of 8000 complete in 8.0 sec
[                  1%                  ] 139 of 8000 complete in 8.5 sec
[                  1%                  ] 148 of 8000 complete in 9.1 sec
[                  1%                  ] 157 of 8000 complete in 9.7 sec
[                  2%                  ] 166 of 8000 complete in 10.2 sec
[                  2%                  ] 174 of 8000 complete in 10.8 sec
[                  2%                  ] 183 of 8000 complete in 11.3 sec
[                  2%                  ] 191 of 8000 complete in 11.8 sec
[                  2%                  ] 199 of 8000 complete in 12.3 sec
[                  2%                  ] 207 of 8000 complete in 12.8 sec
[-                 2%                  ] 216 of 8000 complete in 13.4 sec
[-                 2%                  ] 225 of 8000 complete in 13.9 sec
[-                 2%                  ] 233 of 8000 complete in 14.5 sec
[-                 3%                  ] 241 of 8000 complete in 15.0 sec
[-                 3%                  ] 248 of 8000 complete in 15.5 sec
[-                 3%                  ] 256 of 8000 complete in 16.0 sec
[-                 3%                  ] 264 of 8000 complete in 16.5 sec
[-                 3%                  ] 273 of 8000 complete in 17.0 sec
[-                 3%                  ] 281 of 8000 complete in 17.6 sec
[-                 3%                  ] 289 of 8000 complete in 18.1 sec
[-                 3%                  ] 298 of 8000 complete in 18.7 sec
[-                 3%                  ] 306 of 8000 complete in 19.2 sec
[-                 3%                  ] 314 of 8000 complete in 19.7 sec
[-                 4%                  ] 322 of 8000 complete in 20.2 sec
[-                 4%                  ] 329 of 8000 complete in 20.7 sec
[-                 4%                  ] 336 of 8000 complete in 21.2 sec
[-                 4%                  ] 344 of 8000 complete in 21.8 sec
[-                 4%                  ] 351 of 8000 complete in 22.3 sec
[-                 4%                  ] 359 of 8000 complete in 22.8 sec
[-                 4%                  ] 367 of 8000 complete in 23.4 sec
[-                 4%                  ] 374 of 8000 complete in 24.0 sec
[-                 4%                  ] 380 of 8000 complete in 24.6 sec
[-                 4%                  ] 387 of 8000 complete in 25.1 sec
[-                 4%                  ] 395 of 8000 complete in 25.6 sec
[-                 5%                  ] 403 of 8000 complete in 26.2 sec
[-                 5%                  ] 410 of 8000 complete in 26.7 sec
[-                 5%                  ] 418 of 8000 complete in 27.2 sec
[--                5%                  ] 426 of 8000 complete in 27.8 sec
[--                5%                  ] 434 of 8000 complete in 28.4 sec
[--                5%                  ] 442 of 8000 complete in 28.9 sec
[--                5%                  ] 450 of 8000 complete in 29.4 sec
[--                5%                  ] 458 of 8000 complete in 29.9 sec
[--                5%                  ] 466 of 8000 complete in 30.5 sec
[--                5%                  ] 473 of 8000 complete in 31.0 sec
[--                6%                  ] 480 of 8000 complete in 31.6 sec
[--                6%                  ] 486 of 8000 complete in 32.1 sec
[--                6%                  ] 494 of 8000 complete in 32.7 sec
[--                6%                  ] 503 of 8000 complete in 33.2 sec
[--                6%                  ] 511 of 8000 complete in 33.7 sec
[--                6%                  ] 519 of 8000 complete in 34.3 sec
[--                6%                  ] 527 of 8000 complete in 34.8 sec
[--                6%                  ] 533 of 8000 complete in 35.4 sec
[--                6%                  ] 540 of 8000 complete in 35.9 sec
[--                6%                  ] 548 of 8000 complete in 36.4 sec
[--                6%                  ] 556 of 8000 complete in 37.0 sec
[--                7%                  ] 564 of 8000 complete in 37.5 sec
[--                7%                  ] 571 of 8000 complete in 38.0 sec
[--                7%                  ] 579 of 8000 complete in 38.6 sec
[--                7%                  ] 587 of 8000 complete in 39.1 sec
[--                7%                  ] 595 of 8000 complete in 39.6 sec
[--                7%                  ] 602 of 8000 complete in 40.2 sec
[--                7%                  ] 609 of 8000 complete in 40.7 sec
[--                7%                  ] 617 of 8000 complete in 41.2 sec
[--                7%                  ] 624 of 8000 complete in 41.8 sec
[--                7%                  ] 631 of 8000 complete in 42.3 sec
[---               7%                  ] 638 of 8000 complete in 42.8 sec
[---               8%                  ] 646 of 8000 complete in 43.4 sec
[---               8%                  ] 654 of 8000 complete in 43.9 sec
[---               8%                  ] 662 of 8000 complete in 44.4 sec
[---               8%                  ] 670 of 8000 complete in 45.0 sec
[---               8%                  ] 678 of 8000 complete in 45.5 sec
[---               8%                  ] 685 of 8000 complete in 46.0 sec
[---               8%                  ] 693 of 8000 complete in 46.5 sec
[---               8%                  ] 701 of 8000 complete in 47.1 sec
[---               8%                  ] 709 of 8000 complete in 47.6 sec
[---               8%                  ] 717 of 8000 complete in 48.2 sec
[---               9%                  ] 725 of 8000 complete in 48.7 sec
[---               9%                  ] 733 of 8000 complete in 49.2 sec
[---               9%                  ] 740 of 8000 complete in 49.7 sec
[---               9%                  ] 747 of 8000 complete in 50.3 sec
[---               9%                  ] 753 of 8000 complete in 50.8 sec
[---               9%                  ] 760 of 8000 complete in 51.4 sec
[---               9%                  ] 767 of 8000 complete in 52.0 sec
[---               9%                  ] 773 of 8000 complete in 52.5 sec
[---               9%                  ] 780 of 8000 complete in 53.1 sec
[---               9%                  ] 787 of 8000 complete in 53.6 sec
[---               9%                  ] 795 of 8000 complete in 54.1 sec
[---              10%                  ] 802 of 8000 complete in 54.6 sec
[---              10%                  ] 809 of 8000 complete in 55.2 sec
[---              10%                  ] 816 of 8000 complete in 55.7 sec
[---              10%                  ] 823 of 8000 complete in 56.2 sec
[---              10%                  ] 830 of 8000 complete in 56.7 sec
[---              10%                  ] 837 of 8000 complete in 57.2 sec
[----             10%                  ] 844 of 8000 complete in 57.8 sec
[----             10%                  ] 852 of 8000 complete in 58.3 sec
[----             10%                  ] 860 of 8000 complete in 58.8 sec
[----             10%                  ] 868 of 8000 complete in 59.4 sec
[                  0%                  ] 10 of 8000 complete in 0.5 sec
[                  0%                  ] 19 of 8000 complete in 1.0 sec
[                  0%                  ] 28 of 8000 complete in 1.6 sec
[                  0%                  ] 35 of 8000 complete in 2.1 sec
[                  0%                  ] 44 of 8000 complete in 2.7 sec
[                  0%                  ] 53 of 8000 complete in 3.2 sec
[                  0%                  ] 62 of 8000 complete in 3.7 sec
[                  0%                  ] 71 of 8000 complete in 4.3 sec
[                  0%                  ] 79 of 8000 complete in 4.8 sec
[                  1%                  ] 88 of 8000 complete in 5.3 sec
[                  1%                  ] 96 of 8000 complete in 5.8 sec
[                  1%                  ] 105 of 8000 complete in 6.3 sec
[                  1%                  ] 114 of 8000 complete in 6.9 sec
[                  1%                  ] 122 of 8000 complete in 7.4 sec
[                  1%                  ] 131 of 8000 complete in 7.9 sec
[                  1%                  ] 140 of 8000 complete in 8.5 sec
[                  1%                  ] 149 of 8000 complete in 9.0 sec
[                  1%                  ] 158 of 8000 complete in 9.6 sec
[                  2%                  ] 167 of 8000 complete in 10.2 sec
[                  2%                  ] 175 of 8000 complete in 10.7 sec
[                  2%                  ] 184 of 8000 complete in 11.2 sec
[                  2%                  ] 193 of 8000 complete in 11.7 sec
[                  2%                  ] 202 of 8000 complete in 12.3 sec
[                  2%                  ] 210 of 8000 complete in 12.8 sec
[-                 2%                  ] 218 of 8000 complete in 13.4 sec
[-                 2%                  ] 226 of 8000 complete in 13.9 sec
[-                 2%                  ] 234 of 8000 complete in 14.5 sec
[-                 3%                  ] 242 of 8000 complete in 15.0 sec
[-                 3%                  ] 250 of 8000 complete in 15.5 sec
[-                 3%                  ] 259 of 8000 complete in 16.1 sec
[-                 3%                  ] 267 of 8000 complete in 16.6 sec
[-                 3%                  ] 274 of 8000 complete in 17.1 sec
[-                 3%                  ] 283 of 8000 complete in 17.7 sec
[-                 3%                  ] 292 of 8000 complete in 18.2 sec
[-                 3%                  ] 301 of 8000 complete in 18.8 sec
[-                 3%                  ] 310 of 8000 complete in 19.3 sec
[-                 3%                  ] 318 of 8000 complete in 19.8 sec
[-                 4%                  ] 326 of 8000 complete in 20.4 sec
[-                 4%                  ] 333 of 8000 complete in 20.9 sec
[-                 4%                  ] 340 of 8000 complete in 21.4 sec
[-                 4%                  ] 348 of 8000 complete in 22.0 sec
[-                 4%                  ] 356 of 8000 complete in 22.5 sec
[-                 4%                  ] 364 of 8000 complete in 23.1 sec
[-                 4%                  ] 371 of 8000 complete in 23.6 sec
[-                 4%                  ] 377 of 8000 complete in 24.1 sec
[-                 4%                  ] 384 of 8000 complete in 24.7 sec
[-                 4%                  ] 392 of 8000 complete in 25.3 sec
[-                 5%                  ] 400 of 8000 complete in 25.8 sec
[-                 5%                  ] 408 of 8000 complete in 26.4 sec
[-                 5%                  ] 416 of 8000 complete in 26.9 sec
[--                5%                  ] 424 of 8000 complete in 27.5 sec
[--                5%                  ] 432 of 8000 complete in 28.0 sec
[--                5%                  ] 440 of 8000 complete in 28.5 sec
[--                5%                  ] 449 of 8000 complete in 29.1 sec
[--                5%                  ] 457 of 8000 complete in 29.6 sec
[--                5%                  ] 466 of 8000 complete in 30.2 sec
[--                5%                  ] 473 of 8000 complete in 30.7 sec
[--                5%                  ] 479 of 8000 complete in 31.2 sec
[--                6%                  ] 485 of 8000 complete in 31.7 sec
[--                6%                  ] 492 of 8000 complete in 32.3 sec
[--                6%                  ] 500 of 8000 complete in 32.8 sec
[--                6%                  ] 508 of 8000 complete in 33.3 sec
[--                6%                  ] 516 of 8000 complete in 33.8 sec
[--                6%                  ] 524 of 8000 complete in 34.4 sec
[--                6%                  ] 531 of 8000 complete in 34.9 sec
[--                6%                  ] 537 of 8000 complete in 35.4 sec
[--                6%                  ] 545 of 8000 complete in 36.0 sec
[--                6%                  ] 553 of 8000 complete in 36.5 sec
[--                7%                  ] 561 of 8000 complete in 37.1 sec
[--                7%                  ] 568 of 8000 complete in 37.6 sec
[--                7%                  ] 576 of 8000 complete in 38.1 sec
[--                7%                  ] 584 of 8000 complete in 38.7 sec
[--                7%                  ] 592 of 8000 complete in 39.2 sec
[--                7%                  ] 600 of 8000 complete in 39.7 sec
[--                7%                  ] 607 of 8000 complete in 40.3 sec
[--                7%                  ] 614 of 8000 complete in 40.8 sec
[--                7%                  ] 621 of 8000 complete in 41.3 sec
[--                7%                  ] 628 of 8000 complete in 41.8 sec
[---               7%                  ] 635 of 8000 complete in 42.4 sec
[---               8%                  ] 643 of 8000 complete in 42.9 sec
[---               8%                  ] 651 of 8000 complete in 43.5 sec
[---               8%                  ] 660 of 8000 complete in 44.0 sec
[---               8%                  ] 668 of 8000 complete in 44.6 sec
[---               8%                  ] 676 of 8000 complete in 45.1 sec
[---               8%                  ] 683 of 8000 complete in 45.6 sec
[---               8%                  ] 691 of 8000 complete in 46.1 sec
[---               8%                  ] 699 of 8000 complete in 46.7 sec
[---               8%                  ] 707 of 8000 complete in 47.2 sec
[---               8%                  ] 715 of 8000 complete in 47.7 sec
[---               9%                  ] 724 of 8000 complete in 48.3 sec
[---               9%                  ] 732 of 8000 complete in 48.8 sec
[---               9%                  ] 740 of 8000 complete in 49.4 sec
[---               9%                  ] 747 of 8000 complete in 49.9 sec
[---               9%                  ] 753 of 8000 complete in 50.4 sec
[---               9%                  ] 760 of 8000 complete in 50.9 sec
[---               9%                  ] 766 of 8000 complete in 51.4 sec
[---               9%                  ] 773 of 8000 complete in 52.0 sec
[---               9%                  ] 780 of 8000 complete in 52.5 sec
[---               9%                  ] 787 of 8000 complete in 53.0 sec
[---               9%                  ] 795 of 8000 complete in 53.6 sec
[---              10%                  ] 803 of 8000 complete in 54.1 sec
[---              10%                  ] 810 of 8000 complete in 54.7 sec
[---              10%                  ] 817 of 8000 complete in 55.2 sec
[---              10%                  ] 824 of 8000 complete in 55.7 sec
[---              10%                  ] 832 of 8000 complete in 56.2 sec
[---              10%                  ] 839 of 8000 complete in 56.8 sec
[----             10%                  ] 846 of 8000 complete in 57.3 sec
[----             10%                  ] 854 of 8000 complete in 57.8 sec
[----             10%                  ] 862 of 8000 complete in 58.4 sec
[----             10%                  ] 870 of 8000 complete in 58.9 sec
[----             10%                  ] 878 of 8000 complete in 59.4 sec
[----             11%                  ] 884 of 8000 complete in 59.9 sec
[----             11%                  ] 892 of 8000 complete in 60.4 sec
[----             11%                  ] 900 of 8000 complete in 60.9 sec
[----             11%                  ] 908 of 8000 complete in 61.5 sec
[----             11%                  ] 916 of 8000 complete in 62.0 sec
[----             11%                  ] 923 of 8000 complete in 62.5 sec
[----             11%                  ] 932 of 8000 complete in 63.1 sec
[----             11%                  ] 939 of 8000 complete in 63.6 sec
[----             11%                  ] 946 of 8000 complete in 64.1 sec
[----             11%                  ] 954 of 8000 complete in 64.7 sec
[----             12%                  ] 962 of 8000 complete in 65.2 sec
[----             12%                  ] 970 of 8000 complete in 65.8 sec
[----             12%                  ] 978 of 8000 complete in 66.4 sec
[----             12%                  ] 985 of 8000 complete in 66.9 sec
[----             12%                  ] 992 of 8000 complete in 67.4 sec
[----             12%                  ] 999 of 8000 complete in 67.9 sec
[----             12%                  ] 1005 of 8000 complete in 68.5 sec
[----             12%                  ] 1011 of 8000 complete in 69.0 sec
[----             12%                  ] 1018 of 8000 complete in 69.5 sec
[----             12%                  ] 1025 of 8000 complete in 70.1 sec
[----             12%                  ] 1032 of 8000 complete in 70.6 sec
[----             12%                  ] 1039 of 8000 complete in 71.2 sec
[----             13%                  ] 1047 of 8000 complete in 71.7 sec
[-----            13%                  ] 1055 of 8000 complete in 72.3 sec
[-----            13%                  ] 1062 of 8000 complete in 72.8 sec
[-----            13%                  ] 1070 of 8000 complete in 73.3 sec
[-----            13%                  ] 1078 of 8000 complete in 73.8 sec
[-----            13%                  ] 1086 of 8000 complete in 74.4 sec
[-----            13%                  ] 1094 of 8000 complete in 74.9 sec
[-----            13%                  ] 1102 of 8000 complete in 75.4 sec
[-----            13%                  ] 1110 of 8000 complete in 75.9 sec
[-----            13%                  ] 1118 of 8000 complete in 76.5 sec
[-----            14%                  ] 1126 of 8000 complete in 77.0 sec
[-----            14%                  ] 1134 of 8000 complete in 77.5 sec
[-----            14%                  ] 1142 of 8000 complete in 78.1 sec
[-----            14%                  ] 1150 of 8000 complete in 78.7 sec
[-----            14%                  ] 1158 of 8000 complete in 79.2 sec
[-----            14%                  ] 1165 of 8000 complete in 79.7 sec
[-----            14%                  ] 1173 of 8000 complete in 80.3 sec
[-----            14%                  ] 1180 of 8000 complete in 80.9 sec
[-----            14%                  ] 1187 of 8000 complete in 81.4 sec
[-----            14%                  ] 1194 of 8000 complete in 82.0 sec
[-----            15%                  ] 1201 of 8000 complete in 82.5 sec
[-----            15%                  ] 1209 of 8000 complete in 83.1 sec
[-----            15%                  ] 1217 of 8000 complete in 83.7 sec
[-----            15%                  ] 1225 of 8000 complete in 84.2 sec
[-----            15%                  ] 1233 of 8000 complete in 84.8 sec
[-----            15%                  ] 1241 of 8000 complete in 85.4 sec
[-----            15%                  ] 1248 of 8000 complete in 85.9 sec
[-----            15%                  ] 1255 of 8000 complete in 86.4 sec
[-----            15%                  ] 1262 of 8000 complete in 86.9 sec
[------           15%                  ] 1270 of 8000 complete in 87.5 sec
[------           15%                  ] 1278 of 8000 complete in 88.0 sec
[------           16%                  ] 1286 of 8000 complete in 88.6 sec
[------           16%                  ] 1294 of 8000 complete in 89.1 sec
[------           16%                  ] 1302 of 8000 complete in 89.6 sec
[------           16%                  ] 1310 of 8000 complete in 90.2 sec
[------           16%                  ] 1318 of 8000 complete in 90.7 sec
[------           16%                  ] 1326 of 8000 complete in 91.3 sec
[------           16%                  ] 1334 of 8000 complete in 91.8 sec
[------           16%                  ] 1341 of 8000 complete in 92.4 sec
[------           16%                  ] 1348 of 8000 complete in 92.9 sec
[------           16%                  ] 1355 of 8000 complete in 93.5 sec
[------           17%                  ] 1362 of 8000 complete in 94.0 sec
[------           17%                  ] 1370 of 8000 complete in 94.6 sec
[------           17%                  ] 1377 of 8000 complete in 95.1 sec
[------           17%                  ] 1385 of 8000 complete in 95.7 sec
[------           17%                  ] 1393 of 8000 complete in 96.2 sec
[------           17%                  ] 1400 of 8000 complete in 96.8 sec
[------           17%                  ] 1408 of 8000 complete in 97.3 sec
[------           17%                  ] 1416 of 8000 complete in 97.8 sec
[------           17%                  ] 1423 of 8000 complete in 98.3 sec
[------           17%                  ] 1430 of 8000 complete in 98.9 sec
[------           17%                  ] 1438 of 8000 complete in 99.5 sec
[------           18%                  ] 1445 of 8000 complete in 100.0 sec
[------           18%                  ] 1453 of 8000 complete in 100.5 sec
[------           18%                  ] 1461 of 8000 complete in 101.1 sec
[------           18%                  ] 1468 of 8000 complete in 101.6 sec
[-------          18%                  ] 1475 of 8000 complete in 102.1 sec
[-------          18%                  ] 1482 of 8000 complete in 102.7 sec
[-------          18%                  ] 1489 of 8000 complete in 103.2 sec
[-------          18%                  ] 1497 of 8000 complete in 103.7 sec
[-------          18%                  ] 1505 of 8000 complete in 104.2 sec
[-------          18%                  ] 1513 of 8000 complete in 104.8 sec
[-------          19%                  ] 1521 of 8000 complete in 105.3 sec
[-------          19%                  ] 1529 of 8000 complete in 105.9 sec
[-------          19%                  ] 1537 of 8000 complete in 106.4 sec
[-------          19%                  ] 1546 of 8000 complete in 106.9 sec
[-------          19%                  ] 1554 of 8000 complete in 107.5 sec
[-------          19%                  ] 1561 of 8000 complete in 108.0 sec
[-------          19%                  ] 1569 of 8000 complete in 108.6 sec
[-------          19%                  ] 1576 of 8000 complete in 109.1 sec
[-------          19%                  ] 1584 of 8000 complete in 109.6 sec
[-------          19%                  ] 1592 of 8000 complete in 110.2 sec
[-------          19%                  ] 1599 of 8000 complete in 110.7 sec
[-------          20%                  ] 1606 of 8000 complete in 111.3 sec
[-------          20%                  ] 1613 of 8000 complete in 111.8 sec
[-------          20%                  ] 1620 of 8000 complete in 112.4 sec
[-------          20%                  ] 1627 of 8000 complete in 112.9 sec
[-------          20%                  ] 1634 of 8000 complete in 113.4 sec
[-------          20%                  ] 1641 of 8000 complete in 113.9 sec
[-------          20%                  ] 1648 of 8000 complete in 114.4 sec
[-------          20%                  ] 1655 of 8000 complete in 115.0 sec
[-------          20%                  ] 1662 of 8000 complete in 115.5 sec
[-------          20%                  ] 1670 of 8000 complete in 116.1 sec
[-------          20%                  ] 1678 of 8000 complete in 116.6 sec
[--------         21%                  ] 1686 of 8000 complete in 117.2 sec
[--------         21%                  ] 1694 of 8000 complete in 117.8 sec
[----             10%                  ] 877 of 8000 complete in 60.0 sec
[----             11%                  ] 885 of 8000 complete in 60.5 sec
[----             11%                  ] 893 of 8000 complete in 61.0 sec
[----             11%                  ] 901 of 8000 complete in 61.6 sec
[----             11%                  ] 908 of 8000 complete in 62.1 sec
[----             11%                  ] 916 of 8000 complete in 62.7 sec
[----             11%                  ] 923 of 8000 complete in 63.2 sec
[----             11%                  ] 930 of 8000 complete in 63.7 sec
[----             11%                  ] 937 of 8000 complete in 64.2 sec
[----             11%                  ] 945 of 8000 complete in 64.7 sec
[----             11%                  ] 953 of 8000 complete in 65.3 sec
[----             12%                  ] 961 of 8000 complete in 65.8 sec
[----             12%                  ] 968 of 8000 complete in 66.4 sec
[----             12%                  ] 975 of 8000 complete in 66.9 sec
[----             12%                  ] 982 of 8000 complete in 67.4 sec
[----             12%                  ] 988 of 8000 complete in 67.9 sec
[----             12%                  ] 995 of 8000 complete in 68.5 sec
[----             12%                  ] 1001 of 8000 complete in 69.1 sec
[----             12%                  ] 1008 of 8000 complete in 69.6 sec
[----             12%                  ] 1015 of 8000 complete in 70.2 sec
[----             12%                  ] 1021 of 8000 complete in 70.7 sec
[----             12%                  ] 1028 of 8000 complete in 71.2 sec
[----             12%                  ] 1036 of 8000 complete in 71.8 sec
[----             13%                  ] 1044 of 8000 complete in 72.3 sec
[----             13%                  ] 1052 of 8000 complete in 72.8 sec
[-----            13%                  ] 1060 of 8000 complete in 73.4 sec
[-----            13%                  ] 1068 of 8000 complete in 73.9 sec
[-----            13%                  ] 1076 of 8000 complete in 74.4 sec
[-----            13%                  ] 1084 of 8000 complete in 75.0 sec
[-----            13%                  ] 1093 of 8000 complete in 75.6 sec
[-----            13%                  ] 1100 of 8000 complete in 76.1 sec
[-----            13%                  ] 1108 of 8000 complete in 76.7 sec
[-----            13%                  ] 1116 of 8000 complete in 77.2 sec
[-----            14%                  ] 1123 of 8000 complete in 77.7 sec
[-----            14%                  ] 1131 of 8000 complete in 78.3 sec
[-----            14%                  ] 1138 of 8000 complete in 78.8 sec
[-----            14%                  ] 1146 of 8000 complete in 79.3 sec
[-----            14%                  ] 1153 of 8000 complete in 79.9 sec
[-----            14%                  ] 1159 of 8000 complete in 80.4 sec
[-----            14%                  ] 1165 of 8000 complete in 80.9 sec
[-----            14%                  ] 1172 of 8000 complete in 81.5 sec
[-----            14%                  ] 1179 of 8000 complete in 82.0 sec
[-----            14%                  ] 1186 of 8000 complete in 82.5 sec
[-----            14%                  ] 1193 of 8000 complete in 83.1 sec
[-----            15%                  ] 1200 of 8000 complete in 83.6 sec
[-----            15%                  ] 1208 of 8000 complete in 84.1 sec
[-----            15%                  ] 1215 of 8000 complete in 84.7 sec
[-----            15%                  ] 1222 of 8000 complete in 85.2 sec
[-----            15%                  ] 1229 of 8000 complete in 85.7 sec
[-----            15%                  ] 1236 of 8000 complete in 86.2 sec
[-----            15%                  ] 1244 of 8000 complete in 86.8 sec
[-----            15%                  ] 1252 of 8000 complete in 87.4 sec
[-----            15%                  ] 1260 of 8000 complete in 87.9 sec
[------           15%                  ] 1268 of 8000 complete in 88.5 sec
[------           15%                  ] 1276 of 8000 complete in 89.0 sec
[------           16%                  ] 1284 of 8000 complete in 89.5 sec
[------           16%                  ] 1291 of 8000 complete in 90.1 sec
[------           16%                  ] 1299 of 8000 complete in 90.6 sec
[------           16%                  ] 1307 of 8000 complete in 91.1 sec
[------           16%                  ] 1315 of 8000 complete in 91.7 sec
[------           16%                  ] 1322 of 8000 complete in 92.3 sec
[------           16%                  ] 1329 of 8000 complete in 92.8 sec
[------           16%                  ] 1336 of 8000 complete in 93.3 sec
[------           16%                  ] 1343 of 8000 complete in 93.8 sec
[------           16%                  ] 1350 of 8000 complete in 94.3 sec
[------           16%                  ] 1357 of 8000 complete in 94.8 sec
[------           17%                  ] 1365 of 8000 complete in 95.4 sec
[------           17%                  ] 1373 of 8000 complete in 96.0 sec
[------           17%                  ] 1380 of 8000 complete in 96.5 sec
[------           17%                  ] 1387 of 8000 complete in 97.0 sec
[------           17%                  ] 1395 of 8000 complete in 97.6 sec
[------           17%                  ] 1402 of 8000 complete in 98.1 sec
[------           17%                  ] 1409 of 8000 complete in 98.7 sec
[------           17%                  ] 1417 of 8000 complete in 99.2 sec
[------           17%                  ] 1425 of 8000 complete in 99.8 sec
[------           17%                  ] 1433 of 8000 complete in 100.3 sec
[------           18%                  ] 1440 of 8000 complete in 100.9 sec
[------           18%                  ] 1447 of 8000 complete in 101.4 sec
[------           18%                  ] 1454 of 8000 complete in 101.9 sec
[------           18%                  ] 1461 of 8000 complete in 102.5 sec
[------           18%                  ] 1469 of 8000 complete in 103.0 sec
[-------          18%                  ] 1477 of 8000 complete in 103.6 sec
[-------          18%                  ] 1485 of 8000 complete in 104.1 sec
[-------          18%                  ] 1493 of 8000 complete in 104.6 sec
[-------          18%                  ] 1501 of 8000 complete in 105.2 sec
[-------          18%                  ] 1509 of 8000 complete in 105.7 sec
[-------          18%                  ] 1517 of 8000 complete in 106.2 sec
[-------          19%                  ] 1525 of 8000 complete in 106.8 sec
[-------          19%                  ] 1533 of 8000 complete in 107.3 sec
[-------          19%                  ] 1540 of 8000 complete in 107.8 sec
[-------          19%                  ] 1547 of 8000 complete in 108.4 sec
[-------          19%                  ] 1554 of 8000 complete in 108.9 sec
[-------          19%                  ] 1562 of 8000 complete in 109.4 sec
[-------          19%                  ] 1570 of 8000 complete in 109.9 sec
[-------          19%                  ] 1577 of 8000 complete in 110.5 sec
[-------          19%                  ] 1583 of 8000 complete in 111.0 sec
[-------          19%                  ] 1590 of 8000 complete in 111.6 sec
[-------          19%                  ] 1596 of 8000 complete in 112.1 sec
[-------          20%                  ] 1603 of 8000 complete in 112.6 sec
[-------          20%                  ] 1610 of 8000 complete in 113.1 sec
[-------          20%                  ] 1618 of 8000 complete in 113.7 sec
[-------          20%                  ] 1626 of 8000 complete in 114.3 sec
[-------          20%                  ] 1633 of 8000 complete in 114.8 sec
[-------          20%                  ] 1641 of 8000 complete in 115.4 sec
[-------          20%                  ] 1648 of 8000 complete in 115.9 sec
[-------          20%                  ] 1655 of 8000 complete in 116.4 sec
[-------          20%                  ] 1662 of 8000 complete in 117.0 sec
[-------          20%                  ] 1669 of 8000 complete in 117.5 sec
[-------          20%                  ] 1677 of 8000 complete in 118.1 sec
[----             11%                  ] 887 of 8000 complete in 60.0 sec
[----             11%                  ] 895 of 8000 complete in 60.5 sec
[----             11%                  ] 903 of 8000 complete in 61.0 sec
[----             11%                  ] 911 of 8000 complete in 61.6 sec
[----             11%                  ] 918 of 8000 complete in 62.1 sec
[----             11%                  ] 927 of 8000 complete in 62.7 sec
[----             11%                  ] 935 of 8000 complete in 63.2 sec
[----             11%                  ] 943 of 8000 complete in 63.8 sec
[----             11%                  ] 951 of 8000 complete in 64.3 sec
[----             11%                  ] 959 of 8000 complete in 64.8 sec
[----             12%                  ] 967 of 8000 complete in 65.4 sec
[----             12%                  ] 975 of 8000 complete in 65.9 sec
[----             12%                  ] 982 of 8000 complete in 66.5 sec
[----             12%                  ] 989 of 8000 complete in 67.0 sec
[----             12%                  ] 996 of 8000 complete in 67.5 sec
[----             12%                  ] 1003 of 8000 complete in 68.1 sec
[----             12%                  ] 1010 of 8000 complete in 68.6 sec
[----             12%                  ] 1017 of 8000 complete in 69.2 sec
[----             12%                  ] 1024 of 8000 complete in 69.7 sec
[----             12%                  ] 1031 of 8000 complete in 70.3 sec
[----             12%                  ] 1039 of 8000 complete in 70.8 sec
[----             13%                  ] 1047 of 8000 complete in 71.4 sec
[-----            13%                  ] 1055 of 8000 complete in 71.9 sec
[-----            13%                  ] 1063 of 8000 complete in 72.4 sec
[-----            13%                  ] 1071 of 8000 complete in 72.9 sec
[-----            13%                  ] 1079 of 8000 complete in 73.5 sec
[-----            13%                  ] 1087 of 8000 complete in 74.0 sec
[-----            13%                  ] 1095 of 8000 complete in 74.6 sec
[-----            13%                  ] 1104 of 8000 complete in 75.1 sec
[-----            13%                  ] 1112 of 8000 complete in 75.7 sec
[-----            14%                  ] 1120 of 8000 complete in 76.2 sec
[-----            14%                  ] 1128 of 8000 complete in 76.7 sec
[-----            14%                  ] 1136 of 8000 complete in 77.3 sec
[-----            14%                  ] 1144 of 8000 complete in 77.8 sec
[-----            14%                  ] 1152 of 8000 complete in 78.3 sec
[-----            14%                  ] 1159 of 8000 complete in 78.9 sec
[-----            14%                  ] 1167 of 8000 complete in 79.4 sec
[-----            14%                  ] 1175 of 8000 complete in 80.0 sec
[-----            14%                  ] 1181 of 8000 complete in 80.5 sec
[-----            14%                  ] 1188 of 8000 complete in 81.0 sec
[-----            14%                  ] 1195 of 8000 complete in 81.5 sec
[-----            15%                  ] 1202 of 8000 complete in 82.1 sec
[-----            15%                  ] 1210 of 8000 complete in 82.7 sec
[-----            15%                  ] 1218 of 8000 complete in 83.2 sec
[-----            15%                  ] 1226 of 8000 complete in 83.8 sec
[-----            15%                  ] 1233 of 8000 complete in 84.3 sec
[-----            15%                  ] 1240 of 8000 complete in 84.8 sec
[-----            15%                  ] 1248 of 8000 complete in 85.3 sec
[-----            15%                  ] 1255 of 8000 complete in 85.9 sec
[-----            15%                  ] 1263 of 8000 complete in 86.4 sec
[------           15%                  ] 1270 of 8000 complete in 86.9 sec
[------           15%                  ] 1278 of 8000 complete in 87.5 sec
[------           16%                  ] 1286 of 8000 complete in 88.0 sec
[------           16%                  ] 1294 of 8000 complete in 88.5 sec
[------           16%                  ] 1302 of 8000 complete in 89.1 sec
[------           16%                  ] 1310 of 8000 complete in 89.6 sec
[------           16%                  ] 1318 of 8000 complete in 90.2 sec
[------           16%                  ] 1327 of 8000 complete in 90.7 sec
[------           16%                  ] 1335 of 8000 complete in 91.3 sec
[------           16%                  ] 1342 of 8000 complete in 91.8 sec
[------           16%                  ] 1349 of 8000 complete in 92.3 sec
[------           16%                  ] 1356 of 8000 complete in 92.8 sec
[------           17%                  ] 1363 of 8000 complete in 93.3 sec
[------           17%                  ] 1370 of 8000 complete in 93.9 sec
[------           17%                  ] 1377 of 8000 complete in 94.4 sec
[------           17%                  ] 1385 of 8000 complete in 94.9 sec
[------           17%                  ] 1393 of 8000 complete in 95.5 sec
[------           17%                  ] 1401 of 8000 complete in 96.0 sec
[------           17%                  ] 1408 of 8000 complete in 96.6 sec
[------           17%                  ] 1416 of 8000 complete in 97.1 sec
[------           17%                  ] 1424 of 8000 complete in 97.6 sec
[------           17%                  ] 1431 of 8000 complete in 98.2 sec
[------           17%                  ] 1438 of 8000 complete in 98.7 sec
[------           18%                  ] 1446 of 8000 complete in 99.2 sec
[------           18%                  ] 1454 of 8000 complete in 99.8 sec
[------           18%                  ] 1462 of 8000 complete in 100.3 sec
[------           18%                  ] 1469 of 8000 complete in 100.9 sec
[-------          18%                  ] 1476 of 8000 complete in 101.4 sec
[-------          18%                  ] 1484 of 8000 complete in 101.9 sec
[-------          18%                  ] 1491 of 8000 complete in 102.5 sec
[-------          18%                  ] 1499 of 8000 complete in 103.0 sec
[-------          18%                  ] 1508 of 8000 complete in 103.6 sec
[-------          18%                  ] 1516 of 8000 complete in 104.1 sec
[-------          19%                  ] 1525 of 8000 complete in 104.7 sec
[-------          19%                  ] 1533 of 8000 complete in 105.2 sec
[-------          19%                  ] 1541 of 8000 complete in 105.7 sec
[-------          19%                  ] 1549 of 8000 complete in 106.3 sec
[-------          19%                  ] 1557 of 8000 complete in 106.8 sec
[-------          19%                  ] 1565 of 8000 complete in 107.3 sec
[-------          19%                  ] 1573 of 8000 complete in 107.9 sec
[-------          19%                  ] 1581 of 8000 complete in 108.5 sec
[-------          19%                  ] 1589 of 8000 complete in 109.0 sec
[-------          19%                  ] 1598 of 8000 complete in 109.5 sec
[-------          20%                  ] 1606 of 8000 complete in 110.1 sec
[-------          20%                  ] 1613 of 8000 complete in 110.6 sec
[-------          20%                  ] 1620 of 8000 complete in 111.2 sec
[-------          20%                  ] 1627 of 8000 complete in 111.7 sec
[-------          20%                  ] 1634 of 8000 complete in 112.2 sec
[-------          20%                  ] 1642 of 8000 complete in 112.8 sec
[-------          20%                  ] 1649 of 8000 complete in 113.3 sec
[-------          20%                  ] 1656 of 8000 complete in 113.8 sec
[-------          20%                  ] 1663 of 8000 complete in 114.3 sec
[-------          20%                  ] 1671 of 8000 complete in 114.9 sec
[-------          20%                  ] 1679 of 8000 complete in 115.4 sec
[--------         21%                  ] 1687 of 8000 complete in 116.0 sec
[--------         21%                  ] 1694 of 8000 complete in 116.5 sec
[--------         21%                  ] 1702 of 8000 complete in 117.1 sec
[--------         21%                  ] 1709 of 8000 complete in 117.6 sec
[----             10%                  ] 868 of 8000 complete in 59.9 sec
[----             10%                  ] 876 of 8000 complete in 60.4 sec
[----             11%                  ] 884 of 8000 complete in 61.0 sec
[----             11%                  ] 893 of 8000 complete in 61.6 sec
[----             11%                  ] 901 of 8000 complete in 62.1 sec
[----             11%                  ] 908 of 8000 complete in 62.6 sec
[----             11%                  ] 916 of 8000 complete in 63.2 sec
[----             11%                  ] 923 of 8000 complete in 63.7 sec
[----             11%                  ] 931 of 8000 complete in 64.3 sec
[----             11%                  ] 939 of 8000 complete in 64.8 sec
[----             11%                  ] 947 of 8000 complete in 65.3 sec
[----             11%                  ] 955 of 8000 complete in 65.9 sec
[----             12%                  ] 962 of 8000 complete in 66.4 sec
[----             12%                  ] 969 of 8000 complete in 66.9 sec
[----             12%                  ] 976 of 8000 complete in 67.4 sec
[----             12%                  ] 983 of 8000 complete in 68.0 sec
[----             12%                  ] 990 of 8000 complete in 68.6 sec
[----             12%                  ] 996 of 8000 complete in 69.1 sec
[----             12%                  ] 1003 of 8000 complete in 69.7 sec
[----             12%                  ] 1009 of 8000 complete in 70.2 sec
[----             12%                  ] 1016 of 8000 complete in 70.8 sec
[----             12%                  ] 1024 of 8000 complete in 71.4 sec
[----             12%                  ] 1032 of 8000 complete in 71.9 sec
[----             13%                  ] 1040 of 8000 complete in 72.4 sec
[----             13%                  ] 1048 of 8000 complete in 73.0 sec
[-----            13%                  ] 1056 of 8000 complete in 73.5 sec
[-----            13%                  ] 1064 of 8000 complete in 74.0 sec
[-----            13%                  ] 1072 of 8000 complete in 74.6 sec
[-----            13%                  ] 1080 of 8000 complete in 75.1 sec
[-----            13%                  ] 1088 of 8000 complete in 75.6 sec
[-----            13%                  ] 1095 of 8000 complete in 76.1 sec
[-----            13%                  ] 1103 of 8000 complete in 76.7 sec
[-----            13%                  ] 1111 of 8000 complete in 77.2 sec
[-----            13%                  ] 1119 of 8000 complete in 77.8 sec
[-----            14%                  ] 1126 of 8000 complete in 78.3 sec
[-----            14%                  ] 1133 of 8000 complete in 78.8 sec
[-----            14%                  ] 1141 of 8000 complete in 79.3 sec
[-----            14%                  ] 1148 of 8000 complete in 79.9 sec
[-----            14%                  ] 1155 of 8000 complete in 80.4 sec
[-----            14%                  ] 1162 of 8000 complete in 81.0 sec
[-----            14%                  ] 1169 of 8000 complete in 81.6 sec
[-----            14%                  ] 1177 of 8000 complete in 82.1 sec
[-----            14%                  ] 1184 of 8000 complete in 82.7 sec
[-----            14%                  ] 1191 of 8000 complete in 83.2 sec
[-----            14%                  ] 1198 of 8000 complete in 83.7 sec
[-----            15%                  ] 1205 of 8000 complete in 84.2 sec
[-----            15%                  ] 1212 of 8000 complete in 84.7 sec
[-----            15%                  ] 1219 of 8000 complete in 85.3 sec
[-----            15%                  ] 1227 of 8000 complete in 85.8 sec
[-----            15%                  ] 1234 of 8000 complete in 86.4 sec
[-----            15%                  ] 1241 of 8000 complete in 86.9 sec
[-----            15%                  ] 1249 of 8000 complete in 87.4 sec
[-----            15%                  ] 1256 of 8000 complete in 87.9 sec
[-----            15%                  ] 1263 of 8000 complete in 88.4 sec
[------           15%                  ] 1271 of 8000 complete in 89.0 sec
[------           15%                  ] 1279 of 8000 complete in 89.5 sec
[------           16%                  ] 1286 of 8000 complete in 90.0 sec
[------           16%                  ] 1294 of 8000 complete in 90.5 sec
[------           16%                  ] 1302 of 8000 complete in 91.0 sec
[------           16%                  ] 1310 of 8000 complete in 91.6 sec
[------           16%                  ] 1317 of 8000 complete in 92.2 sec
[------           16%                  ] 1324 of 8000 complete in 92.7 sec
[------           16%                  ] 1331 of 8000 complete in 93.3 sec
[------           16%                  ] 1338 of 8000 complete in 93.8 sec
[------           16%                  ] 1345 of 8000 complete in 94.3 sec
[------           16%                  ] 1353 of 8000 complete in 94.9 sec
[------           17%                  ] 1360 of 8000 complete in 95.4 sec
[------           17%                  ] 1368 of 8000 complete in 95.9 sec
[------           17%                  ] 1375 of 8000 complete in 96.5 sec
[------           17%                  ] 1382 of 8000 complete in 97.0 sec
[------           17%                  ] 1390 of 8000 complete in 97.5 sec
[------           17%                  ] 1397 of 8000 complete in 98.1 sec
[------           17%                  ] 1404 of 8000 complete in 98.6 sec
[------           17%                  ] 1411 of 8000 complete in 99.1 sec
[------           17%                  ] 1418 of 8000 complete in 99.7 sec
[------           17%                  ] 1426 of 8000 complete in 100.2 sec
[------           17%                  ] 1433 of 8000 complete in 100.7 sec
[------           18%                  ] 1440 of 8000 complete in 101.3 sec
[------           18%                  ] 1447 of 8000 complete in 101.8 sec
[------           18%                  ] 1454 of 8000 complete in 102.4 sec
[------           18%                  ] 1461 of 8000 complete in 102.9 sec
[------           18%                  ] 1469 of 8000 complete in 103.4 sec
[-------          18%                  ] 1478 of 8000 complete in 104.0 sec
[-------          18%                  ] 1486 of 8000 complete in 104.5 sec
[-------          18%                  ] 1494 of 8000 complete in 105.1 sec
[-------          18%                  ] 1502 of 8000 complete in 105.6 sec
[-------          18%                  ] 1510 of 8000 complete in 106.1 sec
[-------          18%                  ] 1518 of 8000 complete in 106.6 sec
[-------          19%                  ] 1526 of 8000 complete in 107.2 sec
[-------          19%                  ] 1534 of 8000 complete in 107.8 sec
[-------          19%                  ] 1541 of 8000 complete in 108.3 sec
[-------          19%                  ] 1549 of 8000 complete in 108.8 sec
[-------          19%                  ] 1557 of 8000 complete in 109.3 sec
[-------          19%                  ] 1565 of 8000 complete in 109.8 sec
[-------          19%                  ] 1573 of 8000 complete in 110.4 sec
[-------          19%                  ] 1579 of 8000 complete in 110.9 sec
[-------          19%                  ] 1586 of 8000 complete in 111.5 sec
[-------          19%                  ] 1592 of 8000 complete in 112.0 sec
[-------          19%                  ] 1598 of 8000 complete in 112.5 sec
[-------          20%                  ] 1606 of 8000 complete in 113.1 sec
[-------          20%                  ] 1613 of 8000 complete in 113.6 sec
[-------          20%                  ] 1621 of 8000 complete in 114.2 sec
[-------          20%                  ] 1628 of 8000 complete in 114.7 sec
[-------          20%                  ] 1635 of 8000 complete in 115.2 sec
[-------          20%                  ] 1643 of 8000 complete in 115.8 sec
[-------          20%                  ] 1650 of 8000 complete in 116.3 sec
[-------          20%                  ] 1658 of 8000 complete in 116.8 sec
[-------          20%                  ] 1665 of 8000 complete in 117.4 sec
[-------          20%                  ] 1673 of 8000 complete in 117.9 sec
[--------         21%                  ] 1702 of 8000 complete in 118.3 sec
[--------         21%                  ] 1710 of 8000 complete in 118.8 sec
[--------         21%                  ] 1718 of 8000 complete in 119.4 sec
[--------         21%                  ] 1725 of 8000 complete in 119.9 sec
[--------         21%                  ] 1732 of 8000 complete in 120.4 sec
[--------         21%                  ] 1739 of 8000 complete in 120.9 sec
[--------         21%                  ] 1746 of 8000 complete in 121.4 sec
[--------         21%                  ] 1754 of 8000 complete in 122.0 sec
[--------         22%                  ] 1761 of 8000 complete in 122.5 sec
[--------         22%                  ] 1767 of 8000 complete in 123.0 sec
[--------         22%                  ] 1774 of 8000 complete in 123.5 sec
[--------         22%                  ] 1782 of 8000 complete in 124.1 sec
[--------         22%                  ] 1789 of 8000 complete in 124.6 sec
[--------         22%                  ] 1797 of 8000 complete in 125.1 sec
[--------         22%                  ] 1805 of 8000 complete in 125.7 sec
[--------         22%                  ] 1812 of 8000 complete in 126.2 sec
[--------         22%                  ] 1820 of 8000 complete in 126.7 sec
[--------         22%                  ] 1827 of 8000 complete in 127.2 sec
[--------         22%                  ] 1835 of 8000 complete in 127.8 sec
[--------         23%                  ] 1843 of 8000 complete in 128.3 sec
[--------         23%                  ] 1851 of 8000 complete in 128.8 sec
[--------         23%                  ] 1859 of 8000 complete in 129.3 sec
[--------         23%                  ] 1867 of 8000 complete in 129.8 sec
[--------         23%                  ] 1876 of 8000 complete in 130.4 sec
[--------         23%                  ] 1884 of 8000 complete in 130.9 sec
[--------         23%                  ] 1893 of 8000 complete in 131.5 sec
[---------        23%                  ] 1901 of 8000 complete in 132.0 sec
[---------        23%                  ] 1909 of 8000 complete in 132.5 sec
[---------        23%                  ] 1917 of 8000 complete in 133.1 sec
[---------        24%                  ] 1925 of 8000 complete in 133.6 sec
[---------        24%                  ] 1933 of 8000 complete in 134.2 sec
[---------        24%                  ] 1941 of 8000 complete in 134.7 sec
[---------        24%                  ] 1949 of 8000 complete in 135.3 sec
[---------        24%                  ] 1955 of 8000 complete in 135.8 sec
[---------        24%                  ] 1961 of 8000 complete in 136.4 sec
[---------        24%                  ] 1968 of 8000 complete in 136.9 sec
[---------        24%                  ] 1975 of 8000 complete in 137.4 sec
[---------        24%                  ] 1984 of 8000 complete in 137.9 sec
[---------        24%                  ] 1993 of 8000 complete in 138.5 sec
[---------        25%                  ] 2001 of 8000 complete in 139.0 sec
[---------        25%                  ] 2009 of 8000 complete in 139.6 sec
[---------        25%                  ] 2018 of 8000 complete in 140.1 sec
[---------        25%                  ] 2026 of 8000 complete in 140.6 sec
[---------        25%                  ] 2034 of 8000 complete in 141.2 sec
[---------        25%                  ] 2042 of 8000 complete in 141.7 sec
[---------        25%                  ] 2050 of 8000 complete in 142.2 sec
[---------        25%                  ] 2057 of 8000 complete in 142.7 sec
[---------        25%                  ] 2065 of 8000 complete in 143.3 sec
[---------        25%                  ] 2073 of 8000 complete in 143.8 sec
[---------        26%                  ] 2081 of 8000 complete in 144.4 sec
[---------        26%                  ] 2088 of 8000 complete in 144.9 sec
[---------        26%                  ] 2096 of 8000 complete in 145.5 sec
[---------        26%                  ] 2104 of 8000 complete in 146.0 sec
[----------       26%                  ] 2112 of 8000 complete in 146.5 sec
[----------       26%                  ] 2120 of 8000 complete in 147.1 sec
[----------       26%                  ] 2128 of 8000 complete in 147.7 sec
[----------       26%                  ] 2136 of 8000 complete in 148.2 sec
[----------       26%                  ] 2144 of 8000 complete in 148.8 sec
[----------       26%                  ] 2151 of 8000 complete in 149.3 sec
[----------       26%                  ] 2159 of 8000 complete in 149.8 sec
[----------       27%                  ] 2167 of 8000 complete in 150.3 sec
[----------       27%                  ] 2175 of 8000 complete in 150.8 sec
[----------       27%                  ] 2183 of 8000 complete in 151.3 sec
[----------       27%                  ] 2191 of 8000 complete in 151.9 sec
[----------       27%                  ] 2198 of 8000 complete in 152.4 sec
[----------       27%                  ] 2205 of 8000 complete in 152.9 sec
[----------       27%                  ] 2213 of 8000 complete in 153.5 sec
[----------       27%                  ] 2221 of 8000 complete in 154.0 sec
[----------       27%                  ] 2228 of 8000 complete in 154.6 sec
[----------       27%                  ] 2235 of 8000 complete in 155.1 sec
[----------       28%                  ] 2243 of 8000 complete in 155.6 sec
[----------       28%                  ] 2251 of 8000 complete in 156.2 sec
[----------       28%                  ] 2259 of 8000 complete in 156.7 sec
[----------       28%                  ] 2267 of 8000 complete in 157.2 sec
[----------       28%                  ] 2275 of 8000 complete in 157.7 sec
[----------       28%                  ] 2283 of 8000 complete in 158.2 sec
[----------       28%                  ] 2291 of 8000 complete in 158.7 sec
[----------       28%                  ] 2299 of 8000 complete in 159.3 sec
[----------       28%                  ] 2307 of 8000 complete in 159.8 sec
[-----------      28%                  ] 2316 of 8000 complete in 160.3 sec
[-----------      29%                  ] 2324 of 8000 complete in 160.9 sec
[-----------      29%                  ] 2332 of 8000 complete in 161.4 sec
[-----------      29%                  ] 2340 of 8000 complete in 162.0 sec
[-----------      29%                  ] 2348 of 8000 complete in 162.5 sec
[-----------      29%                  ] 2356 of 8000 complete in 163.0 sec
[-----------      29%                  ] 2364 of 8000 complete in 163.6 sec
[-----------      29%                  ] 2372 of 8000 complete in 164.1 sec
[-----------      29%                  ] 2380 of 8000 complete in 164.7 sec
[-----------      29%                  ] 2388 of 8000 complete in 165.2 sec
[-----------      29%                  ] 2397 of 8000 complete in 165.7 sec
[-----------      30%                  ] 2405 of 8000 complete in 166.3 sec
[-----------      30%                  ] 2413 of 8000 complete in 166.8 sec
[-----------      30%                  ] 2421 of 8000 complete in 167.3 sec
[-----------      30%                  ] 2429 of 8000 complete in 167.8 sec
[-----------      30%                  ] 2438 of 8000 complete in 168.4 sec
[-----------      30%                  ] 2447 of 8000 complete in 169.0 sec
[-----------      30%                  ] 2455 of 8000 complete in 169.5 sec
[-----------      30%                  ] 2463 of 8000 complete in 170.0 sec
[-----------      30%                  ] 2471 of 8000 complete in 170.5 sec
[-----------      30%                  ] 2478 of 8000 complete in 171.0 sec
[-----------      31%                  ] 2486 of 8000 complete in 171.5 sec
[-----------      31%                  ] 2493 of 8000 complete in 172.1 sec
[-----------      31%                  ] 2501 of 8000 complete in 172.7 sec
[-----------      31%                  ] 2509 of 8000 complete in 173.2 sec
[-----------      31%                  ] 2517 of 8000 complete in 173.7 sec
[-----------      31%                  ] 2524 of 8000 complete in 174.3 sec
[------------     31%                  ] 2532 of 8000 complete in 174.8 sec
[--------         21%                  ] 1717 of 8000 complete in 118.1 sec
[--------         21%                  ] 1725 of 8000 complete in 118.7 sec
[--------         21%                  ] 1733 of 8000 complete in 119.2 sec
[--------         21%                  ] 1741 of 8000 complete in 119.8 sec
[--------         21%                  ] 1749 of 8000 complete in 120.3 sec
[--------         21%                  ] 1757 of 8000 complete in 120.9 sec
[--------         22%                  ] 1764 of 8000 complete in 121.4 sec
[--------         22%                  ] 1772 of 8000 complete in 121.9 sec
[--------         22%                  ] 1779 of 8000 complete in 122.5 sec
[--------         22%                  ] 1786 of 8000 complete in 123.0 sec
[--------         22%                  ] 1794 of 8000 complete in 123.6 sec
[--------         22%                  ] 1802 of 8000 complete in 124.1 sec
[--------         22%                  ] 1810 of 8000 complete in 124.6 sec
[--------         22%                  ] 1818 of 8000 complete in 125.2 sec
[--------         22%                  ] 1825 of 8000 complete in 125.7 sec
[--------         22%                  ] 1832 of 8000 complete in 126.2 sec
[--------         22%                  ] 1839 of 8000 complete in 126.7 sec
[--------         23%                  ] 1847 of 8000 complete in 127.2 sec
[--------         23%                  ] 1856 of 8000 complete in 127.7 sec
[--------         23%                  ] 1865 of 8000 complete in 128.3 sec
[--------         23%                  ] 1874 of 8000 complete in 128.8 sec
[--------         23%                  ] 1882 of 8000 complete in 129.3 sec
[--------         23%                  ] 1890 of 8000 complete in 129.8 sec
[---------        23%                  ] 1898 of 8000 complete in 130.4 sec
[---------        23%                  ] 1906 of 8000 complete in 130.9 sec
[---------        23%                  ] 1915 of 8000 complete in 131.4 sec
[---------        24%                  ] 1923 of 8000 complete in 132.0 sec
[---------        24%                  ] 1931 of 8000 complete in 132.5 sec
[---------        24%                  ] 1939 of 8000 complete in 133.1 sec
[---------        24%                  ] 1947 of 8000 complete in 133.6 sec
[---------        24%                  ] 1955 of 8000 complete in 134.2 sec
[---------        24%                  ] 1963 of 8000 complete in 134.7 sec
[---------        24%                  ] 1969 of 8000 complete in 135.2 sec
[---------        24%                  ] 1975 of 8000 complete in 135.7 sec
[---------        24%                  ] 1982 of 8000 complete in 136.2 sec
[---------        24%                  ] 1990 of 8000 complete in 136.8 sec
[---------        24%                  ] 1999 of 8000 complete in 137.3 sec
[---------        25%                  ] 2008 of 8000 complete in 137.9 sec
[---------        25%                  ] 2016 of 8000 complete in 138.4 sec
[---------        25%                  ] 2025 of 8000 complete in 139.0 sec
[---------        25%                  ] 2034 of 8000 complete in 139.5 sec
[---------        25%                  ] 2042 of 8000 complete in 140.0 sec
[---------        25%                  ] 2050 of 8000 complete in 140.5 sec
[---------        25%                  ] 2058 of 8000 complete in 141.1 sec
[---------        25%                  ] 2065 of 8000 complete in 141.6 sec
[---------        25%                  ] 2073 of 8000 complete in 142.1 sec
[---------        26%                  ] 2081 of 8000 complete in 142.7 sec
[---------        26%                  ] 2089 of 8000 complete in 143.2 sec
[---------        26%                  ] 2097 of 8000 complete in 143.8 sec
[---------        26%                  ] 2105 of 8000 complete in 144.3 sec
[----------       26%                  ] 2113 of 8000 complete in 144.9 sec
[----------       26%                  ] 2120 of 8000 complete in 145.4 sec
[----------       26%                  ] 2128 of 8000 complete in 145.9 sec
[----------       26%                  ] 2136 of 8000 complete in 146.5 sec
[----------       26%                  ] 2144 of 8000 complete in 147.0 sec
[----------       26%                  ] 2151 of 8000 complete in 147.5 sec
[----------       26%                  ] 2159 of 8000 complete in 148.0 sec
[----------       27%                  ] 2167 of 8000 complete in 148.5 sec
[----------       27%                  ] 2175 of 8000 complete in 149.1 sec
[----------       27%                  ] 2183 of 8000 complete in 149.6 sec
[----------       27%                  ] 2191 of 8000 complete in 150.1 sec
[----------       27%                  ] 2199 of 8000 complete in 150.7 sec
[----------       27%                  ] 2207 of 8000 complete in 151.2 sec
[----------       27%                  ] 2215 of 8000 complete in 151.7 sec
[----------       27%                  ] 2222 of 8000 complete in 152.3 sec
[----------       27%                  ] 2230 of 8000 complete in 152.8 sec
[----------       27%                  ] 2238 of 8000 complete in 153.3 sec
[----------       28%                  ] 2246 of 8000 complete in 153.9 sec
[----------       28%                  ] 2253 of 8000 complete in 154.4 sec
[----------       28%                  ] 2261 of 8000 complete in 154.9 sec
[----------       28%                  ] 2269 of 8000 complete in 155.5 sec
[----------       28%                  ] 2278 of 8000 complete in 156.0 sec
[----------       28%                  ] 2286 of 8000 complete in 156.5 sec
[----------       28%                  ] 2294 of 8000 complete in 157.1 sec
[----------       28%                  ] 2303 of 8000 complete in 157.6 sec
[----------       28%                  ] 2311 of 8000 complete in 158.1 sec
[-----------      28%                  ] 2319 of 8000 complete in 158.7 sec
[-----------      29%                  ] 2327 of 8000 complete in 159.2 sec
[-----------      29%                  ] 2335 of 8000 complete in 159.7 sec
[-----------      29%                  ] 2342 of 8000 complete in 160.2 sec
[-----------      29%                  ] 2350 of 8000 complete in 160.8 sec
[-----------      29%                  ] 2358 of 8000 complete in 161.3 sec
[-----------      29%                  ] 2367 of 8000 complete in 161.9 sec
[-----------      29%                  ] 2375 of 8000 complete in 162.4 sec
[-----------      29%                  ] 2384 of 8000 complete in 162.9 sec
[-----------      29%                  ] 2392 of 8000 complete in 163.5 sec
[-----------      30%                  ] 2400 of 8000 complete in 164.0 sec
[-----------      30%                  ] 2408 of 8000 complete in 164.6 sec
[-----------      30%                  ] 2417 of 8000 complete in 165.1 sec
[-----------      30%                  ] 2425 of 8000 complete in 165.6 sec
[-----------      30%                  ] 2433 of 8000 complete in 166.2 sec
[-----------      30%                  ] 2441 of 8000 complete in 166.7 sec
[-----------      30%                  ] 2449 of 8000 complete in 167.2 sec
[-----------      30%                  ] 2457 of 8000 complete in 167.7 sec
[-----------      30%                  ] 2466 of 8000 complete in 168.3 sec
[-----------      30%                  ] 2475 of 8000 complete in 168.8 sec
[-----------      31%                  ] 2484 of 8000 complete in 169.4 sec
[-----------      31%                  ] 2492 of 8000 complete in 169.9 sec
[-----------      31%                  ] 2500 of 8000 complete in 170.4 sec
[-----------      31%                  ] 2508 of 8000 complete in 171.0 sec
[-----------      31%                  ] 2516 of 8000 complete in 171.5 sec
[-----------      31%                  ] 2523 of 8000 complete in 172.0 sec
[------------     31%                  ] 2531 of 8000 complete in 172.5 sec
[------------     31%                  ] 2539 of 8000 complete in 173.1 sec
[------------     31%                  ] 2547 of 8000 complete in 173.6 sec
[------------     31%                  ] 2555 of 8000 complete in 174.2 sec
[------------     32%                  ] 2563 of 8000 complete in 174.7 sec
[-------          21%                  ] 1681 of 8000 complete in 118.5 sec
[--------         21%                  ] 1689 of 8000 complete in 119.0 sec
[--------         21%                  ] 1696 of 8000 complete in 119.6 sec
[--------         21%                  ] 1704 of 8000 complete in 120.1 sec
[--------         21%                  ] 1712 of 8000 complete in 120.7 sec
[--------         21%                  ] 1719 of 8000 complete in 121.2 sec
[--------         21%                  ] 1726 of 8000 complete in 121.7 sec
[--------         21%                  ] 1733 of 8000 complete in 122.3 sec
[--------         21%                  ] 1739 of 8000 complete in 122.8 sec
[--------         21%                  ] 1746 of 8000 complete in 123.4 sec
[--------         21%                  ] 1754 of 8000 complete in 123.9 sec
[--------         22%                  ] 1762 of 8000 complete in 124.4 sec
[--------         22%                  ] 1769 of 8000 complete in 125.0 sec
[--------         22%                  ] 1777 of 8000 complete in 125.5 sec
[--------         22%                  ] 1784 of 8000 complete in 126.1 sec
[--------         22%                  ] 1791 of 8000 complete in 126.6 sec
[--------         22%                  ] 1798 of 8000 complete in 127.1 sec
[--------         22%                  ] 1806 of 8000 complete in 127.7 sec
[--------         22%                  ] 1815 of 8000 complete in 128.2 sec
[--------         22%                  ] 1824 of 8000 complete in 128.7 sec
[--------         22%                  ] 1832 of 8000 complete in 129.3 sec
[--------         23%                  ] 1841 of 8000 complete in 129.8 sec
[--------         23%                  ] 1850 of 8000 complete in 130.4 sec
[--------         23%                  ] 1858 of 8000 complete in 130.9 sec
[--------         23%                  ] 1866 of 8000 complete in 131.4 sec
[--------         23%                  ] 1874 of 8000 complete in 131.9 sec
[--------         23%                  ] 1881 of 8000 complete in 132.4 sec
[--------         23%                  ] 1889 of 8000 complete in 133.0 sec
[---------        23%                  ] 1897 of 8000 complete in 133.6 sec
[---------        23%                  ] 1905 of 8000 complete in 134.1 sec
[---------        23%                  ] 1912 of 8000 complete in 134.6 sec
[---------        23%                  ] 1919 of 8000 complete in 135.1 sec
[---------        24%                  ] 1925 of 8000 complete in 135.6 sec
[---------        24%                  ] 1931 of 8000 complete in 136.2 sec
[---------        24%                  ] 1938 of 8000 complete in 136.7 sec
[---------        24%                  ] 1946 of 8000 complete in 137.3 sec
[---------        24%                  ] 1954 of 8000 complete in 137.8 sec
[---------        24%                  ] 1962 of 8000 complete in 138.3 sec
[---------        24%                  ] 1971 of 8000 complete in 138.9 sec
[---------        24%                  ] 1979 of 8000 complete in 139.4 sec
[---------        24%                  ] 1988 of 8000 complete in 139.9 sec
[---------        24%                  ] 1996 of 8000 complete in 140.5 sec
[---------        25%                  ] 2004 of 8000 complete in 141.0 sec
[---------        25%                  ] 2012 of 8000 complete in 141.5 sec
[---------        25%                  ] 2020 of 8000 complete in 142.1 sec
[---------        25%                  ] 2027 of 8000 complete in 142.6 sec
[---------        25%                  ] 2035 of 8000 complete in 143.2 sec
[---------        25%                  ] 2042 of 8000 complete in 143.7 sec
[---------        25%                  ] 2050 of 8000 complete in 144.2 sec
[---------        25%                  ] 2058 of 8000 complete in 144.8 sec
[---------        25%                  ] 2066 of 8000 complete in 145.3 sec
[---------        25%                  ] 2074 of 8000 complete in 145.9 sec
[---------        26%                  ] 2082 of 8000 complete in 146.5 sec
[---------        26%                  ] 2090 of 8000 complete in 147.0 sec
[---------        26%                  ] 2097 of 8000 complete in 147.6 sec
[---------        26%                  ] 2105 of 8000 complete in 148.1 sec
[----------       26%                  ] 2113 of 8000 complete in 148.7 sec
[----------       26%                  ] 2121 of 8000 complete in 149.2 sec
[----------       26%                  ] 2130 of 8000 complete in 149.8 sec
[----------       26%                  ] 2138 of 8000 complete in 150.3 sec
[----------       26%                  ] 2146 of 8000 complete in 150.8 sec
[----------       26%                  ] 2154 of 8000 complete in 151.3 sec
[----------       27%                  ] 2162 of 8000 complete in 151.9 sec
[----------       27%                  ] 2169 of 8000 complete in 152.4 sec
[----------       27%                  ] 2177 of 8000 complete in 153.0 sec
[----------       27%                  ] 2184 of 8000 complete in 153.5 sec
[----------       27%                  ] 2191 of 8000 complete in 154.0 sec
[----------       27%                  ] 2198 of 8000 complete in 154.5 sec
[----------       27%                  ] 2206 of 8000 complete in 155.0 sec
[----------       27%                  ] 2213 of 8000 complete in 155.5 sec
[----------       27%                  ] 2221 of 8000 complete in 156.1 sec
[----------       27%                  ] 2229 of 8000 complete in 156.6 sec
[----------       27%                  ] 2237 of 8000 complete in 157.1 sec
[----------       28%                  ] 2245 of 8000 complete in 157.6 sec
[----------       28%                  ] 2253 of 8000 complete in 158.2 sec
[----------       28%                  ] 2261 of 8000 complete in 158.7 sec
[----------       28%                  ] 2269 of 8000 complete in 159.2 sec
[----------       28%                  ] 2278 of 8000 complete in 159.8 sec
[----------       28%                  ] 2286 of 8000 complete in 160.3 sec
[----------       28%                  ] 2294 of 8000 complete in 160.8 sec
[----------       28%                  ] 2301 of 8000 complete in 161.4 sec
[----------       28%                  ] 2309 of 8000 complete in 161.9 sec
[-----------      28%                  ] 2317 of 8000 complete in 162.4 sec
[-----------      29%                  ] 2326 of 8000 complete in 163.0 sec
[-----------      29%                  ] 2334 of 8000 complete in 163.5 sec
[-----------      29%                  ] 2342 of 8000 complete in 164.0 sec
[-----------      29%                  ] 2349 of 8000 complete in 164.6 sec
[-----------      29%                  ] 2357 of 8000 complete in 165.1 sec
[-----------      29%                  ] 2365 of 8000 complete in 165.6 sec
[-----------      29%                  ] 2374 of 8000 complete in 166.1 sec
[-----------      29%                  ] 2382 of 8000 complete in 166.7 sec
[-----------      29%                  ] 2390 of 8000 complete in 167.2 sec
[-----------      29%                  ] 2398 of 8000 complete in 167.8 sec
[-----------      30%                  ] 2407 of 8000 complete in 168.3 sec
[-----------      30%                  ] 2415 of 8000 complete in 168.8 sec
[-----------      30%                  ] 2424 of 8000 complete in 169.4 sec
[-----------      30%                  ] 2433 of 8000 complete in 169.9 sec
[-----------      30%                  ] 2441 of 8000 complete in 170.5 sec
[-----------      30%                  ] 2448 of 8000 complete in 171.0 sec
[-----------      30%                  ] 2456 of 8000 complete in 171.5 sec
[-----------      30%                  ] 2464 of 8000 complete in 172.1 sec
[-----------      30%                  ] 2471 of 8000 complete in 172.6 sec
[-----------      30%                  ] 2478 of 8000 complete in 173.1 sec
[-----------      31%                  ] 2486 of 8000 complete in 173.7 sec
[-----------      31%                  ] 2493 of 8000 complete in 174.2 sec
[-----------      31%                  ] 2501 of 8000 complete in 174.7 sec
[-----------      31%                  ] 2508 of 8000 complete in 175.2 sec
[--------         21%                  ] 1685 of 8000 complete in 118.6 sec
[--------         21%                  ] 1693 of 8000 complete in 119.2 sec
[--------         21%                  ] 1700 of 8000 complete in 119.7 sec
[--------         21%                  ] 1707 of 8000 complete in 120.2 sec
[--------         21%                  ] 1715 of 8000 complete in 120.8 sec
[--------         21%                  ] 1722 of 8000 complete in 121.3 sec
[--------         21%                  ] 1729 of 8000 complete in 121.9 sec
[--------         21%                  ] 1735 of 8000 complete in 122.4 sec
[--------         21%                  ] 1741 of 8000 complete in 122.9 sec
[--------         21%                  ] 1748 of 8000 complete in 123.4 sec
[--------         21%                  ] 1755 of 8000 complete in 123.9 sec
[--------         22%                  ] 1762 of 8000 complete in 124.5 sec
[--------         22%                  ] 1770 of 8000 complete in 125.0 sec
[--------         22%                  ] 1777 of 8000 complete in 125.5 sec
[--------         22%                  ] 1784 of 8000 complete in 126.1 sec
[--------         22%                  ] 1791 of 8000 complete in 126.6 sec
[--------         22%                  ] 1799 of 8000 complete in 127.2 sec
[--------         22%                  ] 1807 of 8000 complete in 127.7 sec
[--------         22%                  ] 1815 of 8000 complete in 128.3 sec
[--------         22%                  ] 1824 of 8000 complete in 128.8 sec
[--------         22%                  ] 1833 of 8000 complete in 129.4 sec
[--------         23%                  ] 1841 of 8000 complete in 129.9 sec
[--------         23%                  ] 1849 of 8000 complete in 130.4 sec
[--------         23%                  ] 1857 of 8000 complete in 130.9 sec
[--------         23%                  ] 1865 of 8000 complete in 131.5 sec
[--------         23%                  ] 1873 of 8000 complete in 132.0 sec
[--------         23%                  ] 1881 of 8000 complete in 132.6 sec
[--------         23%                  ] 1889 of 8000 complete in 133.1 sec
[---------        23%                  ] 1897 of 8000 complete in 133.7 sec
[---------        23%                  ] 1905 of 8000 complete in 134.2 sec
[---------        23%                  ] 1913 of 8000 complete in 134.8 sec
[---------        24%                  ] 1920 of 8000 complete in 135.4 sec
[---------        24%                  ] 1926 of 8000 complete in 135.9 sec
[---------        24%                  ] 1933 of 8000 complete in 136.5 sec
[---------        24%                  ] 1941 of 8000 complete in 137.0 sec
[---------        24%                  ] 1949 of 8000 complete in 137.6 sec
[---------        24%                  ] 1957 of 8000 complete in 138.1 sec
[---------        24%                  ] 1965 of 8000 complete in 138.7 sec
[---------        24%                  ] 1973 of 8000 complete in 139.2 sec
[---------        24%                  ] 1981 of 8000 complete in 139.7 sec
[---------        24%                  ] 1989 of 8000 complete in 140.2 sec
[---------        24%                  ] 1996 of 8000 complete in 140.7 sec
[---------        25%                  ] 2004 of 8000 complete in 141.3 sec
[---------        25%                  ] 2012 of 8000 complete in 141.8 sec
[---------        25%                  ] 2019 of 8000 complete in 142.3 sec
[---------        25%                  ] 2027 of 8000 complete in 142.9 sec
[---------        25%                  ] 2034 of 8000 complete in 143.4 sec
[---------        25%                  ] 2042 of 8000 complete in 143.9 sec
[---------        25%                  ] 2049 of 8000 complete in 144.4 sec
[---------        25%                  ] 2057 of 8000 complete in 144.9 sec
[---------        25%                  ] 2064 of 8000 complete in 145.5 sec
[---------        25%                  ] 2072 of 8000 complete in 146.0 sec
[---------        26%                  ] 2080 of 8000 complete in 146.5 sec
[---------        26%                  ] 2087 of 8000 complete in 147.1 sec
[---------        26%                  ] 2094 of 8000 complete in 147.6 sec
[---------        26%                  ] 2102 of 8000 complete in 148.1 sec
[----------       26%                  ] 2110 of 8000 complete in 148.7 sec
[----------       26%                  ] 2118 of 8000 complete in 149.2 sec
[----------       26%                  ] 2126 of 8000 complete in 149.8 sec
[----------       26%                  ] 2134 of 8000 complete in 150.3 sec
[----------       26%                  ] 2142 of 8000 complete in 150.8 sec
[----------       26%                  ] 2150 of 8000 complete in 151.4 sec
[----------       26%                  ] 2157 of 8000 complete in 151.9 sec
[----------       27%                  ] 2164 of 8000 complete in 152.4 sec
[----------       27%                  ] 2172 of 8000 complete in 153.0 sec
[----------       27%                  ] 2180 of 8000 complete in 153.5 sec
[----------       27%                  ] 2187 of 8000 complete in 154.1 sec
[----------       27%                  ] 2194 of 8000 complete in 154.6 sec
[----------       27%                  ] 2202 of 8000 complete in 155.1 sec
[----------       27%                  ] 2209 of 8000 complete in 155.6 sec
[----------       27%                  ] 2217 of 8000 complete in 156.2 sec
[----------       27%                  ] 2225 of 8000 complete in 156.7 sec
[----------       27%                  ] 2234 of 8000 complete in 157.3 sec
[----------       28%                  ] 2242 of 8000 complete in 157.8 sec
[----------       28%                  ] 2250 of 8000 complete in 158.3 sec
[----------       28%                  ] 2259 of 8000 complete in 158.9 sec
[----------       28%                  ] 2267 of 8000 complete in 159.4 sec
[----------       28%                  ] 2275 of 8000 complete in 160.0 sec
[----------       28%                  ] 2282 of 8000 complete in 160.5 sec
[----------       28%                  ] 2290 of 8000 complete in 161.0 sec
[----------       28%                  ] 2298 of 8000 complete in 161.6 sec
[----------       28%                  ] 2306 of 8000 complete in 162.1 sec
[----------       28%                  ] 2314 of 8000 complete in 162.6 sec
[-----------      29%                  ] 2322 of 8000 complete in 163.1 sec
[-----------      29%                  ] 2330 of 8000 complete in 163.7 sec
[-----------      29%                  ] 2338 of 8000 complete in 164.2 sec
[-----------      29%                  ] 2346 of 8000 complete in 164.8 sec
[-----------      29%                  ] 2354 of 8000 complete in 165.3 sec
[-----------      29%                  ] 2362 of 8000 complete in 165.8 sec
[-----------      29%                  ] 2370 of 8000 complete in 166.4 sec
[-----------      29%                  ] 2379 of 8000 complete in 166.9 sec
[-----------      29%                  ] 2388 of 8000 complete in 167.5 sec
[-----------      29%                  ] 2397 of 8000 complete in 168.0 sec
[-----------      30%                  ] 2406 of 8000 complete in 168.5 sec
[-----------      30%                  ] 2415 of 8000 complete in 169.1 sec
[-----------      30%                  ] 2423 of 8000 complete in 169.6 sec
[-----------      30%                  ] 2431 of 8000 complete in 170.1 sec
[-----------      30%                  ] 2439 of 8000 complete in 170.7 sec
[-----------      30%                  ] 2447 of 8000 complete in 171.3 sec
[-----------      30%                  ] 2454 of 8000 complete in 171.8 sec
[-----------      30%                  ] 2461 of 8000 complete in 172.3 sec
[-----------      30%                  ] 2469 of 8000 complete in 172.8 sec
[-----------      30%                  ] 2476 of 8000 complete in 173.3 sec
[-----------      31%                  ] 2483 of 8000 complete in 173.9 sec
[-----------      31%                  ] 2491 of 8000 complete in 174.4 sec
[-----------      31%                  ] 2499 of 8000 complete in 174.9 sec
[-----------      31%                  ] 2505 of 8000 complete in 175.5 sec
[------------     31%                  ] 2540 of 8000 complete in 175.3 sec
[------------     31%                  ] 2546 of 8000 complete in 175.9 sec
[------------     31%                  ] 2553 of 8000 complete in 176.4 sec
[------------     32%                  ] 2560 of 8000 complete in 176.9 sec
[------------     32%                  ] 2566 of 8000 complete in 177.4 sec
[------------     32%                  ] 2572 of 8000 complete in 178.0 sec
[------------     32%                  ] 2579 of 8000 complete in 178.5 sec
[------------     32%                  ] 2587 of 8000 complete in 179.0 sec
[------------     32%                  ] 2595 of 8000 complete in 179.5 sec
[------------     32%                  ] 2603 of 8000 complete in 180.1 sec
[------------     32%                  ] 2611 of 8000 complete in 180.6 sec
[------------     32%                  ] 2619 of 8000 complete in 181.2 sec
[------------     32%                  ] 2627 of 8000 complete in 181.7 sec
[------------     32%                  ] 2635 of 8000 complete in 182.3 sec
[------------     33%                  ] 2642 of 8000 complete in 182.8 sec
[------------     33%                  ] 2650 of 8000 complete in 183.3 sec
[------------     33%                  ] 2659 of 8000 complete in 183.9 sec
[------------     33%                  ] 2667 of 8000 complete in 184.4 sec
[------------     33%                  ] 2676 of 8000 complete in 185.0 sec
[------------     33%                  ] 2685 of 8000 complete in 185.5 sec
[------------     33%                  ] 2693 of 8000 complete in 186.0 sec
[------------     33%                  ] 2702 of 8000 complete in 186.6 sec
[------------     33%                  ] 2710 of 8000 complete in 187.1 sec
[------------     33%                  ] 2718 of 8000 complete in 187.6 sec
[------------     34%                  ] 2726 of 8000 complete in 188.2 sec
[------------     34%                  ] 2734 of 8000 complete in 188.7 sec
[-------------    34%                  ] 2742 of 8000 complete in 189.2 sec
[-------------    34%                  ] 2751 of 8000 complete in 189.8 sec
[-------------    34%                  ] 2760 of 8000 complete in 190.3 sec
[-------------    34%                  ] 2768 of 8000 complete in 190.8 sec
[-------------    34%                  ] 2776 of 8000 complete in 191.4 sec
[-------------    34%                  ] 2784 of 8000 complete in 192.0 sec
[-------------    34%                  ] 2792 of 8000 complete in 192.6 sec
[-------------    35%                  ] 2800 of 8000 complete in 193.1 sec
[-------------    35%                  ] 2808 of 8000 complete in 193.6 sec
[-------------    35%                  ] 2816 of 8000 complete in 194.2 sec
[-------------    35%                  ] 2824 of 8000 complete in 194.7 sec
[-------------    35%                  ] 2832 of 8000 complete in 195.2 sec
[-------------    35%                  ] 2841 of 8000 complete in 195.7 sec
[-------------    35%                  ] 2849 of 8000 complete in 196.3 sec
[-------------    35%                  ] 2857 of 8000 complete in 196.8 sec
[-------------    35%                  ] 2865 of 8000 complete in 197.3 sec
[-------------    35%                  ] 2873 of 8000 complete in 197.9 sec
[-------------    36%                  ] 2881 of 8000 complete in 198.4 sec
[-------------    36%                  ] 2889 of 8000 complete in 198.9 sec
[-------------    36%                  ] 2897 of 8000 complete in 199.4 sec
[-------------    36%                  ] 2906 of 8000 complete in 200.0 sec
[-------------    36%                  ] 2914 of 8000 complete in 200.5 sec
[-------------    36%                  ] 2922 of 8000 complete in 201.0 sec
[-------------    36%                  ] 2930 of 8000 complete in 201.5 sec
[-------------    36%                  ] 2938 of 8000 complete in 202.1 sec
[-------------    36%                  ] 2945 of 8000 complete in 202.6 sec
[--------------   36%                  ] 2952 of 8000 complete in 203.1 sec
[--------------   36%                  ] 2959 of 8000 complete in 203.6 sec
[--------------   37%                  ] 2967 of 8000 complete in 204.2 sec
[--------------   37%                  ] 2975 of 8000 complete in 204.7 sec
[--------------   37%                  ] 2982 of 8000 complete in 205.2 sec
[--------------   37%                  ] 2990 of 8000 complete in 205.8 sec
[--------------   37%                  ] 2998 of 8000 complete in 206.3 sec
[--------------   37%                  ] 3006 of 8000 complete in 206.9 sec
[--------------   37%                  ] 3013 of 8000 complete in 207.4 sec
[--------------   37%                  ] 3021 of 8000 complete in 207.9 sec
[--------------   37%                  ] 3028 of 8000 complete in 208.5 sec
[--------------   37%                  ] 3035 of 8000 complete in 209.0 sec
[--------------   38%                  ] 3042 of 8000 complete in 209.5 sec
[--------------   38%                  ] 3049 of 8000 complete in 210.0 sec
[--------------   38%                  ] 3056 of 8000 complete in 210.5 sec
[--------------   38%                  ] 3064 of 8000 complete in 211.0 sec
[--------------   38%                  ] 3072 of 8000 complete in 211.5 sec
[--------------   38%                  ] 3081 of 8000 complete in 212.1 sec
[--------------   38%                  ] 3089 of 8000 complete in 212.6 sec
[--------------   38%                  ] 3097 of 8000 complete in 213.1 sec
[--------------   38%                  ] 3105 of 8000 complete in 213.6 sec
[--------------   38%                  ] 3113 of 8000 complete in 214.2 sec
[--------------   39%                  ] 3121 of 8000 complete in 214.7 sec
[--------------   39%                  ] 3130 of 8000 complete in 215.3 sec
[--------------   39%                  ] 3138 of 8000 complete in 215.8 sec
[--------------   39%                  ] 3146 of 8000 complete in 216.3 sec
[--------------   39%                  ] 3155 of 8000 complete in 216.9 sec
[---------------  39%                  ] 3163 of 8000 complete in 217.4 sec
[---------------  39%                  ] 3172 of 8000 complete in 218.0 sec
[---------------  39%                  ] 3180 of 8000 complete in 218.5 sec
[---------------  39%                  ] 3189 of 8000 complete in 219.0 sec
[---------------  39%                  ] 3197 of 8000 complete in 219.5 sec
[---------------  40%                  ] 3205 of 8000 complete in 220.1 sec
[---------------  40%                  ] 3213 of 8000 complete in 220.6 sec
[---------------  40%                  ] 3221 of 8000 complete in 221.2 sec
[---------------  40%                  ] 3229 of 8000 complete in 221.7 sec
[---------------  40%                  ] 3238 of 8000 complete in 222.3 sec
[---------------  40%                  ] 3246 of 8000 complete in 222.8 sec
[---------------  40%                  ] 3254 of 8000 complete in 223.4 sec
[---------------  40%                  ] 3262 of 8000 complete in 223.9 sec
[---------------  40%                  ] 3270 of 8000 complete in 224.5 sec
[---------------  40%                  ] 3278 of 8000 complete in 225.0 sec
[---------------  41%                  ] 3287 of 8000 complete in 225.5 sec
[---------------  41%                  ] 3295 of 8000 complete in 226.1 sec
[---------------  41%                  ] 3303 of 8000 complete in 226.6 sec
[---------------  41%                  ] 3311 of 8000 complete in 227.1 sec
[---------------  41%                  ] 3319 of 8000 complete in 227.6 sec
[---------------  41%                  ] 3328 of 8000 complete in 228.1 sec
[---------------  41%                  ] 3336 of 8000 complete in 228.7 sec
[---------------  41%                  ] 3345 of 8000 complete in 229.2 sec
[---------------  41%                  ] 3353 of 8000 complete in 229.8 sec
[---------------  42%                  ] 3362 of 8000 complete in 230.3 sec
[---------------- 42%                  ] 3369 of 8000 complete in 230.8 sec
[---------------- 42%                  ] 3376 of 8000 complete in 231.4 sec
[---------------- 42%                  ] 3383 of 8000 complete in 231.9 sec
[-----------      31%                  ] 2514 of 8000 complete in 175.8 sec
[-----------      31%                  ] 2521 of 8000 complete in 176.3 sec
[------------     31%                  ] 2527 of 8000 complete in 176.8 sec
[------------     31%                  ] 2533 of 8000 complete in 177.4 sec
[------------     31%                  ] 2540 of 8000 complete in 177.9 sec
[------------     31%                  ] 2548 of 8000 complete in 178.5 sec
[------------     31%                  ] 2556 of 8000 complete in 179.0 sec
[------------     32%                  ] 2564 of 8000 complete in 179.5 sec
[------------     32%                  ] 2572 of 8000 complete in 180.1 sec
[------------     32%                  ] 2580 of 8000 complete in 180.6 sec
[------------     32%                  ] 2588 of 8000 complete in 181.2 sec
[------------     32%                  ] 2595 of 8000 complete in 181.7 sec
[------------     32%                  ] 2603 of 8000 complete in 182.2 sec
[------------     32%                  ] 2610 of 8000 complete in 182.8 sec
[------------     32%                  ] 2618 of 8000 complete in 183.3 sec
[------------     32%                  ] 2626 of 8000 complete in 183.8 sec
[------------     32%                  ] 2634 of 8000 complete in 184.3 sec
[------------     33%                  ] 2642 of 8000 complete in 184.9 sec
[------------     33%                  ] 2650 of 8000 complete in 185.4 sec
[------------     33%                  ] 2658 of 8000 complete in 186.0 sec
[------------     33%                  ] 2666 of 8000 complete in 186.5 sec
[------------     33%                  ] 2674 of 8000 complete in 187.0 sec
[------------     33%                  ] 2683 of 8000 complete in 187.6 sec
[------------     33%                  ] 2691 of 8000 complete in 188.1 sec
[------------     33%                  ] 2699 of 8000 complete in 188.7 sec
[------------     33%                  ] 2707 of 8000 complete in 189.2 sec
[------------     33%                  ] 2716 of 8000 complete in 189.8 sec
[------------     34%                  ] 2725 of 8000 complete in 190.3 sec
[------------     34%                  ] 2733 of 8000 complete in 190.9 sec
[-------------    34%                  ] 2741 of 8000 complete in 191.4 sec
[-------------    34%                  ] 2748 of 8000 complete in 192.0 sec
[-------------    34%                  ] 2755 of 8000 complete in 192.5 sec
[-------------    34%                  ] 2763 of 8000 complete in 193.0 sec
[-------------    34%                  ] 2771 of 8000 complete in 193.6 sec
[-------------    34%                  ] 2779 of 8000 complete in 194.1 sec
[-------------    34%                  ] 2786 of 8000 complete in 194.6 sec
[-------------    34%                  ] 2794 of 8000 complete in 195.2 sec
[-------------    35%                  ] 2802 of 8000 complete in 195.7 sec
[-------------    35%                  ] 2810 of 8000 complete in 196.2 sec
[-------------    35%                  ] 2818 of 8000 complete in 196.8 sec
[-------------    35%                  ] 2826 of 8000 complete in 197.3 sec
[-------------    35%                  ] 2835 of 8000 complete in 197.9 sec
[-------------    35%                  ] 2843 of 8000 complete in 198.4 sec
[-------------    35%                  ] 2851 of 8000 complete in 198.9 sec
[-------------    35%                  ] 2859 of 8000 complete in 199.5 sec
[-------------    35%                  ] 2868 of 8000 complete in 200.0 sec
[-------------    35%                  ] 2877 of 8000 complete in 200.6 sec
[-------------    36%                  ] 2885 of 8000 complete in 201.1 sec
[-------------    36%                  ] 2893 of 8000 complete in 201.6 sec
[-------------    36%                  ] 2900 of 8000 complete in 202.2 sec
[-------------    36%                  ] 2907 of 8000 complete in 202.7 sec
[-------------    36%                  ] 2914 of 8000 complete in 203.2 sec
[-------------    36%                  ] 2922 of 8000 complete in 203.7 sec
[-------------    36%                  ] 2930 of 8000 complete in 204.3 sec
[-------------    36%                  ] 2938 of 8000 complete in 204.8 sec
[-------------    36%                  ] 2946 of 8000 complete in 205.4 sec
[--------------   36%                  ] 2953 of 8000 complete in 205.9 sec
[--------------   37%                  ] 2961 of 8000 complete in 206.4 sec
[--------------   37%                  ] 2969 of 8000 complete in 207.0 sec
[--------------   37%                  ] 2977 of 8000 complete in 207.5 sec
[--------------   37%                  ] 2984 of 8000 complete in 208.1 sec
[--------------   37%                  ] 2991 of 8000 complete in 208.6 sec
[--------------   37%                  ] 2998 of 8000 complete in 209.1 sec
[--------------   37%                  ] 3005 of 8000 complete in 209.6 sec
[--------------   37%                  ] 3012 of 8000 complete in 210.1 sec
[--------------   37%                  ] 3020 of 8000 complete in 210.7 sec
[--------------   37%                  ] 3028 of 8000 complete in 211.2 sec
[--------------   37%                  ] 3037 of 8000 complete in 211.7 sec
[--------------   38%                  ] 3046 of 8000 complete in 212.3 sec
[--------------   38%                  ] 3054 of 8000 complete in 212.8 sec
[--------------   38%                  ] 3062 of 8000 complete in 213.3 sec
[--------------   38%                  ] 3070 of 8000 complete in 213.8 sec
[--------------   38%                  ] 3078 of 8000 complete in 214.3 sec
[--------------   38%                  ] 3086 of 8000 complete in 214.9 sec
[--------------   38%                  ] 3094 of 8000 complete in 215.4 sec
[--------------   38%                  ] 3102 of 8000 complete in 215.9 sec
[--------------   38%                  ] 3110 of 8000 complete in 216.4 sec
[--------------   38%                  ] 3119 of 8000 complete in 217.0 sec
[--------------   39%                  ] 3127 of 8000 complete in 217.6 sec
[--------------   39%                  ] 3135 of 8000 complete in 218.1 sec
[--------------   39%                  ] 3143 of 8000 complete in 218.6 sec
[--------------   39%                  ] 3152 of 8000 complete in 219.1 sec
[---------------  39%                  ] 3160 of 8000 complete in 219.6 sec
[---------------  39%                  ] 3167 of 8000 complete in 220.2 sec
[---------------  39%                  ] 3174 of 8000 complete in 220.7 sec
[---------------  39%                  ] 3182 of 8000 complete in 221.3 sec
[---------------  39%                  ] 3190 of 8000 complete in 221.8 sec
[---------------  39%                  ] 3198 of 8000 complete in 222.3 sec
[---------------  40%                  ] 3206 of 8000 complete in 222.9 sec
[---------------  40%                  ] 3215 of 8000 complete in 223.4 sec
[---------------  40%                  ] 3223 of 8000 complete in 224.0 sec
[---------------  40%                  ] 3231 of 8000 complete in 224.5 sec
[---------------  40%                  ] 3239 of 8000 complete in 225.0 sec
[---------------  40%                  ] 3248 of 8000 complete in 225.6 sec
[---------------  40%                  ] 3256 of 8000 complete in 226.1 sec
[---------------  40%                  ] 3264 of 8000 complete in 226.6 sec
[---------------  40%                  ] 3272 of 8000 complete in 227.2 sec
[---------------  41%                  ] 3280 of 8000 complete in 227.7 sec
[---------------  41%                  ] 3288 of 8000 complete in 228.2 sec
[---------------  41%                  ] 3296 of 8000 complete in 228.7 sec
[---------------  41%                  ] 3304 of 8000 complete in 229.2 sec
[---------------  41%                  ] 3312 of 8000 complete in 229.8 sec
[---------------  41%                  ] 3321 of 8000 complete in 230.3 sec
[---------------  41%                  ] 3327 of 8000 complete in 230.9 sec
[---------------  41%                  ] 3334 of 8000 complete in 231.4 sec
[---------------  41%                  ] 3341 of 8000 complete in 231.9 sec
[---------------  41%                  ] 3347 of 8000 complete in 232.4 sec
[------------     32%                  ] 2570 of 8000 complete in 175.2 sec
[------------     32%                  ] 2577 of 8000 complete in 175.8 sec
[------------     32%                  ] 2584 of 8000 complete in 176.4 sec
[------------     32%                  ] 2590 of 8000 complete in 176.9 sec
[------------     32%                  ] 2596 of 8000 complete in 177.4 sec
[------------     32%                  ] 2604 of 8000 complete in 177.9 sec
[------------     32%                  ] 2612 of 8000 complete in 178.5 sec
[------------     32%                  ] 2620 of 8000 complete in 179.0 sec
[------------     32%                  ] 2628 of 8000 complete in 179.5 sec
[------------     32%                  ] 2636 of 8000 complete in 180.0 sec
[------------     33%                  ] 2644 of 8000 complete in 180.6 sec
[------------     33%                  ] 2652 of 8000 complete in 181.1 sec
[------------     33%                  ] 2660 of 8000 complete in 181.6 sec
[------------     33%                  ] 2667 of 8000 complete in 182.1 sec
[------------     33%                  ] 2675 of 8000 complete in 182.7 sec
[------------     33%                  ] 2683 of 8000 complete in 183.2 sec
[------------     33%                  ] 2692 of 8000 complete in 183.7 sec
[------------     33%                  ] 2701 of 8000 complete in 184.3 sec
[------------     33%                  ] 2710 of 8000 complete in 184.9 sec
[------------     33%                  ] 2718 of 8000 complete in 185.4 sec
[------------     34%                  ] 2726 of 8000 complete in 185.9 sec
[------------     34%                  ] 2735 of 8000 complete in 186.4 sec
[-------------    34%                  ] 2743 of 8000 complete in 187.0 sec
[-------------    34%                  ] 2751 of 8000 complete in 187.5 sec
[-------------    34%                  ] 2759 of 8000 complete in 188.0 sec
[-------------    34%                  ] 2768 of 8000 complete in 188.6 sec
[-------------    34%                  ] 2776 of 8000 complete in 189.1 sec
[-------------    34%                  ] 2784 of 8000 complete in 189.6 sec
[-------------    34%                  ] 2792 of 8000 complete in 190.1 sec
[-------------    35%                  ] 2800 of 8000 complete in 190.7 sec
[-------------    35%                  ] 2807 of 8000 complete in 191.2 sec
[-------------    35%                  ] 2815 of 8000 complete in 191.7 sec
[-------------    35%                  ] 2822 of 8000 complete in 192.3 sec
[-------------    35%                  ] 2830 of 8000 complete in 192.8 sec
[-------------    35%                  ] 2838 of 8000 complete in 193.3 sec
[-------------    35%                  ] 2846 of 8000 complete in 193.8 sec
[-------------    35%                  ] 2854 of 8000 complete in 194.3 sec
[-------------    35%                  ] 2863 of 8000 complete in 194.9 sec
[-------------    35%                  ] 2871 of 8000 complete in 195.4 sec
[-------------    35%                  ] 2879 of 8000 complete in 195.9 sec
[-------------    36%                  ] 2887 of 8000 complete in 196.5 sec
[-------------    36%                  ] 2895 of 8000 complete in 197.0 sec
[-------------    36%                  ] 2903 of 8000 complete in 197.5 sec
[-------------    36%                  ] 2911 of 8000 complete in 198.0 sec
[-------------    36%                  ] 2919 of 8000 complete in 198.6 sec
[-------------    36%                  ] 2927 of 8000 complete in 199.1 sec
[-------------    36%                  ] 2936 of 8000 complete in 199.6 sec
[-------------    36%                  ] 2944 of 8000 complete in 200.2 sec
[--------------   36%                  ] 2952 of 8000 complete in 200.7 sec
[--------------   37%                  ] 2960 of 8000 complete in 201.2 sec
[--------------   37%                  ] 2968 of 8000 complete in 201.8 sec
[--------------   37%                  ] 2975 of 8000 complete in 202.3 sec
[--------------   37%                  ] 2983 of 8000 complete in 202.9 sec
[--------------   37%                  ] 2991 of 8000 complete in 203.4 sec
[--------------   37%                  ] 2999 of 8000 complete in 203.9 sec
[--------------   37%                  ] 3007 of 8000 complete in 204.5 sec
[--------------   37%                  ] 3014 of 8000 complete in 205.0 sec
[--------------   37%                  ] 3022 of 8000 complete in 205.6 sec
[--------------   37%                  ] 3030 of 8000 complete in 206.1 sec
[--------------   37%                  ] 3038 of 8000 complete in 206.7 sec
[--------------   38%                  ] 3047 of 8000 complete in 207.2 sec
[--------------   38%                  ] 3055 of 8000 complete in 207.8 sec
[--------------   38%                  ] 3062 of 8000 complete in 208.3 sec
[--------------   38%                  ] 3070 of 8000 complete in 208.9 sec
[--------------   38%                  ] 3077 of 8000 complete in 209.4 sec
[--------------   38%                  ] 3084 of 8000 complete in 209.9 sec
[--------------   38%                  ] 3092 of 8000 complete in 210.5 sec
[--------------   38%                  ] 3100 of 8000 complete in 211.0 sec
[--------------   38%                  ] 3109 of 8000 complete in 211.6 sec
[--------------   38%                  ] 3117 of 8000 complete in 212.1 sec
[--------------   39%                  ] 3126 of 8000 complete in 212.7 sec
[--------------   39%                  ] 3135 of 8000 complete in 213.2 sec
[--------------   39%                  ] 3143 of 8000 complete in 213.8 sec
[--------------   39%                  ] 3152 of 8000 complete in 214.3 sec
[---------------  39%                  ] 3161 of 8000 complete in 214.9 sec
[---------------  39%                  ] 3169 of 8000 complete in 215.4 sec
[---------------  39%                  ] 3178 of 8000 complete in 215.9 sec
[---------------  39%                  ] 3187 of 8000 complete in 216.5 sec
[---------------  39%                  ] 3195 of 8000 complete in 217.0 sec
[---------------  40%                  ] 3204 of 8000 complete in 217.5 sec
[---------------  40%                  ] 3212 of 8000 complete in 218.1 sec
[---------------  40%                  ] 3221 of 8000 complete in 218.6 sec
[---------------  40%                  ] 3229 of 8000 complete in 219.2 sec
[---------------  40%                  ] 3237 of 8000 complete in 219.7 sec
[---------------  40%                  ] 3245 of 8000 complete in 220.3 sec
[---------------  40%                  ] 3253 of 8000 complete in 220.8 sec
[---------------  40%                  ] 3261 of 8000 complete in 221.3 sec
[---------------  40%                  ] 3269 of 8000 complete in 221.9 sec
[---------------  40%                  ] 3276 of 8000 complete in 222.4 sec
[---------------  41%                  ] 3285 of 8000 complete in 222.9 sec
[---------------  41%                  ] 3293 of 8000 complete in 223.4 sec
[---------------  41%                  ] 3301 of 8000 complete in 223.9 sec
[---------------  41%                  ] 3310 of 8000 complete in 224.5 sec
[---------------  41%                  ] 3318 of 8000 complete in 225.0 sec
[---------------  41%                  ] 3327 of 8000 complete in 225.6 sec
[---------------  41%                  ] 3335 of 8000 complete in 226.1 sec
[---------------  41%                  ] 3344 of 8000 complete in 226.6 sec
[---------------  41%                  ] 3353 of 8000 complete in 227.2 sec
[---------------  42%                  ] 3361 of 8000 complete in 227.7 sec
[---------------- 42%                  ] 3370 of 8000 complete in 228.3 sec
[---------------- 42%                  ] 3379 of 8000 complete in 228.8 sec
[---------------- 42%                  ] 3387 of 8000 complete in 229.3 sec
[---------------- 42%                  ] 3396 of 8000 complete in 229.9 sec
[---------------- 42%                  ] 3404 of 8000 complete in 230.4 sec
[---------------- 42%                  ] 3411 of 8000 complete in 231.0 sec
[---------------- 42%                  ] 3419 of 8000 complete in 231.5 sec
[---------------- 42%                  ] 3426 of 8000 complete in 232.1 sec
[-----------      31%                  ] 2512 of 8000 complete in 176.0 sec
[-----------      31%                  ] 2519 of 8000 complete in 176.5 sec
[-----------      31%                  ] 2524 of 8000 complete in 177.1 sec
[------------     31%                  ] 2530 of 8000 complete in 177.6 sec
[------------     31%                  ] 2537 of 8000 complete in 178.1 sec
[------------     31%                  ] 2545 of 8000 complete in 178.7 sec
[------------     31%                  ] 2553 of 8000 complete in 179.2 sec
[------------     32%                  ] 2561 of 8000 complete in 179.7 sec
[------------     32%                  ] 2569 of 8000 complete in 180.2 sec
[------------     32%                  ] 2577 of 8000 complete in 180.8 sec
[------------     32%                  ] 2585 of 8000 complete in 181.3 sec
[------------     32%                  ] 2593 of 8000 complete in 181.9 sec
[------------     32%                  ] 2600 of 8000 complete in 182.4 sec
[------------     32%                  ] 2608 of 8000 complete in 182.9 sec
[------------     32%                  ] 2616 of 8000 complete in 183.5 sec
[------------     32%                  ] 2624 of 8000 complete in 184.0 sec
[------------     32%                  ] 2633 of 8000 complete in 184.6 sec
[------------     33%                  ] 2641 of 8000 complete in 185.1 sec
[------------     33%                  ] 2649 of 8000 complete in 185.6 sec
[------------     33%                  ] 2657 of 8000 complete in 186.1 sec
[------------     33%                  ] 2665 of 8000 complete in 186.6 sec
[------------     33%                  ] 2673 of 8000 complete in 187.1 sec
[------------     33%                  ] 2682 of 8000 complete in 187.6 sec
[------------     33%                  ] 2690 of 8000 complete in 188.2 sec
[------------     33%                  ] 2698 of 8000 complete in 188.7 sec
[------------     33%                  ] 2706 of 8000 complete in 189.2 sec
[------------     33%                  ] 2715 of 8000 complete in 189.8 sec
[------------     34%                  ] 2724 of 8000 complete in 190.4 sec
[------------     34%                  ] 2732 of 8000 complete in 190.9 sec
[-------------    34%                  ] 2740 of 8000 complete in 191.5 sec
[-------------    34%                  ] 2747 of 8000 complete in 192.0 sec
[-------------    34%                  ] 2754 of 8000 complete in 192.5 sec
[-------------    34%                  ] 2762 of 8000 complete in 193.1 sec
[-------------    34%                  ] 2771 of 8000 complete in 193.6 sec
[-------------    34%                  ] 2779 of 8000 complete in 194.2 sec
[-------------    34%                  ] 2787 of 8000 complete in 194.7 sec
[-------------    34%                  ] 2796 of 8000 complete in 195.3 sec
[-------------    35%                  ] 2804 of 8000 complete in 195.8 sec
[-------------    35%                  ] 2812 of 8000 complete in 196.4 sec
[-------------    35%                  ] 2819 of 8000 complete in 196.9 sec
[-------------    35%                  ] 2827 of 8000 complete in 197.4 sec
[-------------    35%                  ] 2835 of 8000 complete in 197.9 sec
[-------------    35%                  ] 2843 of 8000 complete in 198.4 sec
[-------------    35%                  ] 2851 of 8000 complete in 199.0 sec
[-------------    35%                  ] 2859 of 8000 complete in 199.5 sec
[-------------    35%                  ] 2867 of 8000 complete in 200.0 sec
[-------------    35%                  ] 2875 of 8000 complete in 200.6 sec
[-------------    36%                  ] 2883 of 8000 complete in 201.1 sec
[-------------    36%                  ] 2891 of 8000 complete in 201.6 sec
[-------------    36%                  ] 2898 of 8000 complete in 202.1 sec
[-------------    36%                  ] 2905 of 8000 complete in 202.7 sec
[-------------    36%                  ] 2912 of 8000 complete in 203.2 sec
[-------------    36%                  ] 2920 of 8000 complete in 203.7 sec
[-------------    36%                  ] 2928 of 8000 complete in 204.3 sec
[-------------    36%                  ] 2936 of 8000 complete in 204.8 sec
[-------------    36%                  ] 2944 of 8000 complete in 205.4 sec
[--------------   36%                  ] 2951 of 8000 complete in 205.9 sec
[--------------   36%                  ] 2959 of 8000 complete in 206.4 sec
[--------------   37%                  ] 2966 of 8000 complete in 206.9 sec
[--------------   37%                  ] 2974 of 8000 complete in 207.5 sec
[--------------   37%                  ] 2981 of 8000 complete in 208.0 sec
[--------------   37%                  ] 2989 of 8000 complete in 208.5 sec
[--------------   37%                  ] 2996 of 8000 complete in 209.1 sec
[--------------   37%                  ] 3002 of 8000 complete in 209.6 sec
[--------------   37%                  ] 3009 of 8000 complete in 210.1 sec
[--------------   37%                  ] 3017 of 8000 complete in 210.6 sec
[--------------   37%                  ] 3025 of 8000 complete in 211.2 sec
[--------------   37%                  ] 3033 of 8000 complete in 211.7 sec
[--------------   38%                  ] 3041 of 8000 complete in 212.2 sec
[--------------   38%                  ] 3049 of 8000 complete in 212.7 sec
[--------------   38%                  ] 3057 of 8000 complete in 213.2 sec
[--------------   38%                  ] 3065 of 8000 complete in 213.8 sec
[--------------   38%                  ] 3073 of 8000 complete in 214.3 sec
[--------------   38%                  ] 3081 of 8000 complete in 214.9 sec
[--------------   38%                  ] 3089 of 8000 complete in 215.4 sec
[--------------   38%                  ] 3097 of 8000 complete in 215.9 sec
[--------------   38%                  ] 3105 of 8000 complete in 216.4 sec
[--------------   38%                  ] 3113 of 8000 complete in 217.0 sec
[--------------   39%                  ] 3122 of 8000 complete in 217.5 sec
[--------------   39%                  ] 3131 of 8000 complete in 218.1 sec
[--------------   39%                  ] 3139 of 8000 complete in 218.6 sec
[--------------   39%                  ] 3148 of 8000 complete in 219.1 sec
[--------------   39%                  ] 3156 of 8000 complete in 219.7 sec
[---------------  39%                  ] 3164 of 8000 complete in 220.2 sec
[---------------  39%                  ] 3171 of 8000 complete in 220.7 sec
[---------------  39%                  ] 3179 of 8000 complete in 221.3 sec
[---------------  39%                  ] 3187 of 8000 complete in 221.8 sec
[---------------  39%                  ] 3194 of 8000 complete in 222.3 sec
[---------------  40%                  ] 3202 of 8000 complete in 222.8 sec
[---------------  40%                  ] 3210 of 8000 complete in 223.3 sec
[---------------  40%                  ] 3218 of 8000 complete in 223.8 sec
[---------------  40%                  ] 3227 of 8000 complete in 224.4 sec
[---------------  40%                  ] 3235 of 8000 complete in 224.9 sec
[---------------  40%                  ] 3244 of 8000 complete in 225.5 sec
[---------------  40%                  ] 3252 of 8000 complete in 226.0 sec
[---------------  40%                  ] 3261 of 8000 complete in 226.5 sec
[---------------  40%                  ] 3269 of 8000 complete in 227.1 sec
[---------------  40%                  ] 3277 of 8000 complete in 227.6 sec
[---------------  41%                  ] 3285 of 8000 complete in 228.1 sec
[---------------  41%                  ] 3294 of 8000 complete in 228.7 sec
[---------------  41%                  ] 3302 of 8000 complete in 229.2 sec
[---------------  41%                  ] 3310 of 8000 complete in 229.7 sec
[---------------  41%                  ] 3318 of 8000 complete in 230.3 sec
[---------------  41%                  ] 3325 of 8000 complete in 230.8 sec
[---------------  41%                  ] 3333 of 8000 complete in 231.4 sec
[---------------  41%                  ] 3340 of 8000 complete in 231.9 sec
[---------------  41%                  ] 3347 of 8000 complete in 232.4 sec
[---------------- 42%                  ] 3390 of 8000 complete in 232.4 sec
[---------------- 42%                  ] 3397 of 8000 complete in 232.9 sec
[---------------- 42%                  ] 3403 of 8000 complete in 233.4 sec
[---------------- 42%                  ] 3410 of 8000 complete in 234.0 sec
[---------------- 42%                  ] 3417 of 8000 complete in 234.5 sec
[---------------- 42%                  ] 3424 of 8000 complete in 235.1 sec
[---------------- 42%                  ] 3432 of 8000 complete in 235.7 sec
[---------------- 42%                  ] 3439 of 8000 complete in 236.2 sec
[---------------- 43%                  ] 3447 of 8000 complete in 236.8 sec
[---------------- 43%                  ] 3454 of 8000 complete in 237.3 sec
[---------------- 43%                  ] 3460 of 8000 complete in 237.9 sec
[---------------- 43%                  ] 3467 of 8000 complete in 238.4 sec
[---------------- 43%                  ] 3475 of 8000 complete in 238.9 sec
[---------------- 43%                  ] 3483 of 8000 complete in 239.4 sec
[---------------- 43%                  ] 3491 of 8000 complete in 240.0 sec
[---------------- 43%                  ] 3500 of 8000 complete in 240.5 sec
[---------------- 43%                  ] 3508 of 8000 complete in 241.0 sec
[---------------- 43%                  ] 3515 of 8000 complete in 241.5 sec
[---------------- 44%                  ] 3523 of 8000 complete in 242.1 sec
[---------------- 44%                  ] 3530 of 8000 complete in 242.6 sec
[---------------- 44%                  ] 3538 of 8000 complete in 243.2 sec
[---------------- 44%                  ] 3547 of 8000 complete in 243.7 sec
[---------------- 44%                  ] 3555 of 8000 complete in 244.2 sec
[---------------- 44%                  ] 3563 of 8000 complete in 244.7 sec
[---------------- 44%                  ] 3571 of 8000 complete in 245.2 sec
[-----------------44%                  ] 3580 of 8000 complete in 245.8 sec
[-----------------44%                  ] 3589 of 8000 complete in 246.4 sec
[-----------------44%                  ] 3598 of 8000 complete in 246.9 sec
[-----------------45%                  ] 3606 of 8000 complete in 247.5 sec
[-----------------45%                  ] 3614 of 8000 complete in 248.0 sec
[-----------------45%                  ] 3622 of 8000 complete in 248.5 sec
[-----------------45%                  ] 3630 of 8000 complete in 249.0 sec
[-----------------45%                  ] 3638 of 8000 complete in 249.6 sec
[-----------------45%                  ] 3646 of 8000 complete in 250.1 sec
[-----------------45%                  ] 3654 of 8000 complete in 250.6 sec
[-----------------45%                  ] 3662 of 8000 complete in 251.1 sec
[-----------------45%                  ] 3670 of 8000 complete in 251.6 sec
[-----------------45%                  ] 3678 of 8000 complete in 252.1 sec
[-----------------46%                  ] 3686 of 8000 complete in 252.6 sec
[-----------------46%                  ] 3695 of 8000 complete in 253.2 sec
[-----------------46%                  ] 3703 of 8000 complete in 253.7 sec
[-----------------46%                  ] 3711 of 8000 complete in 254.2 sec
[-----------------46%                  ] 3719 of 8000 complete in 254.7 sec
[-----------------46%                  ] 3727 of 8000 complete in 255.3 sec
[-----------------46%                  ] 3736 of 8000 complete in 255.8 sec
[-----------------46%                  ] 3744 of 8000 complete in 256.3 sec
[-----------------46%                  ] 3753 of 8000 complete in 256.8 sec
[-----------------47%                  ] 3762 of 8000 complete in 257.4 sec
[-----------------47%                  ] 3770 of 8000 complete in 257.9 sec
[-----------------47%                  ] 3778 of 8000 complete in 258.4 sec
[-----------------47%                  ] 3786 of 8000 complete in 259.0 sec
[-----------------47%                  ] 3794 of 8000 complete in 259.5 sec
[-----------------47%                  ] 3803 of 8000 complete in 260.0 sec
[-----------------47%                  ] 3811 of 8000 complete in 260.6 sec
[-----------------47%                  ] 3818 of 8000 complete in 261.1 sec
[-----------------47%                  ] 3825 of 8000 complete in 261.6 sec
[-----------------47%                  ] 3832 of 8000 complete in 262.1 sec
[-----------------47%                  ] 3839 of 8000 complete in 262.7 sec
[-----------------48%                  ] 3847 of 8000 complete in 263.3 sec
[-----------------48%                  ] 3854 of 8000 complete in 263.8 sec
[-----------------48%                  ] 3862 of 8000 complete in 264.4 sec
[-----------------48%                  ] 3869 of 8000 complete in 264.9 sec
[-----------------48%                  ] 3876 of 8000 complete in 265.5 sec
[-----------------48%                  ] 3883 of 8000 complete in 266.0 sec
[-----------------48%                  ] 3890 of 8000 complete in 266.6 sec
[-----------------48%                  ] 3898 of 8000 complete in 267.1 sec
[-----------------48%                  ] 3906 of 8000 complete in 267.6 sec
[-----------------48%                  ] 3914 of 8000 complete in 268.1 sec
[-----------------49%                  ] 3923 of 8000 complete in 268.7 sec
[-----------------49%                  ] 3932 of 8000 complete in 269.2 sec
[-----------------49%                  ] 3941 of 8000 complete in 269.8 sec
[-----------------49%                  ] 3950 of 8000 complete in 270.3 sec
[-----------------49%                  ] 3959 of 8000 complete in 270.8 sec
[-----------------49%                  ] 3968 of 8000 complete in 271.4 sec
[-----------------49%                  ] 3976 of 8000 complete in 271.9 sec
[-----------------49%                  ] 3984 of 8000 complete in 272.4 sec
[-----------------49%                  ] 3992 of 8000 complete in 272.9 sec
[-----------------50%                  ] 4001 of 8000 complete in 273.5 sec
[-----------------50%                  ] 4009 of 8000 complete in 274.0 sec
[-----------------50%                  ] 4016 of 8000 complete in 274.6 sec
[-----------------50%                  ] 4024 of 8000 complete in 275.1 sec
[-----------------50%                  ] 4031 of 8000 complete in 275.6 sec
[-----------------50%                  ] 4039 of 8000 complete in 276.2 sec
[-----------------50%                  ] 4047 of 8000 complete in 276.7 sec
[-----------------50%                  ] 4056 of 8000 complete in 277.3 sec
[-----------------50%                  ] 4064 of 8000 complete in 277.8 sec
[-----------------50%                  ] 4072 of 8000 complete in 278.3 sec
[-----------------51%                  ] 4081 of 8000 complete in 278.9 sec
[-----------------51%                  ] 4090 of 8000 complete in 279.4 sec
[-----------------51%                  ] 4098 of 8000 complete in 279.9 sec
[-----------------51%                  ] 4106 of 8000 complete in 280.4 sec
[-----------------51%                  ] 4115 of 8000 complete in 280.9 sec
[-----------------51%                  ] 4124 of 8000 complete in 281.5 sec
[-----------------51%                  ] 4133 of 8000 complete in 282.0 sec
[-----------------51%                  ] 4141 of 8000 complete in 282.5 sec
[-----------------51%                  ] 4150 of 8000 complete in 283.1 sec
[-----------------51%                  ] 4158 of 8000 complete in 283.6 sec
[-----------------52%                  ] 4166 of 8000 complete in 284.2 sec
[-----------------52%                  ] 4174 of 8000 complete in 284.7 sec
[-----------------52%                  ] 4183 of 8000 complete in 285.2 sec
[-----------------52%                  ] 4192 of 8000 complete in 285.8 sec
[-----------------52%                  ] 4201 of 8000 complete in 286.3 sec
[-----------------52%                  ] 4208 of 8000 complete in 286.9 sec
[-----------------52%                  ] 4216 of 8000 complete in 287.4 sec
[-----------------52%                  ] 4224 of 8000 complete in 287.9 sec
[-----------------52%                  ] 4232 of 8000 complete in 288.4 sec
[-----------------53%                  ] 4240 of 8000 complete in 289.0 sec
[---------------- 42%                  ] 3434 of 8000 complete in 232.7 sec
[---------------- 43%                  ] 3440 of 8000 complete in 233.2 sec
[---------------- 43%                  ] 3447 of 8000 complete in 233.7 sec
[---------------- 43%                  ] 3454 of 8000 complete in 234.3 sec
[---------------- 43%                  ] 3461 of 8000 complete in 234.8 sec
[---------------- 43%                  ] 3468 of 8000 complete in 235.3 sec
[---------------- 43%                  ] 3475 of 8000 complete in 235.9 sec
[---------------- 43%                  ] 3483 of 8000 complete in 236.4 sec
[---------------- 43%                  ] 3489 of 8000 complete in 236.9 sec
[---------------- 43%                  ] 3496 of 8000 complete in 237.5 sec
[---------------- 43%                  ] 3503 of 8000 complete in 238.0 sec
[---------------- 43%                  ] 3511 of 8000 complete in 238.6 sec
[---------------- 44%                  ] 3520 of 8000 complete in 239.1 sec
[---------------- 44%                  ] 3529 of 8000 complete in 239.7 sec
[---------------- 44%                  ] 3538 of 8000 complete in 240.2 sec
[---------------- 44%                  ] 3546 of 8000 complete in 240.7 sec
[---------------- 44%                  ] 3554 of 8000 complete in 241.2 sec
[---------------- 44%                  ] 3562 of 8000 complete in 241.8 sec
[---------------- 44%                  ] 3569 of 8000 complete in 242.3 sec
[---------------- 44%                  ] 3577 of 8000 complete in 242.8 sec
[-----------------44%                  ] 3586 of 8000 complete in 243.4 sec
[-----------------44%                  ] 3595 of 8000 complete in 244.0 sec
[-----------------45%                  ] 3603 of 8000 complete in 244.5 sec
[-----------------45%                  ] 3611 of 8000 complete in 245.0 sec
[-----------------45%                  ] 3620 of 8000 complete in 245.5 sec
[-----------------45%                  ] 3628 of 8000 complete in 246.1 sec
[-----------------45%                  ] 3636 of 8000 complete in 246.6 sec
[-----------------45%                  ] 3643 of 8000 complete in 247.1 sec
[-----------------45%                  ] 3652 of 8000 complete in 247.6 sec
[-----------------45%                  ] 3660 of 8000 complete in 248.1 sec
[-----------------45%                  ] 3668 of 8000 complete in 248.6 sec
[-----------------45%                  ] 3676 of 8000 complete in 249.1 sec
[-----------------46%                  ] 3684 of 8000 complete in 249.6 sec
[-----------------46%                  ] 3693 of 8000 complete in 250.2 sec
[-----------------46%                  ] 3702 of 8000 complete in 250.7 sec
[-----------------46%                  ] 3710 of 8000 complete in 251.2 sec
[-----------------46%                  ] 3719 of 8000 complete in 251.8 sec
[-----------------46%                  ] 3727 of 8000 complete in 252.3 sec
[-----------------46%                  ] 3735 of 8000 complete in 252.9 sec
[-----------------46%                  ] 3743 of 8000 complete in 253.4 sec
[-----------------46%                  ] 3751 of 8000 complete in 253.9 sec
[-----------------47%                  ] 3760 of 8000 complete in 254.4 sec
[-----------------47%                  ] 3769 of 8000 complete in 255.0 sec
[-----------------47%                  ] 3777 of 8000 complete in 255.5 sec
[-----------------47%                  ] 3786 of 8000 complete in 256.0 sec
[-----------------47%                  ] 3795 of 8000 complete in 256.6 sec
[-----------------47%                  ] 3803 of 8000 complete in 257.1 sec
[-----------------47%                  ] 3811 of 8000 complete in 257.6 sec
[-----------------47%                  ] 3819 of 8000 complete in 258.1 sec
[-----------------47%                  ] 3827 of 8000 complete in 258.6 sec
[-----------------47%                  ] 3835 of 8000 complete in 259.1 sec
[-----------------48%                  ] 3844 of 8000 complete in 259.7 sec
[-----------------48%                  ] 3852 of 8000 complete in 260.2 sec
[-----------------48%                  ] 3860 of 8000 complete in 260.8 sec
[-----------------48%                  ] 3867 of 8000 complete in 261.3 sec
[-----------------48%                  ] 3874 of 8000 complete in 261.8 sec
[-----------------48%                  ] 3880 of 8000 complete in 262.3 sec
[-----------------48%                  ] 3888 of 8000 complete in 262.9 sec
[-----------------48%                  ] 3895 of 8000 complete in 263.4 sec
[-----------------48%                  ] 3902 of 8000 complete in 263.9 sec
[-----------------48%                  ] 3909 of 8000 complete in 264.5 sec
[-----------------48%                  ] 3916 of 8000 complete in 265.0 sec
[-----------------49%                  ] 3923 of 8000 complete in 265.5 sec
[-----------------49%                  ] 3930 of 8000 complete in 266.1 sec
[-----------------49%                  ] 3938 of 8000 complete in 266.6 sec
[-----------------49%                  ] 3946 of 8000 complete in 267.1 sec
[-----------------49%                  ] 3954 of 8000 complete in 267.7 sec
[-----------------49%                  ] 3962 of 8000 complete in 268.2 sec
[-----------------49%                  ] 3971 of 8000 complete in 268.7 sec
[-----------------49%                  ] 3979 of 8000 complete in 269.2 sec
[-----------------49%                  ] 3987 of 8000 complete in 269.7 sec
[-----------------49%                  ] 3996 of 8000 complete in 270.3 sec
[-----------------50%                  ] 4005 of 8000 complete in 270.9 sec
[-----------------50%                  ] 4013 of 8000 complete in 271.4 sec
[-----------------50%                  ] 4021 of 8000 complete in 271.9 sec
[-----------------50%                  ] 4029 of 8000 complete in 272.4 sec
[-----------------50%                  ] 4038 of 8000 complete in 273.0 sec
[-----------------50%                  ] 4046 of 8000 complete in 273.5 sec
[-----------------50%                  ] 4053 of 8000 complete in 274.0 sec
[-----------------50%                  ] 4061 of 8000 complete in 274.6 sec
[-----------------50%                  ] 4069 of 8000 complete in 275.2 sec
[-----------------50%                  ] 4077 of 8000 complete in 275.7 sec
[-----------------51%                  ] 4085 of 8000 complete in 276.2 sec
[-----------------51%                  ] 4093 of 8000 complete in 276.7 sec
[-----------------51%                  ] 4102 of 8000 complete in 277.3 sec
[-----------------51%                  ] 4111 of 8000 complete in 277.8 sec
[-----------------51%                  ] 4120 of 8000 complete in 278.4 sec
[-----------------51%                  ] 4129 of 8000 complete in 278.9 sec
[-----------------51%                  ] 4137 of 8000 complete in 279.4 sec
[-----------------51%                  ] 4146 of 8000 complete in 279.9 sec
[-----------------51%                  ] 4155 of 8000 complete in 280.5 sec
[-----------------52%                  ] 4163 of 8000 complete in 281.0 sec
[-----------------52%                  ] 4172 of 8000 complete in 281.5 sec
[-----------------52%                  ] 4181 of 8000 complete in 282.1 sec
[-----------------52%                  ] 4190 of 8000 complete in 282.6 sec
[-----------------52%                  ] 4198 of 8000 complete in 283.1 sec
[-----------------52%                  ] 4206 of 8000 complete in 283.7 sec
[-----------------52%                  ] 4214 of 8000 complete in 284.2 sec
[-----------------52%                  ] 4222 of 8000 complete in 284.7 sec
[-----------------52%                  ] 4230 of 8000 complete in 285.2 sec
[-----------------52%                  ] 4239 of 8000 complete in 285.7 sec
[-----------------53%                  ] 4247 of 8000 complete in 286.3 sec
[-----------------53%                  ] 4255 of 8000 complete in 286.8 sec
[-----------------53%                  ] 4263 of 8000 complete in 287.3 sec
[-----------------53%                  ] 4271 of 8000 complete in 287.8 sec
[-----------------53%                  ] 4279 of 8000 complete in 288.3 sec
[-----------------53%                  ] 4287 of 8000 complete in 288.8 sec
[---------------  41%                  ] 3354 of 8000 complete in 232.9 sec
[---------------  42%                  ] 3360 of 8000 complete in 233.5 sec
[---------------  42%                  ] 3366 of 8000 complete in 234.0 sec
[---------------- 42%                  ] 3372 of 8000 complete in 234.5 sec
[---------------- 42%                  ] 3379 of 8000 complete in 235.0 sec
[---------------- 42%                  ] 3386 of 8000 complete in 235.6 sec
[---------------- 42%                  ] 3392 of 8000 complete in 236.1 sec
[---------------- 42%                  ] 3399 of 8000 complete in 236.6 sec
[---------------- 42%                  ] 3405 of 8000 complete in 237.1 sec
[---------------- 42%                  ] 3411 of 8000 complete in 237.6 sec
[---------------- 42%                  ] 3418 of 8000 complete in 238.2 sec
[---------------- 42%                  ] 3426 of 8000 complete in 238.7 sec
[---------------- 42%                  ] 3434 of 8000 complete in 239.2 sec
[---------------- 43%                  ] 3442 of 8000 complete in 239.8 sec
[---------------- 43%                  ] 3450 of 8000 complete in 240.3 sec
[---------------- 43%                  ] 3459 of 8000 complete in 240.9 sec
[---------------- 43%                  ] 3466 of 8000 complete in 241.4 sec
[---------------- 43%                  ] 3473 of 8000 complete in 241.9 sec
[---------------- 43%                  ] 3480 of 8000 complete in 242.4 sec
[---------------- 43%                  ] 3487 of 8000 complete in 242.9 sec
[---------------- 43%                  ] 3495 of 8000 complete in 243.5 sec
[---------------- 43%                  ] 3502 of 8000 complete in 244.0 sec
[---------------- 43%                  ] 3511 of 8000 complete in 244.5 sec
[---------------- 43%                  ] 3519 of 8000 complete in 245.0 sec
[---------------- 44%                  ] 3527 of 8000 complete in 245.6 sec
[---------------- 44%                  ] 3535 of 8000 complete in 246.1 sec
[---------------- 44%                  ] 3543 of 8000 complete in 246.6 sec
[---------------- 44%                  ] 3551 of 8000 complete in 247.2 sec
[---------------- 44%                  ] 3558 of 8000 complete in 247.7 sec
[---------------- 44%                  ] 3566 of 8000 complete in 248.3 sec
[---------------- 44%                  ] 3574 of 8000 complete in 248.8 sec
[-----------------44%                  ] 3582 of 8000 complete in 249.3 sec
[-----------------44%                  ] 3590 of 8000 complete in 249.8 sec
[-----------------44%                  ] 3598 of 8000 complete in 250.3 sec
[-----------------45%                  ] 3607 of 8000 complete in 250.8 sec
[-----------------45%                  ] 3615 of 8000 complete in 251.4 sec
[-----------------45%                  ] 3623 of 8000 complete in 251.9 sec
[-----------------45%                  ] 3630 of 8000 complete in 252.4 sec
[-----------------45%                  ] 3638 of 8000 complete in 253.0 sec
[-----------------45%                  ] 3646 of 8000 complete in 253.5 sec
[-----------------45%                  ] 3654 of 8000 complete in 254.0 sec
[-----------------45%                  ] 3662 of 8000 complete in 254.5 sec
[-----------------45%                  ] 3670 of 8000 complete in 255.1 sec
[-----------------45%                  ] 3678 of 8000 complete in 255.6 sec
[-----------------46%                  ] 3687 of 8000 complete in 256.2 sec
[-----------------46%                  ] 3696 of 8000 complete in 256.7 sec
[-----------------46%                  ] 3704 of 8000 complete in 257.2 sec
[-----------------46%                  ] 3712 of 8000 complete in 257.8 sec
[-----------------46%                  ] 3720 of 8000 complete in 258.3 sec
[-----------------46%                  ] 3727 of 8000 complete in 258.8 sec
[-----------------46%                  ] 3735 of 8000 complete in 259.3 sec
[-----------------46%                  ] 3743 of 8000 complete in 259.9 sec
[-----------------46%                  ] 3751 of 8000 complete in 260.4 sec
[-----------------46%                  ] 3758 of 8000 complete in 260.9 sec
[-----------------47%                  ] 3765 of 8000 complete in 261.5 sec
[-----------------47%                  ] 3772 of 8000 complete in 262.0 sec
[-----------------47%                  ] 3778 of 8000 complete in 262.6 sec
[-----------------47%                  ] 3785 of 8000 complete in 263.1 sec
[-----------------47%                  ] 3792 of 8000 complete in 263.6 sec
[-----------------47%                  ] 3799 of 8000 complete in 264.2 sec
[-----------------47%                  ] 3805 of 8000 complete in 264.7 sec
[-----------------47%                  ] 3812 of 8000 complete in 265.3 sec
[-----------------47%                  ] 3818 of 8000 complete in 265.8 sec
[-----------------47%                  ] 3825 of 8000 complete in 266.3 sec
[-----------------47%                  ] 3833 of 8000 complete in 266.9 sec
[-----------------48%                  ] 3841 of 8000 complete in 267.4 sec
[-----------------48%                  ] 3849 of 8000 complete in 267.9 sec
[-----------------48%                  ] 3857 of 8000 complete in 268.5 sec
[-----------------48%                  ] 3865 of 8000 complete in 269.0 sec
[-----------------48%                  ] 3873 of 8000 complete in 269.5 sec
[-----------------48%                  ] 3882 of 8000 complete in 270.0 sec
[-----------------48%                  ] 3890 of 8000 complete in 270.5 sec
[-----------------48%                  ] 3898 of 8000 complete in 271.1 sec
[-----------------48%                  ] 3907 of 8000 complete in 271.6 sec
[-----------------48%                  ] 3915 of 8000 complete in 272.1 sec
[-----------------49%                  ] 3923 of 8000 complete in 272.7 sec
[-----------------49%                  ] 3931 of 8000 complete in 273.2 sec
[-----------------49%                  ] 3939 of 8000 complete in 273.8 sec
[-----------------49%                  ] 3946 of 8000 complete in 274.3 sec
[-----------------49%                  ] 3953 of 8000 complete in 274.8 sec
[-----------------49%                  ] 3960 of 8000 complete in 275.4 sec
[-----------------49%                  ] 3967 of 8000 complete in 275.9 sec
[-----------------49%                  ] 3975 of 8000 complete in 276.4 sec
[-----------------49%                  ] 3984 of 8000 complete in 277.0 sec
[-----------------49%                  ] 3992 of 8000 complete in 277.5 sec
[-----------------50%                  ] 4000 of 8000 complete in 278.0 sec
[-----------------50%                  ] 4008 of 8000 complete in 278.5 sec
[-----------------50%                  ] 4017 of 8000 complete in 279.1 sec
[-----------------50%                  ] 4026 of 8000 complete in 279.6 sec
[-----------------50%                  ] 4035 of 8000 complete in 280.1 sec
[-----------------50%                  ] 4043 of 8000 complete in 280.7 sec
[-----------------50%                  ] 4051 of 8000 complete in 281.2 sec
[-----------------50%                  ] 4060 of 8000 complete in 281.7 sec
[-----------------50%                  ] 4068 of 8000 complete in 282.2 sec
[-----------------50%                  ] 4076 of 8000 complete in 282.7 sec
[-----------------51%                  ] 4084 of 8000 complete in 283.3 sec
[-----------------51%                  ] 4092 of 8000 complete in 283.8 sec
[-----------------51%                  ] 4100 of 8000 complete in 284.4 sec
[-----------------51%                  ] 4108 of 8000 complete in 284.9 sec
[-----------------51%                  ] 4117 of 8000 complete in 285.5 sec
[-----------------51%                  ] 4125 of 8000 complete in 286.0 sec
[-----------------51%                  ] 4132 of 8000 complete in 286.5 sec
[-----------------51%                  ] 4139 of 8000 complete in 287.0 sec
[-----------------51%                  ] 4147 of 8000 complete in 287.6 sec
[-----------------51%                  ] 4155 of 8000 complete in 288.1 sec
[-----------------52%                  ] 4163 of 8000 complete in 288.6 sec
[-----------------52%                  ] 4171 of 8000 complete in 289.2 sec
[---------------  41%                  ] 3354 of 8000 complete in 233.0 sec
[---------------  42%                  ] 3360 of 8000 complete in 233.5 sec
[---------------  42%                  ] 3367 of 8000 complete in 234.1 sec
[---------------- 42%                  ] 3374 of 8000 complete in 234.6 sec
[---------------- 42%                  ] 3382 of 8000 complete in 235.2 sec
[---------------- 42%                  ] 3389 of 8000 complete in 235.7 sec
[---------------- 42%                  ] 3396 of 8000 complete in 236.2 sec
[---------------- 42%                  ] 3403 of 8000 complete in 236.7 sec
[---------------- 42%                  ] 3409 of 8000 complete in 237.2 sec
[---------------- 42%                  ] 3416 of 8000 complete in 237.8 sec
[---------------- 42%                  ] 3423 of 8000 complete in 238.3 sec
[---------------- 42%                  ] 3431 of 8000 complete in 238.8 sec
[---------------- 42%                  ] 3439 of 8000 complete in 239.3 sec
[---------------- 43%                  ] 3447 of 8000 complete in 239.8 sec
[---------------- 43%                  ] 3456 of 8000 complete in 240.4 sec
[---------------- 43%                  ] 3464 of 8000 complete in 240.9 sec
[---------------- 43%                  ] 3472 of 8000 complete in 241.4 sec
[---------------- 43%                  ] 3480 of 8000 complete in 242.0 sec
[---------------- 43%                  ] 3487 of 8000 complete in 242.5 sec
[---------------- 43%                  ] 3495 of 8000 complete in 243.0 sec
[---------------- 43%                  ] 3504 of 8000 complete in 243.6 sec
[---------------- 43%                  ] 3513 of 8000 complete in 244.1 sec
[---------------- 44%                  ] 3522 of 8000 complete in 244.7 sec
[---------------- 44%                  ] 3531 of 8000 complete in 245.2 sec
[---------------- 44%                  ] 3539 of 8000 complete in 245.7 sec
[---------------- 44%                  ] 3547 of 8000 complete in 246.2 sec
[---------------- 44%                  ] 3555 of 8000 complete in 246.7 sec
[---------------- 44%                  ] 3562 of 8000 complete in 247.2 sec
[---------------- 44%                  ] 3570 of 8000 complete in 247.8 sec
[---------------- 44%                  ] 3578 of 8000 complete in 248.3 sec
[-----------------44%                  ] 3587 of 8000 complete in 248.9 sec
[-----------------44%                  ] 3596 of 8000 complete in 249.4 sec
[-----------------45%                  ] 3605 of 8000 complete in 250.0 sec
[-----------------45%                  ] 3614 of 8000 complete in 250.5 sec
[-----------------45%                  ] 3623 of 8000 complete in 251.1 sec
[-----------------45%                  ] 3631 of 8000 complete in 251.6 sec
[-----------------45%                  ] 3640 of 8000 complete in 252.2 sec
[-----------------45%                  ] 3648 of 8000 complete in 252.7 sec
[-----------------45%                  ] 3656 of 8000 complete in 253.2 sec
[-----------------45%                  ] 3664 of 8000 complete in 253.7 sec
[-----------------45%                  ] 3672 of 8000 complete in 254.2 sec
[-----------------46%                  ] 3681 of 8000 complete in 254.8 sec
[-----------------46%                  ] 3690 of 8000 complete in 255.3 sec
[-----------------46%                  ] 3698 of 8000 complete in 255.9 sec
[-----------------46%                  ] 3707 of 8000 complete in 256.4 sec
[-----------------46%                  ] 3715 of 8000 complete in 256.9 sec
[-----------------46%                  ] 3724 of 8000 complete in 257.4 sec
[-----------------46%                  ] 3732 of 8000 complete in 258.0 sec
[-----------------46%                  ] 3740 of 8000 complete in 258.5 sec
[-----------------46%                  ] 3748 of 8000 complete in 259.0 sec
[-----------------46%                  ] 3757 of 8000 complete in 259.6 sec
[-----------------47%                  ] 3765 of 8000 complete in 260.1 sec
[-----------------47%                  ] 3772 of 8000 complete in 260.6 sec
[-----------------47%                  ] 3779 of 8000 complete in 261.1 sec
[-----------------47%                  ] 3786 of 8000 complete in 261.6 sec
[-----------------47%                  ] 3793 of 8000 complete in 262.2 sec
[-----------------47%                  ] 3801 of 8000 complete in 262.8 sec
[-----------------47%                  ] 3807 of 8000 complete in 263.3 sec
[-----------------47%                  ] 3814 of 8000 complete in 263.8 sec
[-----------------47%                  ] 3820 of 8000 complete in 264.3 sec
[-----------------47%                  ] 3827 of 8000 complete in 264.9 sec
[-----------------47%                  ] 3834 of 8000 complete in 265.4 sec
[-----------------48%                  ] 3841 of 8000 complete in 265.9 sec
[-----------------48%                  ] 3849 of 8000 complete in 266.5 sec
[-----------------48%                  ] 3858 of 8000 complete in 267.1 sec
[-----------------48%                  ] 3866 of 8000 complete in 267.6 sec
[-----------------48%                  ] 3875 of 8000 complete in 268.1 sec
[-----------------48%                  ] 3884 of 8000 complete in 268.7 sec
[-----------------48%                  ] 3892 of 8000 complete in 269.2 sec
[-----------------48%                  ] 3901 of 8000 complete in 269.8 sec
[-----------------48%                  ] 3910 of 8000 complete in 270.3 sec
[-----------------48%                  ] 3919 of 8000 complete in 270.9 sec
[-----------------49%                  ] 3928 of 8000 complete in 271.4 sec
[-----------------49%                  ] 3937 of 8000 complete in 271.9 sec
[-----------------49%                  ] 3945 of 8000 complete in 272.5 sec
[-----------------49%                  ] 3953 of 8000 complete in 273.0 sec
[-----------------49%                  ] 3961 of 8000 complete in 273.5 sec
[-----------------49%                  ] 3969 of 8000 complete in 274.0 sec
[-----------------49%                  ] 3977 of 8000 complete in 274.6 sec
[-----------------49%                  ] 3985 of 8000 complete in 275.2 sec
[-----------------49%                  ] 3992 of 8000 complete in 275.7 sec
[-----------------50%                  ] 4000 of 8000 complete in 276.2 sec
[-----------------50%                  ] 4009 of 8000 complete in 276.8 sec
[-----------------50%                  ] 4017 of 8000 complete in 277.3 sec
[-----------------50%                  ] 4026 of 8000 complete in 277.9 sec
[-----------------50%                  ] 4035 of 8000 complete in 278.4 sec
[-----------------50%                  ] 4043 of 8000 complete in 278.9 sec
[-----------------50%                  ] 4052 of 8000 complete in 279.5 sec
[-----------------50%                  ] 4060 of 8000 complete in 280.0 sec
[-----------------50%                  ] 4069 of 8000 complete in 280.6 sec
[-----------------50%                  ] 4077 of 8000 complete in 281.1 sec
[-----------------51%                  ] 4086 of 8000 complete in 281.6 sec
[-----------------51%                  ] 4095 of 8000 complete in 282.2 sec
[-----------------51%                  ] 4104 of 8000 complete in 282.7 sec
[-----------------51%                  ] 4112 of 8000 complete in 283.3 sec
[-----------------51%                  ] 4120 of 8000 complete in 283.8 sec
[-----------------51%                  ] 4128 of 8000 complete in 284.3 sec
[-----------------51%                  ] 4136 of 8000 complete in 284.9 sec
[-----------------51%                  ] 4145 of 8000 complete in 285.4 sec
[-----------------51%                  ] 4153 of 8000 complete in 285.9 sec
[-----------------52%                  ] 4161 of 8000 complete in 286.5 sec
[-----------------52%                  ] 4169 of 8000 complete in 287.0 sec
[-----------------52%                  ] 4177 of 8000 complete in 287.5 sec
[-----------------52%                  ] 4185 of 8000 complete in 288.0 sec
[-----------------52%                  ] 4194 of 8000 complete in 288.5 sec
[-----------------52%                  ] 4202 of 8000 complete in 289.0 sec
[-----------------52%                  ] 4211 of 8000 complete in 289.6 sec
[-----------------53%                  ] 4248 of 8000 complete in 289.5 sec
[-----------------53%                  ] 4256 of 8000 complete in 290.0 sec
[-----------------53%                  ] 4265 of 8000 complete in 290.6 sec
[-----------------53%                  ] 4272 of 8000 complete in 291.1 sec
[-----------------53%                  ] 4280 of 8000 complete in 291.7 sec
[-----------------53%                  ] 4288 of 8000 complete in 292.2 sec
[-----------------53%                  ] 4295 of 8000 complete in 292.8 sec
[-----------------53%                  ] 4302 of 8000 complete in 293.3 sec
[-----------------53%                  ] 4309 of 8000 complete in 293.8 sec
[-----------------53%                  ] 4317 of 8000 complete in 294.4 sec
[-----------------54%                  ] 4324 of 8000 complete in 294.9 sec
[-----------------54%                  ] 4332 of 8000 complete in 295.5 sec
[-----------------54%                  ] 4340 of 8000 complete in 296.0 sec
[-----------------54%                  ] 4349 of 8000 complete in 296.6 sec
[-----------------54%                  ] 4357 of 8000 complete in 297.1 sec
[-----------------54%                  ] 4365 of 8000 complete in 297.7 sec
[-----------------54%                  ] 4372 of 8000 complete in 298.2 sec
[-----------------54%                  ] 4380 of 8000 complete in 298.7 sec
[-----------------54%                  ] 4388 of 8000 complete in 299.2 sec
[-----------------54%                  ] 4396 of 8000 complete in 299.8 sec
[-----------------55%                  ] 4404 of 8000 complete in 300.3 sec
[-----------------55%                  ] 4412 of 8000 complete in 300.8 sec
[-----------------55%                  ] 4420 of 8000 complete in 301.3 sec
[-----------------55%-                 ] 4428 of 8000 complete in 301.9 sec
[-----------------55%-                 ] 4436 of 8000 complete in 302.4 sec
[-----------------55%-                 ] 4444 of 8000 complete in 302.9 sec
[-----------------55%-                 ] 4452 of 8000 complete in 303.5 sec
[-----------------55%-                 ] 4460 of 8000 complete in 304.0 sec
[-----------------55%-                 ] 4469 of 8000 complete in 304.6 sec
[-----------------55%-                 ] 4477 of 8000 complete in 305.1 sec
[-----------------56%-                 ] 4486 of 8000 complete in 305.6 sec
[-----------------56%-                 ] 4494 of 8000 complete in 306.2 sec
[-----------------56%-                 ] 4503 of 8000 complete in 306.7 sec
[-----------------56%-                 ] 4512 of 8000 complete in 307.2 sec
[-----------------56%-                 ] 4520 of 8000 complete in 307.8 sec
[-----------------56%-                 ] 4529 of 8000 complete in 308.3 sec
[-----------------56%-                 ] 4537 of 8000 complete in 308.8 sec
[-----------------56%-                 ] 4545 of 8000 complete in 309.4 sec
[-----------------56%-                 ] 4553 of 8000 complete in 309.9 sec
[-----------------57%-                 ] 4561 of 8000 complete in 310.4 sec
[-----------------57%-                 ] 4569 of 8000 complete in 310.9 sec
[-----------------57%-                 ] 4577 of 8000 complete in 311.4 sec
[-----------------57%-                 ] 4585 of 8000 complete in 312.0 sec
[-----------------57%-                 ] 4593 of 8000 complete in 312.5 sec
[-----------------57%-                 ] 4600 of 8000 complete in 313.0 sec
[-----------------57%-                 ] 4608 of 8000 complete in 313.5 sec
[-----------------57%-                 ] 4616 of 8000 complete in 314.1 sec
[-----------------57%-                 ] 4623 of 8000 complete in 314.6 sec
[-----------------57%-                 ] 4630 of 8000 complete in 315.2 sec
[-----------------57%--                ] 4639 of 8000 complete in 315.7 sec
[-----------------58%--                ] 4647 of 8000 complete in 316.3 sec
[-----------------58%--                ] 4655 of 8000 complete in 316.8 sec
[-----------------58%--                ] 4663 of 8000 complete in 317.3 sec
[-----------------58%--                ] 4671 of 8000 complete in 317.9 sec
[-----------------58%--                ] 4679 of 8000 complete in 318.4 sec
[-----------------58%--                ] 4688 of 8000 complete in 318.9 sec
[-----------------58%--                ] 4696 of 8000 complete in 319.4 sec
[-----------------58%--                ] 4703 of 8000 complete in 319.9 sec
[-----------------58%--                ] 4710 of 8000 complete in 320.4 sec
[-----------------58%--                ] 4717 of 8000 complete in 321.0 sec
[-----------------59%--                ] 4724 of 8000 complete in 321.6 sec
[-----------------59%--                ] 4731 of 8000 complete in 322.1 sec
[-----------------59%--                ] 4738 of 8000 complete in 322.6 sec
[-----------------59%--                ] 4745 of 8000 complete in 323.2 sec
[-----------------59%--                ] 4753 of 8000 complete in 323.7 sec
[-----------------59%--                ] 4761 of 8000 complete in 324.3 sec
[-----------------59%--                ] 4768 of 8000 complete in 324.8 sec
[-----------------59%--                ] 4775 of 8000 complete in 325.3 sec
[-----------------59%--                ] 4783 of 8000 complete in 325.9 sec
[-----------------59%--                ] 4790 of 8000 complete in 326.4 sec
[-----------------59%--                ] 4797 of 8000 complete in 326.9 sec
[-----------------60%--                ] 4804 of 8000 complete in 327.4 sec
[-----------------60%--                ] 4812 of 8000 complete in 327.9 sec
[-----------------60%--                ] 4820 of 8000 complete in 328.4 sec
[-----------------60%--                ] 4829 of 8000 complete in 329.0 sec
[-----------------60%--                ] 4837 of 8000 complete in 329.5 sec
[-----------------60%---               ] 4846 of 8000 complete in 330.1 sec
[-----------------60%---               ] 4854 of 8000 complete in 330.6 sec
[-----------------60%---               ] 4862 of 8000 complete in 331.2 sec
[-----------------60%---               ] 4869 of 8000 complete in 331.7 sec
[-----------------60%---               ] 4877 of 8000 complete in 332.2 sec
[-----------------61%---               ] 4885 of 8000 complete in 332.8 sec
[-----------------61%---               ] 4893 of 8000 complete in 333.3 sec
[-----------------61%---               ] 4902 of 8000 complete in 333.8 sec
[-----------------61%---               ] 4910 of 8000 complete in 334.4 sec
[-----------------61%---               ] 4918 of 8000 complete in 334.9 sec
[-----------------61%---               ] 4926 of 8000 complete in 335.4 sec
[-----------------61%---               ] 4935 of 8000 complete in 335.9 sec
[-----------------61%---               ] 4943 of 8000 complete in 336.4 sec
[-----------------61%---               ] 4952 of 8000 complete in 337.0 sec
[-----------------62%---               ] 4960 of 8000 complete in 337.5 sec
[-----------------62%---               ] 4969 of 8000 complete in 338.1 sec
[-----------------62%---               ] 4978 of 8000 complete in 338.6 sec
[-----------------62%---               ] 4987 of 8000 complete in 339.2 sec
[-----------------62%---               ] 4995 of 8000 complete in 339.7 sec
[-----------------62%---               ] 5003 of 8000 complete in 340.2 sec
[-----------------62%---               ] 5011 of 8000 complete in 340.7 sec
[-----------------62%---               ] 5019 of 8000 complete in 341.2 sec
[-----------------62%---               ] 5027 of 8000 complete in 341.8 sec
[-----------------62%---               ] 5035 of 8000 complete in 342.3 sec
[-----------------63%---               ] 5042 of 8000 complete in 342.9 sec
[-----------------63%---               ] 5050 of 8000 complete in 343.4 sec
[-----------------63%----              ] 5058 of 8000 complete in 343.9 sec
[-----------------63%----              ] 5066 of 8000 complete in 344.4 sec
[-----------------63%----              ] 5074 of 8000 complete in 345.0 sec
[-----------------63%----              ] 5082 of 8000 complete in 345.5 sec
[-----------------63%----              ] 5090 of 8000 complete in 346.0 sec
[-----------------53%                  ] 4295 of 8000 complete in 289.4 sec
[-----------------53%                  ] 4303 of 8000 complete in 289.9 sec
[-----------------53%                  ] 4311 of 8000 complete in 290.5 sec
[-----------------53%                  ] 4319 of 8000 complete in 291.0 sec
[-----------------54%                  ] 4327 of 8000 complete in 291.6 sec
[-----------------54%                  ] 4335 of 8000 complete in 292.2 sec
[-----------------54%                  ] 4342 of 8000 complete in 292.7 sec
[-----------------54%                  ] 4349 of 8000 complete in 293.2 sec
[-----------------54%                  ] 4356 of 8000 complete in 293.7 sec
[-----------------54%                  ] 4364 of 8000 complete in 294.2 sec
[-----------------54%                  ] 4372 of 8000 complete in 294.8 sec
[-----------------54%                  ] 4380 of 8000 complete in 295.3 sec
[-----------------54%                  ] 4389 of 8000 complete in 295.9 sec
[-----------------54%                  ] 4397 of 8000 complete in 296.4 sec
[-----------------55%                  ] 4405 of 8000 complete in 296.9 sec
[-----------------55%                  ] 4413 of 8000 complete in 297.4 sec
[-----------------55%                  ] 4421 of 8000 complete in 298.0 sec
[-----------------55%-                 ] 4429 of 8000 complete in 298.5 sec
[-----------------55%-                 ] 4438 of 8000 complete in 299.1 sec
[-----------------55%-                 ] 4446 of 8000 complete in 299.6 sec
[-----------------55%-                 ] 4454 of 8000 complete in 300.1 sec
[-----------------55%-                 ] 4462 of 8000 complete in 300.6 sec
[-----------------55%-                 ] 4471 of 8000 complete in 301.2 sec
[-----------------56%-                 ] 4480 of 8000 complete in 301.7 sec
[-----------------56%-                 ] 4488 of 8000 complete in 302.3 sec
[-----------------56%-                 ] 4496 of 8000 complete in 302.8 sec
[-----------------56%-                 ] 4504 of 8000 complete in 303.3 sec
[-----------------56%-                 ] 4513 of 8000 complete in 303.9 sec
[-----------------56%-                 ] 4522 of 8000 complete in 304.4 sec
[-----------------56%-                 ] 4531 of 8000 complete in 305.0 sec
[-----------------56%-                 ] 4539 of 8000 complete in 305.5 sec
[-----------------56%-                 ] 4548 of 8000 complete in 306.1 sec
[-----------------56%-                 ] 4556 of 8000 complete in 306.6 sec
[-----------------57%-                 ] 4565 of 8000 complete in 307.1 sec
[-----------------57%-                 ] 4573 of 8000 complete in 307.6 sec
[-----------------57%-                 ] 4582 of 8000 complete in 308.2 sec
[-----------------57%-                 ] 4590 of 8000 complete in 308.7 sec
[-----------------57%-                 ] 4598 of 8000 complete in 309.2 sec
[-----------------57%-                 ] 4606 of 8000 complete in 309.8 sec
[-----------------57%-                 ] 4614 of 8000 complete in 310.3 sec
[-----------------57%-                 ] 4623 of 8000 complete in 310.8 sec
[-----------------57%-                 ] 4631 of 8000 complete in 311.3 sec
[-----------------57%--                ] 4639 of 8000 complete in 311.8 sec
[-----------------58%--                ] 4647 of 8000 complete in 312.4 sec
[-----------------58%--                ] 4655 of 8000 complete in 312.9 sec
[-----------------58%--                ] 4663 of 8000 complete in 313.4 sec
[-----------------58%--                ] 4670 of 8000 complete in 313.9 sec
[-----------------58%--                ] 4677 of 8000 complete in 314.5 sec
[-----------------58%--                ] 4685 of 8000 complete in 315.0 sec
[-----------------58%--                ] 4693 of 8000 complete in 315.5 sec
[-----------------58%--                ] 4701 of 8000 complete in 316.1 sec
[-----------------58%--                ] 4709 of 8000 complete in 316.6 sec
[-----------------58%--                ] 4717 of 8000 complete in 317.1 sec
[-----------------59%--                ] 4725 of 8000 complete in 317.6 sec
[-----------------59%--                ] 4734 of 8000 complete in 318.1 sec
[-----------------59%--                ] 4742 of 8000 complete in 318.6 sec
[-----------------59%--                ] 4750 of 8000 complete in 319.2 sec
[-----------------59%--                ] 4757 of 8000 complete in 319.7 sec
[-----------------59%--                ] 4764 of 8000 complete in 320.2 sec
[-----------------59%--                ] 4770 of 8000 complete in 320.7 sec
[-----------------59%--                ] 4777 of 8000 complete in 321.3 sec
[-----------------59%--                ] 4784 of 8000 complete in 321.8 sec
[-----------------59%--                ] 4791 of 8000 complete in 322.4 sec
[-----------------59%--                ] 4799 of 8000 complete in 322.9 sec
[-----------------60%--                ] 4807 of 8000 complete in 323.4 sec
[-----------------60%--                ] 4815 of 8000 complete in 324.0 sec
[-----------------60%--                ] 4822 of 8000 complete in 324.5 sec
[-----------------60%--                ] 4830 of 8000 complete in 325.1 sec
[-----------------60%--                ] 4838 of 8000 complete in 325.6 sec
[-----------------60%---               ] 4846 of 8000 complete in 326.1 sec
[-----------------60%---               ] 4853 of 8000 complete in 326.7 sec
[-----------------60%---               ] 4861 of 8000 complete in 327.2 sec
[-----------------60%---               ] 4869 of 8000 complete in 327.8 sec
[-----------------60%---               ] 4878 of 8000 complete in 328.3 sec
[-----------------61%---               ] 4887 of 8000 complete in 328.9 sec
[-----------------61%---               ] 4895 of 8000 complete in 329.4 sec
[-----------------61%---               ] 4903 of 8000 complete in 329.9 sec
[-----------------61%---               ] 4911 of 8000 complete in 330.5 sec
[-----------------61%---               ] 4918 of 8000 complete in 331.0 sec
[-----------------61%---               ] 4926 of 8000 complete in 331.5 sec
[-----------------61%---               ] 4934 of 8000 complete in 332.0 sec
[-----------------61%---               ] 4942 of 8000 complete in 332.6 sec
[-----------------61%---               ] 4950 of 8000 complete in 333.1 sec
[-----------------61%---               ] 4958 of 8000 complete in 333.6 sec
[-----------------62%---               ] 4967 of 8000 complete in 334.2 sec
[-----------------62%---               ] 4975 of 8000 complete in 334.7 sec
[-----------------62%---               ] 4984 of 8000 complete in 335.2 sec
[-----------------62%---               ] 4992 of 8000 complete in 335.7 sec
[-----------------62%---               ] 5001 of 8000 complete in 336.3 sec
[-----------------62%---               ] 5010 of 8000 complete in 336.9 sec
[-----------------62%---               ] 5019 of 8000 complete in 337.4 sec
[-----------------62%---               ] 5027 of 8000 complete in 337.9 sec
[-----------------62%---               ] 5035 of 8000 complete in 338.4 sec
[-----------------63%---               ] 5044 of 8000 complete in 339.0 sec
[-----------------63%----              ] 5053 of 8000 complete in 339.5 sec
[-----------------63%----              ] 5061 of 8000 complete in 340.0 sec
[-----------------63%----              ] 5069 of 8000 complete in 340.5 sec
[-----------------63%----              ] 5077 of 8000 complete in 341.1 sec
[-----------------63%----              ] 5085 of 8000 complete in 341.6 sec
[-----------------63%----              ] 5093 of 8000 complete in 342.1 sec
[-----------------63%----              ] 5101 of 8000 complete in 342.6 sec
[-----------------63%----              ] 5109 of 8000 complete in 343.2 sec
[-----------------63%----              ] 5117 of 8000 complete in 343.7 sec
[-----------------64%----              ] 5126 of 8000 complete in 344.2 sec
[-----------------64%----              ] 5134 of 8000 complete in 344.8 sec
[-----------------64%----              ] 5142 of 8000 complete in 345.3 sec
[-----------------64%----              ] 5150 of 8000 complete in 345.8 sec
[-----------------52%                  ] 4179 of 8000 complete in 289.7 sec
[-----------------52%                  ] 4187 of 8000 complete in 290.2 sec
[-----------------52%                  ] 4194 of 8000 complete in 290.7 sec
[-----------------52%                  ] 4202 of 8000 complete in 291.3 sec
[-----------------52%                  ] 4210 of 8000 complete in 291.9 sec
[-----------------52%                  ] 4217 of 8000 complete in 292.4 sec
[-----------------52%                  ] 4224 of 8000 complete in 293.0 sec
[-----------------52%                  ] 4231 of 8000 complete in 293.5 sec
[-----------------52%                  ] 4239 of 8000 complete in 294.1 sec
[-----------------53%                  ] 4246 of 8000 complete in 294.6 sec
[-----------------53%                  ] 4254 of 8000 complete in 295.1 sec
[-----------------53%                  ] 4261 of 8000 complete in 295.6 sec
[-----------------53%                  ] 4269 of 8000 complete in 296.2 sec
[-----------------53%                  ] 4277 of 8000 complete in 296.7 sec
[-----------------53%                  ] 4285 of 8000 complete in 297.2 sec
[-----------------53%                  ] 4293 of 8000 complete in 297.8 sec
[-----------------53%                  ] 4300 of 8000 complete in 298.3 sec
[-----------------53%                  ] 4308 of 8000 complete in 298.8 sec
[-----------------53%                  ] 4317 of 8000 complete in 299.4 sec
[-----------------54%                  ] 4325 of 8000 complete in 299.9 sec
[-----------------54%                  ] 4333 of 8000 complete in 300.4 sec
[-----------------54%                  ] 4341 of 8000 complete in 301.0 sec
[-----------------54%                  ] 4349 of 8000 complete in 301.5 sec
[-----------------54%                  ] 4357 of 8000 complete in 302.1 sec
[-----------------54%                  ] 4364 of 8000 complete in 302.6 sec
[-----------------54%                  ] 4372 of 8000 complete in 303.1 sec
[-----------------54%                  ] 4379 of 8000 complete in 303.6 sec
[-----------------54%                  ] 4387 of 8000 complete in 304.2 sec
[-----------------54%                  ] 4395 of 8000 complete in 304.7 sec
[-----------------55%                  ] 4404 of 8000 complete in 305.2 sec
[-----------------55%                  ] 4412 of 8000 complete in 305.7 sec
[-----------------55%                  ] 4421 of 8000 complete in 306.3 sec
[-----------------55%-                 ] 4429 of 8000 complete in 306.8 sec
[-----------------55%-                 ] 4437 of 8000 complete in 307.3 sec
[-----------------55%-                 ] 4445 of 8000 complete in 307.9 sec
[-----------------55%-                 ] 4453 of 8000 complete in 308.4 sec
[-----------------55%-                 ] 4461 of 8000 complete in 309.0 sec
[-----------------55%-                 ] 4469 of 8000 complete in 309.5 sec
[-----------------55%-                 ] 4477 of 8000 complete in 310.1 sec
[-----------------56%-                 ] 4485 of 8000 complete in 310.6 sec
[-----------------56%-                 ] 4494 of 8000 complete in 311.2 sec
[-----------------56%-                 ] 4502 of 8000 complete in 311.7 sec
[-----------------56%-                 ] 4510 of 8000 complete in 312.2 sec
[-----------------56%-                 ] 4518 of 8000 complete in 312.8 sec
[-----------------56%-                 ] 4526 of 8000 complete in 313.3 sec
[-----------------56%-                 ] 4534 of 8000 complete in 313.9 sec
[-----------------56%-                 ] 4541 of 8000 complete in 314.4 sec
[-----------------56%-                 ] 4548 of 8000 complete in 315.0 sec
[-----------------56%-                 ] 4556 of 8000 complete in 315.5 sec
[-----------------57%-                 ] 4563 of 8000 complete in 316.0 sec
[-----------------57%-                 ] 4571 of 8000 complete in 316.5 sec
[-----------------57%-                 ] 4578 of 8000 complete in 317.0 sec
[-----------------57%-                 ] 4586 of 8000 complete in 317.5 sec
[-----------------57%-                 ] 4594 of 8000 complete in 318.1 sec
[-----------------57%-                 ] 4602 of 8000 complete in 318.6 sec
[-----------------57%-                 ] 4610 of 8000 complete in 319.1 sec
[-----------------57%-                 ] 4617 of 8000 complete in 319.7 sec
[-----------------57%-                 ] 4624 of 8000 complete in 320.2 sec
[-----------------57%-                 ] 4630 of 8000 complete in 320.8 sec
[-----------------57%--                ] 4636 of 8000 complete in 321.3 sec
[-----------------58%--                ] 4643 of 8000 complete in 321.9 sec
[-----------------58%--                ] 4650 of 8000 complete in 322.4 sec
[-----------------58%--                ] 4657 of 8000 complete in 323.0 sec
[-----------------58%--                ] 4665 of 8000 complete in 323.5 sec
[-----------------58%--                ] 4672 of 8000 complete in 324.0 sec
[-----------------58%--                ] 4680 of 8000 complete in 324.6 sec
[-----------------58%--                ] 4687 of 8000 complete in 325.1 sec
[-----------------58%--                ] 4695 of 8000 complete in 325.7 sec
[-----------------58%--                ] 4703 of 8000 complete in 326.3 sec
[-----------------58%--                ] 4710 of 8000 complete in 326.8 sec
[-----------------58%--                ] 4718 of 8000 complete in 327.4 sec
[-----------------59%--                ] 4725 of 8000 complete in 327.9 sec
[-----------------59%--                ] 4733 of 8000 complete in 328.4 sec
[-----------------59%--                ] 4741 of 8000 complete in 329.0 sec
[-----------------59%--                ] 4749 of 8000 complete in 329.5 sec
[-----------------59%--                ] 4757 of 8000 complete in 330.0 sec
[-----------------59%--                ] 4765 of 8000 complete in 330.6 sec
[-----------------59%--                ] 4773 of 8000 complete in 331.1 sec
[-----------------59%--                ] 4781 of 8000 complete in 331.7 sec
[-----------------59%--                ] 4789 of 8000 complete in 332.2 sec
[-----------------59%--                ] 4797 of 8000 complete in 332.7 sec
[-----------------60%--                ] 4805 of 8000 complete in 333.2 sec
[-----------------60%--                ] 4814 of 8000 complete in 333.8 sec
[-----------------60%--                ] 4822 of 8000 complete in 334.3 sec
[-----------------60%--                ] 4830 of 8000 complete in 334.8 sec
[-----------------60%--                ] 4838 of 8000 complete in 335.3 sec
[-----------------60%---               ] 4847 of 8000 complete in 335.9 sec
[-----------------60%---               ] 4855 of 8000 complete in 336.4 sec
[-----------------60%---               ] 4863 of 8000 complete in 336.9 sec
[-----------------60%---               ] 4871 of 8000 complete in 337.4 sec
[-----------------60%---               ] 4878 of 8000 complete in 338.0 sec
[-----------------61%---               ] 4886 of 8000 complete in 338.5 sec
[-----------------61%---               ] 4894 of 8000 complete in 339.0 sec
[-----------------61%---               ] 4902 of 8000 complete in 339.5 sec
[-----------------61%---               ] 4911 of 8000 complete in 340.1 sec
[-----------------61%---               ] 4920 of 8000 complete in 340.6 sec
[-----------------61%---               ] 4928 of 8000 complete in 341.2 sec
[-----------------61%---               ] 4936 of 8000 complete in 341.7 sec
[-----------------61%---               ] 4944 of 8000 complete in 342.2 sec
[-----------------61%---               ] 4951 of 8000 complete in 342.8 sec
[-----------------61%---               ] 4959 of 8000 complete in 343.3 sec
[-----------------62%---               ] 4967 of 8000 complete in 343.8 sec
[-----------------62%---               ] 4975 of 8000 complete in 344.3 sec
[-----------------62%---               ] 4983 of 8000 complete in 344.9 sec
[-----------------62%---               ] 4991 of 8000 complete in 345.4 sec
[-----------------62%---               ] 4999 of 8000 complete in 346.0 sec
[-----------------62%---               ] 5008 of 8000 complete in 346.5 sec
[-----------------52%                  ] 4220 of 8000 complete in 290.2 sec
[-----------------52%                  ] 4227 of 8000 complete in 290.7 sec
[-----------------52%                  ] 4234 of 8000 complete in 291.2 sec
[-----------------53%                  ] 4242 of 8000 complete in 291.8 sec
[-----------------53%                  ] 4249 of 8000 complete in 292.3 sec
[-----------------53%                  ] 4257 of 8000 complete in 292.9 sec
[-----------------53%                  ] 4265 of 8000 complete in 293.4 sec
[-----------------53%                  ] 4273 of 8000 complete in 294.0 sec
[-----------------53%                  ] 4281 of 8000 complete in 294.5 sec
[-----------------53%                  ] 4289 of 8000 complete in 295.1 sec
[-----------------53%                  ] 4297 of 8000 complete in 295.6 sec
[-----------------53%                  ] 4305 of 8000 complete in 296.1 sec
[-----------------53%                  ] 4313 of 8000 complete in 296.7 sec
[-----------------54%                  ] 4322 of 8000 complete in 297.2 sec
[-----------------54%                  ] 4330 of 8000 complete in 297.8 sec
[-----------------54%                  ] 4338 of 8000 complete in 298.3 sec
[-----------------54%                  ] 4347 of 8000 complete in 298.9 sec
[-----------------54%                  ] 4356 of 8000 complete in 299.5 sec
[-----------------54%                  ] 4364 of 8000 complete in 300.0 sec
[-----------------54%                  ] 4372 of 8000 complete in 300.5 sec
[-----------------54%                  ] 4380 of 8000 complete in 301.0 sec
[-----------------54%                  ] 4389 of 8000 complete in 301.6 sec
[-----------------54%                  ] 4397 of 8000 complete in 302.1 sec
[-----------------55%                  ] 4405 of 8000 complete in 302.7 sec
[-----------------55%                  ] 4413 of 8000 complete in 303.2 sec
[-----------------55%                  ] 4421 of 8000 complete in 303.8 sec
[-----------------55%-                 ] 4429 of 8000 complete in 304.3 sec
[-----------------55%-                 ] 4438 of 8000 complete in 304.9 sec
[-----------------55%-                 ] 4447 of 8000 complete in 305.4 sec
[-----------------55%-                 ] 4456 of 8000 complete in 306.0 sec
[-----------------55%-                 ] 4464 of 8000 complete in 306.5 sec
[-----------------55%-                 ] 4472 of 8000 complete in 307.0 sec
[-----------------56%-                 ] 4480 of 8000 complete in 307.5 sec
[-----------------56%-                 ] 4488 of 8000 complete in 308.1 sec
[-----------------56%-                 ] 4496 of 8000 complete in 308.6 sec
[-----------------56%-                 ] 4504 of 8000 complete in 309.1 sec
[-----------------56%-                 ] 4512 of 8000 complete in 309.7 sec
[-----------------56%-                 ] 4520 of 8000 complete in 310.2 sec
[-----------------56%-                 ] 4528 of 8000 complete in 310.7 sec
[-----------------56%-                 ] 4537 of 8000 complete in 311.3 sec
[-----------------56%-                 ] 4544 of 8000 complete in 311.8 sec
[-----------------56%-                 ] 4551 of 8000 complete in 312.3 sec
[-----------------56%-                 ] 4558 of 8000 complete in 312.8 sec
[-----------------57%-                 ] 4566 of 8000 complete in 313.3 sec
[-----------------57%-                 ] 4574 of 8000 complete in 313.9 sec
[-----------------57%-                 ] 4581 of 8000 complete in 314.4 sec
[-----------------57%-                 ] 4588 of 8000 complete in 314.9 sec
[-----------------57%-                 ] 4596 of 8000 complete in 315.4 sec
[-----------------57%-                 ] 4604 of 8000 complete in 316.0 sec
[-----------------57%-                 ] 4612 of 8000 complete in 316.5 sec
[-----------------57%-                 ] 4620 of 8000 complete in 317.0 sec
[-----------------57%-                 ] 4629 of 8000 complete in 317.6 sec
[-----------------57%--                ] 4637 of 8000 complete in 318.1 sec
[-----------------58%--                ] 4645 of 8000 complete in 318.6 sec
[-----------------58%--                ] 4653 of 8000 complete in 319.2 sec
[-----------------58%--                ] 4661 of 8000 complete in 319.7 sec
[-----------------58%--                ] 4668 of 8000 complete in 320.3 sec
[-----------------58%--                ] 4674 of 8000 complete in 320.9 sec
[-----------------58%--                ] 4681 of 8000 complete in 321.4 sec
[-----------------58%--                ] 4688 of 8000 complete in 321.9 sec
[-----------------58%--                ] 4694 of 8000 complete in 322.5 sec
[-----------------58%--                ] 4702 of 8000 complete in 323.0 sec
[-----------------58%--                ] 4710 of 8000 complete in 323.6 sec
[-----------------58%--                ] 4718 of 8000 complete in 324.1 sec
[-----------------59%--                ] 4725 of 8000 complete in 324.7 sec
[-----------------59%--                ] 4733 of 8000 complete in 325.2 sec
[-----------------59%--                ] 4741 of 8000 complete in 325.7 sec
[-----------------59%--                ] 4748 of 8000 complete in 326.3 sec
[-----------------59%--                ] 4755 of 8000 complete in 326.8 sec
[-----------------59%--                ] 4763 of 8000 complete in 327.3 sec
[-----------------59%--                ] 4770 of 8000 complete in 327.8 sec
[-----------------59%--                ] 4778 of 8000 complete in 328.4 sec
[-----------------59%--                ] 4788 of 8000 complete in 328.9 sec
[-----------------59%--                ] 4797 of 8000 complete in 329.5 sec
[-----------------60%--                ] 4805 of 8000 complete in 330.0 sec
[-----------------60%--                ] 4813 of 8000 complete in 330.5 sec
[-----------------60%--                ] 4820 of 8000 complete in 331.0 sec
[-----------------60%--                ] 4828 of 8000 complete in 331.6 sec
[-----------------60%--                ] 4836 of 8000 complete in 332.1 sec
[-----------------60%---               ] 4844 of 8000 complete in 332.7 sec
[-----------------60%---               ] 4853 of 8000 complete in 333.2 sec
[-----------------60%---               ] 4861 of 8000 complete in 333.7 sec
[-----------------60%---               ] 4869 of 8000 complete in 334.2 sec
[-----------------60%---               ] 4877 of 8000 complete in 334.8 sec
[-----------------61%---               ] 4886 of 8000 complete in 335.3 sec
[-----------------61%---               ] 4894 of 8000 complete in 335.9 sec
[-----------------61%---               ] 4902 of 8000 complete in 336.4 sec
[-----------------61%---               ] 4910 of 8000 complete in 336.9 sec
[-----------------61%---               ] 4918 of 8000 complete in 337.4 sec
[-----------------61%---               ] 4926 of 8000 complete in 337.9 sec
[-----------------61%---               ] 4934 of 8000 complete in 338.5 sec
[-----------------61%---               ] 4942 of 8000 complete in 339.0 sec
[-----------------61%---               ] 4950 of 8000 complete in 339.5 sec
[-----------------61%---               ] 4959 of 8000 complete in 340.0 sec
[-----------------62%---               ] 4968 of 8000 complete in 340.6 sec
[-----------------62%---               ] 4976 of 8000 complete in 341.1 sec
[-----------------62%---               ] 4984 of 8000 complete in 341.6 sec
[-----------------62%---               ] 4992 of 8000 complete in 342.2 sec
[-----------------62%---               ] 5000 of 8000 complete in 342.7 sec
[-----------------62%---               ] 5009 of 8000 complete in 343.3 sec
[-----------------62%---               ] 5017 of 8000 complete in 343.8 sec
[-----------------62%---               ] 5025 of 8000 complete in 344.3 sec
[-----------------62%---               ] 5033 of 8000 complete in 344.9 sec
[-----------------63%---               ] 5041 of 8000 complete in 345.4 sec
[-----------------63%---               ] 5049 of 8000 complete in 345.9 sec
[-----------------63%----              ] 5057 of 8000 complete in 346.4 sec
[-----------------63%----              ] 5064 of 8000 complete in 346.9 sec
[-----------------64%----              ] 5159 of 8000 complete in 346.4 sec
[-----------------64%----              ] 5167 of 8000 complete in 346.9 sec
[-----------------64%----              ] 5175 of 8000 complete in 347.4 sec
[-----------------64%----              ] 5183 of 8000 complete in 348.0 sec
[-----------------64%----              ] 5191 of 8000 complete in 348.5 sec
[-----------------64%----              ] 5199 of 8000 complete in 349.0 sec
[-----------------65%----              ] 5207 of 8000 complete in 349.6 sec
[-----------------65%----              ] 5215 of 8000 complete in 350.1 sec
[-----------------65%----              ] 5222 of 8000 complete in 350.6 sec
[-----------------65%----              ] 5230 of 8000 complete in 351.1 sec
[-----------------65%----              ] 5238 of 8000 complete in 351.6 sec
[-----------------65%----              ] 5246 of 8000 complete in 352.2 sec
[-----------------65%----              ] 5253 of 8000 complete in 352.7 sec
[-----------------65%----              ] 5261 of 8000 complete in 353.2 sec
[-----------------65%-----             ] 5269 of 8000 complete in 353.8 sec
[-----------------65%-----             ] 5277 of 8000 complete in 354.3 sec
[-----------------66%-----             ] 5285 of 8000 complete in 354.9 sec
[-----------------66%-----             ] 5293 of 8000 complete in 355.4 sec
[-----------------66%-----             ] 5301 of 8000 complete in 355.9 sec
[-----------------66%-----             ] 5309 of 8000 complete in 356.4 sec
[-----------------66%-----             ] 5316 of 8000 complete in 357.0 sec
[-----------------66%-----             ] 5323 of 8000 complete in 357.5 sec
[-----------------66%-----             ] 5330 of 8000 complete in 358.0 sec
[-----------------66%-----             ] 5338 of 8000 complete in 358.5 sec
[-----------------66%-----             ] 5346 of 8000 complete in 359.1 sec
[-----------------66%-----             ] 5355 of 8000 complete in 359.6 sec
[-----------------67%-----             ] 5363 of 8000 complete in 360.1 sec
[-----------------67%-----             ] 5371 of 8000 complete in 360.6 sec
[-----------------67%-----             ] 5380 of 8000 complete in 361.2 sec
[-----------------67%-----             ] 5388 of 8000 complete in 361.7 sec
[-----------------67%-----             ] 5395 of 8000 complete in 362.2 sec
[-----------------67%-----             ] 5403 of 8000 complete in 362.8 sec
[-----------------67%-----             ] 5410 of 8000 complete in 363.3 sec
[-----------------67%-----             ] 5418 of 8000 complete in 363.8 sec
[-----------------67%-----             ] 5426 of 8000 complete in 364.4 sec
[-----------------67%-----             ] 5435 of 8000 complete in 364.9 sec
[-----------------68%-----             ] 5444 of 8000 complete in 365.5 sec
[-----------------68%-----             ] 5453 of 8000 complete in 366.0 sec
[-----------------68%-----             ] 5461 of 8000 complete in 366.5 sec
[-----------------68%-----             ] 5469 of 8000 complete in 367.0 sec
[-----------------68%------            ] 5477 of 8000 complete in 367.5 sec
[-----------------68%------            ] 5485 of 8000 complete in 368.1 sec
[-----------------68%------            ] 5494 of 8000 complete in 368.6 sec
[-----------------68%------            ] 5503 of 8000 complete in 369.2 sec
[-----------------68%------            ] 5511 of 8000 complete in 369.7 sec
[-----------------68%------            ] 5519 of 8000 complete in 370.2 sec
[-----------------69%------            ] 5527 of 8000 complete in 370.7 sec
[-----------------69%------            ] 5535 of 8000 complete in 371.3 sec
[-----------------69%------            ] 5543 of 8000 complete in 371.8 sec
[-----------------69%------            ] 5551 of 8000 complete in 372.3 sec
[-----------------69%------            ] 5559 of 8000 complete in 372.8 sec
[-----------------69%------            ] 5566 of 8000 complete in 373.4 sec
[-----------------69%------            ] 5574 of 8000 complete in 373.9 sec
[-----------------69%------            ] 5580 of 8000 complete in 374.4 sec
[-----------------69%------            ] 5587 of 8000 complete in 374.9 sec
[-----------------69%------            ] 5595 of 8000 complete in 375.4 sec
[-----------------70%------            ] 5602 of 8000 complete in 376.0 sec
[-----------------70%------            ] 5609 of 8000 complete in 376.5 sec
[-----------------70%------            ] 5616 of 8000 complete in 377.0 sec
[-----------------70%------            ] 5624 of 8000 complete in 377.5 sec
[-----------------70%------            ] 5632 of 8000 complete in 378.1 sec
[-----------------70%------            ] 5641 of 8000 complete in 378.6 sec
[-----------------70%------            ] 5649 of 8000 complete in 379.1 sec
[-----------------70%------            ] 5657 of 8000 complete in 379.6 sec
[-----------------70%------            ] 5665 of 8000 complete in 380.2 sec
[-----------------70%------            ] 5673 of 8000 complete in 380.7 sec
[-----------------71%------            ] 5681 of 8000 complete in 381.3 sec
[-----------------71%-------           ] 5689 of 8000 complete in 381.8 sec
[-----------------71%-------           ] 5696 of 8000 complete in 382.3 sec
[-----------------71%-------           ] 5704 of 8000 complete in 382.9 sec
[-----------------71%-------           ] 5712 of 8000 complete in 383.4 sec
[-----------------71%-------           ] 5720 of 8000 complete in 384.0 sec
[-----------------71%-------           ] 5728 of 8000 complete in 384.5 sec
[-----------------71%-------           ] 5735 of 8000 complete in 385.0 sec
[-----------------71%-------           ] 5743 of 8000 complete in 385.6 sec
[-----------------71%-------           ] 5750 of 8000 complete in 386.1 sec
[-----------------71%-------           ] 5757 of 8000 complete in 386.6 sec
[-----------------72%-------           ] 5765 of 8000 complete in 387.2 sec
[-----------------72%-------           ] 5772 of 8000 complete in 387.7 sec
[-----------------72%-------           ] 5779 of 8000 complete in 388.3 sec
[-----------------72%-------           ] 5787 of 8000 complete in 388.8 sec
[-----------------72%-------           ] 5793 of 8000 complete in 389.3 sec
[-----------------72%-------           ] 5801 of 8000 complete in 389.8 sec
[-----------------72%-------           ] 5809 of 8000 complete in 390.3 sec
[-----------------72%-------           ] 5817 of 8000 complete in 390.8 sec
[-----------------72%-------           ] 5825 of 8000 complete in 391.3 sec
[-----------------72%-------           ] 5833 of 8000 complete in 391.9 sec
[-----------------73%-------           ] 5841 of 8000 complete in 392.4 sec
[-----------------73%-------           ] 5849 of 8000 complete in 392.9 sec
[-----------------73%-------           ] 5857 of 8000 complete in 393.4 sec
[-----------------73%-------           ] 5866 of 8000 complete in 394.0 sec
[-----------------73%-------           ] 5874 of 8000 complete in 394.5 sec
[-----------------73%-------           ] 5882 of 8000 complete in 395.1 sec
[-----------------73%-------           ] 5889 of 8000 complete in 395.6 sec
[-----------------73%--------          ] 5896 of 8000 complete in 396.1 sec
[-----------------73%--------          ] 5904 of 8000 complete in 396.6 sec
[-----------------73%--------          ] 5912 of 8000 complete in 397.1 sec
[-----------------74%--------          ] 5920 of 8000 complete in 397.7 sec
[-----------------74%--------          ] 5927 of 8000 complete in 398.2 sec
[-----------------74%--------          ] 5935 of 8000 complete in 398.7 sec
[-----------------74%--------          ] 5943 of 8000 complete in 399.2 sec
[-----------------74%--------          ] 5951 of 8000 complete in 399.8 sec
[-----------------74%--------          ] 5959 of 8000 complete in 400.3 sec
[-----------------74%--------          ] 5967 of 8000 complete in 400.8 sec
[-----------------74%--------          ] 5975 of 8000 complete in 401.4 sec
[-----------------74%--------          ] 5984 of 8000 complete in 401.9 sec
[-----------------74%--------          ] 5991 of 8000 complete in 402.5 sec
[-----------------63%----              ] 5099 of 8000 complete in 346.6 sec
[-----------------63%----              ] 5107 of 8000 complete in 347.1 sec
[-----------------63%----              ] 5116 of 8000 complete in 347.7 sec
[-----------------64%----              ] 5124 of 8000 complete in 348.2 sec
[-----------------64%----              ] 5132 of 8000 complete in 348.8 sec
[-----------------64%----              ] 5140 of 8000 complete in 349.3 sec
[-----------------64%----              ] 5147 of 8000 complete in 349.8 sec
[-----------------64%----              ] 5155 of 8000 complete in 350.3 sec
[-----------------64%----              ] 5163 of 8000 complete in 350.9 sec
[-----------------64%----              ] 5171 of 8000 complete in 351.4 sec
[-----------------64%----              ] 5178 of 8000 complete in 351.9 sec
[-----------------64%----              ] 5186 of 8000 complete in 352.4 sec
[-----------------64%----              ] 5192 of 8000 complete in 353.0 sec
[-----------------65%----              ] 5200 of 8000 complete in 353.5 sec
[-----------------65%----              ] 5208 of 8000 complete in 354.1 sec
[-----------------65%----              ] 5216 of 8000 complete in 354.6 sec
[-----------------65%----              ] 5224 of 8000 complete in 355.2 sec
[-----------------65%----              ] 5232 of 8000 complete in 355.7 sec
[-----------------65%----              ] 5239 of 8000 complete in 356.2 sec
[-----------------65%----              ] 5246 of 8000 complete in 356.7 sec
[-----------------65%----              ] 5254 of 8000 complete in 357.3 sec
[-----------------65%----              ] 5261 of 8000 complete in 357.8 sec
[-----------------65%-----             ] 5269 of 8000 complete in 358.3 sec
[-----------------65%-----             ] 5276 of 8000 complete in 358.9 sec
[-----------------66%-----             ] 5283 of 8000 complete in 359.4 sec
[-----------------66%-----             ] 5292 of 8000 complete in 359.9 sec
[-----------------66%-----             ] 5301 of 8000 complete in 360.5 sec
[-----------------66%-----             ] 5309 of 8000 complete in 361.0 sec
[-----------------66%-----             ] 5318 of 8000 complete in 361.5 sec
[-----------------66%-----             ] 5326 of 8000 complete in 362.1 sec
[-----------------66%-----             ] 5333 of 8000 complete in 362.6 sec
[-----------------66%-----             ] 5340 of 8000 complete in 363.1 sec
[-----------------66%-----             ] 5348 of 8000 complete in 363.6 sec
[-----------------66%-----             ] 5356 of 8000 complete in 364.2 sec
[-----------------67%-----             ] 5365 of 8000 complete in 364.7 sec
[-----------------67%-----             ] 5374 of 8000 complete in 365.3 sec
[-----------------67%-----             ] 5382 of 8000 complete in 365.8 sec
[-----------------67%-----             ] 5390 of 8000 complete in 366.3 sec
[-----------------67%-----             ] 5398 of 8000 complete in 366.8 sec
[-----------------67%-----             ] 5406 of 8000 complete in 367.4 sec
[-----------------67%-----             ] 5415 of 8000 complete in 367.9 sec
[-----------------67%-----             ] 5424 of 8000 complete in 368.5 sec
[-----------------67%-----             ] 5433 of 8000 complete in 369.1 sec
[-----------------68%-----             ] 5441 of 8000 complete in 369.6 sec
[-----------------68%-----             ] 5449 of 8000 complete in 370.1 sec
[-----------------68%-----             ] 5457 of 8000 complete in 370.6 sec
[-----------------68%-----             ] 5466 of 8000 complete in 371.2 sec
[-----------------68%------            ] 5475 of 8000 complete in 371.7 sec
[-----------------68%------            ] 5483 of 8000 complete in 372.3 sec
[-----------------68%------            ] 5491 of 8000 complete in 372.8 sec
[-----------------68%------            ] 5499 of 8000 complete in 373.4 sec
[-----------------68%------            ] 5507 of 8000 complete in 373.9 sec
[-----------------68%------            ] 5515 of 8000 complete in 374.5 sec
[-----------------69%------            ] 5521 of 8000 complete in 375.0 sec
[-----------------69%------            ] 5529 of 8000 complete in 375.5 sec
[-----------------69%------            ] 5536 of 8000 complete in 376.1 sec
[-----------------69%------            ] 5543 of 8000 complete in 376.6 sec
[-----------------69%------            ] 5551 of 8000 complete in 377.2 sec
[-----------------69%------            ] 5559 of 8000 complete in 377.7 sec
[-----------------69%------            ] 5567 of 8000 complete in 378.3 sec
[-----------------69%------            ] 5575 of 8000 complete in 378.8 sec
[-----------------69%------            ] 5584 of 8000 complete in 379.3 sec
[-----------------69%------            ] 5592 of 8000 complete in 379.9 sec
[-----------------70%------            ] 5601 of 8000 complete in 380.4 sec
[-----------------70%------            ] 5609 of 8000 complete in 380.9 sec
[-----------------70%------            ] 5617 of 8000 complete in 381.5 sec
[-----------------70%------            ] 5625 of 8000 complete in 382.0 sec
[-----------------70%------            ] 5633 of 8000 complete in 382.6 sec
[-----------------70%------            ] 5640 of 8000 complete in 383.1 sec
[-----------------70%------            ] 5648 of 8000 complete in 383.7 sec
[-----------------70%------            ] 5656 of 8000 complete in 384.2 sec
[-----------------70%------            ] 5664 of 8000 complete in 384.8 sec
[-----------------70%------            ] 5672 of 8000 complete in 385.3 sec
[-----------------70%------            ] 5679 of 8000 complete in 385.8 sec
[-----------------71%-------           ] 5687 of 8000 complete in 386.4 sec
[-----------------71%-------           ] 5694 of 8000 complete in 386.9 sec
[-----------------71%-------           ] 5701 of 8000 complete in 387.4 sec
[-----------------71%-------           ] 5708 of 8000 complete in 387.9 sec
[-----------------71%-------           ] 5715 of 8000 complete in 388.4 sec
[-----------------71%-------           ] 5723 of 8000 complete in 389.0 sec
[-----------------71%-------           ] 5731 of 8000 complete in 389.6 sec
[-----------------71%-------           ] 5738 of 8000 complete in 390.1 sec
[-----------------71%-------           ] 5746 of 8000 complete in 390.6 sec
[-----------------71%-------           ] 5754 of 8000 complete in 391.2 sec
[-----------------72%-------           ] 5762 of 8000 complete in 391.7 sec
[-----------------72%-------           ] 5770 of 8000 complete in 392.2 sec
[-----------------72%-------           ] 5778 of 8000 complete in 392.7 sec
[-----------------72%-------           ] 5786 of 8000 complete in 393.3 sec
[-----------------72%-------           ] 5794 of 8000 complete in 393.8 sec
[-----------------72%-------           ] 5802 of 8000 complete in 394.3 sec
[-----------------72%-------           ] 5811 of 8000 complete in 394.9 sec
[-----------------72%-------           ] 5819 of 8000 complete in 395.4 sec
[-----------------72%-------           ] 5827 of 8000 complete in 395.9 sec
[-----------------72%-------           ] 5834 of 8000 complete in 396.5 sec
[-----------------73%-------           ] 5841 of 8000 complete in 397.0 sec
[-----------------73%-------           ] 5849 of 8000 complete in 397.5 sec
[-----------------73%-------           ] 5856 of 8000 complete in 398.0 sec
[-----------------73%-------           ] 5863 of 8000 complete in 398.5 sec
[-----------------73%-------           ] 5871 of 8000 complete in 399.0 sec
[-----------------73%-------           ] 5879 of 8000 complete in 399.6 sec
[-----------------73%-------           ] 5887 of 8000 complete in 400.1 sec
[-----------------73%-------           ] 5894 of 8000 complete in 400.6 sec
[-----------------73%--------          ] 5902 of 8000 complete in 401.2 sec
[-----------------73%--------          ] 5910 of 8000 complete in 401.7 sec
[-----------------73%--------          ] 5918 of 8000 complete in 402.2 sec
[-----------------74%--------          ] 5925 of 8000 complete in 402.8 sec
[-----------------74%--------          ] 5933 of 8000 complete in 403.3 sec
[-----------------62%---               ] 5016 of 8000 complete in 347.1 sec
[-----------------62%---               ] 5024 of 8000 complete in 347.6 sec
[-----------------62%---               ] 5032 of 8000 complete in 348.2 sec
[-----------------62%---               ] 5039 of 8000 complete in 348.7 sec
[-----------------63%---               ] 5046 of 8000 complete in 349.2 sec
[-----------------63%----              ] 5053 of 8000 complete in 349.7 sec
[-----------------63%----              ] 5061 of 8000 complete in 350.3 sec
[-----------------63%----              ] 5068 of 8000 complete in 350.8 sec
[-----------------63%----              ] 5076 of 8000 complete in 351.4 sec
[-----------------63%----              ] 5083 of 8000 complete in 351.9 sec
[-----------------63%----              ] 5090 of 8000 complete in 352.4 sec
[-----------------63%----              ] 5097 of 8000 complete in 353.0 sec
[-----------------63%----              ] 5105 of 8000 complete in 353.5 sec
[-----------------63%----              ] 5113 of 8000 complete in 354.0 sec
[-----------------64%----              ] 5120 of 8000 complete in 354.6 sec
[-----------------64%----              ] 5128 of 8000 complete in 355.1 sec
[-----------------64%----              ] 5136 of 8000 complete in 355.7 sec
[-----------------64%----              ] 5144 of 8000 complete in 356.2 sec
[-----------------64%----              ] 5152 of 8000 complete in 356.8 sec
[-----------------64%----              ] 5159 of 8000 complete in 357.3 sec
[-----------------64%----              ] 5166 of 8000 complete in 357.9 sec
[-----------------64%----              ] 5173 of 8000 complete in 358.4 sec
[-----------------64%----              ] 5180 of 8000 complete in 358.9 sec
[-----------------64%----              ] 5188 of 8000 complete in 359.5 sec
[-----------------64%----              ] 5196 of 8000 complete in 360.0 sec
[-----------------65%----              ] 5205 of 8000 complete in 360.5 sec
[-----------------65%----              ] 5214 of 8000 complete in 361.1 sec
[-----------------65%----              ] 5222 of 8000 complete in 361.6 sec
[-----------------65%----              ] 5230 of 8000 complete in 362.2 sec
[-----------------65%----              ] 5237 of 8000 complete in 362.8 sec
[-----------------65%----              ] 5244 of 8000 complete in 363.3 sec
[-----------------65%----              ] 5251 of 8000 complete in 363.8 sec
[-----------------65%----              ] 5259 of 8000 complete in 364.3 sec
[-----------------65%-----             ] 5266 of 8000 complete in 364.8 sec
[-----------------65%-----             ] 5274 of 8000 complete in 365.4 sec
[-----------------66%-----             ] 5282 of 8000 complete in 365.9 sec
[-----------------66%-----             ] 5290 of 8000 complete in 366.5 sec
[-----------------66%-----             ] 5298 of 8000 complete in 367.0 sec
[-----------------66%-----             ] 5306 of 8000 complete in 367.5 sec
[-----------------66%-----             ] 5313 of 8000 complete in 368.0 sec
[-----------------66%-----             ] 5321 of 8000 complete in 368.6 sec
[-----------------66%-----             ] 5329 of 8000 complete in 369.1 sec
[-----------------66%-----             ] 5337 of 8000 complete in 369.6 sec
[-----------------66%-----             ] 5345 of 8000 complete in 370.1 sec
[-----------------66%-----             ] 5352 of 8000 complete in 370.6 sec
[-----------------67%-----             ] 5360 of 8000 complete in 371.2 sec
[-----------------67%-----             ] 5368 of 8000 complete in 371.7 sec
[-----------------67%-----             ] 5375 of 8000 complete in 372.2 sec
[-----------------67%-----             ] 5382 of 8000 complete in 372.7 sec
[-----------------67%-----             ] 5389 of 8000 complete in 373.3 sec
[-----------------67%-----             ] 5397 of 8000 complete in 373.8 sec
[-----------------67%-----             ] 5405 of 8000 complete in 374.4 sec
[-----------------67%-----             ] 5411 of 8000 complete in 374.9 sec
[-----------------67%-----             ] 5418 of 8000 complete in 375.4 sec
[-----------------67%-----             ] 5425 of 8000 complete in 376.0 sec
[-----------------67%-----             ] 5432 of 8000 complete in 376.5 sec
[-----------------68%-----             ] 5440 of 8000 complete in 377.1 sec
[-----------------68%-----             ] 5447 of 8000 complete in 377.6 sec
[-----------------68%-----             ] 5455 of 8000 complete in 378.2 sec
[-----------------68%-----             ] 5464 of 8000 complete in 378.7 sec
[-----------------68%-----             ] 5472 of 8000 complete in 379.2 sec
[-----------------68%------            ] 5480 of 8000 complete in 379.7 sec
[-----------------68%------            ] 5488 of 8000 complete in 380.3 sec
[-----------------68%------            ] 5496 of 8000 complete in 380.8 sec
[-----------------68%------            ] 5504 of 8000 complete in 381.4 sec
[-----------------68%------            ] 5512 of 8000 complete in 381.9 sec
[-----------------68%------            ] 5519 of 8000 complete in 382.5 sec
[-----------------69%------            ] 5526 of 8000 complete in 383.0 sec
[-----------------69%------            ] 5534 of 8000 complete in 383.6 sec
[-----------------69%------            ] 5542 of 8000 complete in 384.1 sec
[-----------------69%------            ] 5550 of 8000 complete in 384.7 sec
[-----------------69%------            ] 5557 of 8000 complete in 385.2 sec
[-----------------69%------            ] 5564 of 8000 complete in 385.7 sec
[-----------------69%------            ] 5572 of 8000 complete in 386.3 sec
[-----------------69%------            ] 5579 of 8000 complete in 386.8 sec
[-----------------69%------            ] 5587 of 8000 complete in 387.4 sec
[-----------------69%------            ] 5594 of 8000 complete in 387.9 sec
[-----------------70%------            ] 5601 of 8000 complete in 388.5 sec
[-----------------70%------            ] 5609 of 8000 complete in 389.0 sec
[-----------------70%------            ] 5615 of 8000 complete in 389.6 sec
[-----------------70%------            ] 5622 of 8000 complete in 390.1 sec
[-----------------70%------            ] 5631 of 8000 complete in 390.6 sec
[-----------------70%------            ] 5639 of 8000 complete in 391.2 sec
[-----------------70%------            ] 5648 of 8000 complete in 391.7 sec
[-----------------70%------            ] 5656 of 8000 complete in 392.3 sec
[-----------------70%------            ] 5663 of 8000 complete in 392.8 sec
[-----------------70%------            ] 5671 of 8000 complete in 393.3 sec
[-----------------70%------            ] 5679 of 8000 complete in 393.9 sec
[-----------------71%-------           ] 5687 of 8000 complete in 394.4 sec
[-----------------71%-------           ] 5695 of 8000 complete in 395.0 sec
[-----------------71%-------           ] 5702 of 8000 complete in 395.5 sec
[-----------------71%-------           ] 5710 of 8000 complete in 396.1 sec
[-----------------71%-------           ] 5717 of 8000 complete in 396.6 sec
[-----------------71%-------           ] 5725 of 8000 complete in 397.2 sec
[-----------------71%-------           ] 5733 of 8000 complete in 397.7 sec
[-----------------71%-------           ] 5740 of 8000 complete in 398.2 sec
[-----------------71%-------           ] 5748 of 8000 complete in 398.7 sec
[-----------------71%-------           ] 5756 of 8000 complete in 399.3 sec
[-----------------72%-------           ] 5765 of 8000 complete in 399.8 sec
[-----------------72%-------           ] 5773 of 8000 complete in 400.4 sec
[-----------------72%-------           ] 5781 of 8000 complete in 400.9 sec
[-----------------72%-------           ] 5789 of 8000 complete in 401.5 sec
[-----------------72%-------           ] 5797 of 8000 complete in 402.0 sec
[-----------------72%-------           ] 5804 of 8000 complete in 402.5 sec
[-----------------72%-------           ] 5812 of 8000 complete in 403.1 sec
[-----------------72%-------           ] 5820 of 8000 complete in 403.6 sec
[-----------------72%-------           ] 5827 of 8000 complete in 404.2 sec
[-----------------63%----              ] 5072 of 8000 complete in 347.4 sec
[-----------------63%----              ] 5081 of 8000 complete in 348.0 sec
[-----------------63%----              ] 5089 of 8000 complete in 348.5 sec
[-----------------63%----              ] 5097 of 8000 complete in 349.1 sec
[-----------------63%----              ] 5105 of 8000 complete in 349.6 sec
[-----------------63%----              ] 5113 of 8000 complete in 350.2 sec
[-----------------64%----              ] 5120 of 8000 complete in 350.7 sec
[-----------------64%----              ] 5128 of 8000 complete in 351.3 sec
[-----------------64%----              ] 5135 of 8000 complete in 351.8 sec
[-----------------64%----              ] 5143 of 8000 complete in 352.4 sec
[-----------------64%----              ] 5150 of 8000 complete in 352.9 sec
[-----------------64%----              ] 5158 of 8000 complete in 353.5 sec
[-----------------64%----              ] 5166 of 8000 complete in 354.0 sec
[-----------------64%----              ] 5174 of 8000 complete in 354.5 sec
[-----------------64%----              ] 5182 of 8000 complete in 355.1 sec
[-----------------64%----              ] 5190 of 8000 complete in 355.6 sec
[-----------------64%----              ] 5198 of 8000 complete in 356.1 sec
[-----------------65%----              ] 5206 of 8000 complete in 356.7 sec
[-----------------65%----              ] 5213 of 8000 complete in 357.2 sec
[-----------------65%----              ] 5220 of 8000 complete in 357.7 sec
[-----------------65%----              ] 5227 of 8000 complete in 358.2 sec
[-----------------65%----              ] 5235 of 8000 complete in 358.8 sec
[-----------------65%----              ] 5244 of 8000 complete in 359.3 sec
[-----------------65%----              ] 5252 of 8000 complete in 359.8 sec
[-----------------65%----              ] 5260 of 8000 complete in 360.4 sec
[-----------------65%-----             ] 5268 of 8000 complete in 360.9 sec
[-----------------65%-----             ] 5276 of 8000 complete in 361.4 sec
[-----------------66%-----             ] 5284 of 8000 complete in 361.9 sec
[-----------------66%-----             ] 5291 of 8000 complete in 362.4 sec
[-----------------66%-----             ] 5299 of 8000 complete in 363.0 sec
[-----------------66%-----             ] 5306 of 8000 complete in 363.5 sec
[-----------------66%-----             ] 5314 of 8000 complete in 364.0 sec
[-----------------66%-----             ] 5322 of 8000 complete in 364.5 sec
[-----------------66%-----             ] 5330 of 8000 complete in 365.0 sec
[-----------------66%-----             ] 5339 of 8000 complete in 365.6 sec
[-----------------66%-----             ] 5348 of 8000 complete in 366.1 sec
[-----------------66%-----             ] 5356 of 8000 complete in 366.6 sec
[-----------------67%-----             ] 5365 of 8000 complete in 367.2 sec
[-----------------67%-----             ] 5372 of 8000 complete in 367.7 sec
[-----------------67%-----             ] 5381 of 8000 complete in 368.2 sec
[-----------------67%-----             ] 5389 of 8000 complete in 368.7 sec
[-----------------67%-----             ] 5397 of 8000 complete in 369.3 sec
[-----------------67%-----             ] 5405 of 8000 complete in 369.8 sec
[-----------------67%-----             ] 5412 of 8000 complete in 370.3 sec
[-----------------67%-----             ] 5420 of 8000 complete in 370.8 sec
[-----------------67%-----             ] 5429 of 8000 complete in 371.3 sec
[-----------------67%-----             ] 5436 of 8000 complete in 371.9 sec
[-----------------68%-----             ] 5444 of 8000 complete in 372.4 sec
[-----------------68%-----             ] 5452 of 8000 complete in 372.9 sec
[-----------------68%-----             ] 5460 of 8000 complete in 373.5 sec
[-----------------68%-----             ] 5468 of 8000 complete in 374.0 sec
[-----------------68%------            ] 5474 of 8000 complete in 374.5 sec
[-----------------68%------            ] 5482 of 8000 complete in 375.1 sec
[-----------------68%------            ] 5490 of 8000 complete in 375.7 sec
[-----------------68%------            ] 5497 of 8000 complete in 376.2 sec
[-----------------68%------            ] 5505 of 8000 complete in 376.8 sec
[-----------------68%------            ] 5513 of 8000 complete in 377.3 sec
[-----------------69%------            ] 5521 of 8000 complete in 377.9 sec
[-----------------69%------            ] 5530 of 8000 complete in 378.4 sec
[-----------------69%------            ] 5539 of 8000 complete in 379.0 sec
[-----------------69%------            ] 5547 of 8000 complete in 379.5 sec
[-----------------69%------            ] 5555 of 8000 complete in 380.0 sec
[-----------------69%------            ] 5563 of 8000 complete in 380.5 sec
[-----------------69%------            ] 5571 of 8000 complete in 381.1 sec
[-----------------69%------            ] 5579 of 8000 complete in 381.6 sec
[-----------------69%------            ] 5587 of 8000 complete in 382.2 sec
[-----------------69%------            ] 5594 of 8000 complete in 382.7 sec
[-----------------70%------            ] 5602 of 8000 complete in 383.2 sec
[-----------------70%------            ] 5610 of 8000 complete in 383.8 sec
[-----------------70%------            ] 5618 of 8000 complete in 384.3 sec
[-----------------70%------            ] 5626 of 8000 complete in 384.9 sec
[-----------------70%------            ] 5633 of 8000 complete in 385.4 sec
[-----------------70%------            ] 5641 of 8000 complete in 385.9 sec
[-----------------70%------            ] 5648 of 8000 complete in 386.5 sec
[-----------------70%------            ] 5655 of 8000 complete in 387.0 sec
[-----------------70%------            ] 5662 of 8000 complete in 387.5 sec
[-----------------70%------            ] 5669 of 8000 complete in 388.0 sec
[-----------------70%------            ] 5677 of 8000 complete in 388.6 sec
[-----------------71%-------           ] 5685 of 8000 complete in 389.2 sec
[-----------------71%-------           ] 5692 of 8000 complete in 389.7 sec
[-----------------71%-------           ] 5700 of 8000 complete in 390.3 sec
[-----------------71%-------           ] 5708 of 8000 complete in 390.8 sec
[-----------------71%-------           ] 5716 of 8000 complete in 391.3 sec
[-----------------71%-------           ] 5724 of 8000 complete in 391.8 sec
[-----------------71%-------           ] 5733 of 8000 complete in 392.4 sec
[-----------------71%-------           ] 5741 of 8000 complete in 392.9 sec
[-----------------71%-------           ] 5749 of 8000 complete in 393.4 sec
[-----------------71%-------           ] 5757 of 8000 complete in 393.9 sec
[-----------------72%-------           ] 5765 of 8000 complete in 394.5 sec
[-----------------72%-------           ] 5774 of 8000 complete in 395.0 sec
[-----------------72%-------           ] 5782 of 8000 complete in 395.6 sec
[-----------------72%-------           ] 5789 of 8000 complete in 396.1 sec
[-----------------72%-------           ] 5797 of 8000 complete in 396.7 sec
[-----------------72%-------           ] 5805 of 8000 complete in 397.2 sec
[-----------------72%-------           ] 5813 of 8000 complete in 397.7 sec
[-----------------72%-------           ] 5820 of 8000 complete in 398.3 sec
[-----------------72%-------           ] 5828 of 8000 complete in 398.8 sec
[-----------------72%-------           ] 5836 of 8000 complete in 399.3 sec
[-----------------73%-------           ] 5844 of 8000 complete in 399.8 sec
[-----------------73%-------           ] 5852 of 8000 complete in 400.4 sec
[-----------------73%-------           ] 5860 of 8000 complete in 400.9 sec
[-----------------73%-------           ] 5868 of 8000 complete in 401.5 sec
[-----------------73%-------           ] 5876 of 8000 complete in 402.0 sec
[-----------------73%-------           ] 5883 of 8000 complete in 402.5 sec
[-----------------73%-------           ] 5890 of 8000 complete in 403.0 sec
[-----------------73%--------          ] 5898 of 8000 complete in 403.5 sec
[-----------------73%--------          ] 5905 of 8000 complete in 404.1 sec
[-----------------74%--------          ] 5999 of 8000 complete in 403.0 sec
[-----------------75%--------          ] 6008 of 8000 complete in 403.5 sec
[-----------------75%--------          ] 6015 of 8000 complete in 404.1 sec
[-----------------75%--------          ] 6023 of 8000 complete in 404.7 sec
[-----------------75%--------          ] 6031 of 8000 complete in 405.2 sec
[-----------------75%--------          ] 6039 of 8000 complete in 405.8 sec
[-----------------75%--------          ] 6048 of 8000 complete in 406.3 sec
[-----------------75%--------          ] 6056 of 8000 complete in 406.9 sec
[-----------------75%--------          ] 6063 of 8000 complete in 407.4 sec
[-----------------75%--------          ] 6072 of 8000 complete in 407.9 sec
[-----------------76%--------          ] 6080 of 8000 complete in 408.5 sec
[-----------------76%--------          ] 6088 of 8000 complete in 409.0 sec
[-----------------76%--------          ] 6097 of 8000 complete in 409.6 sec
[-----------------76%---------         ] 6106 of 8000 complete in 410.2 sec
[-----------------76%---------         ] 6113 of 8000 complete in 410.7 sec
[-----------------76%---------         ] 6121 of 8000 complete in 411.2 sec
[-----------------76%---------         ] 6129 of 8000 complete in 411.7 sec
[-----------------76%---------         ] 6137 of 8000 complete in 412.3 sec
[-----------------76%---------         ] 6145 of 8000 complete in 412.9 sec
[-----------------76%---------         ] 6153 of 8000 complete in 413.4 sec
[-----------------77%---------         ] 6161 of 8000 complete in 413.9 sec
[-----------------77%---------         ] 6168 of 8000 complete in 414.5 sec
[-----------------77%---------         ] 6176 of 8000 complete in 415.0 sec
[-----------------77%---------         ] 6184 of 8000 complete in 415.6 sec
[-----------------77%---------         ] 6191 of 8000 complete in 416.1 sec
[-----------------77%---------         ] 6199 of 8000 complete in 416.6 sec
[-----------------77%---------         ] 6207 of 8000 complete in 417.2 sec
[-----------------77%---------         ] 6215 of 8000 complete in 417.7 sec
[-----------------77%---------         ] 6223 of 8000 complete in 418.2 sec
[-----------------77%---------         ] 6231 of 8000 complete in 418.8 sec
[-----------------78%---------         ] 6240 of 8000 complete in 419.3 sec
[-----------------78%---------         ] 6249 of 8000 complete in 419.9 sec
[-----------------78%---------         ] 6258 of 8000 complete in 420.4 sec
[-----------------78%---------         ] 6267 of 8000 complete in 420.9 sec
[-----------------78%---------         ] 6275 of 8000 complete in 421.4 sec
[-----------------78%---------         ] 6283 of 8000 complete in 422.0 sec
[-----------------78%---------         ] 6291 of 8000 complete in 422.5 sec
[-----------------78%---------         ] 6299 of 8000 complete in 423.0 sec
[-----------------78%---------         ] 6308 of 8000 complete in 423.6 sec
[-----------------78%----------        ] 6317 of 8000 complete in 424.1 sec
[-----------------79%----------        ] 6325 of 8000 complete in 424.6 sec
[-----------------79%----------        ] 6334 of 8000 complete in 425.2 sec
[-----------------79%----------        ] 6342 of 8000 complete in 425.7 sec
[-----------------79%----------        ] 6350 of 8000 complete in 426.2 sec
[-----------------79%----------        ] 6358 of 8000 complete in 426.7 sec
[-----------------79%----------        ] 6366 of 8000 complete in 427.3 sec
[-----------------79%----------        ] 6374 of 8000 complete in 427.8 sec
[-----------------79%----------        ] 6382 of 8000 complete in 428.4 sec
[-----------------79%----------        ] 6390 of 8000 complete in 428.9 sec
[-----------------79%----------        ] 6398 of 8000 complete in 429.4 sec
[-----------------80%----------        ] 6406 of 8000 complete in 429.9 sec
[-----------------80%----------        ] 6414 of 8000 complete in 430.5 sec
[-----------------80%----------        ] 6422 of 8000 complete in 431.0 sec
[-----------------80%----------        ] 6429 of 8000 complete in 431.5 sec
[-----------------80%----------        ] 6436 of 8000 complete in 432.1 sec
[-----------------80%----------        ] 6443 of 8000 complete in 432.6 sec
[-----------------80%----------        ] 6451 of 8000 complete in 433.1 sec
[-----------------80%----------        ] 6459 of 8000 complete in 433.7 sec
[-----------------80%----------        ] 6467 of 8000 complete in 434.2 sec
[-----------------80%----------        ] 6475 of 8000 complete in 434.7 sec
[-----------------81%----------        ] 6483 of 8000 complete in 435.2 sec
[-----------------81%----------        ] 6492 of 8000 complete in 435.8 sec
[-----------------81%----------        ] 6501 of 8000 complete in 436.3 sec
[-----------------81%----------        ] 6510 of 8000 complete in 436.8 sec
[-----------------81%----------        ] 6519 of 8000 complete in 437.4 sec
[-----------------81%-----------       ] 6528 of 8000 complete in 437.9 sec
[-----------------81%-----------       ] 6536 of 8000 complete in 438.4 sec
[-----------------81%-----------       ] 6545 of 8000 complete in 439.0 sec
[-----------------81%-----------       ] 6552 of 8000 complete in 439.5 sec
[-----------------81%-----------       ] 6559 of 8000 complete in 440.0 sec
[-----------------82%-----------       ] 6567 of 8000 complete in 440.6 sec
[-----------------82%-----------       ] 6575 of 8000 complete in 441.1 sec
[-----------------82%-----------       ] 6582 of 8000 complete in 441.6 sec
[-----------------82%-----------       ] 6589 of 8000 complete in 442.2 sec
[-----------------82%-----------       ] 6596 of 8000 complete in 442.7 sec
[-----------------82%-----------       ] 6603 of 8000 complete in 443.2 sec
[-----------------82%-----------       ] 6611 of 8000 complete in 443.8 sec
[-----------------82%-----------       ] 6619 of 8000 complete in 444.3 sec
[-----------------82%-----------       ] 6627 of 8000 complete in 444.8 sec
[-----------------82%-----------       ] 6635 of 8000 complete in 445.4 sec
[-----------------83%-----------       ] 6643 of 8000 complete in 445.9 sec
[-----------------83%-----------       ] 6651 of 8000 complete in 446.4 sec
[-----------------83%-----------       ] 6659 of 8000 complete in 446.9 sec
[-----------------83%-----------       ] 6668 of 8000 complete in 447.5 sec
[-----------------83%-----------       ] 6675 of 8000 complete in 448.0 sec
[-----------------83%-----------       ] 6683 of 8000 complete in 448.6 sec
[-----------------83%-----------       ] 6691 of 8000 complete in 449.2 sec
[-----------------83%-----------       ] 6699 of 8000 complete in 449.7 sec
[-----------------83%-----------       ] 6708 of 8000 complete in 450.2 sec
[-----------------83%-----------       ] 6716 of 8000 complete in 450.7 sec
[-----------------84%-----------       ] 6724 of 8000 complete in 451.3 sec
[-----------------84%-----------       ] 6732 of 8000 complete in 451.8 sec
[-----------------84%------------      ] 6741 of 8000 complete in 452.4 sec
[-----------------84%------------      ] 6750 of 8000 complete in 452.9 sec
[-----------------84%------------      ] 6758 of 8000 complete in 453.4 sec
[-----------------84%------------      ] 6765 of 8000 complete in 454.0 sec
[-----------------84%------------      ] 6773 of 8000 complete in 454.5 sec
[-----------------84%------------      ] 6781 of 8000 complete in 455.0 sec
[-----------------84%------------      ] 6789 of 8000 complete in 455.5 sec
[-----------------84%------------      ] 6797 of 8000 complete in 456.1 sec
[-----------------85%------------      ] 6805 of 8000 complete in 456.6 sec
[-----------------85%------------      ] 6812 of 8000 complete in 457.1 sec
[-----------------85%------------      ] 6820 of 8000 complete in 457.7 sec
[-----------------85%------------      ] 6828 of 8000 complete in 458.2 sec
[-----------------85%------------      ] 6836 of 8000 complete in 458.8 sec
[-----------------85%------------      ] 6844 of 8000 complete in 459.3 sec
[-----------------85%------------      ] 6852 of 8000 complete in 459.9 sec
[-----------------74%--------          ] 5941 of 8000 complete in 403.8 sec
[-----------------74%--------          ] 5948 of 8000 complete in 404.4 sec
[-----------------74%--------          ] 5955 of 8000 complete in 404.9 sec
[-----------------74%--------          ] 5963 of 8000 complete in 405.5 sec
[-----------------74%--------          ] 5971 of 8000 complete in 406.0 sec
[-----------------74%--------          ] 5979 of 8000 complete in 406.6 sec
[-----------------74%--------          ] 5987 of 8000 complete in 407.1 sec
[-----------------74%--------          ] 5994 of 8000 complete in 407.6 sec
[-----------------75%--------          ] 6003 of 8000 complete in 408.2 sec
[-----------------75%--------          ] 6011 of 8000 complete in 408.7 sec
[-----------------75%--------          ] 6019 of 8000 complete in 409.2 sec
[-----------------75%--------          ] 6027 of 8000 complete in 409.7 sec
[-----------------75%--------          ] 6035 of 8000 complete in 410.2 sec
[-----------------75%--------          ] 6043 of 8000 complete in 410.8 sec
[-----------------75%--------          ] 6051 of 8000 complete in 411.4 sec
[-----------------75%--------          ] 6059 of 8000 complete in 411.9 sec
[-----------------75%--------          ] 6067 of 8000 complete in 412.4 sec
[-----------------75%--------          ] 6074 of 8000 complete in 413.0 sec
[-----------------76%--------          ] 6082 of 8000 complete in 413.5 sec
[-----------------76%--------          ] 6090 of 8000 complete in 414.1 sec
[-----------------76%--------          ] 6097 of 8000 complete in 414.6 sec
[-----------------76%--------          ] 6104 of 8000 complete in 415.2 sec
[-----------------76%---------         ] 6112 of 8000 complete in 415.7 sec
[-----------------76%---------         ] 6120 of 8000 complete in 416.2 sec
[-----------------76%---------         ] 6128 of 8000 complete in 416.8 sec
[-----------------76%---------         ] 6136 of 8000 complete in 417.3 sec
[-----------------76%---------         ] 6144 of 8000 complete in 417.9 sec
[-----------------76%---------         ] 6152 of 8000 complete in 418.5 sec
[-----------------77%---------         ] 6160 of 8000 complete in 419.0 sec
[-----------------77%---------         ] 6168 of 8000 complete in 419.5 sec
[-----------------77%---------         ] 6176 of 8000 complete in 420.0 sec
[-----------------77%---------         ] 6184 of 8000 complete in 420.5 sec
[-----------------77%---------         ] 6193 of 8000 complete in 421.1 sec
[-----------------77%---------         ] 6201 of 8000 complete in 421.6 sec
[-----------------77%---------         ] 6209 of 8000 complete in 422.1 sec
[-----------------77%---------         ] 6217 of 8000 complete in 422.6 sec
[-----------------77%---------         ] 6225 of 8000 complete in 423.2 sec
[-----------------77%---------         ] 6233 of 8000 complete in 423.7 sec
[-----------------78%---------         ] 6242 of 8000 complete in 424.3 sec
[-----------------78%---------         ] 6250 of 8000 complete in 424.8 sec
[-----------------78%---------         ] 6258 of 8000 complete in 425.3 sec
[-----------------78%---------         ] 6266 of 8000 complete in 425.9 sec
[-----------------78%---------         ] 6274 of 8000 complete in 426.4 sec
[-----------------78%---------         ] 6282 of 8000 complete in 426.9 sec
[-----------------78%---------         ] 6290 of 8000 complete in 427.5 sec
[-----------------78%---------         ] 6298 of 8000 complete in 428.0 sec
[-----------------78%---------         ] 6305 of 8000 complete in 428.5 sec
[-----------------78%---------         ] 6313 of 8000 complete in 429.0 sec
[-----------------79%----------        ] 6320 of 8000 complete in 429.6 sec
[-----------------79%----------        ] 6329 of 8000 complete in 430.1 sec
[-----------------79%----------        ] 6338 of 8000 complete in 430.7 sec
[-----------------79%----------        ] 6346 of 8000 complete in 431.2 sec
[-----------------79%----------        ] 6354 of 8000 complete in 431.8 sec
[-----------------79%----------        ] 6362 of 8000 complete in 432.4 sec
[-----------------79%----------        ] 6368 of 8000 complete in 432.9 sec
[-----------------79%----------        ] 6376 of 8000 complete in 433.4 sec
[-----------------79%----------        ] 6384 of 8000 complete in 433.9 sec
[-----------------79%----------        ] 6392 of 8000 complete in 434.5 sec
[-----------------80%----------        ] 6400 of 8000 complete in 435.0 sec
[-----------------80%----------        ] 6408 of 8000 complete in 435.6 sec
[-----------------80%----------        ] 6416 of 8000 complete in 436.1 sec
[-----------------80%----------        ] 6425 of 8000 complete in 436.7 sec
[-----------------80%----------        ] 6434 of 8000 complete in 437.2 sec
[-----------------80%----------        ] 6442 of 8000 complete in 437.7 sec
[-----------------80%----------        ] 6450 of 8000 complete in 438.3 sec
[-----------------80%----------        ] 6459 of 8000 complete in 438.8 sec
[-----------------80%----------        ] 6468 of 8000 complete in 439.4 sec
[-----------------80%----------        ] 6476 of 8000 complete in 439.9 sec
[-----------------81%----------        ] 6484 of 8000 complete in 440.5 sec
[-----------------81%----------        ] 6491 of 8000 complete in 441.0 sec
[-----------------81%----------        ] 6498 of 8000 complete in 441.5 sec
[-----------------81%----------        ] 6505 of 8000 complete in 442.0 sec
[-----------------81%----------        ] 6512 of 8000 complete in 442.6 sec
[-----------------81%----------        ] 6519 of 8000 complete in 443.1 sec
[-----------------81%----------        ] 6526 of 8000 complete in 443.7 sec
[-----------------81%-----------       ] 6534 of 8000 complete in 444.2 sec
[-----------------81%-----------       ] 6541 of 8000 complete in 444.7 sec
[-----------------81%-----------       ] 6549 of 8000 complete in 445.2 sec
[-----------------81%-----------       ] 6556 of 8000 complete in 445.7 sec
[-----------------82%-----------       ] 6564 of 8000 complete in 446.2 sec
[-----------------82%-----------       ] 6572 of 8000 complete in 446.8 sec
[-----------------82%-----------       ] 6580 of 8000 complete in 447.3 sec
[-----------------82%-----------       ] 6588 of 8000 complete in 447.8 sec
[-----------------82%-----------       ] 6595 of 8000 complete in 448.3 sec
[-----------------82%-----------       ] 6602 of 8000 complete in 448.9 sec
[-----------------82%-----------       ] 6610 of 8000 complete in 449.4 sec
[-----------------82%-----------       ] 6619 of 8000 complete in 449.9 sec
[-----------------82%-----------       ] 6628 of 8000 complete in 450.5 sec
[-----------------82%-----------       ] 6636 of 8000 complete in 451.0 sec
[-----------------83%-----------       ] 6644 of 8000 complete in 451.5 sec
[-----------------83%-----------       ] 6653 of 8000 complete in 452.1 sec
[-----------------83%-----------       ] 6662 of 8000 complete in 452.7 sec
[-----------------83%-----------       ] 6670 of 8000 complete in 453.2 sec
[-----------------83%-----------       ] 6678 of 8000 complete in 453.7 sec
[-----------------83%-----------       ] 6685 of 8000 complete in 454.2 sec
[-----------------83%-----------       ] 6693 of 8000 complete in 454.7 sec
[-----------------83%-----------       ] 6702 of 8000 complete in 455.3 sec
[-----------------83%-----------       ] 6710 of 8000 complete in 455.8 sec
[-----------------83%-----------       ] 6718 of 8000 complete in 456.3 sec
[-----------------84%-----------       ] 6726 of 8000 complete in 456.9 sec
[-----------------84%-----------       ] 6733 of 8000 complete in 457.4 sec
[-----------------84%------------      ] 6740 of 8000 complete in 457.9 sec
[-----------------84%------------      ] 6747 of 8000 complete in 458.4 sec
[-----------------84%------------      ] 6754 of 8000 complete in 458.9 sec
[-----------------84%------------      ] 6762 of 8000 complete in 459.5 sec
[-----------------84%------------      ] 6770 of 8000 complete in 460.0 sec
[-----------------84%------------      ] 6778 of 8000 complete in 460.5 sec
[-----------------73%--------          ] 5912 of 8000 complete in 404.6 sec
[-----------------73%--------          ] 5919 of 8000 complete in 405.1 sec
[-----------------74%--------          ] 5927 of 8000 complete in 405.6 sec
[-----------------74%--------          ] 5936 of 8000 complete in 406.2 sec
[-----------------74%--------          ] 5944 of 8000 complete in 406.7 sec
[-----------------74%--------          ] 5952 of 8000 complete in 407.3 sec
[-----------------74%--------          ] 5960 of 8000 complete in 407.8 sec
[-----------------74%--------          ] 5968 of 8000 complete in 408.3 sec
[-----------------74%--------          ] 5976 of 8000 complete in 408.9 sec
[-----------------74%--------          ] 5984 of 8000 complete in 409.4 sec
[-----------------74%--------          ] 5993 of 8000 complete in 410.0 sec
[-----------------75%--------          ] 6000 of 8000 complete in 410.5 sec
[-----------------75%--------          ] 6007 of 8000 complete in 411.0 sec
[-----------------75%--------          ] 6015 of 8000 complete in 411.5 sec
[-----------------75%--------          ] 6023 of 8000 complete in 412.1 sec
[-----------------75%--------          ] 6030 of 8000 complete in 412.6 sec
[-----------------75%--------          ] 6038 of 8000 complete in 413.1 sec
[-----------------75%--------          ] 6046 of 8000 complete in 413.7 sec
[-----------------75%--------          ] 6053 of 8000 complete in 414.2 sec
[-----------------75%--------          ] 6060 of 8000 complete in 414.7 sec
[-----------------75%--------          ] 6067 of 8000 complete in 415.2 sec
[-----------------75%--------          ] 6075 of 8000 complete in 415.8 sec
[-----------------76%--------          ] 6083 of 8000 complete in 416.3 sec
[-----------------76%--------          ] 6091 of 8000 complete in 416.9 sec
[-----------------76%--------          ] 6099 of 8000 complete in 417.4 sec
[-----------------76%---------         ] 6106 of 8000 complete in 417.9 sec
[-----------------76%---------         ] 6114 of 8000 complete in 418.4 sec
[-----------------76%---------         ] 6122 of 8000 complete in 418.9 sec
[-----------------76%---------         ] 6131 of 8000 complete in 419.5 sec
[-----------------76%---------         ] 6140 of 8000 complete in 420.0 sec
[-----------------76%---------         ] 6149 of 8000 complete in 420.6 sec
[-----------------76%---------         ] 6157 of 8000 complete in 421.1 sec
[-----------------77%---------         ] 6165 of 8000 complete in 421.6 sec
[-----------------77%---------         ] 6173 of 8000 complete in 422.1 sec
[-----------------77%---------         ] 6181 of 8000 complete in 422.7 sec
[-----------------77%---------         ] 6189 of 8000 complete in 423.2 sec
[-----------------77%---------         ] 6197 of 8000 complete in 423.7 sec
[-----------------77%---------         ] 6205 of 8000 complete in 424.2 sec
[-----------------77%---------         ] 6214 of 8000 complete in 424.8 sec
[-----------------77%---------         ] 6223 of 8000 complete in 425.3 sec
[-----------------77%---------         ] 6231 of 8000 complete in 425.9 sec
[-----------------77%---------         ] 6239 of 8000 complete in 426.4 sec
[-----------------78%---------         ] 6247 of 8000 complete in 426.9 sec
[-----------------78%---------         ] 6255 of 8000 complete in 427.4 sec
[-----------------78%---------         ] 6262 of 8000 complete in 427.9 sec
[-----------------78%---------         ] 6269 of 8000 complete in 428.4 sec
[-----------------78%---------         ] 6276 of 8000 complete in 428.9 sec
[-----------------78%---------         ] 6284 of 8000 complete in 429.5 sec
[-----------------78%---------         ] 6292 of 8000 complete in 430.0 sec
[-----------------78%---------         ] 6300 of 8000 complete in 430.5 sec
[-----------------78%---------         ] 6308 of 8000 complete in 431.0 sec
[-----------------78%---------         ] 6315 of 8000 complete in 431.5 sec
[-----------------79%----------        ] 6322 of 8000 complete in 432.1 sec
[-----------------79%----------        ] 6329 of 8000 complete in 432.6 sec
[-----------------79%----------        ] 6337 of 8000 complete in 433.2 sec
[-----------------79%----------        ] 6345 of 8000 complete in 433.7 sec
[-----------------79%----------        ] 6353 of 8000 complete in 434.2 sec
[-----------------79%----------        ] 6361 of 8000 complete in 434.7 sec
[-----------------79%----------        ] 6369 of 8000 complete in 435.3 sec
[-----------------79%----------        ] 6377 of 8000 complete in 435.8 sec
[-----------------79%----------        ] 6385 of 8000 complete in 436.3 sec
[-----------------79%----------        ] 6393 of 8000 complete in 436.8 sec
[-----------------80%----------        ] 6401 of 8000 complete in 437.4 sec
[-----------------80%----------        ] 6410 of 8000 complete in 437.9 sec
[-----------------80%----------        ] 6418 of 8000 complete in 438.4 sec
[-----------------80%----------        ] 6427 of 8000 complete in 439.0 sec
[-----------------80%----------        ] 6435 of 8000 complete in 439.5 sec
[-----------------80%----------        ] 6442 of 8000 complete in 440.0 sec
[-----------------80%----------        ] 6449 of 8000 complete in 440.5 sec
[-----------------80%----------        ] 6456 of 8000 complete in 441.1 sec
[-----------------80%----------        ] 6463 of 8000 complete in 441.6 sec
[-----------------80%----------        ] 6470 of 8000 complete in 442.1 sec
[-----------------80%----------        ] 6476 of 8000 complete in 442.7 sec
[-----------------81%----------        ] 6483 of 8000 complete in 443.2 sec
[-----------------81%----------        ] 6491 of 8000 complete in 443.7 sec
[-----------------81%----------        ] 6499 of 8000 complete in 444.2 sec
[-----------------81%----------        ] 6507 of 8000 complete in 444.8 sec
[-----------------81%----------        ] 6515 of 8000 complete in 445.3 sec
[-----------------81%----------        ] 6523 of 8000 complete in 445.9 sec
[-----------------81%-----------       ] 6531 of 8000 complete in 446.4 sec
[-----------------81%-----------       ] 6539 of 8000 complete in 446.9 sec
[-----------------81%-----------       ] 6547 of 8000 complete in 447.5 sec
[-----------------81%-----------       ] 6555 of 8000 complete in 448.0 sec
[-----------------82%-----------       ] 6562 of 8000 complete in 448.5 sec
[-----------------82%-----------       ] 6570 of 8000 complete in 449.1 sec
[-----------------82%-----------       ] 6578 of 8000 complete in 449.6 sec
[-----------------82%-----------       ] 6587 of 8000 complete in 450.2 sec
[-----------------82%-----------       ] 6595 of 8000 complete in 450.8 sec
[-----------------82%-----------       ] 6603 of 8000 complete in 451.3 sec
[-----------------82%-----------       ] 6611 of 8000 complete in 451.8 sec
[-----------------82%-----------       ] 6619 of 8000 complete in 452.3 sec
[-----------------82%-----------       ] 6627 of 8000 complete in 452.8 sec
[-----------------82%-----------       ] 6635 of 8000 complete in 453.4 sec
[-----------------83%-----------       ] 6643 of 8000 complete in 454.0 sec
[-----------------83%-----------       ] 6651 of 8000 complete in 454.5 sec
[-----------------83%-----------       ] 6659 of 8000 complete in 455.0 sec
[-----------------83%-----------       ] 6667 of 8000 complete in 455.6 sec
[-----------------83%-----------       ] 6676 of 8000 complete in 456.1 sec
[-----------------83%-----------       ] 6684 of 8000 complete in 456.7 sec
[-----------------83%-----------       ] 6691 of 8000 complete in 457.2 sec
[-----------------83%-----------       ] 6698 of 8000 complete in 457.8 sec
[-----------------83%-----------       ] 6705 of 8000 complete in 458.3 sec
[-----------------83%-----------       ] 6713 of 8000 complete in 458.8 sec
[-----------------84%-----------       ] 6720 of 8000 complete in 459.3 sec
[-----------------84%-----------       ] 6728 of 8000 complete in 459.8 sec
[-----------------84%-----------       ] 6736 of 8000 complete in 460.3 sec
[-----------------84%------------      ] 6743 of 8000 complete in 460.8 sec
[-----------------72%-------           ] 5834 of 8000 complete in 404.7 sec
[-----------------73%-------           ] 5841 of 8000 complete in 405.2 sec
[-----------------73%-------           ] 5849 of 8000 complete in 405.8 sec
[-----------------73%-------           ] 5857 of 8000 complete in 406.3 sec
[-----------------73%-------           ] 5865 of 8000 complete in 406.9 sec
[-----------------73%-------           ] 5872 of 8000 complete in 407.4 sec
[-----------------73%-------           ] 5880 of 8000 complete in 407.9 sec
[-----------------73%-------           ] 5888 of 8000 complete in 408.4 sec
[-----------------73%--------          ] 5896 of 8000 complete in 409.0 sec
[-----------------73%--------          ] 5905 of 8000 complete in 409.5 sec
[-----------------73%--------          ] 5914 of 8000 complete in 410.1 sec
[-----------------74%--------          ] 5922 of 8000 complete in 410.6 sec
[-----------------74%--------          ] 5929 of 8000 complete in 411.1 sec
[-----------------74%--------          ] 5937 of 8000 complete in 411.7 sec
[-----------------74%--------          ] 5945 of 8000 complete in 412.2 sec
[-----------------74%--------          ] 5952 of 8000 complete in 412.8 sec
[-----------------74%--------          ] 5959 of 8000 complete in 413.3 sec
[-----------------74%--------          ] 5967 of 8000 complete in 413.9 sec
[-----------------74%--------          ] 5974 of 8000 complete in 414.4 sec
[-----------------74%--------          ] 5981 of 8000 complete in 414.9 sec
[-----------------74%--------          ] 5988 of 8000 complete in 415.4 sec
[-----------------74%--------          ] 5996 of 8000 complete in 416.0 sec
[-----------------75%--------          ] 6004 of 8000 complete in 416.6 sec
[-----------------75%--------          ] 6011 of 8000 complete in 417.1 sec
[-----------------75%--------          ] 6019 of 8000 complete in 417.6 sec
[-----------------75%--------          ] 6027 of 8000 complete in 418.2 sec
[-----------------75%--------          ] 6035 of 8000 complete in 418.8 sec
[-----------------75%--------          ] 6043 of 8000 complete in 419.3 sec
[-----------------75%--------          ] 6051 of 8000 complete in 419.8 sec
[-----------------75%--------          ] 6059 of 8000 complete in 420.4 sec
[-----------------75%--------          ] 6068 of 8000 complete in 420.9 sec
[-----------------75%--------          ] 6076 of 8000 complete in 421.4 sec
[-----------------76%--------          ] 6084 of 8000 complete in 422.0 sec
[-----------------76%--------          ] 6092 of 8000 complete in 422.5 sec
[-----------------76%--------          ] 6100 of 8000 complete in 423.1 sec
[-----------------76%---------         ] 6108 of 8000 complete in 423.6 sec
[-----------------76%---------         ] 6116 of 8000 complete in 424.1 sec
[-----------------76%---------         ] 6124 of 8000 complete in 424.6 sec
[-----------------76%---------         ] 6132 of 8000 complete in 425.2 sec
[-----------------76%---------         ] 6140 of 8000 complete in 425.7 sec
[-----------------76%---------         ] 6148 of 8000 complete in 426.2 sec
[-----------------76%---------         ] 6156 of 8000 complete in 426.7 sec
[-----------------77%---------         ] 6164 of 8000 complete in 427.3 sec
[-----------------77%---------         ] 6172 of 8000 complete in 427.8 sec
[-----------------77%---------         ] 6179 of 8000 complete in 428.4 sec
[-----------------77%---------         ] 6187 of 8000 complete in 428.9 sec
[-----------------77%---------         ] 6195 of 8000 complete in 429.5 sec
[-----------------77%---------         ] 6203 of 8000 complete in 430.0 sec
[-----------------77%---------         ] 6211 of 8000 complete in 430.6 sec
[-----------------77%---------         ] 6219 of 8000 complete in 431.1 sec
[-----------------77%---------         ] 6226 of 8000 complete in 431.7 sec
[-----------------77%---------         ] 6233 of 8000 complete in 432.2 sec
[-----------------77%---------         ] 6239 of 8000 complete in 432.7 sec
[-----------------78%---------         ] 6246 of 8000 complete in 433.2 sec
[-----------------78%---------         ] 6254 of 8000 complete in 433.8 sec
[-----------------78%---------         ] 6262 of 8000 complete in 434.3 sec
[-----------------78%---------         ] 6270 of 8000 complete in 434.9 sec
[-----------------78%---------         ] 6278 of 8000 complete in 435.4 sec
[-----------------78%---------         ] 6286 of 8000 complete in 436.0 sec
[-----------------78%---------         ] 6294 of 8000 complete in 436.5 sec
[-----------------78%---------         ] 6303 of 8000 complete in 437.1 sec
[-----------------78%---------         ] 6311 of 8000 complete in 437.6 sec
[-----------------79%----------        ] 6320 of 8000 complete in 438.2 sec
[-----------------79%----------        ] 6328 of 8000 complete in 438.7 sec
[-----------------79%----------        ] 6336 of 8000 complete in 439.2 sec
[-----------------79%----------        ] 6343 of 8000 complete in 439.7 sec
[-----------------79%----------        ] 6350 of 8000 complete in 440.2 sec
[-----------------79%----------        ] 6357 of 8000 complete in 440.8 sec
[-----------------79%----------        ] 6364 of 8000 complete in 441.3 sec
[-----------------79%----------        ] 6371 of 8000 complete in 441.9 sec
[-----------------79%----------        ] 6378 of 8000 complete in 442.4 sec
[-----------------79%----------        ] 6385 of 8000 complete in 442.9 sec
[-----------------79%----------        ] 6392 of 8000 complete in 443.5 sec
[-----------------80%----------        ] 6400 of 8000 complete in 444.0 sec
[-----------------80%----------        ] 6408 of 8000 complete in 444.6 sec
[-----------------80%----------        ] 6416 of 8000 complete in 445.1 sec
[-----------------80%----------        ] 6424 of 8000 complete in 445.7 sec
[-----------------80%----------        ] 6432 of 8000 complete in 446.2 sec
[-----------------80%----------        ] 6439 of 8000 complete in 446.7 sec
[-----------------80%----------        ] 6447 of 8000 complete in 447.3 sec
[-----------------80%----------        ] 6455 of 8000 complete in 447.8 sec
[-----------------80%----------        ] 6462 of 8000 complete in 448.4 sec
[-----------------80%----------        ] 6469 of 8000 complete in 448.9 sec
[-----------------80%----------        ] 6477 of 8000 complete in 449.5 sec
[-----------------81%----------        ] 6486 of 8000 complete in 450.0 sec
[-----------------81%----------        ] 6494 of 8000 complete in 450.6 sec
[-----------------81%----------        ] 6502 of 8000 complete in 451.1 sec
[-----------------81%----------        ] 6510 of 8000 complete in 451.6 sec
[-----------------81%----------        ] 6518 of 8000 complete in 452.1 sec
[-----------------81%----------        ] 6525 of 8000 complete in 452.7 sec
[-----------------81%-----------       ] 6533 of 8000 complete in 453.2 sec
[-----------------81%-----------       ] 6540 of 8000 complete in 453.7 sec
[-----------------81%-----------       ] 6547 of 8000 complete in 454.2 sec
[-----------------81%-----------       ] 6554 of 8000 complete in 454.7 sec
[-----------------82%-----------       ] 6563 of 8000 complete in 455.3 sec
[-----------------82%-----------       ] 6571 of 8000 complete in 455.8 sec
[-----------------82%-----------       ] 6579 of 8000 complete in 456.4 sec
[-----------------82%-----------       ] 6587 of 8000 complete in 456.9 sec
[-----------------82%-----------       ] 6594 of 8000 complete in 457.5 sec
[-----------------82%-----------       ] 6601 of 8000 complete in 458.0 sec
[-----------------82%-----------       ] 6608 of 8000 complete in 458.5 sec
[-----------------82%-----------       ] 6615 of 8000 complete in 459.0 sec
[-----------------82%-----------       ] 6622 of 8000 complete in 459.5 sec
[-----------------82%-----------       ] 6630 of 8000 complete in 460.1 sec
[-----------------82%-----------       ] 6638 of 8000 complete in 460.6 sec
[-----------------83%-----------       ] 6646 of 8000 complete in 461.2 sec
[-----------------83%-----------       ] 6654 of 8000 complete in 461.7 sec
[-----------------85%------------      ] 6860 of 8000 complete in 460.4 sec
[-----------------85%------------      ] 6868 of 8000 complete in 460.9 sec
[-----------------85%------------      ] 6876 of 8000 complete in 461.5 sec
[-----------------86%------------      ] 6883 of 8000 complete in 462.0 sec
[-----------------86%------------      ] 6891 of 8000 complete in 462.5 sec
[-----------------86%------------      ] 6899 of 8000 complete in 463.1 sec
[-----------------86%------------      ] 6906 of 8000 complete in 463.6 sec
[-----------------86%------------      ] 6914 of 8000 complete in 464.1 sec
[-----------------86%------------      ] 6921 of 8000 complete in 464.7 sec
[-----------------86%------------      ] 6929 of 8000 complete in 465.2 sec
[-----------------86%------------      ] 6936 of 8000 complete in 465.7 sec
[-----------------86%------------      ] 6944 of 8000 complete in 466.2 sec
[-----------------86%-------------     ] 6952 of 8000 complete in 466.7 sec
[-----------------87%-------------     ] 6961 of 8000 complete in 467.3 sec
[-----------------87%-------------     ] 6969 of 8000 complete in 467.8 sec
[-----------------87%-------------     ] 6978 of 8000 complete in 468.4 sec
[-----------------87%-------------     ] 6986 of 8000 complete in 468.9 sec
[-----------------87%-------------     ] 6994 of 8000 complete in 469.4 sec
[-----------------87%-------------     ] 7001 of 8000 complete in 470.0 sec
[-----------------87%-------------     ] 7008 of 8000 complete in 470.5 sec
[-----------------87%-------------     ] 7015 of 8000 complete in 471.0 sec
[-----------------87%-------------     ] 7023 of 8000 complete in 471.6 sec
[-----------------87%-------------     ] 7031 of 8000 complete in 472.1 sec
[-----------------87%-------------     ] 7038 of 8000 complete in 472.7 sec
[-----------------88%-------------     ] 7046 of 8000 complete in 473.2 sec
[-----------------88%-------------     ] 7054 of 8000 complete in 473.8 sec
[-----------------88%-------------     ] 7062 of 8000 complete in 474.3 sec
[-----------------88%-------------     ] 7070 of 8000 complete in 474.9 sec
[-----------------88%-------------     ] 7078 of 8000 complete in 475.4 sec
[-----------------88%-------------     ] 7085 of 8000 complete in 476.0 sec
[-----------------88%-------------     ] 7093 of 8000 complete in 476.5 sec
[-----------------88%-------------     ] 7100 of 8000 complete in 477.0 sec
[-----------------88%-------------     ] 7108 of 8000 complete in 477.6 sec
[-----------------88%-------------     ] 7116 of 8000 complete in 478.1 sec
[-----------------89%-------------     ] 7123 of 8000 complete in 478.6 sec
[-----------------89%-------------     ] 7132 of 8000 complete in 479.2 sec
[-----------------89%-------------     ] 7140 of 8000 complete in 479.7 sec
[-----------------89%-------------     ] 7148 of 8000 complete in 480.3 sec
[-----------------89%-------------     ] 7157 of 8000 complete in 480.8 sec
[-----------------89%--------------    ] 7165 of 8000 complete in 481.4 sec
[-----------------89%--------------    ] 7172 of 8000 complete in 481.9 sec
[-----------------89%--------------    ] 7179 of 8000 complete in 482.4 sec
[-----------------89%--------------    ] 7186 of 8000 complete in 482.9 sec
[-----------------89%--------------    ] 7193 of 8000 complete in 483.4 sec
[-----------------90%--------------    ] 7200 of 8000 complete in 483.9 sec
[-----------------90%--------------    ] 7208 of 8000 complete in 484.5 sec
[-----------------90%--------------    ] 7216 of 8000 complete in 485.0 sec
[-----------------90%--------------    ] 7224 of 8000 complete in 485.5 sec
[-----------------90%--------------    ] 7231 of 8000 complete in 486.1 sec
[-----------------90%--------------    ] 7239 of 8000 complete in 486.6 sec
[-----------------90%--------------    ] 7246 of 8000 complete in 487.1 sec
[-----------------90%--------------    ] 7254 of 8000 complete in 487.7 sec
[-----------------90%--------------    ] 7261 of 8000 complete in 488.2 sec
[-----------------90%--------------    ] 7268 of 8000 complete in 488.7 sec
[-----------------90%--------------    ] 7276 of 8000 complete in 489.3 sec
[-----------------91%--------------    ] 7284 of 8000 complete in 489.8 sec
[-----------------91%--------------    ] 7292 of 8000 complete in 490.3 sec
[-----------------91%--------------    ] 7301 of 8000 complete in 490.9 sec
[-----------------91%--------------    ] 7309 of 8000 complete in 491.4 sec
[-----------------91%--------------    ] 7317 of 8000 complete in 491.9 sec
[-----------------91%--------------    ] 7324 of 8000 complete in 492.4 sec
[-----------------91%--------------    ] 7332 of 8000 complete in 493.0 sec
[-----------------91%--------------    ] 7340 of 8000 complete in 493.5 sec
[-----------------91%--------------    ] 7348 of 8000 complete in 494.0 sec
[-----------------91%--------------    ] 7356 of 8000 complete in 494.5 sec
[-----------------92%--------------    ] 7364 of 8000 complete in 495.1 sec
[-----------------92%---------------   ] 7372 of 8000 complete in 495.6 sec
[-----------------92%---------------   ] 7381 of 8000 complete in 496.2 sec
[-----------------92%---------------   ] 7389 of 8000 complete in 496.7 sec
[-----------------92%---------------   ] 7397 of 8000 complete in 497.3 sec
[-----------------92%---------------   ] 7404 of 8000 complete in 497.8 sec
[-----------------92%---------------   ] 7410 of 8000 complete in 498.3 sec
[-----------------92%---------------   ] 7418 of 8000 complete in 498.8 sec
[-----------------92%---------------   ] 7427 of 8000 complete in 499.4 sec
[-----------------92%---------------   ] 7436 of 8000 complete in 500.0 sec
[-----------------93%---------------   ] 7443 of 8000 complete in 500.5 sec
[-----------------93%---------------   ] 7450 of 8000 complete in 501.0 sec
[-----------------93%---------------   ] 7458 of 8000 complete in 501.5 sec
[-----------------93%---------------   ] 7466 of 8000 complete in 502.0 sec
[-----------------93%---------------   ] 7473 of 8000 complete in 502.6 sec
[-----------------93%---------------   ] 7482 of 8000 complete in 503.1 sec
[-----------------93%---------------   ] 7490 of 8000 complete in 503.6 sec
[-----------------93%---------------   ] 7498 of 8000 complete in 504.2 sec
[-----------------93%---------------   ] 7505 of 8000 complete in 504.7 sec
[-----------------93%---------------   ] 7513 of 8000 complete in 505.2 sec
[-----------------94%---------------   ] 7521 of 8000 complete in 505.8 sec
[-----------------94%---------------   ] 7529 of 8000 complete in 506.3 sec
[-----------------94%---------------   ] 7538 of 8000 complete in 506.8 sec
[-----------------94%---------------   ] 7547 of 8000 complete in 507.3 sec
[-----------------94%---------------   ] 7557 of 8000 complete in 507.8 sec
[-----------------94%---------------   ] 7567 of 8000 complete in 508.4 sec
[-----------------94%---------------   ] 7577 of 8000 complete in 508.9 sec
[-----------------94%----------------  ] 7586 of 8000 complete in 509.4 sec
[-----------------94%----------------  ] 7596 of 8000 complete in 509.9 sec
[-----------------95%----------------  ] 7606 of 8000 complete in 510.5 sec
[-----------------95%----------------  ] 7616 of 8000 complete in 511.0 sec
[-----------------95%----------------  ] 7625 of 8000 complete in 511.5 sec
[-----------------95%----------------  ] 7633 of 8000 complete in 512.1 sec
[-----------------95%----------------  ] 7642 of 8000 complete in 512.6 sec
[-----------------95%----------------  ] 7651 of 8000 complete in 513.1 sec
[-----------------95%----------------  ] 7660 of 8000 complete in 513.7 sec
[-----------------95%----------------  ] 7669 of 8000 complete in 514.2 sec
[-----------------95%----------------  ] 7677 of 8000 complete in 514.7 sec
[-----------------96%----------------  ] 7685 of 8000 complete in 515.2 sec
[-----------------96%----------------  ] 7694 of 8000 complete in 515.8 sec
[-----------------96%----------------  ] 7703 of 8000 complete in 516.4 sec
[-----------------96%----------------  ] 7712 of 8000 complete in 516.9 sec
[-----------------84%------------      ] 6785 of 8000 complete in 461.0 sec
[-----------------84%------------      ] 6793 of 8000 complete in 461.5 sec
[-----------------85%------------      ] 6800 of 8000 complete in 462.0 sec
[-----------------85%------------      ] 6807 of 8000 complete in 462.5 sec
[-----------------85%------------      ] 6815 of 8000 complete in 463.1 sec
[-----------------85%------------      ] 6823 of 8000 complete in 463.6 sec
[-----------------85%------------      ] 6830 of 8000 complete in 464.2 sec
[-----------------85%------------      ] 6838 of 8000 complete in 464.7 sec
[-----------------85%------------      ] 6845 of 8000 complete in 465.2 sec
[-----------------85%------------      ] 6853 of 8000 complete in 465.8 sec
[-----------------85%------------      ] 6861 of 8000 complete in 466.4 sec
[-----------------85%------------      ] 6869 of 8000 complete in 466.9 sec
[-----------------85%------------      ] 6877 of 8000 complete in 467.4 sec
[-----------------86%------------      ] 6885 of 8000 complete in 468.0 sec
[-----------------86%------------      ] 6893 of 8000 complete in 468.5 sec
[-----------------86%------------      ] 6901 of 8000 complete in 469.0 sec
[-----------------86%------------      ] 6910 of 8000 complete in 469.6 sec
[-----------------86%------------      ] 6917 of 8000 complete in 470.1 sec
[-----------------86%------------      ] 6923 of 8000 complete in 470.6 sec
[-----------------86%------------      ] 6930 of 8000 complete in 471.2 sec
[-----------------86%------------      ] 6938 of 8000 complete in 471.7 sec
[-----------------86%------------      ] 6946 of 8000 complete in 472.3 sec
[-----------------86%-------------     ] 6953 of 8000 complete in 472.8 sec
[-----------------87%-------------     ] 6960 of 8000 complete in 473.3 sec
[-----------------87%-------------     ] 6967 of 8000 complete in 473.9 sec
[-----------------87%-------------     ] 6974 of 8000 complete in 474.4 sec
[-----------------87%-------------     ] 6982 of 8000 complete in 474.9 sec
[-----------------87%-------------     ] 6990 of 8000 complete in 475.5 sec
[-----------------87%-------------     ] 6998 of 8000 complete in 476.0 sec
[-----------------87%-------------     ] 7006 of 8000 complete in 476.6 sec
[-----------------87%-------------     ] 7013 of 8000 complete in 477.1 sec
[-----------------87%-------------     ] 7021 of 8000 complete in 477.7 sec
[-----------------87%-------------     ] 7029 of 8000 complete in 478.2 sec
[-----------------87%-------------     ] 7036 of 8000 complete in 478.8 sec
[-----------------88%-------------     ] 7043 of 8000 complete in 479.3 sec
[-----------------88%-------------     ] 7051 of 8000 complete in 479.8 sec
[-----------------88%-------------     ] 7059 of 8000 complete in 480.4 sec
[-----------------88%-------------     ] 7068 of 8000 complete in 480.9 sec
[-----------------88%-------------     ] 7076 of 8000 complete in 481.4 sec
[-----------------88%-------------     ] 7083 of 8000 complete in 481.9 sec
[-----------------88%-------------     ] 7091 of 8000 complete in 482.5 sec
[-----------------88%-------------     ] 7098 of 8000 complete in 483.0 sec
[-----------------88%-------------     ] 7106 of 8000 complete in 483.6 sec
[-----------------88%-------------     ] 7113 of 8000 complete in 484.1 sec
[-----------------89%-------------     ] 7121 of 8000 complete in 484.6 sec
[-----------------89%-------------     ] 7128 of 8000 complete in 485.2 sec
[-----------------89%-------------     ] 7136 of 8000 complete in 485.7 sec
[-----------------89%-------------     ] 7144 of 8000 complete in 486.2 sec
[-----------------89%-------------     ] 7152 of 8000 complete in 486.8 sec
[-----------------89%--------------    ] 7160 of 8000 complete in 487.4 sec
[-----------------89%--------------    ] 7168 of 8000 complete in 487.9 sec
[-----------------89%--------------    ] 7175 of 8000 complete in 488.5 sec
[-----------------89%--------------    ] 7182 of 8000 complete in 489.0 sec
[-----------------89%--------------    ] 7190 of 8000 complete in 489.5 sec
[-----------------89%--------------    ] 7198 of 8000 complete in 490.1 sec
[-----------------90%--------------    ] 7206 of 8000 complete in 490.6 sec
[-----------------90%--------------    ] 7214 of 8000 complete in 491.1 sec
[-----------------90%--------------    ] 7222 of 8000 complete in 491.7 sec
[-----------------90%--------------    ] 7230 of 8000 complete in 492.2 sec
[-----------------90%--------------    ] 7238 of 8000 complete in 492.7 sec
[-----------------90%--------------    ] 7245 of 8000 complete in 493.2 sec
[-----------------90%--------------    ] 7253 of 8000 complete in 493.7 sec
[-----------------90%--------------    ] 7261 of 8000 complete in 494.3 sec
[-----------------90%--------------    ] 7269 of 8000 complete in 494.8 sec
[-----------------90%--------------    ] 7277 of 8000 complete in 495.4 sec
[-----------------91%--------------    ] 7285 of 8000 complete in 495.9 sec
[-----------------91%--------------    ] 7293 of 8000 complete in 496.4 sec
[-----------------91%--------------    ] 7301 of 8000 complete in 496.9 sec
[-----------------91%--------------    ] 7310 of 8000 complete in 497.5 sec
[-----------------91%--------------    ] 7318 of 8000 complete in 498.0 sec
[-----------------91%--------------    ] 7325 of 8000 complete in 498.6 sec
[-----------------91%--------------    ] 7333 of 8000 complete in 499.2 sec
[-----------------91%--------------    ] 7341 of 8000 complete in 499.7 sec
[-----------------91%--------------    ] 7349 of 8000 complete in 500.2 sec
[-----------------91%--------------    ] 7357 of 8000 complete in 500.8 sec
[-----------------92%--------------    ] 7364 of 8000 complete in 501.3 sec
[-----------------92%---------------   ] 7372 of 8000 complete in 501.8 sec
[-----------------92%---------------   ] 7380 of 8000 complete in 502.4 sec
[-----------------92%---------------   ] 7387 of 8000 complete in 502.9 sec
[-----------------92%---------------   ] 7395 of 8000 complete in 503.4 sec
[-----------------92%---------------   ] 7403 of 8000 complete in 503.9 sec
[-----------------92%---------------   ] 7412 of 8000 complete in 504.5 sec
[-----------------92%---------------   ] 7420 of 8000 complete in 505.0 sec
[-----------------92%---------------   ] 7428 of 8000 complete in 505.6 sec
[-----------------92%---------------   ] 7436 of 8000 complete in 506.1 sec
[-----------------93%---------------   ] 7445 of 8000 complete in 506.7 sec
[-----------------93%---------------   ] 7454 of 8000 complete in 507.2 sec
[-----------------93%---------------   ] 7464 of 8000 complete in 507.8 sec
[-----------------93%---------------   ] 7473 of 8000 complete in 508.3 sec
[-----------------93%---------------   ] 7483 of 8000 complete in 508.8 sec
[-----------------93%---------------   ] 7493 of 8000 complete in 509.4 sec
[-----------------93%---------------   ] 7502 of 8000 complete in 509.9 sec
[-----------------93%---------------   ] 7512 of 8000 complete in 510.4 sec
[-----------------94%---------------   ] 7521 of 8000 complete in 510.9 sec
[-----------------94%---------------   ] 7531 of 8000 complete in 511.4 sec
[-----------------94%---------------   ] 7539 of 8000 complete in 512.0 sec
[-----------------94%---------------   ] 7548 of 8000 complete in 512.5 sec
[-----------------94%---------------   ] 7557 of 8000 complete in 513.0 sec
[-----------------94%---------------   ] 7566 of 8000 complete in 513.6 sec
[-----------------94%---------------   ] 7576 of 8000 complete in 514.1 sec
[-----------------94%----------------  ] 7585 of 8000 complete in 514.7 sec
[-----------------94%----------------  ] 7594 of 8000 complete in 515.2 sec
[-----------------95%----------------  ] 7603 of 8000 complete in 515.7 sec
[-----------------95%----------------  ] 7612 of 8000 complete in 516.3 sec
[-----------------95%----------------  ] 7620 of 8000 complete in 516.8 sec
[-----------------95%----------------  ] 7629 of 8000 complete in 517.3 sec
[-----------------95%----------------  ] 7638 of 8000 complete in 517.9 sec
[-----------------84%------------      ] 6751 of 8000 complete in 461.4 sec
[-----------------84%------------      ] 6758 of 8000 complete in 461.9 sec
[-----------------84%------------      ] 6766 of 8000 complete in 462.5 sec
[-----------------84%------------      ] 6775 of 8000 complete in 463.0 sec
[-----------------84%------------      ] 6782 of 8000 complete in 463.5 sec
[-----------------84%------------      ] 6789 of 8000 complete in 464.1 sec
[-----------------84%------------      ] 6796 of 8000 complete in 464.6 sec
[-----------------85%------------      ] 6804 of 8000 complete in 465.1 sec
[-----------------85%------------      ] 6812 of 8000 complete in 465.7 sec
[-----------------85%------------      ] 6820 of 8000 complete in 466.2 sec
[-----------------85%------------      ] 6828 of 8000 complete in 466.7 sec
[-----------------85%------------      ] 6836 of 8000 complete in 467.3 sec
[-----------------85%------------      ] 6844 of 8000 complete in 467.8 sec
[-----------------85%------------      ] 6852 of 8000 complete in 468.3 sec
[-----------------85%------------      ] 6860 of 8000 complete in 468.8 sec
[-----------------85%------------      ] 6869 of 8000 complete in 469.4 sec
[-----------------85%------------      ] 6876 of 8000 complete in 469.9 sec
[-----------------86%------------      ] 6882 of 8000 complete in 470.5 sec
[-----------------86%------------      ] 6890 of 8000 complete in 471.1 sec
[-----------------86%------------      ] 6898 of 8000 complete in 471.6 sec
[-----------------86%------------      ] 6906 of 8000 complete in 472.2 sec
[-----------------86%------------      ] 6913 of 8000 complete in 472.7 sec
[-----------------86%------------      ] 6920 of 8000 complete in 473.2 sec
[-----------------86%------------      ] 6928 of 8000 complete in 473.7 sec
[-----------------86%------------      ] 6935 of 8000 complete in 474.2 sec
[-----------------86%------------      ] 6942 of 8000 complete in 474.7 sec
[-----------------86%-------------     ] 6950 of 8000 complete in 475.3 sec
[-----------------86%-------------     ] 6958 of 8000 complete in 475.9 sec
[-----------------87%-------------     ] 6966 of 8000 complete in 476.4 sec
[-----------------87%-------------     ] 6974 of 8000 complete in 477.0 sec
[-----------------87%-------------     ] 6982 of 8000 complete in 477.5 sec
[-----------------87%-------------     ] 6990 of 8000 complete in 478.1 sec
[-----------------87%-------------     ] 6998 of 8000 complete in 478.6 sec
[-----------------87%-------------     ] 7006 of 8000 complete in 479.2 sec
[-----------------87%-------------     ] 7014 of 8000 complete in 479.7 sec
[-----------------87%-------------     ] 7022 of 8000 complete in 480.3 sec
[-----------------87%-------------     ] 7030 of 8000 complete in 480.8 sec
[-----------------87%-------------     ] 7038 of 8000 complete in 481.3 sec
[-----------------88%-------------     ] 7045 of 8000 complete in 481.8 sec
[-----------------88%-------------     ] 7053 of 8000 complete in 482.4 sec
[-----------------88%-------------     ] 7060 of 8000 complete in 482.9 sec
[-----------------88%-------------     ] 7068 of 8000 complete in 483.5 sec
[-----------------88%-------------     ] 7075 of 8000 complete in 484.0 sec
[-----------------88%-------------     ] 7082 of 8000 complete in 484.5 sec
[-----------------88%-------------     ] 7090 of 8000 complete in 485.0 sec
[-----------------88%-------------     ] 7098 of 8000 complete in 485.6 sec
[-----------------88%-------------     ] 7105 of 8000 complete in 486.1 sec
[-----------------88%-------------     ] 7112 of 8000 complete in 486.6 sec
[-----------------89%-------------     ] 7120 of 8000 complete in 487.2 sec
[-----------------89%-------------     ] 7128 of 8000 complete in 487.7 sec
[-----------------89%-------------     ] 7135 of 8000 complete in 488.2 sec
[-----------------89%-------------     ] 7142 of 8000 complete in 488.8 sec
[-----------------89%-------------     ] 7150 of 8000 complete in 489.3 sec
[-----------------89%--------------    ] 7158 of 8000 complete in 489.8 sec
[-----------------89%--------------    ] 7166 of 8000 complete in 490.4 sec
[-----------------89%--------------    ] 7174 of 8000 complete in 490.9 sec
[-----------------89%--------------    ] 7182 of 8000 complete in 491.4 sec
[-----------------89%--------------    ] 7190 of 8000 complete in 492.0 sec
[-----------------89%--------------    ] 7197 of 8000 complete in 492.5 sec
[-----------------90%--------------    ] 7205 of 8000 complete in 493.0 sec
[-----------------90%--------------    ] 7213 of 8000 complete in 493.5 sec
[-----------------90%--------------    ] 7221 of 8000 complete in 494.1 sec
[-----------------90%--------------    ] 7228 of 8000 complete in 494.6 sec
[-----------------90%--------------    ] 7235 of 8000 complete in 495.1 sec
[-----------------90%--------------    ] 7243 of 8000 complete in 495.6 sec
[-----------------90%--------------    ] 7251 of 8000 complete in 496.1 sec
[-----------------90%--------------    ] 7259 of 8000 complete in 496.7 sec
[-----------------90%--------------    ] 7268 of 8000 complete in 497.3 sec
[-----------------90%--------------    ] 7276 of 8000 complete in 497.8 sec
[-----------------91%--------------    ] 7282 of 8000 complete in 498.3 sec
[-----------------91%--------------    ] 7290 of 8000 complete in 498.9 sec
[-----------------91%--------------    ] 7299 of 8000 complete in 499.4 sec
[-----------------91%--------------    ] 7307 of 8000 complete in 500.0 sec
[-----------------91%--------------    ] 7314 of 8000 complete in 500.5 sec
[-----------------91%--------------    ] 7321 of 8000 complete in 501.0 sec
[-----------------91%--------------    ] 7329 of 8000 complete in 501.5 sec
[-----------------91%--------------    ] 7337 of 8000 complete in 502.1 sec
[-----------------91%--------------    ] 7344 of 8000 complete in 502.6 sec
[-----------------91%--------------    ] 7352 of 8000 complete in 503.1 sec
[-----------------91%--------------    ] 7359 of 8000 complete in 503.7 sec
[-----------------92%--------------    ] 7367 of 8000 complete in 504.2 sec
[-----------------92%---------------   ] 7375 of 8000 complete in 504.8 sec
[-----------------92%---------------   ] 7383 of 8000 complete in 505.3 sec
[-----------------92%---------------   ] 7391 of 8000 complete in 505.9 sec
[-----------------92%---------------   ] 7399 of 8000 complete in 506.4 sec
[-----------------92%---------------   ] 7408 of 8000 complete in 507.0 sec
[-----------------92%---------------   ] 7417 of 8000 complete in 507.5 sec
[-----------------92%---------------   ] 7427 of 8000 complete in 508.0 sec
[-----------------92%---------------   ] 7437 of 8000 complete in 508.5 sec
[-----------------93%---------------   ] 7447 of 8000 complete in 509.1 sec
[-----------------93%---------------   ] 7455 of 8000 complete in 509.6 sec
[-----------------93%---------------   ] 7465 of 8000 complete in 510.1 sec
[-----------------93%---------------   ] 7475 of 8000 complete in 510.6 sec
[-----------------93%---------------   ] 7484 of 8000 complete in 511.1 sec
[-----------------93%---------------   ] 7492 of 8000 complete in 511.7 sec
[-----------------93%---------------   ] 7500 of 8000 complete in 512.2 sec
[-----------------93%---------------   ] 7508 of 8000 complete in 512.7 sec
[-----------------93%---------------   ] 7517 of 8000 complete in 513.2 sec
[-----------------94%---------------   ] 7526 of 8000 complete in 513.7 sec
[-----------------94%---------------   ] 7534 of 8000 complete in 514.2 sec
[-----------------94%---------------   ] 7543 of 8000 complete in 514.8 sec
[-----------------94%---------------   ] 7551 of 8000 complete in 515.3 sec
[-----------------94%---------------   ] 7560 of 8000 complete in 515.8 sec
[-----------------94%---------------   ] 7568 of 8000 complete in 516.3 sec
[-----------------94%---------------   ] 7577 of 8000 complete in 516.9 sec
[-----------------94%----------------  ] 7587 of 8000 complete in 517.4 sec
[-----------------94%----------------  ] 7597 of 8000 complete in 518.0 sec
[-----------------83%-----------       ] 6661 of 8000 complete in 462.2 sec
[-----------------83%-----------       ] 6668 of 8000 complete in 462.8 sec
[-----------------83%-----------       ] 6676 of 8000 complete in 463.3 sec
[-----------------83%-----------       ] 6683 of 8000 complete in 463.9 sec
[-----------------83%-----------       ] 6691 of 8000 complete in 464.4 sec
[-----------------83%-----------       ] 6698 of 8000 complete in 465.0 sec
[-----------------83%-----------       ] 6706 of 8000 complete in 465.5 sec
[-----------------83%-----------       ] 6713 of 8000 complete in 466.0 sec
[-----------------84%-----------       ] 6721 of 8000 complete in 466.6 sec
[-----------------84%-----------       ] 6729 of 8000 complete in 467.1 sec
[-----------------84%-----------       ] 6736 of 8000 complete in 467.6 sec
[-----------------84%------------      ] 6744 of 8000 complete in 468.2 sec
[-----------------84%------------      ] 6752 of 8000 complete in 468.7 sec
[-----------------84%------------      ] 6760 of 8000 complete in 469.3 sec
[-----------------84%------------      ] 6768 of 8000 complete in 469.8 sec
[-----------------84%------------      ] 6774 of 8000 complete in 470.3 sec
[-----------------84%------------      ] 6780 of 8000 complete in 470.8 sec
[-----------------84%------------      ] 6787 of 8000 complete in 471.3 sec
[-----------------84%------------      ] 6794 of 8000 complete in 471.8 sec
[-----------------85%------------      ] 6802 of 8000 complete in 472.4 sec
[-----------------85%------------      ] 6808 of 8000 complete in 472.9 sec
[-----------------85%------------      ] 6815 of 8000 complete in 473.5 sec
[-----------------85%------------      ] 6822 of 8000 complete in 474.0 sec
[-----------------85%------------      ] 6829 of 8000 complete in 474.5 sec
[-----------------85%------------      ] 6837 of 8000 complete in 475.1 sec
[-----------------85%------------      ] 6844 of 8000 complete in 475.6 sec
[-----------------85%------------      ] 6851 of 8000 complete in 476.1 sec
[-----------------85%------------      ] 6858 of 8000 complete in 476.7 sec
[-----------------85%------------      ] 6865 of 8000 complete in 477.3 sec
[-----------------85%------------      ] 6873 of 8000 complete in 477.8 sec
[-----------------86%------------      ] 6880 of 8000 complete in 478.3 sec
[-----------------86%------------      ] 6887 of 8000 complete in 478.9 sec
[-----------------86%------------      ] 6895 of 8000 complete in 479.4 sec
[-----------------86%------------      ] 6903 of 8000 complete in 480.0 sec
[-----------------86%------------      ] 6911 of 8000 complete in 480.5 sec
[-----------------86%------------      ] 6919 of 8000 complete in 481.0 sec
[-----------------86%------------      ] 6927 of 8000 complete in 481.6 sec
[-----------------86%------------      ] 6934 of 8000 complete in 482.1 sec
[-----------------86%------------      ] 6941 of 8000 complete in 482.6 sec
[-----------------86%-------------     ] 6948 of 8000 complete in 483.2 sec
[-----------------86%-------------     ] 6955 of 8000 complete in 483.7 sec
[-----------------87%-------------     ] 6962 of 8000 complete in 484.2 sec
[-----------------87%-------------     ] 6969 of 8000 complete in 484.7 sec
[-----------------87%-------------     ] 6977 of 8000 complete in 485.3 sec
[-----------------87%-------------     ] 6985 of 8000 complete in 485.8 sec
[-----------------87%-------------     ] 6992 of 8000 complete in 486.3 sec
[-----------------87%-------------     ] 7000 of 8000 complete in 486.9 sec
[-----------------87%-------------     ] 7008 of 8000 complete in 487.5 sec
[-----------------87%-------------     ] 7015 of 8000 complete in 488.0 sec
[-----------------87%-------------     ] 7022 of 8000 complete in 488.5 sec
[-----------------87%-------------     ] 7029 of 8000 complete in 489.1 sec
[-----------------87%-------------     ] 7037 of 8000 complete in 489.6 sec
[-----------------88%-------------     ] 7045 of 8000 complete in 490.2 sec
[-----------------88%-------------     ] 7053 of 8000 complete in 490.7 sec
[-----------------88%-------------     ] 7061 of 8000 complete in 491.2 sec
[-----------------88%-------------     ] 7069 of 8000 complete in 491.7 sec
[-----------------88%-------------     ] 7077 of 8000 complete in 492.3 sec
[-----------------88%-------------     ] 7084 of 8000 complete in 492.9 sec
[-----------------88%-------------     ] 7092 of 8000 complete in 493.4 sec
[-----------------88%-------------     ] 7100 of 8000 complete in 493.9 sec
[-----------------88%-------------     ] 7107 of 8000 complete in 494.4 sec
[-----------------88%-------------     ] 7114 of 8000 complete in 494.9 sec
[-----------------89%-------------     ] 7122 of 8000 complete in 495.5 sec
[-----------------89%-------------     ] 7130 of 8000 complete in 496.0 sec
[-----------------89%-------------     ] 7138 of 8000 complete in 496.6 sec
[-----------------89%-------------     ] 7146 of 8000 complete in 497.1 sec
[-----------------89%-------------     ] 7154 of 8000 complete in 497.7 sec
[-----------------89%--------------    ] 7161 of 8000 complete in 498.2 sec
[-----------------89%--------------    ] 7168 of 8000 complete in 498.8 sec
[-----------------89%--------------    ] 7176 of 8000 complete in 499.3 sec
[-----------------89%--------------    ] 7184 of 8000 complete in 499.9 sec
[-----------------89%--------------    ] 7192 of 8000 complete in 500.4 sec
[-----------------89%--------------    ] 7199 of 8000 complete in 500.9 sec
[-----------------90%--------------    ] 7206 of 8000 complete in 501.5 sec
[-----------------90%--------------    ] 7214 of 8000 complete in 502.0 sec
[-----------------90%--------------    ] 7221 of 8000 complete in 502.5 sec
[-----------------90%--------------    ] 7228 of 8000 complete in 503.0 sec
[-----------------90%--------------    ] 7236 of 8000 complete in 503.6 sec
[-----------------90%--------------    ] 7244 of 8000 complete in 504.1 sec
[-----------------90%--------------    ] 7252 of 8000 complete in 504.7 sec
[-----------------90%--------------    ] 7260 of 8000 complete in 505.2 sec
[-----------------90%--------------    ] 7267 of 8000 complete in 505.8 sec
[-----------------90%--------------    ] 7274 of 8000 complete in 506.3 sec
[-----------------91%--------------    ] 7282 of 8000 complete in 506.8 sec
[-----------------91%--------------    ] 7290 of 8000 complete in 507.3 sec
[-----------------91%--------------    ] 7300 of 8000 complete in 507.9 sec
[-----------------91%--------------    ] 7309 of 8000 complete in 508.4 sec
[-----------------91%--------------    ] 7319 of 8000 complete in 508.9 sec
[-----------------91%--------------    ] 7328 of 8000 complete in 509.4 sec
[-----------------91%--------------    ] 7337 of 8000 complete in 510.0 sec
[-----------------91%--------------    ] 7347 of 8000 complete in 510.5 sec
[-----------------91%--------------    ] 7356 of 8000 complete in 511.0 sec
[-----------------92%--------------    ] 7364 of 8000 complete in 511.5 sec
[-----------------92%---------------   ] 7371 of 8000 complete in 512.0 sec
[-----------------92%---------------   ] 7380 of 8000 complete in 512.6 sec
[-----------------92%---------------   ] 7389 of 8000 complete in 513.2 sec
[-----------------92%---------------   ] 7399 of 8000 complete in 513.7 sec
[-----------------92%---------------   ] 7407 of 8000 complete in 514.2 sec
[-----------------92%---------------   ] 7416 of 8000 complete in 514.8 sec
[-----------------92%---------------   ] 7425 of 8000 complete in 515.3 sec
[-----------------92%---------------   ] 7434 of 8000 complete in 515.8 sec
[-----------------93%---------------   ] 7441 of 8000 complete in 516.4 sec
[-----------------93%---------------   ] 7450 of 8000 complete in 516.9 sec
[-----------------93%---------------   ] 7459 of 8000 complete in 517.5 sec
[-----------------93%---------------   ] 7468 of 8000 complete in 518.0 sec
[-----------------93%---------------   ] 7478 of 8000 complete in 518.5 sec
[-----------------93%---------------   ] 7487 of 8000 complete in 519.0 sec
hddm sampling elpased time:  566.458 s
Start converting to InferenceData...
[chains] 完成 g4_refit（9.4 分钟；迹线 idiata.posterior）
[-----------------95%----------------  ] 7648 of 8000 complete in 518.4 sec
[-----------------95%----------------  ] 7657 of 8000 complete in 518.9 sec
[-----------------95%----------------  ] 7666 of 8000 complete in 519.4 sec
[-----------------95%----------------  ] 7676 of 8000 complete in 519.9 sec
[-----------------96%----------------  ] 7685 of 8000 complete in 520.5 sec
[-----------------96%----------------  ] 7694 of 8000 complete in 521.0 sec
[-----------------96%----------------  ] 7704 of 8000 complete in 521.6 sec
[-----------------96%----------------  ] 7714 of 8000 complete in 522.1 sec
[-----------------96%----------------  ] 7724 of 8000 complete in 522.6 sec
[-----------------96%----------------  ] 7733 of 8000 complete in 523.2 sec
[-----------------96%----------------  ] 7743 of 8000 complete in 523.7 sec
[-----------------96%----------------  ] 7751 of 8000 complete in 524.3 sec
[-----------------96%----------------  ] 7759 of 8000 complete in 524.8 sec
[-----------------97%----------------  ] 7766 of 8000 complete in 525.4 sec
[-----------------97%----------------  ] 7773 of 8000 complete in 525.9 sec
[-----------------97%----------------  ] 7778 of 8000 complete in 526.4 sec
[-----------------97%----------------  ] 7785 of 8000 complete in 527.0 sec
[-----------------97%----------------- ] 7793 of 8000 complete in 527.5 sec
[-----------------97%----------------- ] 7801 of 8000 complete in 528.0 sec
[-----------------97%----------------- ] 7809 of 8000 complete in 528.6 sec
[-----------------97%----------------- ] 7817 of 8000 complete in 529.1 sec
[-----------------97%----------------- ] 7825 of 8000 complete in 529.7 sec
[-----------------97%----------------- ] 7833 of 8000 complete in 530.2 sec
[-----------------98%----------------- ] 7841 of 8000 complete in 530.7 sec
[-----------------98%----------------- ] 7848 of 8000 complete in 531.3 sec
[-----------------98%----------------- ] 7856 of 8000 complete in 531.9 sec
[-----------------98%----------------- ] 7864 of 8000 complete in 532.4 sec
[-----------------98%----------------- ] 7870 of 8000 complete in 532.9 sec
[-----------------98%----------------- ] 7878 of 8000 complete in 533.5 sec
[-----------------98%----------------- ] 7885 of 8000 complete in 534.0 sec
[-----------------98%----------------- ] 7892 of 8000 complete in 534.6 sec
[-----------------98%----------------- ] 7899 of 8000 complete in 535.1 sec
[-----------------98%----------------- ] 7906 of 8000 complete in 535.7 sec
[-----------------98%----------------- ] 7913 of 8000 complete in 536.2 sec
[-----------------99%----------------- ] 7920 of 8000 complete in 536.8 sec
[-----------------99%----------------- ] 7927 of 8000 complete in 537.3 sec
[-----------------99%----------------- ] 7934 of 8000 complete in 537.9 sec
[-----------------99%----------------- ] 7943 of 8000 complete in 538.4 sec
[-----------------99%----------------- ] 7950 of 8000 complete in 539.0 sec
[-----------------99%----------------- ] 7957 of 8000 complete in 539.5 sec
[-----------------99%----------------- ] 7964 of 8000 complete in 540.0 sec
[-----------------99%----------------- ] 7972 of 8000 complete in 540.6 sec
[-----------------99%----------------- ] 7979 of 8000 complete in 541.1 sec
[-----------------99%----------------- ] 7987 of 8000 complete in 541.6 sec
[-----------------99%----------------- ] 7995 of 8000 complete in 542.2 sec
[-----------------100%-----------------] 8000 of 8000 complete in 542.6 sec
hddm sampling elpased time:  542.752 s
[-----------------95%----------------  ] 7606 of 8000 complete in 518.5 sec
[-----------------95%----------------  ] 7615 of 8000 complete in 519.0 sec
[-----------------95%----------------  ] 7624 of 8000 complete in 519.5 sec
[-----------------95%----------------  ] 7633 of 8000 complete in 520.0 sec
[-----------------95%----------------  ] 7643 of 8000 complete in 520.6 sec
[-----------------95%----------------  ] 7653 of 8000 complete in 521.1 sec
[-----------------95%----------------  ] 7663 of 8000 complete in 521.6 sec
[-----------------95%----------------  ] 7673 of 8000 complete in 522.1 sec
[-----------------96%----------------  ] 7682 of 8000 complete in 522.6 sec
[-----------------96%----------------  ] 7692 of 8000 complete in 523.2 sec
[-----------------96%----------------  ] 7701 of 8000 complete in 523.7 sec
[-----------------96%----------------  ] 7708 of 8000 complete in 524.2 sec
[-----------------96%----------------  ] 7716 of 8000 complete in 524.8 sec
[-----------------96%----------------  ] 7723 of 8000 complete in 525.4 sec
[-----------------96%----------------  ] 7730 of 8000 complete in 525.9 sec
[-----------------96%----------------  ] 7737 of 8000 complete in 526.5 sec
[-----------------96%----------------  ] 7745 of 8000 complete in 527.0 sec
[-----------------96%----------------  ] 7753 of 8000 complete in 527.6 sec
[-----------------97%----------------  ] 7761 of 8000 complete in 528.1 sec
[-----------------97%----------------  ] 7769 of 8000 complete in 528.6 sec
[-----------------97%----------------  ] 7777 of 8000 complete in 529.1 sec
[-----------------97%----------------  ] 7785 of 8000 complete in 529.7 sec
[-----------------97%----------------- ] 7793 of 8000 complete in 530.2 sec
[-----------------97%----------------- ] 7800 of 8000 complete in 530.7 sec
[-----------------97%----------------- ] 7808 of 8000 complete in 531.3 sec
[-----------------97%----------------- ] 7815 of 8000 complete in 531.8 sec
[-----------------97%----------------- ] 7822 of 8000 complete in 532.3 sec
[-----------------97%----------------- ] 7829 of 8000 complete in 532.8 sec
[-----------------97%----------------- ] 7836 of 8000 complete in 533.4 sec
[-----------------98%----------------- ] 7844 of 8000 complete in 533.9 sec
[-----------------98%----------------- ] 7851 of 8000 complete in 534.4 sec
[-----------------98%----------------- ] 7859 of 8000 complete in 535.0 sec
[-----------------98%----------------- ] 7866 of 8000 complete in 535.6 sec
[-----------------98%----------------- ] 7873 of 8000 complete in 536.1 sec
[-----------------98%----------------- ] 7880 of 8000 complete in 536.6 sec
[-----------------98%----------------- ] 7887 of 8000 complete in 537.1 sec
[-----------------98%----------------- ] 7895 of 8000 complete in 537.7 sec
[-----------------98%----------------- ] 7903 of 8000 complete in 538.2 sec
[-----------------98%----------------- ] 7910 of 8000 complete in 538.7 sec
[-----------------98%----------------- ] 7917 of 8000 complete in 539.2 sec
[-----------------99%----------------- ] 7925 of 8000 complete in 539.8 sec
[-----------------99%----------------- ] 7933 of 8000 complete in 540.3 sec
[-----------------99%----------------- ] 7940 of 8000 complete in 540.8 sec
[-----------------99%----------------- ] 7948 of 8000 complete in 541.4 sec
[-----------------99%----------------- ] 7956 of 8000 complete in 541.9 sec
[-----------------99%----------------- ] 7964 of 8000 complete in 542.4 sec
[-----------------99%----------------- ] 7972 of 8000 complete in 543.0 sec
[-----------------99%----------------- ] 7980 of 8000 complete in 543.5 sec
[-----------------99%----------------- ] 7987 of 8000 complete in 544.0 sec
[-----------------99%----------------- ] 7995 of 8000 complete in 544.5 sec
[-----------------100%-----------------] 8000 of 8000 complete in 544.9 sec
hddm sampling elpased time:  545.034 s
[-----------------93%---------------   ] 7497 of 8000 complete in 519.6 sec
[-----------------93%---------------   ] 7505 of 8000 complete in 520.1 sec
[-----------------93%---------------   ] 7514 of 8000 complete in 520.6 sec
[-----------------94%---------------   ] 7524 of 8000 complete in 521.1 sec
[-----------------94%---------------   ] 7534 of 8000 complete in 521.7 sec
[-----------------94%---------------   ] 7544 of 8000 complete in 522.2 sec
[-----------------94%---------------   ] 7554 of 8000 complete in 522.8 sec
[-----------------94%---------------   ] 7564 of 8000 complete in 523.3 sec
[-----------------94%---------------   ] 7574 of 8000 complete in 523.9 sec
[-----------------94%----------------  ] 7581 of 8000 complete in 524.4 sec
[-----------------94%----------------  ] 7588 of 8000 complete in 524.9 sec
[-----------------94%----------------  ] 7594 of 8000 complete in 525.4 sec
[-----------------95%----------------  ] 7601 of 8000 complete in 526.0 sec
[-----------------95%----------------  ] 7607 of 8000 complete in 526.5 sec
[-----------------95%----------------  ] 7614 of 8000 complete in 527.0 sec
[-----------------95%----------------  ] 7622 of 8000 complete in 527.6 sec
[-----------------95%----------------  ] 7630 of 8000 complete in 528.1 sec
[-----------------95%----------------  ] 7638 of 8000 complete in 528.6 sec
[-----------------95%----------------  ] 7646 of 8000 complete in 529.2 sec
[-----------------95%----------------  ] 7654 of 8000 complete in 529.7 sec
[-----------------95%----------------  ] 7662 of 8000 complete in 530.3 sec
[-----------------95%----------------  ] 7669 of 8000 complete in 530.8 sec
[-----------------95%----------------  ] 7676 of 8000 complete in 531.4 sec
[-----------------96%----------------  ] 7683 of 8000 complete in 531.9 sec
[-----------------96%----------------  ] 7690 of 8000 complete in 532.5 sec
[-----------------96%----------------  ] 7697 of 8000 complete in 533.0 sec
[-----------------96%----------------  ] 7704 of 8000 complete in 533.5 sec
[-----------------96%----------------  ] 7711 of 8000 complete in 534.0 sec
[-----------------96%----------------  ] 7718 of 8000 complete in 534.6 sec
[-----------------96%----------------  ] 7726 of 8000 complete in 535.1 sec
[-----------------96%----------------  ] 7732 of 8000 complete in 535.6 sec
[-----------------96%----------------  ] 7739 of 8000 complete in 536.2 sec
[-----------------96%----------------  ] 7747 of 8000 complete in 536.8 sec
[-----------------96%----------------  ] 7753 of 8000 complete in 537.3 sec
[-----------------97%----------------  ] 7761 of 8000 complete in 537.9 sec
[-----------------97%----------------  ] 7769 of 8000 complete in 538.4 sec
[-----------------97%----------------  ] 7776 of 8000 complete in 538.9 sec
[-----------------97%----------------  ] 7783 of 8000 complete in 539.5 sec
[-----------------97%----------------- ] 7790 of 8000 complete in 540.0 sec
[-----------------97%----------------- ] 7797 of 8000 complete in 540.5 sec
[-----------------97%----------------- ] 7805 of 8000 complete in 541.1 sec
[-----------------97%----------------- ] 7813 of 8000 complete in 541.6 sec
[-----------------97%----------------- ] 7821 of 8000 complete in 542.2 sec
[-----------------97%----------------- ] 7828 of 8000 complete in 542.7 sec
[-----------------97%----------------- ] 7836 of 8000 complete in 543.2 sec
[-----------------98%----------------- ] 7844 of 8000 complete in 543.8 sec
[-----------------98%----------------- ] 7851 of 8000 complete in 544.3 sec
[-----------------98%----------------- ] 7860 of 8000 complete in 544.8 sec
[-----------------98%----------------- ] 7868 of 8000 complete in 545.4 sec
[-----------------98%----------------- ] 7876 of 8000 complete in 545.9 sec
[-----------------98%----------------- ] 7885 of 8000 complete in 546.4 sec
[-----------------98%----------------- ] 7895 of 8000 complete in 546.9 sec
[-----------------98%----------------- ] 7904 of 8000 complete in 547.5 sec
[-----------------98%----------------- ] 7913 of 8000 complete in 548.0 sec
[-----------------99%----------------- ] 7923 of 8000 complete in 548.6 sec
[-----------------99%----------------- ] 7932 of 8000 complete in 549.1 sec
[-----------------99%----------------- ] 7941 of 8000 complete in 549.6 sec
[-----------------99%----------------- ] 7951 of 8000 complete in 550.2 sec
[-----------------99%----------------- ] 7961 of 8000 complete in 550.7 sec
[-----------------99%----------------- ] 7971 of 8000 complete in 551.2 sec
[-----------------99%----------------- ] 7981 of 8000 complete in 551.8 sec
[-----------------99%----------------- ] 7991 of 8000 complete in 552.3 sec
[-----------------99%----------------- ] 7999 of 8000 complete in 552.8 sec
[-----------------100%-----------------] 8000 of 8000 complete in 552.9 sec
hddm sampling elpased time:  553.082 s
[-----------------96%----------------  ] 7721 of 8000 complete in 517.4 sec
[-----------------96%----------------  ] 7731 of 8000 complete in 517.9 sec
[-----------------96%----------------  ] 7740 of 8000 complete in 518.4 sec
[-----------------96%----------------  ] 7750 of 8000 complete in 519.0 sec
[-----------------96%----------------  ] 7759 of 8000 complete in 519.5 sec
[-----------------97%----------------  ] 7768 of 8000 complete in 520.0 sec
[-----------------97%----------------  ] 7777 of 8000 complete in 520.5 sec
[-----------------97%----------------  ] 7786 of 8000 complete in 521.0 sec
[-----------------97%----------------- ] 7796 of 8000 complete in 521.6 sec
[-----------------97%----------------- ] 7806 of 8000 complete in 522.1 sec
[-----------------97%----------------- ] 7816 of 8000 complete in 522.6 sec
[-----------------97%----------------- ] 7825 of 8000 complete in 523.1 sec
[-----------------97%----------------- ] 7833 of 8000 complete in 523.6 sec
[-----------------98%----------------- ] 7840 of 8000 complete in 524.2 sec
[-----------------98%----------------- ] 7847 of 8000 complete in 524.7 sec
[-----------------98%----------------- ] 7854 of 8000 complete in 525.2 sec
[-----------------98%----------------- ] 7861 of 8000 complete in 525.7 sec
[-----------------98%----------------- ] 7868 of 8000 complete in 526.3 sec
[-----------------98%----------------- ] 7876 of 8000 complete in 526.9 sec
[-----------------98%----------------- ] 7884 of 8000 complete in 527.4 sec
[-----------------98%----------------- ] 7892 of 8000 complete in 527.9 sec
[-----------------98%----------------- ] 7901 of 8000 complete in 528.5 sec
[-----------------98%----------------- ] 7909 of 8000 complete in 529.0 sec
[-----------------98%----------------- ] 7917 of 8000 complete in 529.5 sec
[-----------------99%----------------- ] 7926 of 8000 complete in 530.1 sec
[-----------------99%----------------- ] 7933 of 8000 complete in 530.6 sec
[-----------------99%----------------- ] 7940 of 8000 complete in 531.1 sec
[-----------------99%----------------- ] 7948 of 8000 complete in 531.7 sec
[-----------------99%----------------- ] 7956 of 8000 complete in 532.3 sec
[-----------------99%----------------- ] 7963 of 8000 complete in 532.8 sec
[-----------------99%----------------- ] 7971 of 8000 complete in 533.3 sec
[-----------------99%----------------- ] 7978 of 8000 complete in 533.9 sec
[-----------------99%----------------- ] 7985 of 8000 complete in 534.4 sec
[-----------------99%----------------- ] 7992 of 8000 complete in 534.9 sec
[-----------------100%-----------------] 8000 of 8000 complete in 535.5 sec
[-----------------100%-----------------] 8000 of 8000 complete in 535.6 sec
hddm sampling elpased time:  535.707 s
