[chains] g5_refit: 11 被试 / 2860 试次 / chains=4 draws=8000 burn=2000 p_outlier=0.0
[chains] 设置 z 默认值失败（忽略）：'z'
No model attribute --> setting up standard HDDM
Set model to ddm
/opt/conda/lib/python3.9/site-packages/scipy/optimize/_optimize.py:2309: RuntimeWarning: invalid value encountered in double_scalars
  tmp2 = (x - v) * (fx - fw)
/opt/conda/lib/python3.9/site-packages/scipy/optimize/_optimize.py:2310: RuntimeWarning: invalid value encountered in double_scalars
  p = (x - v) * tmp2 - (x - w) * tmp1
/opt/conda/lib/python3.9/site-packages/scipy/optimize/_optimize.py:2309: RuntimeWarning: invalid value encountered in double_scalars
  tmp2 = (x - v) * (fx - fw)
/opt/conda/lib/python3.9/site-packages/scipy/optimize/_optimize.py:2310: RuntimeWarning: invalid value encountered in double_scalars
  p = (x - v) * tmp2 - (x - w) * tmp1
/opt/conda/lib/python3.9/site-packages/scipy/optimize/_optimize.py:2309: RuntimeWarning: invalid value encountered in double_scalars
  tmp2 = (x - v) * (fx - fw)
/opt/conda/lib/python3.9/site-packages/scipy/optimize/_optimize.py:2310: RuntimeWarning: invalid value encountered in double_scalars
  p = (x - v) * tmp2 - (x - w) * tmp1
/opt/conda/lib/python3.9/site-packages/scipy/optimize/_optimize.py:2309: RuntimeWarning: invalid value encountered in double_scalars
  tmp2 = (x - v) * (fx - fw)
/opt/conda/lib/python3.9/site-packages/scipy/optimize/_optimize.py:2310: RuntimeWarning: invalid value encountered in double_scalars
  p = (x - v) * tmp2 - (x - w) * tmp1
[                  0%                  ] 10 of 8000 complete in 0.5 sec
[                  0%                  ] 19 of 8000 complete in 1.1 sec
[                  0%                  ] 28 of 8000 complete in 1.6 sec
[                  0%                  ] 36 of 8000 complete in 2.1 sec
[                  0%                  ] 43 of 8000 complete in 2.6 sec
[                  0%                  ] 51 of 8000 complete in 3.2 sec
[                  0%                  ] 60 of 8000 complete in 3.7 sec
[                  0%                  ] 69 of 8000 complete in 4.3 sec
[                  0%                  ] 78 of 8000 complete in 4.8 sec
[                  1%                  ] 86 of 8000 complete in 5.3 sec
[                  1%                  ] 95 of 8000 complete in 5.8 sec
[                  1%                  ] 103 of 8000 complete in 6.4 sec
[                  1%                  ] 112 of 8000 complete in 6.9 sec
[                  1%                  ] 121 of 8000 complete in 7.4 sec
[                  1%                  ] 128 of 8000 complete in 8.0 sec
[                  1%                  ] 136 of 8000 complete in 8.5 sec
[                  1%                  ] 145 of 8000 complete in 9.0 sec
[                  1%                  ] 153 of 8000 complete in 9.6 sec
[                  2%                  ] 160 of 8000 complete in 10.1 sec
[                  2%                  ] 168 of 8000 complete in 10.6 sec
[                  2%                  ] 176 of 8000 complete in 11.1 sec
[                  2%                  ] 184 of 8000 complete in 11.7 sec
[                  2%                  ] 192 of 8000 complete in 12.2 sec
[                  2%                  ] 200 of 8000 complete in 12.8 sec
[                  2%                  ] 207 of 8000 complete in 13.3 sec
[-                 2%                  ] 215 of 8000 complete in 13.8 sec
[-                 2%                  ] 223 of 8000 complete in 14.3 sec
[-                 2%                  ] 230 of 8000 complete in 14.8 sec
[-                 2%                  ] 238 of 8000 complete in 15.4 sec
[-                 3%                  ] 245 of 8000 complete in 15.9 sec
[-                 3%                  ] 253 of 8000 complete in 16.5 sec
[-                 3%                  ] 261 of 8000 complete in 17.0 sec
[-                 3%                  ] 269 of 8000 complete in 17.6 sec
[-                 3%                  ] 277 of 8000 complete in 18.1 sec
[-                 3%                  ] 285 of 8000 complete in 18.7 sec
[-                 3%                  ] 293 of 8000 complete in 19.2 sec
[-                 3%                  ] 301 of 8000 complete in 19.7 sec
[-                 3%                  ] 309 of 8000 complete in 20.3 sec
[-                 3%                  ] 317 of 8000 complete in 20.8 sec
[-                 4%                  ] 324 of 8000 complete in 21.4 sec
[-                 4%                  ] 331 of 8000 complete in 21.9 sec
[-                 4%                  ] 338 of 8000 complete in 22.5 sec
[-                 4%                  ] 345 of 8000 complete in 23.0 sec
[-                 4%                  ] 353 of 8000 complete in 23.6 sec
[-                 4%                  ] 359 of 8000 complete in 24.1 sec
[-                 4%                  ] 364 of 8000 complete in 24.7 sec
[-                 4%                  ] 370 of 8000 complete in 25.2 sec
[-                 4%                  ] 377 of 8000 complete in 25.7 sec
[-                 4%                  ] 384 of 8000 complete in 26.2 sec
[-                 4%                  ] 392 of 8000 complete in 26.8 sec
[-                 4%                  ] 399 of 8000 complete in 27.3 sec
[-                 5%                  ] 407 of 8000 complete in 27.9 sec
[-                 5%                  ] 414 of 8000 complete in 28.4 sec
[--                5%                  ] 422 of 8000 complete in 28.9 sec
[--                5%                  ] 429 of 8000 complete in 29.4 sec
[--                5%                  ] 437 of 8000 complete in 30.0 sec
[--                5%                  ] 445 of 8000 complete in 30.5 sec
[--                5%                  ] 452 of 8000 complete in 31.1 sec
[--                5%                  ] 458 of 8000 complete in 31.6 sec
[--                5%                  ] 464 of 8000 complete in 32.1 sec
[--                5%                  ] 470 of 8000 complete in 32.6 sec
[--                5%                  ] 477 of 8000 complete in 33.2 sec
[--                6%                  ] 485 of 8000 complete in 33.7 sec
[--                6%                  ] 493 of 8000 complete in 34.2 sec
[--                6%                  ] 500 of 8000 complete in 34.8 sec
[--                6%                  ] 506 of 8000 complete in 35.3 sec
[--                6%                  ] 511 of 8000 complete in 35.8 sec
[--                6%                  ] 518 of 8000 complete in 36.3 sec
[--                6%                  ] 525 of 8000 complete in 36.9 sec
[--                6%                  ] 532 of 8000 complete in 37.4 sec
[--                6%                  ] 539 of 8000 complete in 37.9 sec
[--                6%                  ] 546 of 8000 complete in 38.4 sec
[--                6%                  ] 554 of 8000 complete in 39.0 sec
[--                7%                  ] 562 of 8000 complete in 39.5 sec
[--                7%                  ] 569 of 8000 complete in 40.0 sec
[--                7%                  ] 576 of 8000 complete in 40.6 sec
[--                7%                  ] 583 of 8000 complete in 41.1 sec
[--                7%                  ] 589 of 8000 complete in 41.6 sec
[--                7%                  ] 596 of 8000 complete in 42.1 sec
[--                7%                  ] 602 of 8000 complete in 42.7 sec
[--                7%                  ] 609 of 8000 complete in 43.2 sec
[--                7%                  ] 616 of 8000 complete in 43.7 sec
[--                7%                  ] 624 of 8000 complete in 44.3 sec
[---               7%                  ] 632 of 8000 complete in 44.8 sec
[---               8%                  ] 640 of 8000 complete in 45.4 sec
[---               8%                  ] 648 of 8000 complete in 45.9 sec
[---               8%                  ] 655 of 8000 complete in 46.4 sec
[---               8%                  ] 662 of 8000 complete in 47.0 sec
[---               8%                  ] 670 of 8000 complete in 47.5 sec
[---               8%                  ] 678 of 8000 complete in 48.1 sec
[---               8%                  ] 686 of 8000 complete in 48.6 sec
[---               8%                  ] 694 of 8000 complete in 49.1 sec
[---               8%                  ] 701 of 8000 complete in 49.6 sec
[---               8%                  ] 708 of 8000 complete in 50.2 sec
[---               8%                  ] 714 of 8000 complete in 50.7 sec
[---               9%                  ] 720 of 8000 complete in 51.2 sec
[---               9%                  ] 726 of 8000 complete in 51.7 sec
[---               9%                  ] 732 of 8000 complete in 52.2 sec
[---               9%                  ] 738 of 8000 complete in 52.8 sec
[---               9%                  ] 744 of 8000 complete in 53.3 sec
[---               9%                  ] 751 of 8000 complete in 53.8 sec
[---               9%                  ] 758 of 8000 complete in 54.3 sec
[---               9%                  ] 765 of 8000 complete in 54.9 sec
[---               9%                  ] 772 of 8000 complete in 55.5 sec
[---               9%                  ] 779 of 8000 complete in 56.0 sec
[---               9%                  ] 786 of 8000 complete in 56.5 sec
[---               9%                  ] 793 of 8000 complete in 57.0 sec
[---               9%                  ] 799 of 8000 complete in 57.5 sec
[---              10%                  ] 806 of 8000 complete in 58.1 sec
[---              10%                  ] 813 of 8000 complete in 58.6 sec
[---              10%                  ] 820 of 8000 complete in 59.1 sec
[                  0%                  ] 10 of 8000 complete in 0.5 sec
[                  0%                  ] 19 of 8000 complete in 1.1 sec
[                  0%                  ] 27 of 8000 complete in 1.6 sec
[                  0%                  ] 35 of 8000 complete in 2.1 sec
[                  0%                  ] 42 of 8000 complete in 2.6 sec
[                  0%                  ] 51 of 8000 complete in 3.2 sec
[                  0%                  ] 59 of 8000 complete in 3.7 sec
[                  0%                  ] 68 of 8000 complete in 4.2 sec
[                  0%                  ] 76 of 8000 complete in 4.7 sec
[                  1%                  ] 85 of 8000 complete in 5.3 sec
[                  1%                  ] 94 of 8000 complete in 5.8 sec
[                  1%                  ] 103 of 8000 complete in 6.4 sec
[                  1%                  ] 112 of 8000 complete in 6.9 sec
[                  1%                  ] 120 of 8000 complete in 7.4 sec
[                  1%                  ] 127 of 8000 complete in 7.9 sec
[                  1%                  ] 136 of 8000 complete in 8.5 sec
[                  1%                  ] 144 of 8000 complete in 9.0 sec
[                  1%                  ] 152 of 8000 complete in 9.5 sec
[                  2%                  ] 160 of 8000 complete in 10.1 sec
[                  2%                  ] 168 of 8000 complete in 10.6 sec
[                  2%                  ] 176 of 8000 complete in 11.1 sec
[                  2%                  ] 185 of 8000 complete in 11.7 sec
[                  2%                  ] 194 of 8000 complete in 12.2 sec
[                  2%                  ] 201 of 8000 complete in 12.7 sec
[                  2%                  ] 209 of 8000 complete in 13.3 sec
[-                 2%                  ] 217 of 8000 complete in 13.8 sec
[-                 2%                  ] 226 of 8000 complete in 14.4 sec
[-                 2%                  ] 233 of 8000 complete in 14.9 sec
[-                 3%                  ] 241 of 8000 complete in 15.4 sec
[-                 3%                  ] 248 of 8000 complete in 15.9 sec
[-                 3%                  ] 256 of 8000 complete in 16.4 sec
[-                 3%                  ] 264 of 8000 complete in 17.0 sec
[-                 3%                  ] 272 of 8000 complete in 17.5 sec
[-                 3%                  ] 279 of 8000 complete in 18.0 sec
[-                 3%                  ] 287 of 8000 complete in 18.5 sec
[-                 3%                  ] 295 of 8000 complete in 19.1 sec
[-                 3%                  ] 303 of 8000 complete in 19.6 sec
[-                 3%                  ] 311 of 8000 complete in 20.1 sec
[-                 3%                  ] 318 of 8000 complete in 20.7 sec
[-                 4%                  ] 325 of 8000 complete in 21.2 sec
[-                 4%                  ] 331 of 8000 complete in 21.7 sec
[-                 4%                  ] 338 of 8000 complete in 22.2 sec
[-                 4%                  ] 345 of 8000 complete in 22.8 sec
[-                 4%                  ] 352 of 8000 complete in 23.3 sec
[-                 4%                  ] 359 of 8000 complete in 23.9 sec
[-                 4%                  ] 365 of 8000 complete in 24.4 sec
[-                 4%                  ] 370 of 8000 complete in 24.9 sec
[-                 4%                  ] 377 of 8000 complete in 25.4 sec
[-                 4%                  ] 385 of 8000 complete in 26.0 sec
[-                 4%                  ] 392 of 8000 complete in 26.5 sec
[-                 4%                  ] 399 of 8000 complete in 27.0 sec
[-                 5%                  ] 407 of 8000 complete in 27.6 sec
[-                 5%                  ] 414 of 8000 complete in 28.1 sec
[--                5%                  ] 422 of 8000 complete in 28.6 sec
[--                5%                  ] 430 of 8000 complete in 29.2 sec
[--                5%                  ] 438 of 8000 complete in 29.7 sec
[--                5%                  ] 446 of 8000 complete in 30.2 sec
[--                5%                  ] 454 of 8000 complete in 30.8 sec
[--                5%                  ] 461 of 8000 complete in 31.4 sec
[--                5%                  ] 467 of 8000 complete in 31.9 sec
[--                5%                  ] 473 of 8000 complete in 32.4 sec
[--                6%                  ] 480 of 8000 complete in 33.0 sec
[--                6%                  ] 488 of 8000 complete in 33.5 sec
[--                6%                  ] 496 of 8000 complete in 34.1 sec
[--                6%                  ] 503 of 8000 complete in 34.6 sec
[--                6%                  ] 510 of 8000 complete in 35.1 sec
[--                6%                  ] 516 of 8000 complete in 35.6 sec
[--                6%                  ] 522 of 8000 complete in 36.2 sec
[--                6%                  ] 530 of 8000 complete in 36.7 sec
[--                6%                  ] 537 of 8000 complete in 37.3 sec
[--                6%                  ] 545 of 8000 complete in 37.8 sec
[--                6%                  ] 553 of 8000 complete in 38.4 sec
[--                7%                  ] 561 of 8000 complete in 38.9 sec
[--                7%                  ] 569 of 8000 complete in 39.5 sec
[--                7%                  ] 577 of 8000 complete in 40.0 sec
[--                7%                  ] 584 of 8000 complete in 40.6 sec
[--                7%                  ] 591 of 8000 complete in 41.1 sec
[--                7%                  ] 598 of 8000 complete in 41.7 sec
[--                7%                  ] 605 of 8000 complete in 42.2 sec
[--                7%                  ] 612 of 8000 complete in 42.8 sec
[--                7%                  ] 619 of 8000 complete in 43.3 sec
[--                7%                  ] 626 of 8000 complete in 43.8 sec
[---               7%                  ] 634 of 8000 complete in 44.3 sec
[---               8%                  ] 642 of 8000 complete in 44.9 sec
[---               8%                  ] 650 of 8000 complete in 45.4 sec
[---               8%                  ] 658 of 8000 complete in 46.0 sec
[---               8%                  ] 665 of 8000 complete in 46.5 sec
[---               8%                  ] 673 of 8000 complete in 47.1 sec
[---               8%                  ] 681 of 8000 complete in 47.6 sec
[---               8%                  ] 689 of 8000 complete in 48.1 sec
[---               8%                  ] 698 of 8000 complete in 48.7 sec
[---               8%                  ] 706 of 8000 complete in 49.2 sec
[---               8%                  ] 713 of 8000 complete in 49.8 sec
[---               9%                  ] 720 of 8000 complete in 50.3 sec
[---               9%                  ] 726 of 8000 complete in 50.9 sec
[---               9%                  ] 732 of 8000 complete in 51.4 sec
[---               9%                  ] 738 of 8000 complete in 51.9 sec
[---               9%                  ] 744 of 8000 complete in 52.4 sec
[---               9%                  ] 750 of 8000 complete in 53.0 sec
[---               9%                  ] 757 of 8000 complete in 53.5 sec
[---               9%                  ] 765 of 8000 complete in 54.1 sec
[---               9%                  ] 772 of 8000 complete in 54.6 sec
[---               9%                  ] 779 of 8000 complete in 55.2 sec
[---               9%                  ] 786 of 8000 complete in 55.7 sec
[---               9%                  ] 793 of 8000 complete in 56.2 sec
[---              10%                  ] 800 of 8000 complete in 56.7 sec
[---              10%                  ] 807 of 8000 complete in 57.3 sec
[---              10%                  ] 814 of 8000 complete in 57.8 sec
[---              10%                  ] 821 of 8000 complete in 58.3 sec
[---              10%                  ] 828 of 8000 complete in 58.8 sec
[---              10%                  ] 835 of 8000 complete in 59.3 sec
[                  0%                  ] 10 of 8000 complete in 0.5 sec
[                  0%                  ] 18 of 8000 complete in 1.0 sec
[                  0%                  ] 27 of 8000 complete in 1.6 sec
[                  0%                  ] 35 of 8000 complete in 2.1 sec
[                  0%                  ] 43 of 8000 complete in 2.6 sec
[                  0%                  ] 52 of 8000 complete in 3.2 sec
[                  0%                  ] 61 of 8000 complete in 3.7 sec
[                  0%                  ] 70 of 8000 complete in 4.2 sec
[                  0%                  ] 79 of 8000 complete in 4.8 sec
[                  1%                  ] 88 of 8000 complete in 5.3 sec
[                  1%                  ] 97 of 8000 complete in 5.9 sec
[                  1%                  ] 105 of 8000 complete in 6.4 sec
[                  1%                  ] 114 of 8000 complete in 6.9 sec
[                  1%                  ] 122 of 8000 complete in 7.4 sec
[                  1%                  ] 129 of 8000 complete in 7.9 sec
[                  1%                  ] 138 of 8000 complete in 8.5 sec
[                  1%                  ] 146 of 8000 complete in 9.0 sec
[                  1%                  ] 154 of 8000 complete in 9.5 sec
[                  2%                  ] 162 of 8000 complete in 10.0 sec
[                  2%                  ] 170 of 8000 complete in 10.6 sec
[                  2%                  ] 178 of 8000 complete in 11.1 sec
[                  2%                  ] 187 of 8000 complete in 11.6 sec
[                  2%                  ] 195 of 8000 complete in 12.2 sec
[                  2%                  ] 203 of 8000 complete in 12.7 sec
[-                 2%                  ] 211 of 8000 complete in 13.2 sec
[-                 2%                  ] 219 of 8000 complete in 13.7 sec
[-                 2%                  ] 227 of 8000 complete in 14.2 sec
[-                 2%                  ] 235 of 8000 complete in 14.8 sec
[-                 3%                  ] 244 of 8000 complete in 15.3 sec
[-                 3%                  ] 252 of 8000 complete in 15.9 sec
[-                 3%                  ] 260 of 8000 complete in 16.4 sec
[-                 3%                  ] 268 of 8000 complete in 17.0 sec
[-                 3%                  ] 276 of 8000 complete in 17.5 sec
[-                 3%                  ] 283 of 8000 complete in 18.0 sec
[-                 3%                  ] 292 of 8000 complete in 18.5 sec
[-                 3%                  ] 300 of 8000 complete in 19.1 sec
[-                 3%                  ] 308 of 8000 complete in 19.6 sec
[-                 3%                  ] 316 of 8000 complete in 20.1 sec
[-                 4%                  ] 324 of 8000 complete in 20.7 sec
[-                 4%                  ] 331 of 8000 complete in 21.2 sec
[-                 4%                  ] 338 of 8000 complete in 21.7 sec
[-                 4%                  ] 345 of 8000 complete in 22.3 sec
[-                 4%                  ] 352 of 8000 complete in 22.8 sec
[-                 4%                  ] 360 of 8000 complete in 23.3 sec
[-                 4%                  ] 367 of 8000 complete in 23.9 sec
[-                 4%                  ] 373 of 8000 complete in 24.4 sec
[-                 4%                  ] 379 of 8000 complete in 25.0 sec
[-                 4%                  ] 387 of 8000 complete in 25.5 sec
[-                 4%                  ] 395 of 8000 complete in 26.1 sec
[-                 5%                  ] 403 of 8000 complete in 26.6 sec
[-                 5%                  ] 410 of 8000 complete in 27.1 sec
[-                 5%                  ] 418 of 8000 complete in 27.7 sec
[--                5%                  ] 426 of 8000 complete in 28.2 sec
[--                5%                  ] 434 of 8000 complete in 28.8 sec
[--                5%                  ] 442 of 8000 complete in 29.3 sec
[--                5%                  ] 450 of 8000 complete in 29.8 sec
[--                5%                  ] 458 of 8000 complete in 30.4 sec
[--                5%                  ] 466 of 8000 complete in 30.9 sec
[--                5%                  ] 473 of 8000 complete in 31.5 sec
[--                5%                  ] 479 of 8000 complete in 32.0 sec
[--                6%                  ] 485 of 8000 complete in 32.5 sec
[--                6%                  ] 493 of 8000 complete in 33.0 sec
[--                6%                  ] 501 of 8000 complete in 33.6 sec
[--                6%                  ] 510 of 8000 complete in 34.1 sec
[--                6%                  ] 517 of 8000 complete in 34.6 sec
[--                6%                  ] 524 of 8000 complete in 35.2 sec
[--                6%                  ] 530 of 8000 complete in 35.7 sec
[--                6%                  ] 537 of 8000 complete in 36.2 sec
[--                6%                  ] 545 of 8000 complete in 36.8 sec
[--                6%                  ] 553 of 8000 complete in 37.3 sec
[--                7%                  ] 561 of 8000 complete in 37.9 sec
[--                7%                  ] 568 of 8000 complete in 38.4 sec
[--                7%                  ] 576 of 8000 complete in 38.9 sec
[--                7%                  ] 584 of 8000 complete in 39.5 sec
[--                7%                  ] 592 of 8000 complete in 40.1 sec
[--                7%                  ] 599 of 8000 complete in 40.6 sec
[--                7%                  ] 606 of 8000 complete in 41.1 sec
[--                7%                  ] 613 of 8000 complete in 41.7 sec
[--                7%                  ] 620 of 8000 complete in 42.2 sec
[--                7%                  ] 627 of 8000 complete in 42.7 sec
[---               7%                  ] 634 of 8000 complete in 43.2 sec
[---               8%                  ] 642 of 8000 complete in 43.8 sec
[---               8%                  ] 650 of 8000 complete in 44.3 sec
[---               8%                  ] 658 of 8000 complete in 44.8 sec
[---               8%                  ] 666 of 8000 complete in 45.4 sec
[---               8%                  ] 674 of 8000 complete in 45.9 sec
[---               8%                  ] 681 of 8000 complete in 46.4 sec
[---               8%                  ] 689 of 8000 complete in 47.0 sec
[---               8%                  ] 697 of 8000 complete in 47.5 sec
[---               8%                  ] 705 of 8000 complete in 48.1 sec
[---               8%                  ] 713 of 8000 complete in 48.6 sec
[---               9%                  ] 721 of 8000 complete in 49.2 sec
[---               9%                  ] 728 of 8000 complete in 49.7 sec
[---               9%                  ] 735 of 8000 complete in 50.2 sec
[---               9%                  ] 741 of 8000 complete in 50.7 sec
[---               9%                  ] 748 of 8000 complete in 51.2 sec
[---               9%                  ] 755 of 8000 complete in 51.8 sec
[---               9%                  ] 762 of 8000 complete in 52.4 sec
[---               9%                  ] 768 of 8000 complete in 52.9 sec
[---               9%                  ] 775 of 8000 complete in 53.5 sec
[---               9%                  ] 782 of 8000 complete in 54.0 sec
[---               9%                  ] 790 of 8000 complete in 54.5 sec
[---               9%                  ] 797 of 8000 complete in 55.1 sec
[---              10%                  ] 805 of 8000 complete in 55.7 sec
[---              10%                  ] 813 of 8000 complete in 56.2 sec
[---              10%                  ] 820 of 8000 complete in 56.8 sec
[---              10%                  ] 827 of 8000 complete in 57.3 sec
[---              10%                  ] 834 of 8000 complete in 57.8 sec
[---              10%                  ] 842 of 8000 complete in 58.4 sec
[----             10%                  ] 850 of 8000 complete in 58.9 sec
[----             10%                  ] 858 of 8000 complete in 59.5 sec
[                  0%                  ] 10 of 8000 complete in 0.5 sec
[                  0%                  ] 19 of 8000 complete in 1.1 sec
[                  0%                  ] 28 of 8000 complete in 1.6 sec
[                  0%                  ] 36 of 8000 complete in 2.2 sec
[                  0%                  ] 44 of 8000 complete in 2.7 sec
[                  0%                  ] 53 of 8000 complete in 3.3 sec
[                  0%                  ] 62 of 8000 complete in 3.8 sec
[                  0%                  ] 71 of 8000 complete in 4.3 sec
[                  1%                  ] 80 of 8000 complete in 4.9 sec
[                  1%                  ] 88 of 8000 complete in 5.4 sec
[                  1%                  ] 97 of 8000 complete in 5.9 sec
[                  1%                  ] 106 of 8000 complete in 6.5 sec
[                  1%                  ] 114 of 8000 complete in 7.0 sec
[                  1%                  ] 122 of 8000 complete in 7.6 sec
[                  1%                  ] 130 of 8000 complete in 8.1 sec
[                  1%                  ] 139 of 8000 complete in 8.7 sec
[                  1%                  ] 147 of 8000 complete in 9.2 sec
[                  1%                  ] 155 of 8000 complete in 9.7 sec
[                  2%                  ] 163 of 8000 complete in 10.3 sec
[                  2%                  ] 171 of 8000 complete in 10.8 sec
[                  2%                  ] 179 of 8000 complete in 11.3 sec
[                  2%                  ] 188 of 8000 complete in 11.9 sec
[                  2%                  ] 195 of 8000 complete in 12.4 sec
[                  2%                  ] 203 of 8000 complete in 12.9 sec
[                  2%                  ] 210 of 8000 complete in 13.4 sec
[-                 2%                  ] 218 of 8000 complete in 14.0 sec
[-                 2%                  ] 226 of 8000 complete in 14.5 sec
[-                 2%                  ] 234 of 8000 complete in 15.1 sec
[-                 3%                  ] 241 of 8000 complete in 15.6 sec
[-                 3%                  ] 249 of 8000 complete in 16.2 sec
[-                 3%                  ] 256 of 8000 complete in 16.7 sec
[-                 3%                  ] 264 of 8000 complete in 17.2 sec
[-                 3%                  ] 271 of 8000 complete in 17.8 sec
[-                 3%                  ] 279 of 8000 complete in 18.3 sec
[-                 3%                  ] 287 of 8000 complete in 18.8 sec
[-                 3%                  ] 295 of 8000 complete in 19.3 sec
[-                 3%                  ] 304 of 8000 complete in 19.9 sec
[-                 3%                  ] 311 of 8000 complete in 20.4 sec
[-                 3%                  ] 318 of 8000 complete in 21.0 sec
[-                 4%                  ] 324 of 8000 complete in 21.5 sec
[-                 4%                  ] 332 of 8000 complete in 22.0 sec
[-                 4%                  ] 339 of 8000 complete in 22.6 sec
[-                 4%                  ] 346 of 8000 complete in 23.1 sec
[-                 4%                  ] 353 of 8000 complete in 23.6 sec
[-                 4%                  ] 359 of 8000 complete in 24.2 sec
[-                 4%                  ] 365 of 8000 complete in 24.7 sec
[-                 4%                  ] 372 of 8000 complete in 25.3 sec
[-                 4%                  ] 379 of 8000 complete in 25.8 sec
[-                 4%                  ] 387 of 8000 complete in 26.3 sec
[-                 4%                  ] 394 of 8000 complete in 26.9 sec
[-                 5%                  ] 401 of 8000 complete in 27.5 sec
[-                 5%                  ] 408 of 8000 complete in 28.0 sec
[-                 5%                  ] 416 of 8000 complete in 28.5 sec
[--                5%                  ] 424 of 8000 complete in 29.0 sec
[--                5%                  ] 432 of 8000 complete in 29.6 sec
[--                5%                  ] 440 of 8000 complete in 30.1 sec
[--                5%                  ] 447 of 8000 complete in 30.6 sec
[--                5%                  ] 454 of 8000 complete in 31.2 sec
[--                5%                  ] 460 of 8000 complete in 31.7 sec
[--                5%                  ] 466 of 8000 complete in 32.3 sec
[--                5%                  ] 473 of 8000 complete in 32.8 sec
[--                6%                  ] 481 of 8000 complete in 33.3 sec
[--                6%                  ] 489 of 8000 complete in 33.9 sec
[--                6%                  ] 496 of 8000 complete in 34.4 sec
[--                6%                  ] 503 of 8000 complete in 34.9 sec
[--                6%                  ] 509 of 8000 complete in 35.4 sec
[--                6%                  ] 515 of 8000 complete in 35.9 sec
[--                6%                  ] 522 of 8000 complete in 36.4 sec
[--                6%                  ] 530 of 8000 complete in 37.0 sec
[--                6%                  ] 537 of 8000 complete in 37.5 sec
[--                6%                  ] 544 of 8000 complete in 38.0 sec
[--                6%                  ] 551 of 8000 complete in 38.6 sec
[--                6%                  ] 558 of 8000 complete in 39.1 sec
[--                7%                  ] 566 of 8000 complete in 39.6 sec
[--                7%                  ] 573 of 8000 complete in 40.1 sec
[--                7%                  ] 580 of 8000 complete in 40.7 sec
[--                7%                  ] 587 of 8000 complete in 41.2 sec
[--                7%                  ] 594 of 8000 complete in 41.8 sec
[--                7%                  ] 601 of 8000 complete in 42.4 sec
[--                7%                  ] 608 of 8000 complete in 42.9 sec
[--                7%                  ] 615 of 8000 complete in 43.4 sec
[--                7%                  ] 623 of 8000 complete in 44.0 sec
[--                7%                  ] 631 of 8000 complete in 44.5 sec
[---               7%                  ] 639 of 8000 complete in 45.1 sec
[---               8%                  ] 647 of 8000 complete in 45.6 sec
[---               8%                  ] 654 of 8000 complete in 46.1 sec
[---               8%                  ] 662 of 8000 complete in 46.7 sec
[---               8%                  ] 670 of 8000 complete in 47.2 sec
[---               8%                  ] 677 of 8000 complete in 47.7 sec
[---               8%                  ] 684 of 8000 complete in 48.3 sec
[---               8%                  ] 691 of 8000 complete in 48.8 sec
[---               8%                  ] 698 of 8000 complete in 49.3 sec
[---               8%                  ] 705 of 8000 complete in 49.8 sec
[---               8%                  ] 712 of 8000 complete in 50.4 sec
[---               8%                  ] 718 of 8000 complete in 50.9 sec
[---               9%                  ] 724 of 8000 complete in 51.4 sec
[---               9%                  ] 731 of 8000 complete in 52.0 sec
[---               9%                  ] 737 of 8000 complete in 52.6 sec
[---               9%                  ] 744 of 8000 complete in 53.1 sec
[---               9%                  ] 751 of 8000 complete in 53.6 sec
[---               9%                  ] 758 of 8000 complete in 54.1 sec
[---               9%                  ] 766 of 8000 complete in 54.7 sec
[---               9%                  ] 773 of 8000 complete in 55.2 sec
[---               9%                  ] 780 of 8000 complete in 55.8 sec
[---               9%                  ] 787 of 8000 complete in 56.3 sec
[---               9%                  ] 794 of 8000 complete in 56.8 sec
[---              10%                  ] 800 of 8000 complete in 57.3 sec
[---              10%                  ] 807 of 8000 complete in 57.9 sec
[---              10%                  ] 815 of 8000 complete in 58.5 sec
[---              10%                  ] 823 of 8000 complete in 59.0 sec
[---              10%                  ] 831 of 8000 complete in 59.5 sec
[---              10%                  ] 828 of 8000 complete in 59.7 sec
[---              10%                  ] 836 of 8000 complete in 60.2 sec
[----             10%                  ] 844 of 8000 complete in 60.8 sec
[----             10%                  ] 851 of 8000 complete in 61.3 sec
[----             10%                  ] 859 of 8000 complete in 61.8 sec
[----             10%                  ] 867 of 8000 complete in 62.4 sec
[----             10%                  ] 874 of 8000 complete in 62.9 sec
[----             11%                  ] 881 of 8000 complete in 63.4 sec
[----             11%                  ] 888 of 8000 complete in 63.9 sec
[----             11%                  ] 895 of 8000 complete in 64.5 sec
[----             11%                  ] 903 of 8000 complete in 65.0 sec
[----             11%                  ] 911 of 8000 complete in 65.6 sec
[----             11%                  ] 918 of 8000 complete in 66.1 sec
[----             11%                  ] 926 of 8000 complete in 66.7 sec
[----             11%                  ] 932 of 8000 complete in 67.2 sec
[----             11%                  ] 939 of 8000 complete in 67.8 sec
[----             11%                  ] 946 of 8000 complete in 68.3 sec
[----             11%                  ] 952 of 8000 complete in 68.9 sec
[----             11%                  ] 957 of 8000 complete in 69.4 sec
[----             12%                  ] 963 of 8000 complete in 69.9 sec
[----             12%                  ] 969 of 8000 complete in 70.4 sec
[----             12%                  ] 975 of 8000 complete in 70.9 sec
[----             12%                  ] 982 of 8000 complete in 71.5 sec
[----             12%                  ] 989 of 8000 complete in 72.0 sec
[----             12%                  ] 996 of 8000 complete in 72.5 sec
[----             12%                  ] 1004 of 8000 complete in 73.0 sec
[----             12%                  ] 1012 of 8000 complete in 73.6 sec
[----             12%                  ] 1019 of 8000 complete in 74.1 sec
[----             12%                  ] 1027 of 8000 complete in 74.6 sec
[----             12%                  ] 1035 of 8000 complete in 75.2 sec
[----             13%                  ] 1043 of 8000 complete in 75.7 sec
[----             13%                  ] 1051 of 8000 complete in 76.3 sec
[-----            13%                  ] 1059 of 8000 complete in 76.8 sec
[-----            13%                  ] 1067 of 8000 complete in 77.4 sec
[-----            13%                  ] 1074 of 8000 complete in 77.9 sec
[-----            13%                  ] 1081 of 8000 complete in 78.5 sec
[-----            13%                  ] 1088 of 8000 complete in 79.0 sec
[-----            13%                  ] 1095 of 8000 complete in 79.5 sec
[-----            13%                  ] 1102 of 8000 complete in 80.0 sec
[-----            13%                  ] 1109 of 8000 complete in 80.5 sec
[-----            13%                  ] 1115 of 8000 complete in 81.1 sec
[-----            14%                  ] 1121 of 8000 complete in 81.6 sec
[-----            14%                  ] 1128 of 8000 complete in 82.1 sec
[-----            14%                  ] 1135 of 8000 complete in 82.7 sec
[-----            14%                  ] 1142 of 8000 complete in 83.3 sec
[-----            14%                  ] 1150 of 8000 complete in 83.8 sec
[-----            14%                  ] 1157 of 8000 complete in 84.4 sec
[-----            14%                  ] 1164 of 8000 complete in 84.9 sec
[-----            14%                  ] 1171 of 8000 complete in 85.4 sec
[-----            14%                  ] 1179 of 8000 complete in 86.0 sec
[-----            14%                  ] 1186 of 8000 complete in 86.5 sec
[-----            14%                  ] 1193 of 8000 complete in 87.1 sec
[-----            15%                  ] 1200 of 8000 complete in 87.6 sec
[-----            15%                  ] 1208 of 8000 complete in 88.2 sec
[-----            15%                  ] 1216 of 8000 complete in 88.7 sec
[-----            15%                  ] 1223 of 8000 complete in 89.3 sec
[-----            15%                  ] 1230 of 8000 complete in 89.8 sec
[-----            15%                  ] 1237 of 8000 complete in 90.3 sec
[-----            15%                  ] 1244 of 8000 complete in 90.8 sec
[-----            15%                  ] 1252 of 8000 complete in 91.3 sec
[-----            15%                  ] 1259 of 8000 complete in 91.9 sec
[------           15%                  ] 1265 of 8000 complete in 92.4 sec
[------           15%                  ] 1271 of 8000 complete in 92.9 sec
[------           15%                  ] 1278 of 8000 complete in 93.5 sec
[------           16%                  ] 1285 of 8000 complete in 94.0 sec
[------           16%                  ] 1292 of 8000 complete in 94.6 sec
[------           16%                  ] 1299 of 8000 complete in 95.1 sec
[------           16%                  ] 1306 of 8000 complete in 95.6 sec
[------           16%                  ] 1314 of 8000 complete in 96.2 sec
[------           16%                  ] 1321 of 8000 complete in 96.7 sec
[------           16%                  ] 1328 of 8000 complete in 97.3 sec
[------           16%                  ] 1335 of 8000 complete in 97.8 sec
[------           16%                  ] 1342 of 8000 complete in 98.3 sec
[------           16%                  ] 1349 of 8000 complete in 98.8 sec
[------           16%                  ] 1356 of 8000 complete in 99.3 sec
[------           17%                  ] 1363 of 8000 complete in 99.9 sec
[------           17%                  ] 1371 of 8000 complete in 100.4 sec
[------           17%                  ] 1378 of 8000 complete in 100.9 sec
[------           17%                  ] 1384 of 8000 complete in 101.5 sec
[------           17%                  ] 1391 of 8000 complete in 102.0 sec
[------           17%                  ] 1398 of 8000 complete in 102.6 sec
[------           17%                  ] 1405 of 8000 complete in 103.1 sec
[------           17%                  ] 1413 of 8000 complete in 103.6 sec
[------           17%                  ] 1421 of 8000 complete in 104.2 sec
[------           17%                  ] 1429 of 8000 complete in 104.8 sec
[------           17%                  ] 1437 of 8000 complete in 105.3 sec
[------           18%                  ] 1444 of 8000 complete in 105.8 sec
[------           18%                  ] 1451 of 8000 complete in 106.3 sec
[------           18%                  ] 1459 of 8000 complete in 106.9 sec
[------           18%                  ] 1466 of 8000 complete in 107.4 sec
[-------          18%                  ] 1474 of 8000 complete in 108.0 sec
[-------          18%                  ] 1481 of 8000 complete in 108.5 sec
[-------          18%                  ] 1488 of 8000 complete in 109.0 sec
[-------          18%                  ] 1495 of 8000 complete in 109.6 sec
[-------          18%                  ] 1503 of 8000 complete in 110.1 sec
[-------          18%                  ] 1510 of 8000 complete in 110.6 sec
[-------          18%                  ] 1516 of 8000 complete in 111.2 sec
[-------          19%                  ] 1523 of 8000 complete in 111.7 sec
[-------          19%                  ] 1529 of 8000 complete in 112.3 sec
[-------          19%                  ] 1535 of 8000 complete in 112.8 sec
[-------          19%                  ] 1542 of 8000 complete in 113.3 sec
[-------          19%                  ] 1549 of 8000 complete in 113.9 sec
[-------          19%                  ] 1556 of 8000 complete in 114.4 sec
[-------          19%                  ] 1562 of 8000 complete in 114.9 sec
[-------          19%                  ] 1569 of 8000 complete in 115.5 sec
[-------          19%                  ] 1576 of 8000 complete in 116.0 sec
[-------          19%                  ] 1583 of 8000 complete in 116.6 sec
[-------          19%                  ] 1590 of 8000 complete in 117.1 sec
[-------          19%                  ] 1597 of 8000 complete in 117.6 sec
[----             10%                  ] 843 of 8000 complete in 59.8 sec
[----             10%                  ] 851 of 8000 complete in 60.3 sec
[----             10%                  ] 859 of 8000 complete in 60.9 sec
[----             10%                  ] 867 of 8000 complete in 61.4 sec
[----             10%                  ] 875 of 8000 complete in 62.0 sec
[----             11%                  ] 882 of 8000 complete in 62.5 sec
[----             11%                  ] 889 of 8000 complete in 63.0 sec
[----             11%                  ] 896 of 8000 complete in 63.5 sec
[----             11%                  ] 903 of 8000 complete in 64.1 sec
[----             11%                  ] 910 of 8000 complete in 64.6 sec
[----             11%                  ] 917 of 8000 complete in 65.1 sec
[----             11%                  ] 924 of 8000 complete in 65.7 sec
[----             11%                  ] 931 of 8000 complete in 66.2 sec
[----             11%                  ] 938 of 8000 complete in 66.7 sec
[----             11%                  ] 945 of 8000 complete in 67.3 sec
[----             11%                  ] 952 of 8000 complete in 67.9 sec
[----             11%                  ] 958 of 8000 complete in 68.4 sec
[----             12%                  ] 964 of 8000 complete in 68.9 sec
[----             12%                  ] 970 of 8000 complete in 69.5 sec
[----             12%                  ] 977 of 8000 complete in 70.0 sec
[----             12%                  ] 983 of 8000 complete in 70.5 sec
[----             12%                  ] 989 of 8000 complete in 71.1 sec
[----             12%                  ] 996 of 8000 complete in 71.6 sec
[----             12%                  ] 1004 of 8000 complete in 72.1 sec
[----             12%                  ] 1011 of 8000 complete in 72.6 sec
[----             12%                  ] 1019 of 8000 complete in 73.2 sec
[----             12%                  ] 1027 of 8000 complete in 73.8 sec
[----             12%                  ] 1035 of 8000 complete in 74.3 sec
[----             13%                  ] 1043 of 8000 complete in 74.9 sec
[----             13%                  ] 1051 of 8000 complete in 75.4 sec
[-----            13%                  ] 1059 of 8000 complete in 76.0 sec
[-----            13%                  ] 1066 of 8000 complete in 76.5 sec
[-----            13%                  ] 1074 of 8000 complete in 77.0 sec
[-----            13%                  ] 1082 of 8000 complete in 77.6 sec
[-----            13%                  ] 1090 of 8000 complete in 78.1 sec
[-----            13%                  ] 1097 of 8000 complete in 78.6 sec
[-----            13%                  ] 1105 of 8000 complete in 79.2 sec
[-----            13%                  ] 1112 of 8000 complete in 79.8 sec
[-----            13%                  ] 1119 of 8000 complete in 80.3 sec
[-----            14%                  ] 1125 of 8000 complete in 80.8 sec
[-----            14%                  ] 1131 of 8000 complete in 81.3 sec
[-----            14%                  ] 1138 of 8000 complete in 81.9 sec
[-----            14%                  ] 1145 of 8000 complete in 82.4 sec
[-----            14%                  ] 1152 of 8000 complete in 82.9 sec
[-----            14%                  ] 1159 of 8000 complete in 83.5 sec
[-----            14%                  ] 1166 of 8000 complete in 84.0 sec
[-----            14%                  ] 1174 of 8000 complete in 84.5 sec
[-----            14%                  ] 1181 of 8000 complete in 85.1 sec
[-----            14%                  ] 1188 of 8000 complete in 85.6 sec
[-----            14%                  ] 1195 of 8000 complete in 86.1 sec
[-----            15%                  ] 1202 of 8000 complete in 86.7 sec
[-----            15%                  ] 1210 of 8000 complete in 87.3 sec
[-----            15%                  ] 1217 of 8000 complete in 87.8 sec
[-----            15%                  ] 1225 of 8000 complete in 88.3 sec
[-----            15%                  ] 1232 of 8000 complete in 88.8 sec
[-----            15%                  ] 1239 of 8000 complete in 89.4 sec
[-----            15%                  ] 1247 of 8000 complete in 89.9 sec
[-----            15%                  ] 1254 of 8000 complete in 90.4 sec
[-----            15%                  ] 1262 of 8000 complete in 91.0 sec
[------           15%                  ] 1269 of 8000 complete in 91.5 sec
[------           15%                  ] 1276 of 8000 complete in 92.0 sec
[------           16%                  ] 1282 of 8000 complete in 92.5 sec
[------           16%                  ] 1289 of 8000 complete in 93.0 sec
[------           16%                  ] 1296 of 8000 complete in 93.6 sec
[------           16%                  ] 1303 of 8000 complete in 94.2 sec
[------           16%                  ] 1310 of 8000 complete in 94.7 sec
[------           16%                  ] 1317 of 8000 complete in 95.2 sec
[------           16%                  ] 1324 of 8000 complete in 95.7 sec
[------           16%                  ] 1332 of 8000 complete in 96.3 sec
[------           16%                  ] 1339 of 8000 complete in 96.8 sec
[------           16%                  ] 1346 of 8000 complete in 97.3 sec
[------           16%                  ] 1354 of 8000 complete in 97.9 sec
[------           17%                  ] 1361 of 8000 complete in 98.4 sec
[------           17%                  ] 1368 of 8000 complete in 99.0 sec
[------           17%                  ] 1375 of 8000 complete in 99.5 sec
[------           17%                  ] 1383 of 8000 complete in 100.1 sec
[------           17%                  ] 1391 of 8000 complete in 100.6 sec
[------           17%                  ] 1398 of 8000 complete in 101.2 sec
[------           17%                  ] 1405 of 8000 complete in 101.7 sec
[------           17%                  ] 1413 of 8000 complete in 102.2 sec
[------           17%                  ] 1420 of 8000 complete in 102.8 sec
[------           17%                  ] 1428 of 8000 complete in 103.3 sec
[------           17%                  ] 1436 of 8000 complete in 103.9 sec
[------           18%                  ] 1444 of 8000 complete in 104.4 sec
[------           18%                  ] 1451 of 8000 complete in 104.9 sec
[------           18%                  ] 1459 of 8000 complete in 105.5 sec
[------           18%                  ] 1467 of 8000 complete in 106.0 sec
[-------          18%                  ] 1475 of 8000 complete in 106.6 sec
[-------          18%                  ] 1483 of 8000 complete in 107.1 sec
[-------          18%                  ] 1491 of 8000 complete in 107.7 sec
[-------          18%                  ] 1498 of 8000 complete in 108.2 sec
[-------          18%                  ] 1505 of 8000 complete in 108.8 sec
[-------          18%                  ] 1512 of 8000 complete in 109.3 sec
[-------          19%                  ] 1520 of 8000 complete in 109.8 sec
[-------          19%                  ] 1528 of 8000 complete in 110.3 sec
[-------          19%                  ] 1535 of 8000 complete in 110.9 sec
[-------          19%                  ] 1542 of 8000 complete in 111.5 sec
[-------          19%                  ] 1549 of 8000 complete in 112.1 sec
[-------          19%                  ] 1555 of 8000 complete in 112.6 sec
[-------          19%                  ] 1562 of 8000 complete in 113.1 sec
[-------          19%                  ] 1569 of 8000 complete in 113.7 sec
[-------          19%                  ] 1576 of 8000 complete in 114.2 sec
[-------          19%                  ] 1583 of 8000 complete in 114.7 sec
[-------          19%                  ] 1590 of 8000 complete in 115.3 sec
[-------          19%                  ] 1597 of 8000 complete in 115.8 sec
[-------          20%                  ] 1604 of 8000 complete in 116.3 sec
[-------          20%                  ] 1611 of 8000 complete in 116.8 sec
[-------          20%                  ] 1618 of 8000 complete in 117.3 sec
[-------          20%                  ] 1626 of 8000 complete in 117.9 sec
[----             10%                  ] 866 of 8000 complete in 60.0 sec
[----             10%                  ] 873 of 8000 complete in 60.5 sec
[----             11%                  ] 881 of 8000 complete in 61.0 sec
[----             11%                  ] 889 of 8000 complete in 61.6 sec
[----             11%                  ] 897 of 8000 complete in 62.1 sec
[----             11%                  ] 904 of 8000 complete in 62.7 sec
[----             11%                  ] 912 of 8000 complete in 63.2 sec
[----             11%                  ] 919 of 8000 complete in 63.7 sec
[----             11%                  ] 926 of 8000 complete in 64.3 sec
[----             11%                  ] 934 of 8000 complete in 64.8 sec
[----             11%                  ] 941 of 8000 complete in 65.3 sec
[----             11%                  ] 949 of 8000 complete in 65.9 sec
[----             11%                  ] 957 of 8000 complete in 66.5 sec
[----             12%                  ] 964 of 8000 complete in 67.0 sec
[----             12%                  ] 970 of 8000 complete in 67.5 sec
[----             12%                  ] 978 of 8000 complete in 68.1 sec
[----             12%                  ] 985 of 8000 complete in 68.7 sec
[----             12%                  ] 992 of 8000 complete in 69.3 sec
[----             12%                  ] 998 of 8000 complete in 69.8 sec
[----             12%                  ] 1004 of 8000 complete in 70.3 sec
[----             12%                  ] 1011 of 8000 complete in 70.9 sec
[----             12%                  ] 1018 of 8000 complete in 71.4 sec
[----             12%                  ] 1025 of 8000 complete in 71.9 sec
[----             12%                  ] 1033 of 8000 complete in 72.5 sec
[----             13%                  ] 1041 of 8000 complete in 73.0 sec
[----             13%                  ] 1048 of 8000 complete in 73.5 sec
[-----            13%                  ] 1056 of 8000 complete in 74.1 sec
[-----            13%                  ] 1064 of 8000 complete in 74.6 sec
[-----            13%                  ] 1072 of 8000 complete in 75.2 sec
[-----            13%                  ] 1080 of 8000 complete in 75.7 sec
[-----            13%                  ] 1087 of 8000 complete in 76.2 sec
[-----            13%                  ] 1095 of 8000 complete in 76.8 sec
[-----            13%                  ] 1102 of 8000 complete in 77.3 sec
[-----            13%                  ] 1109 of 8000 complete in 77.8 sec
[-----            13%                  ] 1116 of 8000 complete in 78.3 sec
[-----            14%                  ] 1124 of 8000 complete in 78.9 sec
[-----            14%                  ] 1132 of 8000 complete in 79.4 sec
[-----            14%                  ] 1140 of 8000 complete in 80.0 sec
[-----            14%                  ] 1147 of 8000 complete in 80.5 sec
[-----            14%                  ] 1153 of 8000 complete in 81.1 sec
[-----            14%                  ] 1159 of 8000 complete in 81.6 sec
[-----            14%                  ] 1166 of 8000 complete in 82.1 sec
[-----            14%                  ] 1173 of 8000 complete in 82.6 sec
[-----            14%                  ] 1180 of 8000 complete in 83.2 sec
[-----            14%                  ] 1187 of 8000 complete in 83.7 sec
[-----            14%                  ] 1194 of 8000 complete in 84.2 sec
[-----            15%                  ] 1201 of 8000 complete in 84.7 sec
[-----            15%                  ] 1208 of 8000 complete in 85.2 sec
[-----            15%                  ] 1215 of 8000 complete in 85.8 sec
[-----            15%                  ] 1222 of 8000 complete in 86.3 sec
[-----            15%                  ] 1229 of 8000 complete in 86.8 sec
[-----            15%                  ] 1236 of 8000 complete in 87.3 sec
[-----            15%                  ] 1243 of 8000 complete in 87.8 sec
[-----            15%                  ] 1250 of 8000 complete in 88.3 sec
[-----            15%                  ] 1258 of 8000 complete in 88.9 sec
[------           15%                  ] 1266 of 8000 complete in 89.4 sec
[------           15%                  ] 1274 of 8000 complete in 90.0 sec
[------           16%                  ] 1281 of 8000 complete in 90.5 sec
[------           16%                  ] 1289 of 8000 complete in 91.0 sec
[------           16%                  ] 1297 of 8000 complete in 91.6 sec
[------           16%                  ] 1304 of 8000 complete in 92.2 sec
[------           16%                  ] 1311 of 8000 complete in 92.7 sec
[------           16%                  ] 1318 of 8000 complete in 93.3 sec
[------           16%                  ] 1325 of 8000 complete in 93.8 sec
[------           16%                  ] 1332 of 8000 complete in 94.3 sec
[------           16%                  ] 1339 of 8000 complete in 94.8 sec
[------           16%                  ] 1346 of 8000 complete in 95.4 sec
[------           16%                  ] 1354 of 8000 complete in 95.9 sec
[------           17%                  ] 1362 of 8000 complete in 96.5 sec
[------           17%                  ] 1369 of 8000 complete in 97.0 sec
[------           17%                  ] 1376 of 8000 complete in 97.5 sec
[------           17%                  ] 1383 of 8000 complete in 98.0 sec
[------           17%                  ] 1390 of 8000 complete in 98.6 sec
[------           17%                  ] 1397 of 8000 complete in 99.2 sec
[------           17%                  ] 1404 of 8000 complete in 99.7 sec
[------           17%                  ] 1412 of 8000 complete in 100.2 sec
[------           17%                  ] 1420 of 8000 complete in 100.8 sec
[------           17%                  ] 1427 of 8000 complete in 101.3 sec
[------           17%                  ] 1434 of 8000 complete in 101.8 sec
[------           18%                  ] 1441 of 8000 complete in 102.4 sec
[------           18%                  ] 1447 of 8000 complete in 102.9 sec
[------           18%                  ] 1455 of 8000 complete in 103.4 sec
[------           18%                  ] 1463 of 8000 complete in 104.0 sec
[------           18%                  ] 1471 of 8000 complete in 104.5 sec
[-------          18%                  ] 1479 of 8000 complete in 105.1 sec
[-------          18%                  ] 1487 of 8000 complete in 105.6 sec
[-------          18%                  ] 1495 of 8000 complete in 106.1 sec
[-------          18%                  ] 1503 of 8000 complete in 106.7 sec
[-------          18%                  ] 1511 of 8000 complete in 107.2 sec
[-------          18%                  ] 1518 of 8000 complete in 107.7 sec
[-------          19%                  ] 1525 of 8000 complete in 108.3 sec
[-------          19%                  ] 1532 of 8000 complete in 108.8 sec
[-------          19%                  ] 1540 of 8000 complete in 109.3 sec
[-------          19%                  ] 1547 of 8000 complete in 109.9 sec
[-------          19%                  ] 1555 of 8000 complete in 110.4 sec
[-------          19%                  ] 1562 of 8000 complete in 111.0 sec
[-------          19%                  ] 1569 of 8000 complete in 111.5 sec
[-------          19%                  ] 1575 of 8000 complete in 112.0 sec
[-------          19%                  ] 1581 of 8000 complete in 112.6 sec
[-------          19%                  ] 1589 of 8000 complete in 113.1 sec
[-------          19%                  ] 1596 of 8000 complete in 113.6 sec
[-------          20%                  ] 1604 of 8000 complete in 114.2 sec
[-------          20%                  ] 1611 of 8000 complete in 114.8 sec
[-------          20%                  ] 1619 of 8000 complete in 115.3 sec
[-------          20%                  ] 1626 of 8000 complete in 115.8 sec
[-------          20%                  ] 1633 of 8000 complete in 116.4 sec
[-------          20%                  ] 1640 of 8000 complete in 116.9 sec
[-------          20%                  ] 1647 of 8000 complete in 117.5 sec
[-------          20%                  ] 1654 of 8000 complete in 118.0 sec
[---              10%                  ] 838 of 8000 complete in 60.0 sec
[----             10%                  ] 846 of 8000 complete in 60.6 sec
[----             10%                  ] 853 of 8000 complete in 61.1 sec
[----             10%                  ] 860 of 8000 complete in 61.6 sec
[----             10%                  ] 867 of 8000 complete in 62.1 sec
[----             10%                  ] 874 of 8000 complete in 62.7 sec
[----             11%                  ] 881 of 8000 complete in 63.2 sec
[----             11%                  ] 888 of 8000 complete in 63.7 sec
[----             11%                  ] 895 of 8000 complete in 64.2 sec
[----             11%                  ] 903 of 8000 complete in 64.8 sec
[----             11%                  ] 910 of 8000 complete in 65.3 sec
[----             11%                  ] 917 of 8000 complete in 65.9 sec
[----             11%                  ] 924 of 8000 complete in 66.4 sec
[----             11%                  ] 931 of 8000 complete in 67.0 sec
[----             11%                  ] 938 of 8000 complete in 67.5 sec
[----             11%                  ] 944 of 8000 complete in 68.0 sec
[----             11%                  ] 950 of 8000 complete in 68.6 sec
[----             11%                  ] 956 of 8000 complete in 69.2 sec
[----             12%                  ] 962 of 8000 complete in 69.7 sec
[----             12%                  ] 968 of 8000 complete in 70.2 sec
[----             12%                  ] 974 of 8000 complete in 70.7 sec
[----             12%                  ] 981 of 8000 complete in 71.3 sec
[----             12%                  ] 989 of 8000 complete in 71.9 sec
[----             12%                  ] 996 of 8000 complete in 72.4 sec
[----             12%                  ] 1004 of 8000 complete in 72.9 sec
[----             12%                  ] 1012 of 8000 complete in 73.5 sec
[----             12%                  ] 1020 of 8000 complete in 74.0 sec
[----             12%                  ] 1028 of 8000 complete in 74.5 sec
[----             12%                  ] 1036 of 8000 complete in 75.1 sec
[----             13%                  ] 1044 of 8000 complete in 75.6 sec
[----             13%                  ] 1051 of 8000 complete in 76.2 sec
[-----            13%                  ] 1059 of 8000 complete in 76.7 sec
[-----            13%                  ] 1067 of 8000 complete in 77.3 sec
[-----            13%                  ] 1075 of 8000 complete in 77.9 sec
[-----            13%                  ] 1083 of 8000 complete in 78.4 sec
[-----            13%                  ] 1091 of 8000 complete in 79.0 sec
[-----            13%                  ] 1098 of 8000 complete in 79.5 sec
[-----            13%                  ] 1105 of 8000 complete in 80.1 sec
[-----            13%                  ] 1111 of 8000 complete in 80.6 sec
[-----            13%                  ] 1117 of 8000 complete in 81.1 sec
[-----            14%                  ] 1124 of 8000 complete in 81.7 sec
[-----            14%                  ] 1131 of 8000 complete in 82.2 sec
[-----            14%                  ] 1137 of 8000 complete in 82.7 sec
[-----            14%                  ] 1144 of 8000 complete in 83.2 sec
[-----            14%                  ] 1151 of 8000 complete in 83.8 sec
[-----            14%                  ] 1158 of 8000 complete in 84.3 sec
[-----            14%                  ] 1165 of 8000 complete in 84.8 sec
[-----            14%                  ] 1172 of 8000 complete in 85.4 sec
[-----            14%                  ] 1180 of 8000 complete in 86.0 sec
[-----            14%                  ] 1187 of 8000 complete in 86.5 sec
[-----            14%                  ] 1194 of 8000 complete in 87.0 sec
[-----            15%                  ] 1201 of 8000 complete in 87.6 sec
[-----            15%                  ] 1208 of 8000 complete in 88.1 sec
[-----            15%                  ] 1215 of 8000 complete in 88.6 sec
[-----            15%                  ] 1223 of 8000 complete in 89.1 sec
[-----            15%                  ] 1231 of 8000 complete in 89.7 sec
[-----            15%                  ] 1239 of 8000 complete in 90.2 sec
[-----            15%                  ] 1247 of 8000 complete in 90.8 sec
[-----            15%                  ] 1254 of 8000 complete in 91.3 sec
[-----            15%                  ] 1261 of 8000 complete in 91.8 sec
[------           15%                  ] 1267 of 8000 complete in 92.3 sec
[------           15%                  ] 1274 of 8000 complete in 92.9 sec
[------           16%                  ] 1280 of 8000 complete in 93.4 sec
[------           16%                  ] 1287 of 8000 complete in 93.9 sec
[------           16%                  ] 1294 of 8000 complete in 94.5 sec
[------           16%                  ] 1302 of 8000 complete in 95.1 sec
[------           16%                  ] 1310 of 8000 complete in 95.6 sec
[------           16%                  ] 1317 of 8000 complete in 96.2 sec
[------           16%                  ] 1324 of 8000 complete in 96.7 sec
[------           16%                  ] 1331 of 8000 complete in 97.2 sec
[------           16%                  ] 1338 of 8000 complete in 97.7 sec
[------           16%                  ] 1345 of 8000 complete in 98.3 sec
[------           16%                  ] 1352 of 8000 complete in 98.8 sec
[------           16%                  ] 1359 of 8000 complete in 99.4 sec
[------           17%                  ] 1367 of 8000 complete in 99.9 sec
[------           17%                  ] 1374 of 8000 complete in 100.4 sec
[------           17%                  ] 1381 of 8000 complete in 101.0 sec
[------           17%                  ] 1388 of 8000 complete in 101.5 sec
[------           17%                  ] 1395 of 8000 complete in 102.0 sec
[------           17%                  ] 1402 of 8000 complete in 102.6 sec
[------           17%                  ] 1409 of 8000 complete in 103.1 sec
[------           17%                  ] 1417 of 8000 complete in 103.6 sec
[------           17%                  ] 1425 of 8000 complete in 104.2 sec
[------           17%                  ] 1432 of 8000 complete in 104.7 sec
[------           17%                  ] 1439 of 8000 complete in 105.2 sec
[------           18%                  ] 1447 of 8000 complete in 105.7 sec
[------           18%                  ] 1455 of 8000 complete in 106.3 sec
[------           18%                  ] 1463 of 8000 complete in 106.8 sec
[------           18%                  ] 1470 of 8000 complete in 107.3 sec
[-------          18%                  ] 1478 of 8000 complete in 107.9 sec
[-------          18%                  ] 1485 of 8000 complete in 108.4 sec
[-------          18%                  ] 1492 of 8000 complete in 109.0 sec
[-------          18%                  ] 1500 of 8000 complete in 109.5 sec
[-------          18%                  ] 1507 of 8000 complete in 110.0 sec
[-------          18%                  ] 1514 of 8000 complete in 110.5 sec
[-------          19%                  ] 1520 of 8000 complete in 111.1 sec
[-------          19%                  ] 1527 of 8000 complete in 111.7 sec
[-------          19%                  ] 1533 of 8000 complete in 112.2 sec
[-------          19%                  ] 1540 of 8000 complete in 112.7 sec
[-------          19%                  ] 1547 of 8000 complete in 113.3 sec
[-------          19%                  ] 1554 of 8000 complete in 113.8 sec
[-------          19%                  ] 1561 of 8000 complete in 114.4 sec
[-------          19%                  ] 1568 of 8000 complete in 114.9 sec
[-------          19%                  ] 1575 of 8000 complete in 115.5 sec
[-------          19%                  ] 1582 of 8000 complete in 116.0 sec
[-------          19%                  ] 1589 of 8000 complete in 116.5 sec
[-------          19%                  ] 1596 of 8000 complete in 117.1 sec
[-------          20%                  ] 1603 of 8000 complete in 117.6 sec
[-------          20%                  ] 1610 of 8000 complete in 118.1 sec
[-------          20%                  ] 1604 of 8000 complete in 118.1 sec
[-------          20%                  ] 1611 of 8000 complete in 118.6 sec
[-------          20%                  ] 1619 of 8000 complete in 119.2 sec
[-------          20%                  ] 1627 of 8000 complete in 119.7 sec
[-------          20%                  ] 1634 of 8000 complete in 120.3 sec
[-------          20%                  ] 1641 of 8000 complete in 120.8 sec
[-------          20%                  ] 1648 of 8000 complete in 121.3 sec
[-------          20%                  ] 1655 of 8000 complete in 121.8 sec
[-------          20%                  ] 1662 of 8000 complete in 122.4 sec
[-------          20%                  ] 1668 of 8000 complete in 122.9 sec
[-------          20%                  ] 1674 of 8000 complete in 123.4 sec
[-------          21%                  ] 1681 of 8000 complete in 124.0 sec
[--------         21%                  ] 1688 of 8000 complete in 124.5 sec
[--------         21%                  ] 1696 of 8000 complete in 125.0 sec
[--------         21%                  ] 1703 of 8000 complete in 125.6 sec
[--------         21%                  ] 1710 of 8000 complete in 126.2 sec
[--------         21%                  ] 1717 of 8000 complete in 126.7 sec
[--------         21%                  ] 1724 of 8000 complete in 127.2 sec
[--------         21%                  ] 1732 of 8000 complete in 127.7 sec
[--------         21%                  ] 1740 of 8000 complete in 128.3 sec
[--------         21%                  ] 1748 of 8000 complete in 128.8 sec
[--------         21%                  ] 1757 of 8000 complete in 129.3 sec
[--------         22%                  ] 1765 of 8000 complete in 129.9 sec
[--------         22%                  ] 1773 of 8000 complete in 130.4 sec
[--------         22%                  ] 1780 of 8000 complete in 130.9 sec
[--------         22%                  ] 1788 of 8000 complete in 131.5 sec
[--------         22%                  ] 1796 of 8000 complete in 132.0 sec
[--------         22%                  ] 1803 of 8000 complete in 132.5 sec
[--------         22%                  ] 1811 of 8000 complete in 133.1 sec
[--------         22%                  ] 1819 of 8000 complete in 133.7 sec
[--------         22%                  ] 1826 of 8000 complete in 134.2 sec
[--------         22%                  ] 1833 of 8000 complete in 134.7 sec
[--------         23%                  ] 1841 of 8000 complete in 135.3 sec
[--------         23%                  ] 1848 of 8000 complete in 135.8 sec
[--------         23%                  ] 1854 of 8000 complete in 136.4 sec
[--------         23%                  ] 1861 of 8000 complete in 137.0 sec
[--------         23%                  ] 1868 of 8000 complete in 137.5 sec
[--------         23%                  ] 1876 of 8000 complete in 138.0 sec
[--------         23%                  ] 1885 of 8000 complete in 138.6 sec
[--------         23%                  ] 1893 of 8000 complete in 139.1 sec
[---------        23%                  ] 1901 of 8000 complete in 139.6 sec
[---------        23%                  ] 1909 of 8000 complete in 140.1 sec
[---------        23%                  ] 1917 of 8000 complete in 140.7 sec
[---------        24%                  ] 1924 of 8000 complete in 141.2 sec
[---------        24%                  ] 1931 of 8000 complete in 141.7 sec
[---------        24%                  ] 1938 of 8000 complete in 142.2 sec
[---------        24%                  ] 1945 of 8000 complete in 142.7 sec
[---------        24%                  ] 1953 of 8000 complete in 143.3 sec
[---------        24%                  ] 1960 of 8000 complete in 143.8 sec
[---------        24%                  ] 1967 of 8000 complete in 144.3 sec
[---------        24%                  ] 1974 of 8000 complete in 144.9 sec
[---------        24%                  ] 1982 of 8000 complete in 145.4 sec
[---------        24%                  ] 1989 of 8000 complete in 145.9 sec
[---------        24%                  ] 1996 of 8000 complete in 146.5 sec
[---------        25%                  ] 2004 of 8000 complete in 147.0 sec
[---------        25%                  ] 2011 of 8000 complete in 147.5 sec
[---------        25%                  ] 2017 of 8000 complete in 148.0 sec
[---------        25%                  ] 2025 of 8000 complete in 148.5 sec
[---------        25%                  ] 2032 of 8000 complete in 149.1 sec
[---------        25%                  ] 2039 of 8000 complete in 149.6 sec
[---------        25%                  ] 2047 of 8000 complete in 150.1 sec
[---------        25%                  ] 2055 of 8000 complete in 150.7 sec
[---------        25%                  ] 2063 of 8000 complete in 151.2 sec
[---------        25%                  ] 2071 of 8000 complete in 151.8 sec
[---------        25%                  ] 2078 of 8000 complete in 152.3 sec
[---------        26%                  ] 2085 of 8000 complete in 152.8 sec
[---------        26%                  ] 2093 of 8000 complete in 153.4 sec
[---------        26%                  ] 2101 of 8000 complete in 154.0 sec
[----------       26%                  ] 2108 of 8000 complete in 154.5 sec
[----------       26%                  ] 2115 of 8000 complete in 155.0 sec
[----------       26%                  ] 2122 of 8000 complete in 155.5 sec
[----------       26%                  ] 2129 of 8000 complete in 156.0 sec
[----------       26%                  ] 2137 of 8000 complete in 156.6 sec
[----------       26%                  ] 2145 of 8000 complete in 157.1 sec
[----------       26%                  ] 2153 of 8000 complete in 157.6 sec
[----------       27%                  ] 2160 of 8000 complete in 158.2 sec
[----------       27%                  ] 2168 of 8000 complete in 158.7 sec
[----------       27%                  ] 2176 of 8000 complete in 159.2 sec
[----------       27%                  ] 2184 of 8000 complete in 159.7 sec
[----------       27%                  ] 2192 of 8000 complete in 160.2 sec
[----------       27%                  ] 2199 of 8000 complete in 160.7 sec
[----------       27%                  ] 2207 of 8000 complete in 161.3 sec
[----------       27%                  ] 2214 of 8000 complete in 161.8 sec
[----------       27%                  ] 2222 of 8000 complete in 162.3 sec
[----------       27%                  ] 2229 of 8000 complete in 162.8 sec
[----------       27%                  ] 2237 of 8000 complete in 163.4 sec
[----------       28%                  ] 2245 of 8000 complete in 163.9 sec
[----------       28%                  ] 2252 of 8000 complete in 164.4 sec
[----------       28%                  ] 2260 of 8000 complete in 165.0 sec
[----------       28%                  ] 2268 of 8000 complete in 165.5 sec
[----------       28%                  ] 2276 of 8000 complete in 166.0 sec
[----------       28%                  ] 2283 of 8000 complete in 166.5 sec
[----------       28%                  ] 2290 of 8000 complete in 167.0 sec
[----------       28%                  ] 2298 of 8000 complete in 167.5 sec
[----------       28%                  ] 2306 of 8000 complete in 168.1 sec
[----------       28%                  ] 2314 of 8000 complete in 168.6 sec
[-----------      29%                  ] 2322 of 8000 complete in 169.1 sec
[-----------      29%                  ] 2330 of 8000 complete in 169.6 sec
[-----------      29%                  ] 2338 of 8000 complete in 170.1 sec
[-----------      29%                  ] 2346 of 8000 complete in 170.7 sec
[-----------      29%                  ] 2353 of 8000 complete in 171.2 sec
[-----------      29%                  ] 2361 of 8000 complete in 171.7 sec
[-----------      29%                  ] 2369 of 8000 complete in 172.3 sec
[-----------      29%                  ] 2376 of 8000 complete in 172.8 sec
[-----------      29%                  ] 2383 of 8000 complete in 173.3 sec
[-----------      29%                  ] 2390 of 8000 complete in 173.8 sec
[-----------      29%                  ] 2397 of 8000 complete in 174.4 sec
[-------          20%                  ] 1662 of 8000 complete in 118.5 sec
[-------          20%                  ] 1669 of 8000 complete in 119.1 sec
[-------          20%                  ] 1676 of 8000 complete in 119.6 sec
[-------          21%                  ] 1683 of 8000 complete in 120.1 sec
[--------         21%                  ] 1691 of 8000 complete in 120.7 sec
[--------         21%                  ] 1699 of 8000 complete in 121.2 sec
[--------         21%                  ] 1706 of 8000 complete in 121.7 sec
[--------         21%                  ] 1713 of 8000 complete in 122.2 sec
[--------         21%                  ] 1720 of 8000 complete in 122.8 sec
[--------         21%                  ] 1726 of 8000 complete in 123.3 sec
[--------         21%                  ] 1733 of 8000 complete in 123.8 sec
[--------         21%                  ] 1741 of 8000 complete in 124.4 sec
[--------         21%                  ] 1749 of 8000 complete in 124.9 sec
[--------         21%                  ] 1756 of 8000 complete in 125.5 sec
[--------         22%                  ] 1763 of 8000 complete in 126.0 sec
[--------         22%                  ] 1770 of 8000 complete in 126.5 sec
[--------         22%                  ] 1777 of 8000 complete in 127.1 sec
[--------         22%                  ] 1785 of 8000 complete in 127.6 sec
[--------         22%                  ] 1793 of 8000 complete in 128.1 sec
[--------         22%                  ] 1801 of 8000 complete in 128.7 sec
[--------         22%                  ] 1809 of 8000 complete in 129.2 sec
[--------         22%                  ] 1817 of 8000 complete in 129.7 sec
[--------         22%                  ] 1825 of 8000 complete in 130.3 sec
[--------         22%                  ] 1833 of 8000 complete in 130.8 sec
[--------         23%                  ] 1841 of 8000 complete in 131.3 sec
[--------         23%                  ] 1850 of 8000 complete in 131.9 sec
[--------         23%                  ] 1858 of 8000 complete in 132.4 sec
[--------         23%                  ] 1865 of 8000 complete in 132.9 sec
[--------         23%                  ] 1872 of 8000 complete in 133.4 sec
[--------         23%                  ] 1879 of 8000 complete in 134.0 sec
[--------         23%                  ] 1887 of 8000 complete in 134.5 sec
[---------        23%                  ] 1895 of 8000 complete in 135.1 sec
[---------        23%                  ] 1902 of 8000 complete in 135.6 sec
[---------        23%                  ] 1908 of 8000 complete in 136.2 sec
[---------        23%                  ] 1914 of 8000 complete in 136.7 sec
[---------        24%                  ] 1921 of 8000 complete in 137.2 sec
[---------        24%                  ] 1929 of 8000 complete in 137.7 sec
[---------        24%                  ] 1938 of 8000 complete in 138.3 sec
[---------        24%                  ] 1946 of 8000 complete in 138.8 sec
[---------        24%                  ] 1955 of 8000 complete in 139.4 sec
[---------        24%                  ] 1963 of 8000 complete in 139.9 sec
[---------        24%                  ] 1971 of 8000 complete in 140.4 sec
[---------        24%                  ] 1978 of 8000 complete in 140.9 sec
[---------        24%                  ] 1986 of 8000 complete in 141.5 sec
[---------        24%                  ] 1993 of 8000 complete in 142.0 sec
[---------        25%                  ] 2000 of 8000 complete in 142.5 sec
[---------        25%                  ] 2007 of 8000 complete in 143.0 sec
[---------        25%                  ] 2014 of 8000 complete in 143.5 sec
[---------        25%                  ] 2022 of 8000 complete in 144.1 sec
[---------        25%                  ] 2029 of 8000 complete in 144.6 sec
[---------        25%                  ] 2036 of 8000 complete in 145.1 sec
[---------        25%                  ] 2044 of 8000 complete in 145.7 sec
[---------        25%                  ] 2052 of 8000 complete in 146.2 sec
[---------        25%                  ] 2060 of 8000 complete in 146.7 sec
[---------        25%                  ] 2068 of 8000 complete in 147.3 sec
[---------        25%                  ] 2075 of 8000 complete in 147.9 sec
[---------        26%                  ] 2083 of 8000 complete in 148.4 sec
[---------        26%                  ] 2091 of 8000 complete in 149.0 sec
[---------        26%                  ] 2099 of 8000 complete in 149.5 sec
[----------       26%                  ] 2106 of 8000 complete in 150.0 sec
[----------       26%                  ] 2114 of 8000 complete in 150.5 sec
[----------       26%                  ] 2121 of 8000 complete in 151.0 sec
[----------       26%                  ] 2129 of 8000 complete in 151.6 sec
[----------       26%                  ] 2137 of 8000 complete in 152.2 sec
[----------       26%                  ] 2144 of 8000 complete in 152.7 sec
[----------       26%                  ] 2151 of 8000 complete in 153.2 sec
[----------       26%                  ] 2158 of 8000 complete in 153.7 sec
[----------       27%                  ] 2166 of 8000 complete in 154.3 sec
[----------       27%                  ] 2173 of 8000 complete in 154.8 sec
[----------       27%                  ] 2180 of 8000 complete in 155.3 sec
[----------       27%                  ] 2187 of 8000 complete in 155.8 sec
[----------       27%                  ] 2195 of 8000 complete in 156.3 sec
[----------       27%                  ] 2203 of 8000 complete in 156.8 sec
[----------       27%                  ] 2211 of 8000 complete in 157.3 sec
[----------       27%                  ] 2219 of 8000 complete in 157.9 sec
[----------       27%                  ] 2227 of 8000 complete in 158.4 sec
[----------       27%                  ] 2235 of 8000 complete in 158.9 sec
[----------       28%                  ] 2243 of 8000 complete in 159.4 sec
[----------       28%                  ] 2251 of 8000 complete in 159.9 sec
[----------       28%                  ] 2259 of 8000 complete in 160.5 sec
[----------       28%                  ] 2266 of 8000 complete in 161.0 sec
[----------       28%                  ] 2273 of 8000 complete in 161.5 sec
[----------       28%                  ] 2281 of 8000 complete in 162.0 sec
[----------       28%                  ] 2289 of 8000 complete in 162.6 sec
[----------       28%                  ] 2297 of 8000 complete in 163.1 sec
[----------       28%                  ] 2305 of 8000 complete in 163.7 sec
[----------       28%                  ] 2313 of 8000 complete in 164.2 sec
[-----------      29%                  ] 2321 of 8000 complete in 164.7 sec
[-----------      29%                  ] 2328 of 8000 complete in 165.3 sec
[-----------      29%                  ] 2337 of 8000 complete in 165.8 sec
[-----------      29%                  ] 2345 of 8000 complete in 166.4 sec
[-----------      29%                  ] 2353 of 8000 complete in 166.9 sec
[-----------      29%                  ] 2361 of 8000 complete in 167.4 sec
[-----------      29%                  ] 2370 of 8000 complete in 168.0 sec
[-----------      29%                  ] 2378 of 8000 complete in 168.5 sec
[-----------      29%                  ] 2386 of 8000 complete in 169.0 sec
[-----------      29%                  ] 2394 of 8000 complete in 169.6 sec
[-----------      30%                  ] 2402 of 8000 complete in 170.1 sec
[-----------      30%                  ] 2410 of 8000 complete in 170.6 sec
[-----------      30%                  ] 2417 of 8000 complete in 171.1 sec
[-----------      30%                  ] 2425 of 8000 complete in 171.7 sec
[-----------      30%                  ] 2432 of 8000 complete in 172.2 sec
[-----------      30%                  ] 2439 of 8000 complete in 172.7 sec
[-----------      30%                  ] 2447 of 8000 complete in 173.3 sec
[-----------      30%                  ] 2454 of 8000 complete in 173.8 sec
[-----------      30%                  ] 2461 of 8000 complete in 174.3 sec
[-----------      30%                  ] 2469 of 8000 complete in 174.9 sec
[-------          20%                  ] 1633 of 8000 complete in 118.4 sec
[-------          20%                  ] 1640 of 8000 complete in 118.9 sec
[-------          20%                  ] 1648 of 8000 complete in 119.4 sec
[-------          20%                  ] 1655 of 8000 complete in 120.0 sec
[-------          20%                  ] 1663 of 8000 complete in 120.5 sec
[-------          20%                  ] 1671 of 8000 complete in 121.1 sec
[-------          20%                  ] 1678 of 8000 complete in 121.6 sec
[--------         21%                  ] 1685 of 8000 complete in 122.1 sec
[--------         21%                  ] 1692 of 8000 complete in 122.7 sec
[--------         21%                  ] 1698 of 8000 complete in 123.2 sec
[--------         21%                  ] 1705 of 8000 complete in 123.7 sec
[--------         21%                  ] 1713 of 8000 complete in 124.3 sec
[--------         21%                  ] 1721 of 8000 complete in 124.9 sec
[--------         21%                  ] 1728 of 8000 complete in 125.4 sec
[--------         21%                  ] 1735 of 8000 complete in 125.9 sec
[--------         21%                  ] 1742 of 8000 complete in 126.5 sec
[--------         21%                  ] 1748 of 8000 complete in 127.0 sec
[--------         21%                  ] 1756 of 8000 complete in 127.5 sec
[--------         22%                  ] 1764 of 8000 complete in 128.1 sec
[--------         22%                  ] 1772 of 8000 complete in 128.6 sec
[--------         22%                  ] 1780 of 8000 complete in 129.1 sec
[--------         22%                  ] 1788 of 8000 complete in 129.6 sec
[--------         22%                  ] 1796 of 8000 complete in 130.2 sec
[--------         22%                  ] 1804 of 8000 complete in 130.7 sec
[--------         22%                  ] 1811 of 8000 complete in 131.2 sec
[--------         22%                  ] 1820 of 8000 complete in 131.7 sec
[--------         22%                  ] 1828 of 8000 complete in 132.3 sec
[--------         22%                  ] 1835 of 8000 complete in 132.8 sec
[--------         23%                  ] 1842 of 8000 complete in 133.3 sec
[--------         23%                  ] 1849 of 8000 complete in 133.8 sec
[--------         23%                  ] 1857 of 8000 complete in 134.4 sec
[--------         23%                  ] 1865 of 8000 complete in 135.0 sec
[--------         23%                  ] 1872 of 8000 complete in 135.5 sec
[--------         23%                  ] 1878 of 8000 complete in 136.1 sec
[--------         23%                  ] 1884 of 8000 complete in 136.6 sec
[--------         23%                  ] 1892 of 8000 complete in 137.2 sec
[---------        23%                  ] 1900 of 8000 complete in 137.7 sec
[---------        23%                  ] 1908 of 8000 complete in 138.3 sec
[---------        23%                  ] 1916 of 8000 complete in 138.8 sec
[---------        24%                  ] 1924 of 8000 complete in 139.3 sec
[---------        24%                  ] 1932 of 8000 complete in 139.8 sec
[---------        24%                  ] 1940 of 8000 complete in 140.4 sec
[---------        24%                  ] 1948 of 8000 complete in 140.9 sec
[---------        24%                  ] 1956 of 8000 complete in 141.5 sec
[---------        24%                  ] 1964 of 8000 complete in 142.0 sec
[---------        24%                  ] 1971 of 8000 complete in 142.6 sec
[---------        24%                  ] 1979 of 8000 complete in 143.1 sec
[---------        24%                  ] 1987 of 8000 complete in 143.7 sec
[---------        24%                  ] 1994 of 8000 complete in 144.2 sec
[---------        25%                  ] 2001 of 8000 complete in 144.7 sec
[---------        25%                  ] 2008 of 8000 complete in 145.2 sec
[---------        25%                  ] 2015 of 8000 complete in 145.8 sec
[---------        25%                  ] 2022 of 8000 complete in 146.3 sec
[---------        25%                  ] 2029 of 8000 complete in 146.8 sec
[---------        25%                  ] 2036 of 8000 complete in 147.3 sec
[---------        25%                  ] 2043 of 8000 complete in 147.8 sec
[---------        25%                  ] 2051 of 8000 complete in 148.4 sec
[---------        25%                  ] 2059 of 8000 complete in 148.9 sec
[---------        25%                  ] 2067 of 8000 complete in 149.5 sec
[---------        25%                  ] 2075 of 8000 complete in 150.0 sec
[---------        26%                  ] 2083 of 8000 complete in 150.5 sec
[---------        26%                  ] 2091 of 8000 complete in 151.1 sec
[---------        26%                  ] 2099 of 8000 complete in 151.6 sec
[----------       26%                  ] 2106 of 8000 complete in 152.2 sec
[----------       26%                  ] 2113 of 8000 complete in 152.8 sec
[----------       26%                  ] 2121 of 8000 complete in 153.3 sec
[----------       26%                  ] 2128 of 8000 complete in 153.8 sec
[----------       26%                  ] 2136 of 8000 complete in 154.4 sec
[----------       26%                  ] 2144 of 8000 complete in 155.0 sec
[----------       26%                  ] 2151 of 8000 complete in 155.5 sec
[----------       26%                  ] 2158 of 8000 complete in 156.0 sec
[----------       27%                  ] 2167 of 8000 complete in 156.5 sec
[----------       27%                  ] 2176 of 8000 complete in 157.1 sec
[----------       27%                  ] 2184 of 8000 complete in 157.6 sec
[----------       27%                  ] 2192 of 8000 complete in 158.2 sec
[----------       27%                  ] 2200 of 8000 complete in 158.7 sec
[----------       27%                  ] 2208 of 8000 complete in 159.3 sec
[----------       27%                  ] 2216 of 8000 complete in 159.8 sec
[----------       27%                  ] 2224 of 8000 complete in 160.3 sec
[----------       27%                  ] 2231 of 8000 complete in 160.9 sec
[----------       27%                  ] 2239 of 8000 complete in 161.4 sec
[----------       28%                  ] 2247 of 8000 complete in 162.0 sec
[----------       28%                  ] 2255 of 8000 complete in 162.5 sec
[----------       28%                  ] 2263 of 8000 complete in 163.1 sec
[----------       28%                  ] 2271 of 8000 complete in 163.6 sec
[----------       28%                  ] 2278 of 8000 complete in 164.1 sec
[----------       28%                  ] 2285 of 8000 complete in 164.6 sec
[----------       28%                  ] 2293 of 8000 complete in 165.2 sec
[----------       28%                  ] 2301 of 8000 complete in 165.7 sec
[----------       28%                  ] 2309 of 8000 complete in 166.2 sec
[-----------      28%                  ] 2317 of 8000 complete in 166.8 sec
[-----------      29%                  ] 2325 of 8000 complete in 167.3 sec
[-----------      29%                  ] 2333 of 8000 complete in 167.9 sec
[-----------      29%                  ] 2341 of 8000 complete in 168.4 sec
[-----------      29%                  ] 2349 of 8000 complete in 168.9 sec
[-----------      29%                  ] 2357 of 8000 complete in 169.4 sec
[-----------      29%                  ] 2365 of 8000 complete in 169.9 sec
[-----------      29%                  ] 2374 of 8000 complete in 170.5 sec
[-----------      29%                  ] 2381 of 8000 complete in 171.0 sec
[-----------      29%                  ] 2389 of 8000 complete in 171.5 sec
[-----------      29%                  ] 2396 of 8000 complete in 172.1 sec
[-----------      30%                  ] 2403 of 8000 complete in 172.6 sec
[-----------      30%                  ] 2411 of 8000 complete in 173.2 sec
[-----------      30%                  ] 2418 of 8000 complete in 173.7 sec
[-----------      30%                  ] 2425 of 8000 complete in 174.2 sec
[-----------      30%                  ] 2433 of 8000 complete in 174.8 sec
[-----------      30%                  ] 2441 of 8000 complete in 175.3 sec
[-------          20%                  ] 1618 of 8000 complete in 118.7 sec
[-------          20%                  ] 1626 of 8000 complete in 119.2 sec
[-------          20%                  ] 1633 of 8000 complete in 119.8 sec
[-------          20%                  ] 1640 of 8000 complete in 120.3 sec
[-------          20%                  ] 1647 of 8000 complete in 120.8 sec
[-------          20%                  ] 1654 of 8000 complete in 121.4 sec
[-------          20%                  ] 1662 of 8000 complete in 121.9 sec
[-------          20%                  ] 1668 of 8000 complete in 122.5 sec
[-------          20%                  ] 1674 of 8000 complete in 123.0 sec
[-------          21%                  ] 1681 of 8000 complete in 123.6 sec
[--------         21%                  ] 1689 of 8000 complete in 124.1 sec
[--------         21%                  ] 1696 of 8000 complete in 124.7 sec
[--------         21%                  ] 1704 of 8000 complete in 125.2 sec
[--------         21%                  ] 1711 of 8000 complete in 125.8 sec
[--------         21%                  ] 1717 of 8000 complete in 126.3 sec
[--------         21%                  ] 1724 of 8000 complete in 126.8 sec
[--------         21%                  ] 1732 of 8000 complete in 127.4 sec
[--------         21%                  ] 1740 of 8000 complete in 127.9 sec
[--------         21%                  ] 1749 of 8000 complete in 128.5 sec
[--------         21%                  ] 1757 of 8000 complete in 129.0 sec
[--------         22%                  ] 1765 of 8000 complete in 129.5 sec
[--------         22%                  ] 1773 of 8000 complete in 130.1 sec
[--------         22%                  ] 1781 of 8000 complete in 130.6 sec
[--------         22%                  ] 1789 of 8000 complete in 131.2 sec
[--------         22%                  ] 1797 of 8000 complete in 131.7 sec
[--------         22%                  ] 1805 of 8000 complete in 132.2 sec
[--------         22%                  ] 1812 of 8000 complete in 132.8 sec
[--------         22%                  ] 1819 of 8000 complete in 133.3 sec
[--------         22%                  ] 1827 of 8000 complete in 133.8 sec
[--------         22%                  ] 1834 of 8000 complete in 134.4 sec
[--------         23%                  ] 1841 of 8000 complete in 134.9 sec
[--------         23%                  ] 1848 of 8000 complete in 135.5 sec
[--------         23%                  ] 1854 of 8000 complete in 136.0 sec
[--------         23%                  ] 1860 of 8000 complete in 136.6 sec
[--------         23%                  ] 1867 of 8000 complete in 137.1 sec
[--------         23%                  ] 1875 of 8000 complete in 137.6 sec
[--------         23%                  ] 1883 of 8000 complete in 138.2 sec
[--------         23%                  ] 1891 of 8000 complete in 138.7 sec
[---------        23%                  ] 1899 of 8000 complete in 139.3 sec
[---------        23%                  ] 1908 of 8000 complete in 139.8 sec
[---------        23%                  ] 1916 of 8000 complete in 140.4 sec
[---------        24%                  ] 1923 of 8000 complete in 140.9 sec
[---------        24%                  ] 1931 of 8000 complete in 141.4 sec
[---------        24%                  ] 1938 of 8000 complete in 142.0 sec
[---------        24%                  ] 1945 of 8000 complete in 142.5 sec
[---------        24%                  ] 1952 of 8000 complete in 143.0 sec
[---------        24%                  ] 1959 of 8000 complete in 143.5 sec
[---------        24%                  ] 1967 of 8000 complete in 144.1 sec
[---------        24%                  ] 1974 of 8000 complete in 144.6 sec
[---------        24%                  ] 1981 of 8000 complete in 145.1 sec
[---------        24%                  ] 1988 of 8000 complete in 145.6 sec
[---------        24%                  ] 1995 of 8000 complete in 146.2 sec
[---------        25%                  ] 2003 of 8000 complete in 146.7 sec
[---------        25%                  ] 2011 of 8000 complete in 147.3 sec
[---------        25%                  ] 2018 of 8000 complete in 147.9 sec
[---------        25%                  ] 2026 of 8000 complete in 148.4 sec
[---------        25%                  ] 2033 of 8000 complete in 148.9 sec
[---------        25%                  ] 2041 of 8000 complete in 149.5 sec
[---------        25%                  ] 2049 of 8000 complete in 150.1 sec
[---------        25%                  ] 2057 of 8000 complete in 150.6 sec
[---------        25%                  ] 2065 of 8000 complete in 151.1 sec
[---------        25%                  ] 2073 of 8000 complete in 151.7 sec
[---------        26%                  ] 2080 of 8000 complete in 152.3 sec
[---------        26%                  ] 2087 of 8000 complete in 152.8 sec
[---------        26%                  ] 2094 of 8000 complete in 153.3 sec
[---------        26%                  ] 2101 of 8000 complete in 153.8 sec
[----------       26%                  ] 2108 of 8000 complete in 154.4 sec
[----------       26%                  ] 2115 of 8000 complete in 154.9 sec
[----------       26%                  ] 2122 of 8000 complete in 155.4 sec
[----------       26%                  ] 2130 of 8000 complete in 156.0 sec
[----------       26%                  ] 2138 of 8000 complete in 156.5 sec
[----------       26%                  ] 2146 of 8000 complete in 157.0 sec
[----------       26%                  ] 2154 of 8000 complete in 157.6 sec
[----------       27%                  ] 2161 of 8000 complete in 158.1 sec
[----------       27%                  ] 2169 of 8000 complete in 158.6 sec
[----------       27%                  ] 2177 of 8000 complete in 159.1 sec
[----------       27%                  ] 2185 of 8000 complete in 159.7 sec
[----------       27%                  ] 2193 of 8000 complete in 160.2 sec
[----------       27%                  ] 2201 of 8000 complete in 160.8 sec
[----------       27%                  ] 2208 of 8000 complete in 161.3 sec
[----------       27%                  ] 2216 of 8000 complete in 161.8 sec
[----------       27%                  ] 2224 of 8000 complete in 162.4 sec
[----------       27%                  ] 2232 of 8000 complete in 162.9 sec
[----------       28%                  ] 2240 of 8000 complete in 163.5 sec
[----------       28%                  ] 2247 of 8000 complete in 164.0 sec
[----------       28%                  ] 2254 of 8000 complete in 164.5 sec
[----------       28%                  ] 2262 of 8000 complete in 165.0 sec
[----------       28%                  ] 2270 of 8000 complete in 165.6 sec
[----------       28%                  ] 2278 of 8000 complete in 166.1 sec
[----------       28%                  ] 2285 of 8000 complete in 166.7 sec
[----------       28%                  ] 2293 of 8000 complete in 167.2 sec
[----------       28%                  ] 2301 of 8000 complete in 167.7 sec
[----------       28%                  ] 2309 of 8000 complete in 168.2 sec
[-----------      28%                  ] 2317 of 8000 complete in 168.7 sec
[-----------      29%                  ] 2326 of 8000 complete in 169.3 sec
[-----------      29%                  ] 2334 of 8000 complete in 169.8 sec
[-----------      29%                  ] 2342 of 8000 complete in 170.4 sec
[-----------      29%                  ] 2349 of 8000 complete in 170.9 sec
[-----------      29%                  ] 2356 of 8000 complete in 171.4 sec
[-----------      29%                  ] 2363 of 8000 complete in 171.9 sec
[-----------      29%                  ] 2370 of 8000 complete in 172.4 sec
[-----------      29%                  ] 2377 of 8000 complete in 173.0 sec
[-----------      29%                  ] 2385 of 8000 complete in 173.5 sec
[-----------      29%                  ] 2392 of 8000 complete in 174.1 sec
[-----------      30%                  ] 2400 of 8000 complete in 174.6 sec
[-----------      30%                  ] 2407 of 8000 complete in 175.1 sec
[-----------      30%                  ] 2413 of 8000 complete in 175.7 sec
[-----------      30%                  ] 2405 of 8000 complete in 174.9 sec
[-----------      30%                  ] 2412 of 8000 complete in 175.5 sec
[-----------      30%                  ] 2418 of 8000 complete in 176.0 sec
[-----------      30%                  ] 2425 of 8000 complete in 176.6 sec
[-----------      30%                  ] 2431 of 8000 complete in 177.1 sec
[-----------      30%                  ] 2437 of 8000 complete in 177.6 sec
[-----------      30%                  ] 2443 of 8000 complete in 178.2 sec
[-----------      30%                  ] 2450 of 8000 complete in 178.7 sec
[-----------      30%                  ] 2457 of 8000 complete in 179.2 sec
[-----------      30%                  ] 2465 of 8000 complete in 179.8 sec
[-----------      30%                  ] 2472 of 8000 complete in 180.3 sec
[-----------      31%                  ] 2480 of 8000 complete in 180.8 sec
[-----------      31%                  ] 2487 of 8000 complete in 181.3 sec
[-----------      31%                  ] 2495 of 8000 complete in 181.9 sec
[-----------      31%                  ] 2503 of 8000 complete in 182.4 sec
[-----------      31%                  ] 2510 of 8000 complete in 182.9 sec
[-----------      31%                  ] 2518 of 8000 complete in 183.5 sec
[-----------      31%                  ] 2526 of 8000 complete in 184.0 sec
[------------     31%                  ] 2534 of 8000 complete in 184.6 sec
[------------     31%                  ] 2542 of 8000 complete in 185.1 sec
[------------     31%                  ] 2551 of 8000 complete in 185.7 sec
[------------     31%                  ] 2558 of 8000 complete in 186.2 sec
[------------     32%                  ] 2566 of 8000 complete in 186.7 sec
[------------     32%                  ] 2573 of 8000 complete in 187.2 sec
[------------     32%                  ] 2581 of 8000 complete in 187.8 sec
[------------     32%                  ] 2589 of 8000 complete in 188.3 sec
[------------     32%                  ] 2596 of 8000 complete in 188.8 sec
[------------     32%                  ] 2605 of 8000 complete in 189.4 sec
[------------     32%                  ] 2613 of 8000 complete in 189.9 sec
[------------     32%                  ] 2621 of 8000 complete in 190.4 sec
[------------     32%                  ] 2629 of 8000 complete in 190.9 sec
[------------     32%                  ] 2636 of 8000 complete in 191.4 sec
[------------     33%                  ] 2643 of 8000 complete in 192.0 sec
[------------     33%                  ] 2650 of 8000 complete in 192.5 sec
[------------     33%                  ] 2657 of 8000 complete in 193.0 sec
[------------     33%                  ] 2665 of 8000 complete in 193.5 sec
[------------     33%                  ] 2673 of 8000 complete in 194.1 sec
[------------     33%                  ] 2680 of 8000 complete in 194.6 sec
[------------     33%                  ] 2687 of 8000 complete in 195.1 sec
[------------     33%                  ] 2695 of 8000 complete in 195.6 sec
[------------     33%                  ] 2703 of 8000 complete in 196.2 sec
[------------     33%                  ] 2711 of 8000 complete in 196.8 sec
[------------     33%                  ] 2718 of 8000 complete in 197.3 sec
[------------     34%                  ] 2726 of 8000 complete in 197.8 sec
[------------     34%                  ] 2734 of 8000 complete in 198.3 sec
[-------------    34%                  ] 2742 of 8000 complete in 198.9 sec
[-------------    34%                  ] 2750 of 8000 complete in 199.4 sec
[-------------    34%                  ] 2758 of 8000 complete in 199.9 sec
[-------------    34%                  ] 2766 of 8000 complete in 200.4 sec
[-------------    34%                  ] 2773 of 8000 complete in 201.0 sec
[-------------    34%                  ] 2781 of 8000 complete in 201.5 sec
[-------------    34%                  ] 2789 of 8000 complete in 202.1 sec
[-------------    34%                  ] 2796 of 8000 complete in 202.6 sec
[-------------    35%                  ] 2803 of 8000 complete in 203.1 sec
[-------------    35%                  ] 2810 of 8000 complete in 203.6 sec
[-------------    35%                  ] 2818 of 8000 complete in 204.2 sec
[-------------    35%                  ] 2825 of 8000 complete in 204.7 sec
[-------------    35%                  ] 2832 of 8000 complete in 205.2 sec
[-------------    35%                  ] 2840 of 8000 complete in 205.8 sec
[-------------    35%                  ] 2848 of 8000 complete in 206.4 sec
[-------------    35%                  ] 2855 of 8000 complete in 206.9 sec
[-------------    35%                  ] 2863 of 8000 complete in 207.4 sec
[-------------    35%                  ] 2870 of 8000 complete in 207.9 sec
[-------------    35%                  ] 2877 of 8000 complete in 208.4 sec
[-------------    36%                  ] 2884 of 8000 complete in 209.0 sec
[-------------    36%                  ] 2891 of 8000 complete in 209.5 sec
[-------------    36%                  ] 2898 of 8000 complete in 210.0 sec
[-------------    36%                  ] 2905 of 8000 complete in 210.6 sec
[-------------    36%                  ] 2913 of 8000 complete in 211.2 sec
[-------------    36%                  ] 2921 of 8000 complete in 211.7 sec
[-------------    36%                  ] 2929 of 8000 complete in 212.2 sec
[-------------    36%                  ] 2937 of 8000 complete in 212.8 sec
[-------------    36%                  ] 2945 of 8000 complete in 213.3 sec
[--------------   36%                  ] 2953 of 8000 complete in 213.8 sec
[--------------   37%                  ] 2961 of 8000 complete in 214.4 sec
[--------------   37%                  ] 2969 of 8000 complete in 214.9 sec
[--------------   37%                  ] 2977 of 8000 complete in 215.4 sec
[--------------   37%                  ] 2986 of 8000 complete in 216.0 sec
[--------------   37%                  ] 2994 of 8000 complete in 216.6 sec
[--------------   37%                  ] 3002 of 8000 complete in 217.1 sec
[--------------   37%                  ] 3009 of 8000 complete in 217.7 sec
[--------------   37%                  ] 3017 of 8000 complete in 218.2 sec
[--------------   37%                  ] 3025 of 8000 complete in 218.7 sec
[--------------   37%                  ] 3033 of 8000 complete in 219.2 sec
[--------------   38%                  ] 3041 of 8000 complete in 219.7 sec
[--------------   38%                  ] 3048 of 8000 complete in 220.2 sec
[--------------   38%                  ] 3055 of 8000 complete in 220.7 sec
[--------------   38%                  ] 3063 of 8000 complete in 221.3 sec
[--------------   38%                  ] 3070 of 8000 complete in 221.8 sec
[--------------   38%                  ] 3078 of 8000 complete in 222.3 sec
[--------------   38%                  ] 3085 of 8000 complete in 222.9 sec
[--------------   38%                  ] 3093 of 8000 complete in 223.4 sec
[--------------   38%                  ] 3101 of 8000 complete in 223.9 sec
[--------------   38%                  ] 3109 of 8000 complete in 224.5 sec
[--------------   38%                  ] 3117 of 8000 complete in 225.0 sec
[--------------   39%                  ] 3125 of 8000 complete in 225.5 sec
[--------------   39%                  ] 3133 of 8000 complete in 226.1 sec
[--------------   39%                  ] 3142 of 8000 complete in 226.6 sec
[--------------   39%                  ] 3150 of 8000 complete in 227.2 sec
[---------------  39%                  ] 3158 of 8000 complete in 227.7 sec
[---------------  39%                  ] 3166 of 8000 complete in 228.3 sec
[---------------  39%                  ] 3174 of 8000 complete in 228.8 sec
[---------------  39%                  ] 3182 of 8000 complete in 229.3 sec
[---------------  39%                  ] 3189 of 8000 complete in 229.8 sec
[---------------  39%                  ] 3197 of 8000 complete in 230.4 sec
[---------------  40%                  ] 3204 of 8000 complete in 230.9 sec
[---------------  40%                  ] 3211 of 8000 complete in 231.5 sec
[-----------      30%                  ] 2476 of 8000 complete in 175.4 sec
[-----------      31%                  ] 2482 of 8000 complete in 175.9 sec
[-----------      31%                  ] 2489 of 8000 complete in 176.5 sec
[-----------      31%                  ] 2495 of 8000 complete in 177.0 sec
[-----------      31%                  ] 2501 of 8000 complete in 177.5 sec
[-----------      31%                  ] 2507 of 8000 complete in 178.0 sec
[-----------      31%                  ] 2514 of 8000 complete in 178.5 sec
[-----------      31%                  ] 2521 of 8000 complete in 179.1 sec
[------------     31%                  ] 2530 of 8000 complete in 179.6 sec
[------------     31%                  ] 2538 of 8000 complete in 180.2 sec
[------------     31%                  ] 2546 of 8000 complete in 180.7 sec
[------------     31%                  ] 2554 of 8000 complete in 181.2 sec
[------------     32%                  ] 2562 of 8000 complete in 181.8 sec
[------------     32%                  ] 2570 of 8000 complete in 182.4 sec
[------------     32%                  ] 2577 of 8000 complete in 182.9 sec
[------------     32%                  ] 2584 of 8000 complete in 183.4 sec
[------------     32%                  ] 2592 of 8000 complete in 183.9 sec
[------------     32%                  ] 2600 of 8000 complete in 184.4 sec
[------------     32%                  ] 2608 of 8000 complete in 184.9 sec
[------------     32%                  ] 2616 of 8000 complete in 185.5 sec
[------------     32%                  ] 2624 of 8000 complete in 186.0 sec
[------------     32%                  ] 2632 of 8000 complete in 186.5 sec
[------------     33%                  ] 2640 of 8000 complete in 187.1 sec
[------------     33%                  ] 2648 of 8000 complete in 187.6 sec
[------------     33%                  ] 2656 of 8000 complete in 188.1 sec
[------------     33%                  ] 2664 of 8000 complete in 188.6 sec
[------------     33%                  ] 2672 of 8000 complete in 189.1 sec
[------------     33%                  ] 2680 of 8000 complete in 189.7 sec
[------------     33%                  ] 2688 of 8000 complete in 190.2 sec
[------------     33%                  ] 2696 of 8000 complete in 190.7 sec
[------------     33%                  ] 2704 of 8000 complete in 191.3 sec
[------------     33%                  ] 2712 of 8000 complete in 191.8 sec
[------------     33%                  ] 2719 of 8000 complete in 192.3 sec
[------------     34%                  ] 2726 of 8000 complete in 192.8 sec
[------------     34%                  ] 2734 of 8000 complete in 193.4 sec
[-------------    34%                  ] 2742 of 8000 complete in 193.9 sec
[-------------    34%                  ] 2750 of 8000 complete in 194.4 sec
[-------------    34%                  ] 2758 of 8000 complete in 195.0 sec
[-------------    34%                  ] 2766 of 8000 complete in 195.6 sec
[-------------    34%                  ] 2774 of 8000 complete in 196.1 sec
[-------------    34%                  ] 2782 of 8000 complete in 196.6 sec
[-------------    34%                  ] 2789 of 8000 complete in 197.1 sec
[-------------    34%                  ] 2797 of 8000 complete in 197.7 sec
[-------------    35%                  ] 2805 of 8000 complete in 198.2 sec
[-------------    35%                  ] 2813 of 8000 complete in 198.7 sec
[-------------    35%                  ] 2821 of 8000 complete in 199.2 sec
[-------------    35%                  ] 2829 of 8000 complete in 199.8 sec
[-------------    35%                  ] 2837 of 8000 complete in 200.3 sec
[-------------    35%                  ] 2844 of 8000 complete in 200.8 sec
[-------------    35%                  ] 2852 of 8000 complete in 201.3 sec
[-------------    35%                  ] 2860 of 8000 complete in 201.9 sec
[-------------    35%                  ] 2867 of 8000 complete in 202.4 sec
[-------------    35%                  ] 2874 of 8000 complete in 202.9 sec
[-------------    36%                  ] 2881 of 8000 complete in 203.5 sec
[-------------    36%                  ] 2889 of 8000 complete in 204.0 sec
[-------------    36%                  ] 2897 of 8000 complete in 204.6 sec
[-------------    36%                  ] 2905 of 8000 complete in 205.1 sec
[-------------    36%                  ] 2913 of 8000 complete in 205.7 sec
[-------------    36%                  ] 2921 of 8000 complete in 206.2 sec
[-------------    36%                  ] 2928 of 8000 complete in 206.7 sec
[-------------    36%                  ] 2936 of 8000 complete in 207.3 sec
[-------------    36%                  ] 2944 of 8000 complete in 207.9 sec
[--------------   36%                  ] 2952 of 8000 complete in 208.4 sec
[--------------   37%                  ] 2960 of 8000 complete in 209.0 sec
[--------------   37%                  ] 2967 of 8000 complete in 209.5 sec
[--------------   37%                  ] 2974 of 8000 complete in 210.1 sec
[--------------   37%                  ] 2981 of 8000 complete in 210.6 sec
[--------------   37%                  ] 2989 of 8000 complete in 211.1 sec
[--------------   37%                  ] 2997 of 8000 complete in 211.6 sec
[--------------   37%                  ] 3005 of 8000 complete in 212.2 sec
[--------------   37%                  ] 3013 of 8000 complete in 212.7 sec
[--------------   37%                  ] 3021 of 8000 complete in 213.2 sec
[--------------   37%                  ] 3029 of 8000 complete in 213.8 sec
[--------------   37%                  ] 3037 of 8000 complete in 214.3 sec
[--------------   38%                  ] 3045 of 8000 complete in 214.8 sec
[--------------   38%                  ] 3053 of 8000 complete in 215.4 sec
[--------------   38%                  ] 3061 of 8000 complete in 215.9 sec
[--------------   38%                  ] 3069 of 8000 complete in 216.4 sec
[--------------   38%                  ] 3077 of 8000 complete in 216.9 sec
[--------------   38%                  ] 3085 of 8000 complete in 217.4 sec
[--------------   38%                  ] 3093 of 8000 complete in 218.0 sec
[--------------   38%                  ] 3102 of 8000 complete in 218.5 sec
[--------------   38%                  ] 3110 of 8000 complete in 219.0 sec
[--------------   38%                  ] 3118 of 8000 complete in 219.6 sec
[--------------   39%                  ] 3126 of 8000 complete in 220.1 sec
[--------------   39%                  ] 3134 of 8000 complete in 220.7 sec
[--------------   39%                  ] 3141 of 8000 complete in 221.2 sec
[--------------   39%                  ] 3149 of 8000 complete in 221.8 sec
[--------------   39%                  ] 3157 of 8000 complete in 222.3 sec
[---------------  39%                  ] 3165 of 8000 complete in 222.9 sec
[---------------  39%                  ] 3173 of 8000 complete in 223.4 sec
[---------------  39%                  ] 3181 of 8000 complete in 223.9 sec
[---------------  39%                  ] 3189 of 8000 complete in 224.5 sec
[---------------  39%                  ] 3197 of 8000 complete in 225.0 sec
[---------------  40%                  ] 3205 of 8000 complete in 225.6 sec
[---------------  40%                  ] 3213 of 8000 complete in 226.1 sec
[---------------  40%                  ] 3221 of 8000 complete in 226.6 sec
[---------------  40%                  ] 3229 of 8000 complete in 227.1 sec
[---------------  40%                  ] 3237 of 8000 complete in 227.6 sec
[---------------  40%                  ] 3245 of 8000 complete in 228.2 sec
[---------------  40%                  ] 3253 of 8000 complete in 228.7 sec
[---------------  40%                  ] 3261 of 8000 complete in 229.2 sec
[---------------  40%                  ] 3269 of 8000 complete in 229.8 sec
[---------------  40%                  ] 3277 of 8000 complete in 230.3 sec
[---------------  41%                  ] 3284 of 8000 complete in 230.8 sec
[---------------  41%                  ] 3290 of 8000 complete in 231.3 sec
[---------------  41%                  ] 3297 of 8000 complete in 231.8 sec
[-----------      30%                  ] 2447 of 8000 complete in 175.9 sec
[-----------      30%                  ] 2454 of 8000 complete in 176.4 sec
[-----------      30%                  ] 2461 of 8000 complete in 177.0 sec
[-----------      30%                  ] 2467 of 8000 complete in 177.5 sec
[-----------      30%                  ] 2473 of 8000 complete in 178.1 sec
[-----------      31%                  ] 2480 of 8000 complete in 178.6 sec
[-----------      31%                  ] 2488 of 8000 complete in 179.1 sec
[-----------      31%                  ] 2497 of 8000 complete in 179.7 sec
[-----------      31%                  ] 2504 of 8000 complete in 180.2 sec
[-----------      31%                  ] 2512 of 8000 complete in 180.8 sec
[-----------      31%                  ] 2520 of 8000 complete in 181.3 sec
[------------     31%                  ] 2528 of 8000 complete in 181.8 sec
[------------     31%                  ] 2536 of 8000 complete in 182.4 sec
[------------     31%                  ] 2543 of 8000 complete in 182.9 sec
[------------     31%                  ] 2551 of 8000 complete in 183.4 sec
[------------     31%                  ] 2559 of 8000 complete in 183.9 sec
[------------     32%                  ] 2567 of 8000 complete in 184.5 sec
[------------     32%                  ] 2575 of 8000 complete in 185.0 sec
[------------     32%                  ] 2583 of 8000 complete in 185.5 sec
[------------     32%                  ] 2591 of 8000 complete in 186.1 sec
[------------     32%                  ] 2599 of 8000 complete in 186.6 sec
[------------     32%                  ] 2607 of 8000 complete in 187.2 sec
[------------     32%                  ] 2615 of 8000 complete in 187.7 sec
[------------     32%                  ] 2623 of 8000 complete in 188.2 sec
[------------     32%                  ] 2631 of 8000 complete in 188.8 sec
[------------     32%                  ] 2639 of 8000 complete in 189.3 sec
[------------     33%                  ] 2647 of 8000 complete in 189.8 sec
[------------     33%                  ] 2655 of 8000 complete in 190.3 sec
[------------     33%                  ] 2663 of 8000 complete in 190.8 sec
[------------     33%                  ] 2671 of 8000 complete in 191.4 sec
[------------     33%                  ] 2678 of 8000 complete in 191.9 sec
[------------     33%                  ] 2685 of 8000 complete in 192.5 sec
[------------     33%                  ] 2692 of 8000 complete in 193.0 sec
[------------     33%                  ] 2700 of 8000 complete in 193.5 sec
[------------     33%                  ] 2708 of 8000 complete in 194.1 sec
[------------     33%                  ] 2716 of 8000 complete in 194.6 sec
[------------     34%                  ] 2724 of 8000 complete in 195.2 sec
[------------     34%                  ] 2732 of 8000 complete in 195.7 sec
[-------------    34%                  ] 2740 of 8000 complete in 196.2 sec
[-------------    34%                  ] 2747 of 8000 complete in 196.7 sec
[-------------    34%                  ] 2754 of 8000 complete in 197.3 sec
[-------------    34%                  ] 2762 of 8000 complete in 197.8 sec
[-------------    34%                  ] 2771 of 8000 complete in 198.4 sec
[-------------    34%                  ] 2779 of 8000 complete in 198.9 sec
[-------------    34%                  ] 2787 of 8000 complete in 199.5 sec
[-------------    34%                  ] 2795 of 8000 complete in 200.0 sec
[-------------    35%                  ] 2803 of 8000 complete in 200.5 sec
[-------------    35%                  ] 2811 of 8000 complete in 201.1 sec
[-------------    35%                  ] 2819 of 8000 complete in 201.7 sec
[-------------    35%                  ] 2827 of 8000 complete in 202.2 sec
[-------------    35%                  ] 2834 of 8000 complete in 202.8 sec
[-------------    35%                  ] 2841 of 8000 complete in 203.3 sec
[-------------    35%                  ] 2849 of 8000 complete in 203.9 sec
[-------------    35%                  ] 2857 of 8000 complete in 204.4 sec
[-------------    35%                  ] 2865 of 8000 complete in 204.9 sec
[-------------    35%                  ] 2873 of 8000 complete in 205.5 sec
[-------------    36%                  ] 2880 of 8000 complete in 206.0 sec
[-------------    36%                  ] 2887 of 8000 complete in 206.6 sec
[-------------    36%                  ] 2895 of 8000 complete in 207.1 sec
[-------------    36%                  ] 2902 of 8000 complete in 207.6 sec
[-------------    36%                  ] 2909 of 8000 complete in 208.1 sec
[-------------    36%                  ] 2916 of 8000 complete in 208.7 sec
[-------------    36%                  ] 2923 of 8000 complete in 209.2 sec
[-------------    36%                  ] 2930 of 8000 complete in 209.8 sec
[-------------    36%                  ] 2936 of 8000 complete in 210.3 sec
[-------------    36%                  ] 2944 of 8000 complete in 210.8 sec
[--------------   36%                  ] 2952 of 8000 complete in 211.4 sec
[--------------   37%                  ] 2961 of 8000 complete in 211.9 sec
[--------------   37%                  ] 2969 of 8000 complete in 212.4 sec
[--------------   37%                  ] 2977 of 8000 complete in 213.0 sec
[--------------   37%                  ] 2985 of 8000 complete in 213.5 sec
[--------------   37%                  ] 2993 of 8000 complete in 214.0 sec
[--------------   37%                  ] 3001 of 8000 complete in 214.6 sec
[--------------   37%                  ] 3009 of 8000 complete in 215.1 sec
[--------------   37%                  ] 3017 of 8000 complete in 215.6 sec
[--------------   37%                  ] 3025 of 8000 complete in 216.1 sec
[--------------   37%                  ] 3034 of 8000 complete in 216.7 sec
[--------------   38%                  ] 3042 of 8000 complete in 217.2 sec
[--------------   38%                  ] 3050 of 8000 complete in 217.7 sec
[--------------   38%                  ] 3058 of 8000 complete in 218.3 sec
[--------------   38%                  ] 3066 of 8000 complete in 218.8 sec
[--------------   38%                  ] 3074 of 8000 complete in 219.3 sec
[--------------   38%                  ] 3082 of 8000 complete in 219.8 sec
[--------------   38%                  ] 3089 of 8000 complete in 220.3 sec
[--------------   38%                  ] 3096 of 8000 complete in 220.9 sec
[--------------   38%                  ] 3103 of 8000 complete in 221.4 sec
[--------------   38%                  ] 3111 of 8000 complete in 221.9 sec
[--------------   38%                  ] 3119 of 8000 complete in 222.5 sec
[--------------   39%                  ] 3127 of 8000 complete in 223.0 sec
[--------------   39%                  ] 3135 of 8000 complete in 223.6 sec
[--------------   39%                  ] 3142 of 8000 complete in 224.1 sec
[--------------   39%                  ] 3150 of 8000 complete in 224.6 sec
[---------------  39%                  ] 3158 of 8000 complete in 225.1 sec
[---------------  39%                  ] 3165 of 8000 complete in 225.6 sec
[---------------  39%                  ] 3173 of 8000 complete in 226.2 sec
[---------------  39%                  ] 3182 of 8000 complete in 226.7 sec
[---------------  39%                  ] 3190 of 8000 complete in 227.3 sec
[---------------  39%                  ] 3198 of 8000 complete in 227.8 sec
[---------------  40%                  ] 3206 of 8000 complete in 228.3 sec
[---------------  40%                  ] 3214 of 8000 complete in 228.8 sec
[---------------  40%                  ] 3222 of 8000 complete in 229.4 sec
[---------------  40%                  ] 3230 of 8000 complete in 229.9 sec
[---------------  40%                  ] 3238 of 8000 complete in 230.5 sec
[---------------  40%                  ] 3245 of 8000 complete in 231.1 sec
[---------------  40%                  ] 3252 of 8000 complete in 231.6 sec
[---------------  40%                  ] 3259 of 8000 complete in 232.1 sec
[---------------  40%                  ] 3265 of 8000 complete in 232.7 sec
[-----------      30%                  ] 2420 of 8000 complete in 176.2 sec
[-----------      30%                  ] 2426 of 8000 complete in 176.7 sec
[-----------      30%                  ] 2432 of 8000 complete in 177.3 sec
[-----------      30%                  ] 2438 of 8000 complete in 177.8 sec
[-----------      30%                  ] 2445 of 8000 complete in 178.4 sec
[-----------      30%                  ] 2453 of 8000 complete in 178.9 sec
[-----------      30%                  ] 2461 of 8000 complete in 179.5 sec
[-----------      30%                  ] 2469 of 8000 complete in 180.0 sec
[-----------      30%                  ] 2477 of 8000 complete in 180.5 sec
[-----------      31%                  ] 2484 of 8000 complete in 181.0 sec
[-----------      31%                  ] 2492 of 8000 complete in 181.6 sec
[-----------      31%                  ] 2499 of 8000 complete in 182.2 sec
[-----------      31%                  ] 2506 of 8000 complete in 182.7 sec
[-----------      31%                  ] 2513 of 8000 complete in 183.2 sec
[-----------      31%                  ] 2521 of 8000 complete in 183.7 sec
[------------     31%                  ] 2529 of 8000 complete in 184.2 sec
[------------     31%                  ] 2537 of 8000 complete in 184.8 sec
[------------     31%                  ] 2545 of 8000 complete in 185.3 sec
[------------     31%                  ] 2553 of 8000 complete in 185.8 sec
[------------     32%                  ] 2561 of 8000 complete in 186.4 sec
[------------     32%                  ] 2569 of 8000 complete in 186.9 sec
[------------     32%                  ] 2577 of 8000 complete in 187.4 sec
[------------     32%                  ] 2585 of 8000 complete in 188.0 sec
[------------     32%                  ] 2593 of 8000 complete in 188.5 sec
[------------     32%                  ] 2601 of 8000 complete in 189.0 sec
[------------     32%                  ] 2609 of 8000 complete in 189.6 sec
[------------     32%                  ] 2617 of 8000 complete in 190.1 sec
[------------     32%                  ] 2626 of 8000 complete in 190.6 sec
[------------     32%                  ] 2633 of 8000 complete in 191.2 sec
[------------     33%                  ] 2640 of 8000 complete in 191.7 sec
[------------     33%                  ] 2647 of 8000 complete in 192.2 sec
[------------     33%                  ] 2654 of 8000 complete in 192.7 sec
[------------     33%                  ] 2662 of 8000 complete in 193.3 sec
[------------     33%                  ] 2670 of 8000 complete in 193.8 sec
[------------     33%                  ] 2678 of 8000 complete in 194.4 sec
[------------     33%                  ] 2686 of 8000 complete in 195.0 sec
[------------     33%                  ] 2694 of 8000 complete in 195.5 sec
[------------     33%                  ] 2702 of 8000 complete in 196.0 sec
[------------     33%                  ] 2710 of 8000 complete in 196.6 sec
[------------     33%                  ] 2717 of 8000 complete in 197.1 sec
[------------     34%                  ] 2725 of 8000 complete in 197.6 sec
[------------     34%                  ] 2733 of 8000 complete in 198.2 sec
[-------------    34%                  ] 2742 of 8000 complete in 198.7 sec
[-------------    34%                  ] 2750 of 8000 complete in 199.3 sec
[-------------    34%                  ] 2758 of 8000 complete in 199.8 sec
[-------------    34%                  ] 2766 of 8000 complete in 200.3 sec
[-------------    34%                  ] 2774 of 8000 complete in 200.9 sec
[-------------    34%                  ] 2782 of 8000 complete in 201.5 sec
[-------------    34%                  ] 2789 of 8000 complete in 202.0 sec
[-------------    34%                  ] 2796 of 8000 complete in 202.5 sec
[-------------    35%                  ] 2803 of 8000 complete in 203.1 sec
[-------------    35%                  ] 2810 of 8000 complete in 203.6 sec
[-------------    35%                  ] 2818 of 8000 complete in 204.1 sec
[-------------    35%                  ] 2826 of 8000 complete in 204.7 sec
[-------------    35%                  ] 2833 of 8000 complete in 205.2 sec
[-------------    35%                  ] 2840 of 8000 complete in 205.7 sec
[-------------    35%                  ] 2847 of 8000 complete in 206.2 sec
[-------------    35%                  ] 2855 of 8000 complete in 206.8 sec
[-------------    35%                  ] 2862 of 8000 complete in 207.3 sec
[-------------    35%                  ] 2869 of 8000 complete in 207.8 sec
[-------------    35%                  ] 2876 of 8000 complete in 208.4 sec
[-------------    36%                  ] 2883 of 8000 complete in 208.9 sec
[-------------    36%                  ] 2890 of 8000 complete in 209.4 sec
[-------------    36%                  ] 2897 of 8000 complete in 210.0 sec
[-------------    36%                  ] 2904 of 8000 complete in 210.5 sec
[-------------    36%                  ] 2912 of 8000 complete in 211.0 sec
[-------------    36%                  ] 2921 of 8000 complete in 211.6 sec
[-------------    36%                  ] 2929 of 8000 complete in 212.1 sec
[-------------    36%                  ] 2937 of 8000 complete in 212.7 sec
[-------------    36%                  ] 2945 of 8000 complete in 213.2 sec
[--------------   36%                  ] 2953 of 8000 complete in 213.7 sec
[--------------   37%                  ] 2960 of 8000 complete in 214.2 sec
[--------------   37%                  ] 2968 of 8000 complete in 214.7 sec
[--------------   37%                  ] 2977 of 8000 complete in 215.3 sec
[--------------   37%                  ] 2985 of 8000 complete in 215.8 sec
[--------------   37%                  ] 2993 of 8000 complete in 216.4 sec
[--------------   37%                  ] 3002 of 8000 complete in 216.9 sec
[--------------   37%                  ] 3010 of 8000 complete in 217.5 sec
[--------------   37%                  ] 3018 of 8000 complete in 218.0 sec
[--------------   37%                  ] 3026 of 8000 complete in 218.5 sec
[--------------   37%                  ] 3034 of 8000 complete in 219.0 sec
[--------------   38%                  ] 3042 of 8000 complete in 219.6 sec
[--------------   38%                  ] 3049 of 8000 complete in 220.1 sec
[--------------   38%                  ] 3056 of 8000 complete in 220.6 sec
[--------------   38%                  ] 3063 of 8000 complete in 221.1 sec
[--------------   38%                  ] 3071 of 8000 complete in 221.6 sec
[--------------   38%                  ] 3079 of 8000 complete in 222.2 sec
[--------------   38%                  ] 3086 of 8000 complete in 222.7 sec
[--------------   38%                  ] 3094 of 8000 complete in 223.2 sec
[--------------   38%                  ] 3102 of 8000 complete in 223.8 sec
[--------------   38%                  ] 3109 of 8000 complete in 224.3 sec
[--------------   38%                  ] 3117 of 8000 complete in 224.8 sec
[--------------   39%                  ] 3125 of 8000 complete in 225.4 sec
[--------------   39%                  ] 3132 of 8000 complete in 225.9 sec
[--------------   39%                  ] 3140 of 8000 complete in 226.4 sec
[--------------   39%                  ] 3148 of 8000 complete in 226.9 sec
[--------------   39%                  ] 3155 of 8000 complete in 227.5 sec
[---------------  39%                  ] 3163 of 8000 complete in 228.0 sec
[---------------  39%                  ] 3171 of 8000 complete in 228.5 sec
[---------------  39%                  ] 3179 of 8000 complete in 229.0 sec
[---------------  39%                  ] 3187 of 8000 complete in 229.6 sec
[---------------  39%                  ] 3195 of 8000 complete in 230.1 sec
[---------------  40%                  ] 3202 of 8000 complete in 230.6 sec
[---------------  40%                  ] 3208 of 8000 complete in 231.2 sec
[---------------  40%                  ] 3215 of 8000 complete in 231.7 sec
[---------------  40%                  ] 3221 of 8000 complete in 232.2 sec
[---------------  40%                  ] 3228 of 8000 complete in 232.8 sec
[---------------  40%                  ] 3218 of 8000 complete in 232.0 sec
[---------------  40%                  ] 3225 of 8000 complete in 232.6 sec
[---------------  40%                  ] 3232 of 8000 complete in 233.1 sec
[---------------  40%                  ] 3238 of 8000 complete in 233.6 sec
[---------------  40%                  ] 3244 of 8000 complete in 234.1 sec
[---------------  40%                  ] 3250 of 8000 complete in 234.7 sec
[---------------  40%                  ] 3257 of 8000 complete in 235.2 sec
[---------------  40%                  ] 3264 of 8000 complete in 235.8 sec
[---------------  40%                  ] 3270 of 8000 complete in 236.3 sec
[---------------  40%                  ] 3277 of 8000 complete in 236.8 sec
[---------------  41%                  ] 3284 of 8000 complete in 237.4 sec
[---------------  41%                  ] 3290 of 8000 complete in 238.0 sec
[---------------  41%                  ] 3297 of 8000 complete in 238.5 sec
[---------------  41%                  ] 3305 of 8000 complete in 239.0 sec
[---------------  41%                  ] 3313 of 8000 complete in 239.6 sec
[---------------  41%                  ] 3322 of 8000 complete in 240.1 sec
[---------------  41%                  ] 3331 of 8000 complete in 240.7 sec
[---------------  41%                  ] 3339 of 8000 complete in 241.2 sec
[---------------  41%                  ] 3347 of 8000 complete in 241.8 sec
[---------------  41%                  ] 3354 of 8000 complete in 242.3 sec
[---------------  42%                  ] 3361 of 8000 complete in 242.9 sec
[---------------- 42%                  ] 3369 of 8000 complete in 243.4 sec
[---------------- 42%                  ] 3377 of 8000 complete in 243.9 sec
[---------------- 42%                  ] 3385 of 8000 complete in 244.5 sec
[---------------- 42%                  ] 3393 of 8000 complete in 245.0 sec
[---------------- 42%                  ] 3401 of 8000 complete in 245.5 sec
[---------------- 42%                  ] 3409 of 8000 complete in 246.1 sec
[---------------- 42%                  ] 3417 of 8000 complete in 246.6 sec
[---------------- 42%                  ] 3425 of 8000 complete in 247.1 sec
[---------------- 42%                  ] 3431 of 8000 complete in 247.6 sec
[---------------- 42%                  ] 3439 of 8000 complete in 248.1 sec
[---------------- 43%                  ] 3447 of 8000 complete in 248.7 sec
[---------------- 43%                  ] 3455 of 8000 complete in 249.2 sec
[---------------- 43%                  ] 3463 of 8000 complete in 249.7 sec
[---------------- 43%                  ] 3471 of 8000 complete in 250.3 sec
[---------------- 43%                  ] 3479 of 8000 complete in 250.8 sec
[---------------- 43%                  ] 3487 of 8000 complete in 251.3 sec
[---------------- 43%                  ] 3495 of 8000 complete in 251.9 sec
[---------------- 43%                  ] 3503 of 8000 complete in 252.4 sec
[---------------- 43%                  ] 3511 of 8000 complete in 252.9 sec
[---------------- 43%                  ] 3519 of 8000 complete in 253.4 sec
[---------------- 44%                  ] 3526 of 8000 complete in 253.9 sec
[---------------- 44%                  ] 3533 of 8000 complete in 254.4 sec
[---------------- 44%                  ] 3541 of 8000 complete in 255.0 sec
[---------------- 44%                  ] 3549 of 8000 complete in 255.5 sec
[---------------- 44%                  ] 3557 of 8000 complete in 256.0 sec
[---------------- 44%                  ] 3566 of 8000 complete in 256.6 sec
[---------------- 44%                  ] 3574 of 8000 complete in 257.1 sec
[-----------------44%                  ] 3582 of 8000 complete in 257.6 sec
[-----------------44%                  ] 3590 of 8000 complete in 258.1 sec
[-----------------44%                  ] 3598 of 8000 complete in 258.7 sec
[-----------------45%                  ] 3605 of 8000 complete in 259.2 sec
[-----------------45%                  ] 3614 of 8000 complete in 259.7 sec
[-----------------45%                  ] 3622 of 8000 complete in 260.3 sec
[-----------------45%                  ] 3629 of 8000 complete in 260.8 sec
[-----------------45%                  ] 3635 of 8000 complete in 261.3 sec
[-----------------45%                  ] 3642 of 8000 complete in 261.9 sec
[-----------------45%                  ] 3649 of 8000 complete in 262.5 sec
[-----------------45%                  ] 3656 of 8000 complete in 263.0 sec
[-----------------45%                  ] 3663 of 8000 complete in 263.6 sec
[-----------------45%                  ] 3669 of 8000 complete in 264.1 sec
[-----------------45%                  ] 3675 of 8000 complete in 264.7 sec
[-----------------46%                  ] 3681 of 8000 complete in 265.2 sec
[-----------------46%                  ] 3687 of 8000 complete in 265.7 sec
[-----------------46%                  ] 3694 of 8000 complete in 266.3 sec
[-----------------46%                  ] 3702 of 8000 complete in 266.8 sec
[-----------------46%                  ] 3710 of 8000 complete in 267.4 sec
[-----------------46%                  ] 3718 of 8000 complete in 267.9 sec
[-----------------46%                  ] 3726 of 8000 complete in 268.4 sec
[-----------------46%                  ] 3734 of 8000 complete in 269.0 sec
[-----------------46%                  ] 3742 of 8000 complete in 269.5 sec
[-----------------46%                  ] 3750 of 8000 complete in 270.1 sec
[-----------------46%                  ] 3758 of 8000 complete in 270.6 sec
[-----------------47%                  ] 3766 of 8000 complete in 271.1 sec
[-----------------47%                  ] 3775 of 8000 complete in 271.7 sec
[-----------------47%                  ] 3783 of 8000 complete in 272.2 sec
[-----------------47%                  ] 3791 of 8000 complete in 272.8 sec
[-----------------47%                  ] 3798 of 8000 complete in 273.3 sec
[-----------------47%                  ] 3806 of 8000 complete in 273.8 sec
[-----------------47%                  ] 3813 of 8000 complete in 274.3 sec
[-----------------47%                  ] 3821 of 8000 complete in 274.9 sec
[-----------------47%                  ] 3828 of 8000 complete in 275.4 sec
[-----------------47%                  ] 3835 of 8000 complete in 276.0 sec
[-----------------48%                  ] 3842 of 8000 complete in 276.5 sec
[-----------------48%                  ] 3850 of 8000 complete in 277.0 sec
[-----------------48%                  ] 3858 of 8000 complete in 277.5 sec
[-----------------48%                  ] 3866 of 8000 complete in 278.0 sec
[-----------------48%                  ] 3874 of 8000 complete in 278.6 sec
[-----------------48%                  ] 3882 of 8000 complete in 279.1 sec
[-----------------48%                  ] 3890 of 8000 complete in 279.7 sec
[-----------------48%                  ] 3898 of 8000 complete in 280.2 sec
[-----------------48%                  ] 3907 of 8000 complete in 280.7 sec
[-----------------48%                  ] 3916 of 8000 complete in 281.3 sec
[-----------------49%                  ] 3925 of 8000 complete in 281.8 sec
[-----------------49%                  ] 3933 of 8000 complete in 282.4 sec
[-----------------49%                  ] 3941 of 8000 complete in 282.9 sec
[-----------------49%                  ] 3949 of 8000 complete in 283.5 sec
[-----------------49%                  ] 3957 of 8000 complete in 284.0 sec
[-----------------49%                  ] 3965 of 8000 complete in 284.6 sec
[-----------------49%                  ] 3973 of 8000 complete in 285.1 sec
[-----------------49%                  ] 3981 of 8000 complete in 285.6 sec
[-----------------49%                  ] 3989 of 8000 complete in 286.1 sec
[-----------------49%                  ] 3997 of 8000 complete in 286.7 sec
[-----------------50%                  ] 4005 of 8000 complete in 287.3 sec
[-----------------50%                  ] 4013 of 8000 complete in 287.8 sec
[-----------------50%                  ] 4021 of 8000 complete in 288.4 sec
[-----------------50%                  ] 4029 of 8000 complete in 288.9 sec
[---------------  41%                  ] 3304 of 8000 complete in 232.3 sec
[---------------  41%                  ] 3311 of 8000 complete in 232.9 sec
[---------------  41%                  ] 3318 of 8000 complete in 233.5 sec
[---------------  41%                  ] 3325 of 8000 complete in 234.0 sec
[---------------  41%                  ] 3331 of 8000 complete in 234.6 sec
[---------------  41%                  ] 3338 of 8000 complete in 235.1 sec
[---------------  41%                  ] 3345 of 8000 complete in 235.7 sec
[---------------  41%                  ] 3352 of 8000 complete in 236.2 sec
[---------------  41%                  ] 3359 of 8000 complete in 236.8 sec
[---------------  42%                  ] 3366 of 8000 complete in 237.4 sec
[---------------- 42%                  ] 3372 of 8000 complete in 237.9 sec
[---------------- 42%                  ] 3379 of 8000 complete in 238.4 sec
[---------------- 42%                  ] 3387 of 8000 complete in 238.9 sec
[---------------- 42%                  ] 3395 of 8000 complete in 239.5 sec
[---------------- 42%                  ] 3403 of 8000 complete in 240.0 sec
[---------------- 42%                  ] 3412 of 8000 complete in 240.6 sec
[---------------- 42%                  ] 3420 of 8000 complete in 241.1 sec
[---------------- 42%                  ] 3428 of 8000 complete in 241.7 sec
[---------------- 42%                  ] 3436 of 8000 complete in 242.2 sec
[---------------- 43%                  ] 3443 of 8000 complete in 242.8 sec
[---------------- 43%                  ] 3451 of 8000 complete in 243.3 sec
[---------------- 43%                  ] 3459 of 8000 complete in 243.8 sec
[---------------- 43%                  ] 3467 of 8000 complete in 244.3 sec
[---------------- 43%                  ] 3475 of 8000 complete in 244.9 sec
[---------------- 43%                  ] 3484 of 8000 complete in 245.4 sec
[---------------- 43%                  ] 3492 of 8000 complete in 245.9 sec
[---------------- 43%                  ] 3500 of 8000 complete in 246.4 sec
[---------------- 43%                  ] 3509 of 8000 complete in 247.0 sec
[---------------- 43%                  ] 3516 of 8000 complete in 247.5 sec
[---------------- 44%                  ] 3524 of 8000 complete in 248.1 sec
[---------------- 44%                  ] 3532 of 8000 complete in 248.6 sec
[---------------- 44%                  ] 3541 of 8000 complete in 249.2 sec
[---------------- 44%                  ] 3549 of 8000 complete in 249.7 sec
[---------------- 44%                  ] 3558 of 8000 complete in 250.2 sec
[---------------- 44%                  ] 3567 of 8000 complete in 250.8 sec
[---------------- 44%                  ] 3575 of 8000 complete in 251.4 sec
[-----------------44%                  ] 3583 of 8000 complete in 251.9 sec
[-----------------44%                  ] 3591 of 8000 complete in 252.4 sec
[-----------------44%                  ] 3599 of 8000 complete in 252.9 sec
[-----------------45%                  ] 3607 of 8000 complete in 253.4 sec
[-----------------45%                  ] 3615 of 8000 complete in 253.9 sec
[-----------------45%                  ] 3623 of 8000 complete in 254.5 sec
[-----------------45%                  ] 3631 of 8000 complete in 255.0 sec
[-----------------45%                  ] 3639 of 8000 complete in 255.6 sec
[-----------------45%                  ] 3647 of 8000 complete in 256.1 sec
[-----------------45%                  ] 3655 of 8000 complete in 256.6 sec
[-----------------45%                  ] 3664 of 8000 complete in 257.2 sec
[-----------------45%                  ] 3672 of 8000 complete in 257.7 sec
[-----------------46%                  ] 3680 of 8000 complete in 258.2 sec
[-----------------46%                  ] 3688 of 8000 complete in 258.7 sec
[-----------------46%                  ] 3696 of 8000 complete in 259.3 sec
[-----------------46%                  ] 3704 of 8000 complete in 259.8 sec
[-----------------46%                  ] 3712 of 8000 complete in 260.3 sec
[-----------------46%                  ] 3720 of 8000 complete in 260.9 sec
[-----------------46%                  ] 3727 of 8000 complete in 261.4 sec
[-----------------46%                  ] 3734 of 8000 complete in 262.0 sec
[-----------------46%                  ] 3741 of 8000 complete in 262.5 sec
[-----------------46%                  ] 3748 of 8000 complete in 263.1 sec
[-----------------46%                  ] 3754 of 8000 complete in 263.6 sec
[-----------------47%                  ] 3761 of 8000 complete in 264.1 sec
[-----------------47%                  ] 3767 of 8000 complete in 264.6 sec
[-----------------47%                  ] 3774 of 8000 complete in 265.2 sec
[-----------------47%                  ] 3781 of 8000 complete in 265.7 sec
[-----------------47%                  ] 3788 of 8000 complete in 266.2 sec
[-----------------47%                  ] 3795 of 8000 complete in 266.7 sec
[-----------------47%                  ] 3803 of 8000 complete in 267.3 sec
[-----------------47%                  ] 3811 of 8000 complete in 267.8 sec
[-----------------47%                  ] 3819 of 8000 complete in 268.3 sec
[-----------------47%                  ] 3827 of 8000 complete in 268.9 sec
[-----------------47%                  ] 3835 of 8000 complete in 269.4 sec
[-----------------48%                  ] 3843 of 8000 complete in 269.9 sec
[-----------------48%                  ] 3851 of 8000 complete in 270.4 sec
[-----------------48%                  ] 3859 of 8000 complete in 270.9 sec
[-----------------48%                  ] 3868 of 8000 complete in 271.5 sec
[-----------------48%                  ] 3876 of 8000 complete in 272.0 sec
[-----------------48%                  ] 3885 of 8000 complete in 272.6 sec
[-----------------48%                  ] 3893 of 8000 complete in 273.1 sec
[-----------------48%                  ] 3901 of 8000 complete in 273.6 sec
[-----------------48%                  ] 3908 of 8000 complete in 274.1 sec
[-----------------48%                  ] 3915 of 8000 complete in 274.7 sec
[-----------------49%                  ] 3922 of 8000 complete in 275.2 sec
[-----------------49%                  ] 3929 of 8000 complete in 275.8 sec
[-----------------49%                  ] 3937 of 8000 complete in 276.3 sec
[-----------------49%                  ] 3945 of 8000 complete in 276.8 sec
[-----------------49%                  ] 3953 of 8000 complete in 277.3 sec
[-----------------49%                  ] 3961 of 8000 complete in 277.9 sec
[-----------------49%                  ] 3969 of 8000 complete in 278.4 sec
[-----------------49%                  ] 3977 of 8000 complete in 278.9 sec
[-----------------49%                  ] 3986 of 8000 complete in 279.4 sec
[-----------------49%                  ] 3994 of 8000 complete in 280.0 sec
[-----------------50%                  ] 4002 of 8000 complete in 280.5 sec
[-----------------50%                  ] 4010 of 8000 complete in 281.1 sec
[-----------------50%                  ] 4018 of 8000 complete in 281.6 sec
[-----------------50%                  ] 4027 of 8000 complete in 282.1 sec
[-----------------50%                  ] 4035 of 8000 complete in 282.6 sec
[-----------------50%                  ] 4043 of 8000 complete in 283.2 sec
[-----------------50%                  ] 4051 of 8000 complete in 283.7 sec
[-----------------50%                  ] 4059 of 8000 complete in 284.3 sec
[-----------------50%                  ] 4067 of 8000 complete in 284.8 sec
[-----------------50%                  ] 4075 of 8000 complete in 285.3 sec
[-----------------51%                  ] 4084 of 8000 complete in 285.9 sec
[-----------------51%                  ] 4092 of 8000 complete in 286.4 sec
[-----------------51%                  ] 4099 of 8000 complete in 286.9 sec
[-----------------51%                  ] 4107 of 8000 complete in 287.4 sec
[-----------------51%                  ] 4115 of 8000 complete in 288.0 sec
[-----------------51%                  ] 4123 of 8000 complete in 288.5 sec
[-----------------51%                  ] 4131 of 8000 complete in 289.0 sec
[---------------  40%                  ] 3272 of 8000 complete in 233.2 sec
[---------------  40%                  ] 3278 of 8000 complete in 233.8 sec
[---------------  41%                  ] 3284 of 8000 complete in 234.3 sec
[---------------  41%                  ] 3290 of 8000 complete in 234.8 sec
[---------------  41%                  ] 3297 of 8000 complete in 235.4 sec
[---------------  41%                  ] 3304 of 8000 complete in 235.9 sec
[---------------  41%                  ] 3311 of 8000 complete in 236.4 sec
[---------------  41%                  ] 3318 of 8000 complete in 237.0 sec
[---------------  41%                  ] 3324 of 8000 complete in 237.5 sec
[---------------  41%                  ] 3330 of 8000 complete in 238.0 sec
[---------------  41%                  ] 3337 of 8000 complete in 238.6 sec
[---------------  41%                  ] 3345 of 8000 complete in 239.1 sec
[---------------  41%                  ] 3353 of 8000 complete in 239.6 sec
[---------------  42%                  ] 3361 of 8000 complete in 240.1 sec
[---------------- 42%                  ] 3369 of 8000 complete in 240.6 sec
[---------------- 42%                  ] 3377 of 8000 complete in 241.2 sec
[---------------- 42%                  ] 3385 of 8000 complete in 241.7 sec
[---------------- 42%                  ] 3392 of 8000 complete in 242.2 sec
[---------------- 42%                  ] 3399 of 8000 complete in 242.8 sec
[---------------- 42%                  ] 3407 of 8000 complete in 243.4 sec
[---------------- 42%                  ] 3415 of 8000 complete in 243.9 sec
[---------------- 42%                  ] 3424 of 8000 complete in 244.5 sec
[---------------- 42%                  ] 3432 of 8000 complete in 245.0 sec
[---------------- 43%                  ] 3440 of 8000 complete in 245.5 sec
[---------------- 43%                  ] 3448 of 8000 complete in 246.0 sec
[---------------- 43%                  ] 3456 of 8000 complete in 246.6 sec
[---------------- 43%                  ] 3464 of 8000 complete in 247.1 sec
[---------------- 43%                  ] 3471 of 8000 complete in 247.6 sec
[---------------- 43%                  ] 3478 of 8000 complete in 248.1 sec
[---------------- 43%                  ] 3486 of 8000 complete in 248.7 sec
[---------------- 43%                  ] 3494 of 8000 complete in 249.2 sec
[---------------- 43%                  ] 3502 of 8000 complete in 249.7 sec
[---------------- 43%                  ] 3510 of 8000 complete in 250.2 sec
[---------------- 43%                  ] 3519 of 8000 complete in 250.8 sec
[---------------- 44%                  ] 3527 of 8000 complete in 251.3 sec
[---------------- 44%                  ] 3535 of 8000 complete in 251.8 sec
[---------------- 44%                  ] 3543 of 8000 complete in 252.3 sec
[---------------- 44%                  ] 3550 of 8000 complete in 252.9 sec
[---------------- 44%                  ] 3559 of 8000 complete in 253.4 sec
[---------------- 44%                  ] 3567 of 8000 complete in 253.9 sec
[---------------- 44%                  ] 3574 of 8000 complete in 254.4 sec
[-----------------44%                  ] 3582 of 8000 complete in 255.0 sec
[-----------------44%                  ] 3590 of 8000 complete in 255.5 sec
[-----------------44%                  ] 3598 of 8000 complete in 256.0 sec
[-----------------45%                  ] 3606 of 8000 complete in 256.6 sec
[-----------------45%                  ] 3614 of 8000 complete in 257.1 sec
[-----------------45%                  ] 3622 of 8000 complete in 257.6 sec
[-----------------45%                  ] 3630 of 8000 complete in 258.2 sec
[-----------------45%                  ] 3638 of 8000 complete in 258.7 sec
[-----------------45%                  ] 3645 of 8000 complete in 259.2 sec
[-----------------45%                  ] 3654 of 8000 complete in 259.7 sec
[-----------------45%                  ] 3662 of 8000 complete in 260.3 sec
[-----------------45%                  ] 3670 of 8000 complete in 260.8 sec
[-----------------45%                  ] 3677 of 8000 complete in 261.4 sec
[-----------------46%                  ] 3684 of 8000 complete in 261.9 sec
[-----------------46%                  ] 3690 of 8000 complete in 262.4 sec
[-----------------46%                  ] 3696 of 8000 complete in 263.0 sec
[-----------------46%                  ] 3703 of 8000 complete in 263.5 sec
[-----------------46%                  ] 3709 of 8000 complete in 264.0 sec
[-----------------46%                  ] 3716 of 8000 complete in 264.7 sec
[-----------------46%                  ] 3723 of 8000 complete in 265.2 sec
[-----------------46%                  ] 3729 of 8000 complete in 265.7 sec
[-----------------46%                  ] 3736 of 8000 complete in 266.3 sec
[-----------------46%                  ] 3743 of 8000 complete in 266.8 sec
[-----------------46%                  ] 3751 of 8000 complete in 267.3 sec
[-----------------46%                  ] 3759 of 8000 complete in 267.9 sec
[-----------------47%                  ] 3767 of 8000 complete in 268.5 sec
[-----------------47%                  ] 3775 of 8000 complete in 269.0 sec
[-----------------47%                  ] 3783 of 8000 complete in 269.5 sec
[-----------------47%                  ] 3791 of 8000 complete in 270.0 sec
[-----------------47%                  ] 3800 of 8000 complete in 270.6 sec
[-----------------47%                  ] 3808 of 8000 complete in 271.1 sec
[-----------------47%                  ] 3817 of 8000 complete in 271.7 sec
[-----------------47%                  ] 3825 of 8000 complete in 272.2 sec
[-----------------47%                  ] 3833 of 8000 complete in 272.8 sec
[-----------------48%                  ] 3841 of 8000 complete in 273.3 sec
[-----------------48%                  ] 3849 of 8000 complete in 273.8 sec
[-----------------48%                  ] 3856 of 8000 complete in 274.3 sec
[-----------------48%                  ] 3863 of 8000 complete in 274.8 sec
[-----------------48%                  ] 3870 of 8000 complete in 275.4 sec
[-----------------48%                  ] 3877 of 8000 complete in 275.9 sec
[-----------------48%                  ] 3884 of 8000 complete in 276.4 sec
[-----------------48%                  ] 3892 of 8000 complete in 277.0 sec
[-----------------48%                  ] 3900 of 8000 complete in 277.5 sec
[-----------------48%                  ] 3908 of 8000 complete in 278.0 sec
[-----------------48%                  ] 3917 of 8000 complete in 278.6 sec
[-----------------49%                  ] 3926 of 8000 complete in 279.1 sec
[-----------------49%                  ] 3934 of 8000 complete in 279.6 sec
[-----------------49%                  ] 3942 of 8000 complete in 280.2 sec
[-----------------49%                  ] 3950 of 8000 complete in 280.8 sec
[-----------------49%                  ] 3959 of 8000 complete in 281.3 sec
[-----------------49%                  ] 3967 of 8000 complete in 281.8 sec
[-----------------49%                  ] 3976 of 8000 complete in 282.4 sec
[-----------------49%                  ] 3984 of 8000 complete in 282.9 sec
[-----------------49%                  ] 3992 of 8000 complete in 283.5 sec
[-----------------50%                  ] 4000 of 8000 complete in 284.0 sec
[-----------------50%                  ] 4008 of 8000 complete in 284.6 sec
[-----------------50%                  ] 4016 of 8000 complete in 285.1 sec
[-----------------50%                  ] 4024 of 8000 complete in 285.6 sec
[-----------------50%                  ] 4033 of 8000 complete in 286.1 sec
[-----------------50%                  ] 4040 of 8000 complete in 286.6 sec
[-----------------50%                  ] 4047 of 8000 complete in 287.2 sec
[-----------------50%                  ] 4055 of 8000 complete in 287.7 sec
[-----------------50%                  ] 4063 of 8000 complete in 288.2 sec
[-----------------50%                  ] 4071 of 8000 complete in 288.8 sec
[-----------------50%                  ] 4079 of 8000 complete in 289.3 sec
[-----------------51%                  ] 4087 of 8000 complete in 289.9 sec
[---------------  40%                  ] 3234 of 8000 complete in 233.3 sec
[---------------  40%                  ] 3240 of 8000 complete in 233.8 sec
[---------------  40%                  ] 3247 of 8000 complete in 234.4 sec
[---------------  40%                  ] 3254 of 8000 complete in 235.0 sec
[---------------  40%                  ] 3262 of 8000 complete in 235.5 sec
[---------------  40%                  ] 3269 of 8000 complete in 236.1 sec
[---------------  40%                  ] 3276 of 8000 complete in 236.6 sec
[---------------  41%                  ] 3283 of 8000 complete in 237.2 sec
[---------------  41%                  ] 3289 of 8000 complete in 237.8 sec
[---------------  41%                  ] 3295 of 8000 complete in 238.3 sec
[---------------  41%                  ] 3303 of 8000 complete in 238.8 sec
[---------------  41%                  ] 3311 of 8000 complete in 239.3 sec
[---------------  41%                  ] 3319 of 8000 complete in 239.9 sec
[---------------  41%                  ] 3327 of 8000 complete in 240.4 sec
[---------------  41%                  ] 3336 of 8000 complete in 241.0 sec
[---------------  41%                  ] 3344 of 8000 complete in 241.5 sec
[---------------  41%                  ] 3351 of 8000 complete in 242.1 sec
[---------------  41%                  ] 3358 of 8000 complete in 242.7 sec
[---------------  42%                  ] 3365 of 8000 complete in 243.2 sec
[---------------- 42%                  ] 3373 of 8000 complete in 243.7 sec
[---------------- 42%                  ] 3381 of 8000 complete in 244.3 sec
[---------------- 42%                  ] 3389 of 8000 complete in 244.8 sec
[---------------- 42%                  ] 3397 of 8000 complete in 245.3 sec
[---------------- 42%                  ] 3406 of 8000 complete in 245.9 sec
[---------------- 42%                  ] 3414 of 8000 complete in 246.4 sec
[---------------- 42%                  ] 3422 of 8000 complete in 246.9 sec
[---------------- 42%                  ] 3429 of 8000 complete in 247.5 sec
[---------------- 42%                  ] 3437 of 8000 complete in 248.0 sec
[---------------- 43%                  ] 3445 of 8000 complete in 248.6 sec
[---------------- 43%                  ] 3453 of 8000 complete in 249.1 sec
[---------------- 43%                  ] 3461 of 8000 complete in 249.6 sec
[---------------- 43%                  ] 3469 of 8000 complete in 250.2 sec
[---------------- 43%                  ] 3478 of 8000 complete in 250.7 sec
[---------------- 43%                  ] 3486 of 8000 complete in 251.2 sec
[---------------- 43%                  ] 3494 of 8000 complete in 251.8 sec
[---------------- 43%                  ] 3502 of 8000 complete in 252.3 sec
[---------------- 43%                  ] 3510 of 8000 complete in 252.8 sec
[---------------- 43%                  ] 3518 of 8000 complete in 253.3 sec
[---------------- 44%                  ] 3526 of 8000 complete in 253.8 sec
[---------------- 44%                  ] 3534 of 8000 complete in 254.4 sec
[---------------- 44%                  ] 3542 of 8000 complete in 254.9 sec
[---------------- 44%                  ] 3551 of 8000 complete in 255.5 sec
[---------------- 44%                  ] 3559 of 8000 complete in 256.0 sec
[---------------- 44%                  ] 3567 of 8000 complete in 256.5 sec
[---------------- 44%                  ] 3576 of 8000 complete in 257.1 sec
[-----------------44%                  ] 3584 of 8000 complete in 257.6 sec
[-----------------44%                  ] 3592 of 8000 complete in 258.1 sec
[-----------------45%                  ] 3600 of 8000 complete in 258.7 sec
[-----------------45%                  ] 3607 of 8000 complete in 259.2 sec
[-----------------45%                  ] 3615 of 8000 complete in 259.7 sec
[-----------------45%                  ] 3623 of 8000 complete in 260.3 sec
[-----------------45%                  ] 3630 of 8000 complete in 260.9 sec
[-----------------45%                  ] 3637 of 8000 complete in 261.4 sec
[-----------------45%                  ] 3644 of 8000 complete in 261.9 sec
[-----------------45%                  ] 3650 of 8000 complete in 262.4 sec
[-----------------45%                  ] 3657 of 8000 complete in 263.0 sec
[-----------------45%                  ] 3663 of 8000 complete in 263.5 sec
[-----------------45%                  ] 3669 of 8000 complete in 264.0 sec
[-----------------45%                  ] 3676 of 8000 complete in 264.6 sec
[-----------------46%                  ] 3683 of 8000 complete in 265.2 sec
[-----------------46%                  ] 3690 of 8000 complete in 265.7 sec
[-----------------46%                  ] 3697 of 8000 complete in 266.3 sec
[-----------------46%                  ] 3704 of 8000 complete in 266.8 sec
[-----------------46%                  ] 3712 of 8000 complete in 267.3 sec
[-----------------46%                  ] 3719 of 8000 complete in 267.8 sec
[-----------------46%                  ] 3727 of 8000 complete in 268.4 sec
[-----------------46%                  ] 3735 of 8000 complete in 268.9 sec
[-----------------46%                  ] 3743 of 8000 complete in 269.4 sec
[-----------------46%                  ] 3751 of 8000 complete in 269.9 sec
[-----------------47%                  ] 3760 of 8000 complete in 270.5 sec
[-----------------47%                  ] 3768 of 8000 complete in 271.0 sec
[-----------------47%                  ] 3777 of 8000 complete in 271.5 sec
[-----------------47%                  ] 3785 of 8000 complete in 272.1 sec
[-----------------47%                  ] 3792 of 8000 complete in 272.6 sec
[-----------------47%                  ] 3800 of 8000 complete in 273.1 sec
[-----------------47%                  ] 3808 of 8000 complete in 273.6 sec
[-----------------47%                  ] 3815 of 8000 complete in 274.2 sec
[-----------------47%                  ] 3822 of 8000 complete in 274.7 sec
[-----------------47%                  ] 3828 of 8000 complete in 275.2 sec
[-----------------47%                  ] 3835 of 8000 complete in 275.7 sec
[-----------------48%                  ] 3843 of 8000 complete in 276.3 sec
[-----------------48%                  ] 3851 of 8000 complete in 276.8 sec
[-----------------48%                  ] 3859 of 8000 complete in 277.4 sec
[-----------------48%                  ] 3867 of 8000 complete in 277.9 sec
[-----------------48%                  ] 3875 of 8000 complete in 278.4 sec
[-----------------48%                  ] 3883 of 8000 complete in 278.9 sec
[-----------------48%                  ] 3891 of 8000 complete in 279.4 sec
[-----------------48%                  ] 3899 of 8000 complete in 280.0 sec
[-----------------48%                  ] 3907 of 8000 complete in 280.5 sec
[-----------------48%                  ] 3915 of 8000 complete in 281.1 sec
[-----------------49%                  ] 3923 of 8000 complete in 281.6 sec
[-----------------49%                  ] 3931 of 8000 complete in 282.1 sec
[-----------------49%                  ] 3939 of 8000 complete in 282.6 sec
[-----------------49%                  ] 3947 of 8000 complete in 283.2 sec
[-----------------49%                  ] 3955 of 8000 complete in 283.7 sec
[-----------------49%                  ] 3963 of 8000 complete in 284.3 sec
[-----------------49%                  ] 3971 of 8000 complete in 284.8 sec
[-----------------49%                  ] 3979 of 8000 complete in 285.3 sec
[-----------------49%                  ] 3987 of 8000 complete in 285.9 sec
[-----------------49%                  ] 3995 of 8000 complete in 286.4 sec
[-----------------50%                  ] 4002 of 8000 complete in 287.0 sec
[-----------------50%                  ] 4010 of 8000 complete in 287.5 sec
[-----------------50%                  ] 4018 of 8000 complete in 288.0 sec
[-----------------50%                  ] 4026 of 8000 complete in 288.6 sec
[-----------------50%                  ] 4034 of 8000 complete in 289.1 sec
[-----------------50%                  ] 4042 of 8000 complete in 289.6 sec
[-----------------50%                  ] 4049 of 8000 complete in 290.2 sec
[-----------------50%                  ] 4037 of 8000 complete in 289.5 sec
[-----------------50%                  ] 4045 of 8000 complete in 290.0 sec
[-----------------50%                  ] 4053 of 8000 complete in 290.6 sec
[-----------------50%                  ] 4060 of 8000 complete in 291.1 sec
[-----------------50%                  ] 4067 of 8000 complete in 291.6 sec
[-----------------50%                  ] 4074 of 8000 complete in 292.2 sec
[-----------------51%                  ] 4081 of 8000 complete in 292.7 sec
[-----------------51%                  ] 4088 of 8000 complete in 293.3 sec
[-----------------51%                  ] 4095 of 8000 complete in 293.8 sec
[-----------------51%                  ] 4102 of 8000 complete in 294.4 sec
[-----------------51%                  ] 4109 of 8000 complete in 294.9 sec
[-----------------51%                  ] 4117 of 8000 complete in 295.4 sec
[-----------------51%                  ] 4124 of 8000 complete in 295.9 sec
[-----------------51%                  ] 4132 of 8000 complete in 296.5 sec
[-----------------51%                  ] 4140 of 8000 complete in 297.0 sec
[-----------------51%                  ] 4148 of 8000 complete in 297.6 sec
[-----------------51%                  ] 4155 of 8000 complete in 298.1 sec
[-----------------52%                  ] 4162 of 8000 complete in 298.6 sec
[-----------------52%                  ] 4170 of 8000 complete in 299.1 sec
[-----------------52%                  ] 4178 of 8000 complete in 299.6 sec
[-----------------52%                  ] 4186 of 8000 complete in 300.2 sec
[-----------------52%                  ] 4194 of 8000 complete in 300.7 sec
[-----------------52%                  ] 4202 of 8000 complete in 301.3 sec
[-----------------52%                  ] 4210 of 8000 complete in 301.8 sec
[-----------------52%                  ] 4218 of 8000 complete in 302.3 sec
[-----------------52%                  ] 4225 of 8000 complete in 302.9 sec
[-----------------52%                  ] 4232 of 8000 complete in 303.4 sec
[-----------------52%                  ] 4239 of 8000 complete in 303.9 sec
[-----------------53%                  ] 4247 of 8000 complete in 304.4 sec
[-----------------53%                  ] 4255 of 8000 complete in 305.0 sec
[-----------------53%                  ] 4264 of 8000 complete in 305.5 sec
[-----------------53%                  ] 4272 of 8000 complete in 306.1 sec
[-----------------53%                  ] 4280 of 8000 complete in 306.6 sec
[-----------------53%                  ] 4287 of 8000 complete in 307.1 sec
[-----------------53%                  ] 4295 of 8000 complete in 307.6 sec
[-----------------53%                  ] 4303 of 8000 complete in 308.2 sec
[-----------------53%                  ] 4311 of 8000 complete in 308.7 sec
[-----------------53%                  ] 4319 of 8000 complete in 309.3 sec
[-----------------54%                  ] 4326 of 8000 complete in 309.8 sec
[-----------------54%                  ] 4334 of 8000 complete in 310.3 sec
[-----------------54%                  ] 4342 of 8000 complete in 310.9 sec
[-----------------54%                  ] 4350 of 8000 complete in 311.4 sec
[-----------------54%                  ] 4357 of 8000 complete in 311.9 sec
[-----------------54%                  ] 4365 of 8000 complete in 312.5 sec
[-----------------54%                  ] 4372 of 8000 complete in 313.0 sec
[-----------------54%                  ] 4380 of 8000 complete in 313.5 sec
[-----------------54%                  ] 4388 of 8000 complete in 314.1 sec
[-----------------54%                  ] 4395 of 8000 complete in 314.6 sec
[-----------------55%                  ] 4401 of 8000 complete in 315.1 sec
[-----------------55%                  ] 4409 of 8000 complete in 315.7 sec
[-----------------55%                  ] 4416 of 8000 complete in 316.2 sec
[-----------------55%-                 ] 4424 of 8000 complete in 316.7 sec
[-----------------55%-                 ] 4432 of 8000 complete in 317.3 sec
[-----------------55%-                 ] 4440 of 8000 complete in 317.8 sec
[-----------------55%-                 ] 4448 of 8000 complete in 318.4 sec
[-----------------55%-                 ] 4456 of 8000 complete in 318.9 sec
[-----------------55%-                 ] 4464 of 8000 complete in 319.4 sec
[-----------------55%-                 ] 4471 of 8000 complete in 320.0 sec
[-----------------55%-                 ] 4477 of 8000 complete in 320.5 sec
[-----------------56%-                 ] 4483 of 8000 complete in 321.0 sec
[-----------------56%-                 ] 4489 of 8000 complete in 321.6 sec
[-----------------56%-                 ] 4496 of 8000 complete in 322.2 sec
[-----------------56%-                 ] 4503 of 8000 complete in 322.7 sec
[-----------------56%-                 ] 4510 of 8000 complete in 323.2 sec
[-----------------56%-                 ] 4518 of 8000 complete in 323.8 sec
[-----------------56%-                 ] 4525 of 8000 complete in 324.3 sec
[-----------------56%-                 ] 4532 of 8000 complete in 324.8 sec
[-----------------56%-                 ] 4539 of 8000 complete in 325.3 sec
[-----------------56%-                 ] 4547 of 8000 complete in 325.9 sec
[-----------------56%-                 ] 4554 of 8000 complete in 326.4 sec
[-----------------57%-                 ] 4561 of 8000 complete in 326.9 sec
[-----------------57%-                 ] 4568 of 8000 complete in 327.5 sec
[-----------------57%-                 ] 4576 of 8000 complete in 328.0 sec
[-----------------57%-                 ] 4584 of 8000 complete in 328.6 sec
[-----------------57%-                 ] 4592 of 8000 complete in 329.1 sec
[-----------------57%-                 ] 4600 of 8000 complete in 329.6 sec
[-----------------57%-                 ] 4608 of 8000 complete in 330.2 sec
[-----------------57%-                 ] 4615 of 8000 complete in 330.7 sec
[-----------------57%-                 ] 4622 of 8000 complete in 331.2 sec
[-----------------57%-                 ] 4629 of 8000 complete in 331.7 sec
[-----------------57%--                ] 4637 of 8000 complete in 332.3 sec
[-----------------58%--                ] 4645 of 8000 complete in 332.8 sec
[-----------------58%--                ] 4653 of 8000 complete in 333.3 sec
[-----------------58%--                ] 4661 of 8000 complete in 333.8 sec
[-----------------58%--                ] 4669 of 8000 complete in 334.4 sec
[-----------------58%--                ] 4677 of 8000 complete in 334.9 sec
[-----------------58%--                ] 4686 of 8000 complete in 335.4 sec
[-----------------58%--                ] 4694 of 8000 complete in 336.0 sec
[-----------------58%--                ] 4702 of 8000 complete in 336.5 sec
[-----------------58%--                ] 4710 of 8000 complete in 337.1 sec
[-----------------58%--                ] 4718 of 8000 complete in 337.6 sec
[-----------------59%--                ] 4726 of 8000 complete in 338.1 sec
[-----------------59%--                ] 4734 of 8000 complete in 338.6 sec
[-----------------59%--                ] 4742 of 8000 complete in 339.2 sec
[-----------------59%--                ] 4750 of 8000 complete in 339.7 sec
[-----------------59%--                ] 4758 of 8000 complete in 340.2 sec
[-----------------59%--                ] 4766 of 8000 complete in 340.7 sec
[-----------------59%--                ] 4774 of 8000 complete in 341.2 sec
[-----------------59%--                ] 4782 of 8000 complete in 341.8 sec
[-----------------59%--                ] 4789 of 8000 complete in 342.3 sec
[-----------------59%--                ] 4796 of 8000 complete in 342.9 sec
[-----------------60%--                ] 4804 of 8000 complete in 343.4 sec
[-----------------60%--                ] 4812 of 8000 complete in 344.0 sec
[-----------------60%--                ] 4819 of 8000 complete in 344.5 sec
[-----------------60%--                ] 4827 of 8000 complete in 345.0 sec
[-----------------60%--                ] 4834 of 8000 complete in 345.5 sec
[-----------------60%--                ] 4842 of 8000 complete in 346.1 sec
[-----------------51%                  ] 4139 of 8000 complete in 289.6 sec
[-----------------51%                  ] 4147 of 8000 complete in 290.1 sec
[-----------------51%                  ] 4155 of 8000 complete in 290.6 sec
[-----------------52%                  ] 4162 of 8000 complete in 291.2 sec
[-----------------52%                  ] 4169 of 8000 complete in 291.7 sec
[-----------------52%                  ] 4176 of 8000 complete in 292.2 sec
[-----------------52%                  ] 4182 of 8000 complete in 292.7 sec
[-----------------52%                  ] 4189 of 8000 complete in 293.2 sec
[-----------------52%                  ] 4196 of 8000 complete in 293.8 sec
[-----------------52%                  ] 4204 of 8000 complete in 294.3 sec
[-----------------52%                  ] 4211 of 8000 complete in 294.9 sec
[-----------------52%                  ] 4218 of 8000 complete in 295.4 sec
[-----------------52%                  ] 4226 of 8000 complete in 295.9 sec
[-----------------52%                  ] 4234 of 8000 complete in 296.4 sec
[-----------------53%                  ] 4243 of 8000 complete in 297.0 sec
[-----------------53%                  ] 4251 of 8000 complete in 297.6 sec
[-----------------53%                  ] 4258 of 8000 complete in 298.1 sec
[-----------------53%                  ] 4265 of 8000 complete in 298.6 sec
[-----------------53%                  ] 4274 of 8000 complete in 299.1 sec
[-----------------53%                  ] 4282 of 8000 complete in 299.7 sec
[-----------------53%                  ] 4290 of 8000 complete in 300.2 sec
[-----------------53%                  ] 4298 of 8000 complete in 300.8 sec
[-----------------53%                  ] 4306 of 8000 complete in 301.3 sec
[-----------------53%                  ] 4314 of 8000 complete in 301.8 sec
[-----------------54%                  ] 4322 of 8000 complete in 302.3 sec
[-----------------54%                  ] 4330 of 8000 complete in 302.9 sec
[-----------------54%                  ] 4338 of 8000 complete in 303.4 sec
[-----------------54%                  ] 4346 of 8000 complete in 304.0 sec
[-----------------54%                  ] 4354 of 8000 complete in 304.5 sec
[-----------------54%                  ] 4362 of 8000 complete in 305.0 sec
[-----------------54%                  ] 4371 of 8000 complete in 305.6 sec
[-----------------54%                  ] 4379 of 8000 complete in 306.1 sec
[-----------------54%                  ] 4387 of 8000 complete in 306.6 sec
[-----------------54%                  ] 4395 of 8000 complete in 307.1 sec
[-----------------55%                  ] 4403 of 8000 complete in 307.7 sec
[-----------------55%                  ] 4411 of 8000 complete in 308.2 sec
[-----------------55%                  ] 4419 of 8000 complete in 308.7 sec
[-----------------55%-                 ] 4427 of 8000 complete in 309.3 sec
[-----------------55%-                 ] 4435 of 8000 complete in 309.8 sec
[-----------------55%-                 ] 4443 of 8000 complete in 310.3 sec
[-----------------55%-                 ] 4451 of 8000 complete in 310.9 sec
[-----------------55%-                 ] 4459 of 8000 complete in 311.4 sec
[-----------------55%-                 ] 4467 of 8000 complete in 312.0 sec
[-----------------55%-                 ] 4475 of 8000 complete in 312.5 sec
[-----------------56%-                 ] 4482 of 8000 complete in 313.1 sec
[-----------------56%-                 ] 4491 of 8000 complete in 313.6 sec
[-----------------56%-                 ] 4498 of 8000 complete in 314.2 sec
[-----------------56%-                 ] 4505 of 8000 complete in 314.7 sec
[-----------------56%-                 ] 4513 of 8000 complete in 315.3 sec
[-----------------56%-                 ] 4521 of 8000 complete in 315.8 sec
[-----------------56%-                 ] 4529 of 8000 complete in 316.4 sec
[-----------------56%-                 ] 4537 of 8000 complete in 316.9 sec
[-----------------56%-                 ] 4545 of 8000 complete in 317.5 sec
[-----------------56%-                 ] 4553 of 8000 complete in 318.0 sec
[-----------------57%-                 ] 4562 of 8000 complete in 318.6 sec
[-----------------57%-                 ] 4570 of 8000 complete in 319.1 sec
[-----------------57%-                 ] 4577 of 8000 complete in 319.6 sec
[-----------------57%-                 ] 4584 of 8000 complete in 320.1 sec
[-----------------57%-                 ] 4590 of 8000 complete in 320.7 sec
[-----------------57%-                 ] 4596 of 8000 complete in 321.2 sec
[-----------------57%-                 ] 4603 of 8000 complete in 321.7 sec
[-----------------57%-                 ] 4609 of 8000 complete in 322.2 sec
[-----------------57%-                 ] 4616 of 8000 complete in 322.8 sec
[-----------------57%-                 ] 4624 of 8000 complete in 323.3 sec
[-----------------57%--                ] 4632 of 8000 complete in 323.9 sec
[-----------------57%--                ] 4639 of 8000 complete in 324.4 sec
[-----------------58%--                ] 4646 of 8000 complete in 324.9 sec
[-----------------58%--                ] 4654 of 8000 complete in 325.5 sec
[-----------------58%--                ] 4662 of 8000 complete in 326.0 sec
[-----------------58%--                ] 4669 of 8000 complete in 326.6 sec
[-----------------58%--                ] 4676 of 8000 complete in 327.1 sec
[-----------------58%--                ] 4684 of 8000 complete in 327.7 sec
[-----------------58%--                ] 4692 of 8000 complete in 328.2 sec
[-----------------58%--                ] 4700 of 8000 complete in 328.7 sec
[-----------------58%--                ] 4708 of 8000 complete in 329.3 sec
[-----------------58%--                ] 4717 of 8000 complete in 329.8 sec
[-----------------59%--                ] 4726 of 8000 complete in 330.4 sec
[-----------------59%--                ] 4734 of 8000 complete in 330.9 sec
[-----------------59%--                ] 4741 of 8000 complete in 331.5 sec
[-----------------59%--                ] 4749 of 8000 complete in 332.0 sec
[-----------------59%--                ] 4757 of 8000 complete in 332.5 sec
[-----------------59%--                ] 4765 of 8000 complete in 333.1 sec
[-----------------59%--                ] 4773 of 8000 complete in 333.6 sec
[-----------------59%--                ] 4781 of 8000 complete in 334.2 sec
[-----------------59%--                ] 4789 of 8000 complete in 334.7 sec
[-----------------59%--                ] 4797 of 8000 complete in 335.2 sec
[-----------------60%--                ] 4805 of 8000 complete in 335.8 sec
[-----------------60%--                ] 4813 of 8000 complete in 336.3 sec
[-----------------60%--                ] 4821 of 8000 complete in 336.8 sec
[-----------------60%--                ] 4830 of 8000 complete in 337.4 sec
[-----------------60%--                ] 4838 of 8000 complete in 337.9 sec
[-----------------60%---               ] 4846 of 8000 complete in 338.4 sec
[-----------------60%---               ] 4854 of 8000 complete in 339.0 sec
[-----------------60%---               ] 4862 of 8000 complete in 339.5 sec
[-----------------60%---               ] 4870 of 8000 complete in 340.0 sec
[-----------------60%---               ] 4878 of 8000 complete in 340.5 sec
[-----------------61%---               ] 4887 of 8000 complete in 341.1 sec
[-----------------61%---               ] 4895 of 8000 complete in 341.6 sec
[-----------------61%---               ] 4903 of 8000 complete in 342.2 sec
[-----------------61%---               ] 4910 of 8000 complete in 342.8 sec
[-----------------61%---               ] 4918 of 8000 complete in 343.3 sec
[-----------------61%---               ] 4926 of 8000 complete in 343.8 sec
[-----------------61%---               ] 4934 of 8000 complete in 344.3 sec
[-----------------61%---               ] 4942 of 8000 complete in 344.9 sec
[-----------------61%---               ] 4950 of 8000 complete in 345.4 sec
[-----------------61%---               ] 4958 of 8000 complete in 346.0 sec
[-----------------62%---               ] 4966 of 8000 complete in 346.5 sec
[-----------------51%                  ] 4095 of 8000 complete in 290.4 sec
[-----------------51%                  ] 4103 of 8000 complete in 291.0 sec
[-----------------51%                  ] 4110 of 8000 complete in 291.5 sec
[-----------------51%                  ] 4117 of 8000 complete in 292.0 sec
[-----------------51%                  ] 4124 of 8000 complete in 292.5 sec
[-----------------51%                  ] 4130 of 8000 complete in 293.0 sec
[-----------------51%                  ] 4138 of 8000 complete in 293.6 sec
[-----------------51%                  ] 4145 of 8000 complete in 294.1 sec
[-----------------51%                  ] 4153 of 8000 complete in 294.6 sec
[-----------------52%                  ] 4161 of 8000 complete in 295.2 sec
[-----------------52%                  ] 4169 of 8000 complete in 295.7 sec
[-----------------52%                  ] 4177 of 8000 complete in 296.3 sec
[-----------------52%                  ] 4184 of 8000 complete in 296.8 sec
[-----------------52%                  ] 4192 of 8000 complete in 297.4 sec
[-----------------52%                  ] 4200 of 8000 complete in 297.9 sec
[-----------------52%                  ] 4207 of 8000 complete in 298.5 sec
[-----------------52%                  ] 4215 of 8000 complete in 299.0 sec
[-----------------52%                  ] 4223 of 8000 complete in 299.5 sec
[-----------------52%                  ] 4231 of 8000 complete in 300.0 sec
[-----------------52%                  ] 4239 of 8000 complete in 300.6 sec
[-----------------53%                  ] 4246 of 8000 complete in 301.1 sec
[-----------------53%                  ] 4254 of 8000 complete in 301.6 sec
[-----------------53%                  ] 4263 of 8000 complete in 302.2 sec
[-----------------53%                  ] 4271 of 8000 complete in 302.7 sec
[-----------------53%                  ] 4279 of 8000 complete in 303.3 sec
[-----------------53%                  ] 4286 of 8000 complete in 303.8 sec
[-----------------53%                  ] 4294 of 8000 complete in 304.3 sec
[-----------------53%                  ] 4302 of 8000 complete in 304.9 sec
[-----------------53%                  ] 4310 of 8000 complete in 305.4 sec
[-----------------53%                  ] 4318 of 8000 complete in 305.9 sec
[-----------------54%                  ] 4326 of 8000 complete in 306.4 sec
[-----------------54%                  ] 4334 of 8000 complete in 307.0 sec
[-----------------54%                  ] 4342 of 8000 complete in 307.5 sec
[-----------------54%                  ] 4350 of 8000 complete in 308.0 sec
[-----------------54%                  ] 4358 of 8000 complete in 308.5 sec
[-----------------54%                  ] 4366 of 8000 complete in 309.1 sec
[-----------------54%                  ] 4374 of 8000 complete in 309.6 sec
[-----------------54%                  ] 4382 of 8000 complete in 310.1 sec
[-----------------54%                  ] 4390 of 8000 complete in 310.7 sec
[-----------------54%                  ] 4398 of 8000 complete in 311.2 sec
[-----------------55%                  ] 4406 of 8000 complete in 311.8 sec
[-----------------55%                  ] 4414 of 8000 complete in 312.3 sec
[-----------------55%-                 ] 4422 of 8000 complete in 312.9 sec
[-----------------55%-                 ] 4430 of 8000 complete in 313.4 sec
[-----------------55%-                 ] 4438 of 8000 complete in 314.0 sec
[-----------------55%-                 ] 4445 of 8000 complete in 314.5 sec
[-----------------55%-                 ] 4452 of 8000 complete in 315.1 sec
[-----------------55%-                 ] 4460 of 8000 complete in 315.6 sec
[-----------------55%-                 ] 4467 of 8000 complete in 316.1 sec
[-----------------55%-                 ] 4475 of 8000 complete in 316.7 sec
[-----------------56%-                 ] 4482 of 8000 complete in 317.2 sec
[-----------------56%-                 ] 4490 of 8000 complete in 317.7 sec
[-----------------56%-                 ] 4498 of 8000 complete in 318.3 sec
[-----------------56%-                 ] 4506 of 8000 complete in 318.8 sec
[-----------------56%-                 ] 4514 of 8000 complete in 319.3 sec
[-----------------56%-                 ] 4521 of 8000 complete in 319.8 sec
[-----------------56%-                 ] 4528 of 8000 complete in 320.4 sec
[-----------------56%-                 ] 4534 of 8000 complete in 321.0 sec
[-----------------56%-                 ] 4539 of 8000 complete in 321.5 sec
[-----------------56%-                 ] 4546 of 8000 complete in 322.1 sec
[-----------------56%-                 ] 4553 of 8000 complete in 322.6 sec
[-----------------57%-                 ] 4560 of 8000 complete in 323.2 sec
[-----------------57%-                 ] 4568 of 8000 complete in 323.8 sec
[-----------------57%-                 ] 4575 of 8000 complete in 324.3 sec
[-----------------57%-                 ] 4582 of 8000 complete in 324.8 sec
[-----------------57%-                 ] 4589 of 8000 complete in 325.3 sec
[-----------------57%-                 ] 4597 of 8000 complete in 325.9 sec
[-----------------57%-                 ] 4605 of 8000 complete in 326.5 sec
[-----------------57%-                 ] 4612 of 8000 complete in 327.0 sec
[-----------------57%-                 ] 4620 of 8000 complete in 327.6 sec
[-----------------57%-                 ] 4628 of 8000 complete in 328.1 sec
[-----------------57%--                ] 4636 of 8000 complete in 328.6 sec
[-----------------58%--                ] 4644 of 8000 complete in 329.2 sec
[-----------------58%--                ] 4652 of 8000 complete in 329.7 sec
[-----------------58%--                ] 4660 of 8000 complete in 330.2 sec
[-----------------58%--                ] 4668 of 8000 complete in 330.8 sec
[-----------------58%--                ] 4676 of 8000 complete in 331.4 sec
[-----------------58%--                ] 4684 of 8000 complete in 331.9 sec
[-----------------58%--                ] 4692 of 8000 complete in 332.4 sec
[-----------------58%--                ] 4700 of 8000 complete in 333.0 sec
[-----------------58%--                ] 4707 of 8000 complete in 333.5 sec
[-----------------58%--                ] 4715 of 8000 complete in 334.0 sec
[-----------------59%--                ] 4723 of 8000 complete in 334.5 sec
[-----------------59%--                ] 4732 of 8000 complete in 335.1 sec
[-----------------59%--                ] 4740 of 8000 complete in 335.6 sec
[-----------------59%--                ] 4748 of 8000 complete in 336.2 sec
[-----------------59%--                ] 4757 of 8000 complete in 336.8 sec
[-----------------59%--                ] 4765 of 8000 complete in 337.3 sec
[-----------------59%--                ] 4773 of 8000 complete in 337.8 sec
[-----------------59%--                ] 4781 of 8000 complete in 338.4 sec
[-----------------59%--                ] 4789 of 8000 complete in 338.9 sec
[-----------------59%--                ] 4797 of 8000 complete in 339.4 sec
[-----------------60%--                ] 4806 of 8000 complete in 340.0 sec
[-----------------60%--                ] 4814 of 8000 complete in 340.5 sec
[-----------------60%--                ] 4822 of 8000 complete in 341.0 sec
[-----------------60%--                ] 4830 of 8000 complete in 341.5 sec
[-----------------60%--                ] 4838 of 8000 complete in 342.1 sec
[-----------------60%---               ] 4845 of 8000 complete in 342.6 sec
[-----------------60%---               ] 4852 of 8000 complete in 343.1 sec
[-----------------60%---               ] 4860 of 8000 complete in 343.6 sec
[-----------------60%---               ] 4868 of 8000 complete in 344.2 sec
[-----------------60%---               ] 4876 of 8000 complete in 344.7 sec
[-----------------61%---               ] 4883 of 8000 complete in 345.2 sec
[-----------------61%---               ] 4891 of 8000 complete in 345.7 sec
[-----------------61%---               ] 4899 of 8000 complete in 346.3 sec
[-----------------61%---               ] 4908 of 8000 complete in 346.8 sec
[-----------------61%---               ] 4916 of 8000 complete in 347.4 sec
[-----------------50%                  ] 4056 of 8000 complete in 290.7 sec
[-----------------50%                  ] 4063 of 8000 complete in 291.2 sec
[-----------------50%                  ] 4070 of 8000 complete in 291.7 sec
[-----------------50%                  ] 4077 of 8000 complete in 292.3 sec
[-----------------51%                  ] 4083 of 8000 complete in 292.8 sec
[-----------------51%                  ] 4090 of 8000 complete in 293.3 sec
[-----------------51%                  ] 4097 of 8000 complete in 293.9 sec
[-----------------51%                  ] 4104 of 8000 complete in 294.4 sec
[-----------------51%                  ] 4112 of 8000 complete in 295.0 sec
[-----------------51%                  ] 4119 of 8000 complete in 295.5 sec
[-----------------51%                  ] 4127 of 8000 complete in 296.0 sec
[-----------------51%                  ] 4135 of 8000 complete in 296.6 sec
[-----------------51%                  ] 4143 of 8000 complete in 297.2 sec
[-----------------51%                  ] 4150 of 8000 complete in 297.7 sec
[-----------------51%                  ] 4157 of 8000 complete in 298.2 sec
[-----------------52%                  ] 4165 of 8000 complete in 298.7 sec
[-----------------52%                  ] 4173 of 8000 complete in 299.3 sec
[-----------------52%                  ] 4181 of 8000 complete in 299.8 sec
[-----------------52%                  ] 4189 of 8000 complete in 300.4 sec
[-----------------52%                  ] 4197 of 8000 complete in 300.9 sec
[-----------------52%                  ] 4205 of 8000 complete in 301.5 sec
[-----------------52%                  ] 4213 of 8000 complete in 302.0 sec
[-----------------52%                  ] 4220 of 8000 complete in 302.5 sec
[-----------------52%                  ] 4227 of 8000 complete in 303.0 sec
[-----------------52%                  ] 4235 of 8000 complete in 303.6 sec
[-----------------53%                  ] 4243 of 8000 complete in 304.1 sec
[-----------------53%                  ] 4251 of 8000 complete in 304.7 sec
[-----------------53%                  ] 4259 of 8000 complete in 305.2 sec
[-----------------53%                  ] 4267 of 8000 complete in 305.8 sec
[-----------------53%                  ] 4274 of 8000 complete in 306.3 sec
[-----------------53%                  ] 4282 of 8000 complete in 306.8 sec
[-----------------53%                  ] 4290 of 8000 complete in 307.4 sec
[-----------------53%                  ] 4298 of 8000 complete in 307.9 sec
[-----------------53%                  ] 4306 of 8000 complete in 308.4 sec
[-----------------53%                  ] 4314 of 8000 complete in 309.0 sec
[-----------------54%                  ] 4323 of 8000 complete in 309.6 sec
[-----------------54%                  ] 4331 of 8000 complete in 310.1 sec
[-----------------54%                  ] 4339 of 8000 complete in 310.6 sec
[-----------------54%                  ] 4346 of 8000 complete in 311.2 sec
[-----------------54%                  ] 4354 of 8000 complete in 311.7 sec
[-----------------54%                  ] 4362 of 8000 complete in 312.2 sec
[-----------------54%                  ] 4369 of 8000 complete in 312.7 sec
[-----------------54%                  ] 4377 of 8000 complete in 313.3 sec
[-----------------54%                  ] 4384 of 8000 complete in 313.8 sec
[-----------------54%                  ] 4391 of 8000 complete in 314.3 sec
[-----------------54%                  ] 4397 of 8000 complete in 314.9 sec
[-----------------55%                  ] 4405 of 8000 complete in 315.4 sec
[-----------------55%                  ] 4412 of 8000 complete in 315.9 sec
[-----------------55%                  ] 4420 of 8000 complete in 316.5 sec
[-----------------55%-                 ] 4427 of 8000 complete in 317.0 sec
[-----------------55%-                 ] 4435 of 8000 complete in 317.5 sec
[-----------------55%-                 ] 4443 of 8000 complete in 318.0 sec
[-----------------55%-                 ] 4451 of 8000 complete in 318.5 sec
[-----------------55%-                 ] 4459 of 8000 complete in 319.1 sec
[-----------------55%-                 ] 4467 of 8000 complete in 319.7 sec
[-----------------55%-                 ] 4473 of 8000 complete in 320.2 sec
[-----------------55%-                 ] 4479 of 8000 complete in 320.8 sec
[-----------------56%-                 ] 4485 of 8000 complete in 321.3 sec
[-----------------56%-                 ] 4491 of 8000 complete in 321.8 sec
[-----------------56%-                 ] 4498 of 8000 complete in 322.4 sec
[-----------------56%-                 ] 4504 of 8000 complete in 322.9 sec
[-----------------56%-                 ] 4511 of 8000 complete in 323.4 sec
[-----------------56%-                 ] 4518 of 8000 complete in 323.9 sec
[-----------------56%-                 ] 4525 of 8000 complete in 324.4 sec
[-----------------56%-                 ] 4531 of 8000 complete in 324.9 sec
[-----------------56%-                 ] 4539 of 8000 complete in 325.5 sec
[-----------------56%-                 ] 4546 of 8000 complete in 326.0 sec
[-----------------56%-                 ] 4553 of 8000 complete in 326.5 sec
[-----------------57%-                 ] 4560 of 8000 complete in 327.1 sec
[-----------------57%-                 ] 4568 of 8000 complete in 327.6 sec
[-----------------57%-                 ] 4576 of 8000 complete in 328.2 sec
[-----------------57%-                 ] 4584 of 8000 complete in 328.7 sec
[-----------------57%-                 ] 4592 of 8000 complete in 329.2 sec
[-----------------57%-                 ] 4600 of 8000 complete in 329.8 sec
[-----------------57%-                 ] 4608 of 8000 complete in 330.3 sec
[-----------------57%-                 ] 4615 of 8000 complete in 330.9 sec
[-----------------57%-                 ] 4622 of 8000 complete in 331.4 sec
[-----------------57%-                 ] 4630 of 8000 complete in 331.9 sec
[-----------------57%--                ] 4638 of 8000 complete in 332.5 sec
[-----------------58%--                ] 4646 of 8000 complete in 333.0 sec
[-----------------58%--                ] 4654 of 8000 complete in 333.6 sec
[-----------------58%--                ] 4662 of 8000 complete in 334.1 sec
[-----------------58%--                ] 4670 of 8000 complete in 334.6 sec
[-----------------58%--                ] 4678 of 8000 complete in 335.2 sec
[-----------------58%--                ] 4686 of 8000 complete in 335.7 sec
[-----------------58%--                ] 4694 of 8000 complete in 336.3 sec
[-----------------58%--                ] 4702 of 8000 complete in 336.8 sec
[-----------------58%--                ] 4710 of 8000 complete in 337.3 sec
[-----------------58%--                ] 4718 of 8000 complete in 337.9 sec
[-----------------59%--                ] 4726 of 8000 complete in 338.4 sec
[-----------------59%--                ] 4734 of 8000 complete in 339.0 sec
[-----------------59%--                ] 4742 of 8000 complete in 339.5 sec
[-----------------59%--                ] 4750 of 8000 complete in 340.0 sec
[-----------------59%--                ] 4758 of 8000 complete in 340.5 sec
[-----------------59%--                ] 4766 of 8000 complete in 341.0 sec
[-----------------59%--                ] 4774 of 8000 complete in 341.6 sec
[-----------------59%--                ] 4782 of 8000 complete in 342.2 sec
[-----------------59%--                ] 4789 of 8000 complete in 342.7 sec
[-----------------59%--                ] 4797 of 8000 complete in 343.2 sec
[-----------------60%--                ] 4805 of 8000 complete in 343.8 sec
[-----------------60%--                ] 4813 of 8000 complete in 344.4 sec
[-----------------60%--                ] 4821 of 8000 complete in 344.9 sec
[-----------------60%--                ] 4828 of 8000 complete in 345.4 sec
[-----------------60%--                ] 4836 of 8000 complete in 345.9 sec
[-----------------60%---               ] 4844 of 8000 complete in 346.5 sec
[-----------------60%---               ] 4852 of 8000 complete in 347.1 sec
[-----------------60%---               ] 4860 of 8000 complete in 347.6 sec
[-----------------60%---               ] 4850 of 8000 complete in 346.6 sec
[-----------------60%---               ] 4858 of 8000 complete in 347.2 sec
[-----------------60%---               ] 4865 of 8000 complete in 347.7 sec
[-----------------60%---               ] 4873 of 8000 complete in 348.2 sec
[-----------------61%---               ] 4881 of 8000 complete in 348.8 sec
[-----------------61%---               ] 4888 of 8000 complete in 349.3 sec
[-----------------61%---               ] 4895 of 8000 complete in 349.8 sec
[-----------------61%---               ] 4903 of 8000 complete in 350.3 sec
[-----------------61%---               ] 4910 of 8000 complete in 350.8 sec
[-----------------61%---               ] 4917 of 8000 complete in 351.4 sec
[-----------------61%---               ] 4925 of 8000 complete in 351.9 sec
[-----------------61%---               ] 4932 of 8000 complete in 352.4 sec
[-----------------61%---               ] 4938 of 8000 complete in 353.0 sec
[-----------------61%---               ] 4946 of 8000 complete in 353.5 sec
[-----------------61%---               ] 4953 of 8000 complete in 354.0 sec
[-----------------62%---               ] 4960 of 8000 complete in 354.5 sec
[-----------------62%---               ] 4967 of 8000 complete in 355.1 sec
[-----------------62%---               ] 4974 of 8000 complete in 355.6 sec
[-----------------62%---               ] 4982 of 8000 complete in 356.1 sec
[-----------------62%---               ] 4990 of 8000 complete in 356.7 sec
[-----------------62%---               ] 4998 of 8000 complete in 357.2 sec
[-----------------62%---               ] 5005 of 8000 complete in 357.8 sec
[-----------------62%---               ] 5012 of 8000 complete in 358.3 sec
[-----------------62%---               ] 5020 of 8000 complete in 358.9 sec
[-----------------62%---               ] 5027 of 8000 complete in 359.4 sec
[-----------------62%---               ] 5035 of 8000 complete in 359.9 sec
[-----------------63%---               ] 5043 of 8000 complete in 360.4 sec
[-----------------63%---               ] 5051 of 8000 complete in 361.0 sec
[-----------------63%----              ] 5059 of 8000 complete in 361.5 sec
[-----------------63%----              ] 5067 of 8000 complete in 362.0 sec
[-----------------63%----              ] 5074 of 8000 complete in 362.6 sec
[-----------------63%----              ] 5081 of 8000 complete in 363.1 sec
[-----------------63%----              ] 5088 of 8000 complete in 363.6 sec
[-----------------63%----              ] 5095 of 8000 complete in 364.2 sec
[-----------------63%----              ] 5103 of 8000 complete in 364.7 sec
[-----------------63%----              ] 5111 of 8000 complete in 365.2 sec
[-----------------63%----              ] 5119 of 8000 complete in 365.8 sec
[-----------------64%----              ] 5127 of 8000 complete in 366.3 sec
[-----------------64%----              ] 5135 of 8000 complete in 366.8 sec
[-----------------64%----              ] 5143 of 8000 complete in 367.4 sec
[-----------------64%----              ] 5151 of 8000 complete in 367.9 sec
[-----------------64%----              ] 5159 of 8000 complete in 368.5 sec
[-----------------64%----              ] 5167 of 8000 complete in 369.0 sec
[-----------------64%----              ] 5175 of 8000 complete in 369.5 sec
[-----------------64%----              ] 5184 of 8000 complete in 370.1 sec
[-----------------64%----              ] 5191 of 8000 complete in 370.6 sec
[-----------------64%----              ] 5199 of 8000 complete in 371.1 sec
[-----------------65%----              ] 5207 of 8000 complete in 371.7 sec
[-----------------65%----              ] 5214 of 8000 complete in 372.2 sec
[-----------------65%----              ] 5221 of 8000 complete in 372.7 sec
[-----------------65%----              ] 5228 of 8000 complete in 373.2 sec
[-----------------65%----              ] 5236 of 8000 complete in 373.8 sec
[-----------------65%----              ] 5244 of 8000 complete in 374.3 sec
[-----------------65%----              ] 5250 of 8000 complete in 374.9 sec
[-----------------65%----              ] 5257 of 8000 complete in 375.4 sec
[-----------------65%-----             ] 5264 of 8000 complete in 375.9 sec
[-----------------65%-----             ] 5270 of 8000 complete in 376.4 sec
[-----------------65%-----             ] 5276 of 8000 complete in 376.9 sec
[-----------------66%-----             ] 5283 of 8000 complete in 377.4 sec
[-----------------66%-----             ] 5291 of 8000 complete in 378.0 sec
[-----------------66%-----             ] 5299 of 8000 complete in 378.5 sec
[-----------------66%-----             ] 5307 of 8000 complete in 379.0 sec
[-----------------66%-----             ] 5315 of 8000 complete in 379.6 sec
[-----------------66%-----             ] 5323 of 8000 complete in 380.1 sec
[-----------------66%-----             ] 5331 of 8000 complete in 380.6 sec
[-----------------66%-----             ] 5338 of 8000 complete in 381.2 sec
[-----------------66%-----             ] 5346 of 8000 complete in 381.7 sec
[-----------------66%-----             ] 5354 of 8000 complete in 382.3 sec
[-----------------67%-----             ] 5361 of 8000 complete in 382.8 sec
[-----------------67%-----             ] 5368 of 8000 complete in 383.3 sec
[-----------------67%-----             ] 5376 of 8000 complete in 383.9 sec
[-----------------67%-----             ] 5384 of 8000 complete in 384.4 sec
[-----------------67%-----             ] 5392 of 8000 complete in 385.0 sec
[-----------------67%-----             ] 5399 of 8000 complete in 385.5 sec
[-----------------67%-----             ] 5406 of 8000 complete in 386.0 sec
[-----------------67%-----             ] 5413 of 8000 complete in 386.6 sec
[-----------------67%-----             ] 5420 of 8000 complete in 387.1 sec
[-----------------67%-----             ] 5427 of 8000 complete in 387.7 sec
[-----------------67%-----             ] 5434 of 8000 complete in 388.2 sec
[-----------------68%-----             ] 5440 of 8000 complete in 388.7 sec
[-----------------68%-----             ] 5448 of 8000 complete in 389.2 sec
[-----------------68%-----             ] 5454 of 8000 complete in 389.8 sec
[-----------------68%-----             ] 5461 of 8000 complete in 390.3 sec
[-----------------68%-----             ] 5469 of 8000 complete in 390.8 sec
[-----------------68%------            ] 5477 of 8000 complete in 391.4 sec
[-----------------68%------            ] 5485 of 8000 complete in 391.9 sec
[-----------------68%------            ] 5493 of 8000 complete in 392.5 sec
[-----------------68%------            ] 5500 of 8000 complete in 393.0 sec
[-----------------68%------            ] 5508 of 8000 complete in 393.5 sec
[-----------------68%------            ] 5516 of 8000 complete in 394.1 sec
[-----------------69%------            ] 5524 of 8000 complete in 394.6 sec
[-----------------69%------            ] 5532 of 8000 complete in 395.2 sec
[-----------------69%------            ] 5539 of 8000 complete in 395.7 sec
[-----------------69%------            ] 5546 of 8000 complete in 396.3 sec
[-----------------69%------            ] 5553 of 8000 complete in 396.8 sec
[-----------------69%------            ] 5561 of 8000 complete in 397.3 sec
[-----------------69%------            ] 5568 of 8000 complete in 397.8 sec
[-----------------69%------            ] 5575 of 8000 complete in 398.4 sec
[-----------------69%------            ] 5583 of 8000 complete in 399.0 sec
[-----------------69%------            ] 5591 of 8000 complete in 399.5 sec
[-----------------69%------            ] 5599 of 8000 complete in 400.1 sec
[-----------------70%------            ] 5607 of 8000 complete in 400.6 sec
[-----------------70%------            ] 5615 of 8000 complete in 401.2 sec
[-----------------70%------            ] 5622 of 8000 complete in 401.7 sec
[-----------------70%------            ] 5630 of 8000 complete in 402.2 sec
[-----------------70%------            ] 5637 of 8000 complete in 402.8 sec
[-----------------70%------            ] 5645 of 8000 complete in 403.3 sec
[-----------------62%---               ] 4974 of 8000 complete in 347.0 sec
[-----------------62%---               ] 4982 of 8000 complete in 347.5 sec
[-----------------62%---               ] 4990 of 8000 complete in 348.1 sec
[-----------------62%---               ] 4998 of 8000 complete in 348.6 sec
[-----------------62%---               ] 5006 of 8000 complete in 349.2 sec
[-----------------62%---               ] 5013 of 8000 complete in 349.7 sec
[-----------------62%---               ] 5021 of 8000 complete in 350.3 sec
[-----------------62%---               ] 5029 of 8000 complete in 350.8 sec
[-----------------62%---               ] 5036 of 8000 complete in 351.3 sec
[-----------------63%---               ] 5043 of 8000 complete in 351.8 sec
[-----------------63%---               ] 5050 of 8000 complete in 352.3 sec
[-----------------63%----              ] 5057 of 8000 complete in 352.9 sec
[-----------------63%----              ] 5065 of 8000 complete in 353.4 sec
[-----------------63%----              ] 5073 of 8000 complete in 354.0 sec
[-----------------63%----              ] 5081 of 8000 complete in 354.5 sec
[-----------------63%----              ] 5088 of 8000 complete in 355.0 sec
[-----------------63%----              ] 5096 of 8000 complete in 355.6 sec
[-----------------63%----              ] 5104 of 8000 complete in 356.2 sec
[-----------------63%----              ] 5112 of 8000 complete in 356.7 sec
[-----------------64%----              ] 5120 of 8000 complete in 357.3 sec
[-----------------64%----              ] 5127 of 8000 complete in 357.8 sec
[-----------------64%----              ] 5134 of 8000 complete in 358.3 sec
[-----------------64%----              ] 5141 of 8000 complete in 358.9 sec
[-----------------64%----              ] 5149 of 8000 complete in 359.4 sec
[-----------------64%----              ] 5157 of 8000 complete in 360.0 sec
[-----------------64%----              ] 5165 of 8000 complete in 360.5 sec
[-----------------64%----              ] 5173 of 8000 complete in 361.0 sec
[-----------------64%----              ] 5181 of 8000 complete in 361.6 sec
[-----------------64%----              ] 5189 of 8000 complete in 362.1 sec
[-----------------64%----              ] 5196 of 8000 complete in 362.6 sec
[-----------------65%----              ] 5203 of 8000 complete in 363.2 sec
[-----------------65%----              ] 5211 of 8000 complete in 363.8 sec
[-----------------65%----              ] 5219 of 8000 complete in 364.3 sec
[-----------------65%----              ] 5227 of 8000 complete in 364.8 sec
[-----------------65%----              ] 5235 of 8000 complete in 365.4 sec
[-----------------65%----              ] 5243 of 8000 complete in 365.9 sec
[-----------------65%----              ] 5251 of 8000 complete in 366.4 sec
[-----------------65%----              ] 5259 of 8000 complete in 367.0 sec
[-----------------65%-----             ] 5267 of 8000 complete in 367.5 sec
[-----------------65%-----             ] 5274 of 8000 complete in 368.0 sec
[-----------------66%-----             ] 5283 of 8000 complete in 368.6 sec
[-----------------66%-----             ] 5292 of 8000 complete in 369.1 sec
[-----------------66%-----             ] 5300 of 8000 complete in 369.6 sec
[-----------------66%-----             ] 5308 of 8000 complete in 370.1 sec
[-----------------66%-----             ] 5315 of 8000 complete in 370.7 sec
[-----------------66%-----             ] 5324 of 8000 complete in 371.2 sec
[-----------------66%-----             ] 5332 of 8000 complete in 371.7 sec
[-----------------66%-----             ] 5340 of 8000 complete in 372.3 sec
[-----------------66%-----             ] 5347 of 8000 complete in 372.8 sec
[-----------------66%-----             ] 5355 of 8000 complete in 373.3 sec
[-----------------67%-----             ] 5362 of 8000 complete in 373.9 sec
[-----------------67%-----             ] 5370 of 8000 complete in 374.4 sec
[-----------------67%-----             ] 5377 of 8000 complete in 375.0 sec
[-----------------67%-----             ] 5384 of 8000 complete in 375.5 sec
[-----------------67%-----             ] 5391 of 8000 complete in 376.0 sec
[-----------------67%-----             ] 5398 of 8000 complete in 376.5 sec
[-----------------67%-----             ] 5405 of 8000 complete in 377.1 sec
[-----------------67%-----             ] 5412 of 8000 complete in 377.6 sec
[-----------------67%-----             ] 5420 of 8000 complete in 378.1 sec
[-----------------67%-----             ] 5427 of 8000 complete in 378.6 sec
[-----------------67%-----             ] 5435 of 8000 complete in 379.2 sec
[-----------------68%-----             ] 5444 of 8000 complete in 379.7 sec
[-----------------68%-----             ] 5452 of 8000 complete in 380.2 sec
[-----------------68%-----             ] 5460 of 8000 complete in 380.7 sec
[-----------------68%-----             ] 5468 of 8000 complete in 381.3 sec
[-----------------68%------            ] 5476 of 8000 complete in 381.8 sec
[-----------------68%------            ] 5483 of 8000 complete in 382.3 sec
[-----------------68%------            ] 5491 of 8000 complete in 382.9 sec
[-----------------68%------            ] 5499 of 8000 complete in 383.4 sec
[-----------------68%------            ] 5506 of 8000 complete in 383.9 sec
[-----------------68%------            ] 5514 of 8000 complete in 384.5 sec
[-----------------69%------            ] 5522 of 8000 complete in 385.0 sec
[-----------------69%------            ] 5529 of 8000 complete in 385.5 sec
[-----------------69%------            ] 5537 of 8000 complete in 386.1 sec
[-----------------69%------            ] 5544 of 8000 complete in 386.7 sec
[-----------------69%------            ] 5551 of 8000 complete in 387.2 sec
[-----------------69%------            ] 5559 of 8000 complete in 387.7 sec
[-----------------69%------            ] 5566 of 8000 complete in 388.3 sec
[-----------------69%------            ] 5573 of 8000 complete in 388.8 sec
[-----------------69%------            ] 5581 of 8000 complete in 389.4 sec
[-----------------69%------            ] 5587 of 8000 complete in 389.9 sec
[-----------------69%------            ] 5595 of 8000 complete in 390.4 sec
[-----------------70%------            ] 5603 of 8000 complete in 391.0 sec
[-----------------70%------            ] 5611 of 8000 complete in 391.5 sec
[-----------------70%------            ] 5619 of 8000 complete in 392.1 sec
[-----------------70%------            ] 5626 of 8000 complete in 392.6 sec
[-----------------70%------            ] 5634 of 8000 complete in 393.1 sec
[-----------------70%------            ] 5642 of 8000 complete in 393.7 sec
[-----------------70%------            ] 5650 of 8000 complete in 394.2 sec
[-----------------70%------            ] 5658 of 8000 complete in 394.8 sec
[-----------------70%------            ] 5666 of 8000 complete in 395.3 sec
[-----------------70%------            ] 5673 of 8000 complete in 395.8 sec
[-----------------71%------            ] 5680 of 8000 complete in 396.4 sec
[-----------------71%-------           ] 5687 of 8000 complete in 396.9 sec
[-----------------71%-------           ] 5695 of 8000 complete in 397.4 sec
[-----------------71%-------           ] 5703 of 8000 complete in 398.0 sec
[-----------------71%-------           ] 5710 of 8000 complete in 398.5 sec
[-----------------71%-------           ] 5718 of 8000 complete in 399.1 sec
[-----------------71%-------           ] 5726 of 8000 complete in 399.6 sec
[-----------------71%-------           ] 5734 of 8000 complete in 400.1 sec
[-----------------71%-------           ] 5742 of 8000 complete in 400.7 sec
[-----------------71%-------           ] 5750 of 8000 complete in 401.2 sec
[-----------------71%-------           ] 5758 of 8000 complete in 401.8 sec
[-----------------72%-------           ] 5766 of 8000 complete in 402.3 sec
[-----------------72%-------           ] 5773 of 8000 complete in 402.8 sec
[-----------------72%-------           ] 5781 of 8000 complete in 403.4 sec
[-----------------72%-------           ] 5789 of 8000 complete in 403.9 sec
[-----------------61%---               ] 4924 of 8000 complete in 347.9 sec
[-----------------61%---               ] 4932 of 8000 complete in 348.4 sec
[-----------------61%---               ] 4940 of 8000 complete in 348.9 sec
[-----------------61%---               ] 4948 of 8000 complete in 349.5 sec
[-----------------61%---               ] 4956 of 8000 complete in 350.0 sec
[-----------------62%---               ] 4963 of 8000 complete in 350.5 sec
[-----------------62%---               ] 4970 of 8000 complete in 351.1 sec
[-----------------62%---               ] 4977 of 8000 complete in 351.6 sec
[-----------------62%---               ] 4984 of 8000 complete in 352.1 sec
[-----------------62%---               ] 4991 of 8000 complete in 352.6 sec
[-----------------62%---               ] 4997 of 8000 complete in 353.1 sec
[-----------------62%---               ] 5005 of 8000 complete in 353.7 sec
[-----------------62%---               ] 5012 of 8000 complete in 354.2 sec
[-----------------62%---               ] 5020 of 8000 complete in 354.7 sec
[-----------------62%---               ] 5027 of 8000 complete in 355.3 sec
[-----------------62%---               ] 5035 of 8000 complete in 355.8 sec
[-----------------63%---               ] 5042 of 8000 complete in 356.3 sec
[-----------------63%---               ] 5050 of 8000 complete in 356.9 sec
[-----------------63%----              ] 5057 of 8000 complete in 357.4 sec
[-----------------63%----              ] 5064 of 8000 complete in 357.9 sec
[-----------------63%----              ] 5071 of 8000 complete in 358.4 sec
[-----------------63%----              ] 5078 of 8000 complete in 359.0 sec
[-----------------63%----              ] 5086 of 8000 complete in 359.5 sec
[-----------------63%----              ] 5094 of 8000 complete in 360.0 sec
[-----------------63%----              ] 5102 of 8000 complete in 360.5 sec
[-----------------63%----              ] 5110 of 8000 complete in 361.1 sec
[-----------------63%----              ] 5118 of 8000 complete in 361.6 sec
[-----------------64%----              ] 5125 of 8000 complete in 362.1 sec
[-----------------64%----              ] 5132 of 8000 complete in 362.7 sec
[-----------------64%----              ] 5139 of 8000 complete in 363.2 sec
[-----------------64%----              ] 5146 of 8000 complete in 363.8 sec
[-----------------64%----              ] 5154 of 8000 complete in 364.3 sec
[-----------------64%----              ] 5163 of 8000 complete in 364.9 sec
[-----------------64%----              ] 5172 of 8000 complete in 365.4 sec
[-----------------64%----              ] 5180 of 8000 complete in 365.9 sec
[-----------------64%----              ] 5188 of 8000 complete in 366.4 sec
[-----------------64%----              ] 5196 of 8000 complete in 367.0 sec
[-----------------65%----              ] 5204 of 8000 complete in 367.5 sec
[-----------------65%----              ] 5211 of 8000 complete in 368.0 sec
[-----------------65%----              ] 5220 of 8000 complete in 368.6 sec
[-----------------65%----              ] 5228 of 8000 complete in 369.1 sec
[-----------------65%----              ] 5236 of 8000 complete in 369.6 sec
[-----------------65%----              ] 5244 of 8000 complete in 370.2 sec
[-----------------65%----              ] 5252 of 8000 complete in 370.7 sec
[-----------------65%----              ] 5260 of 8000 complete in 371.2 sec
[-----------------65%-----             ] 5268 of 8000 complete in 371.7 sec
[-----------------65%-----             ] 5275 of 8000 complete in 372.3 sec
[-----------------66%-----             ] 5282 of 8000 complete in 372.8 sec
[-----------------66%-----             ] 5290 of 8000 complete in 373.3 sec
[-----------------66%-----             ] 5297 of 8000 complete in 373.8 sec
[-----------------66%-----             ] 5305 of 8000 complete in 374.4 sec
[-----------------66%-----             ] 5311 of 8000 complete in 375.0 sec
[-----------------66%-----             ] 5319 of 8000 complete in 375.5 sec
[-----------------66%-----             ] 5327 of 8000 complete in 376.1 sec
[-----------------66%-----             ] 5334 of 8000 complete in 376.6 sec
[-----------------66%-----             ] 5342 of 8000 complete in 377.2 sec
[-----------------66%-----             ] 5349 of 8000 complete in 377.7 sec
[-----------------66%-----             ] 5357 of 8000 complete in 378.3 sec
[-----------------67%-----             ] 5365 of 8000 complete in 378.8 sec
[-----------------67%-----             ] 5373 of 8000 complete in 379.3 sec
[-----------------67%-----             ] 5381 of 8000 complete in 379.8 sec
[-----------------67%-----             ] 5390 of 8000 complete in 380.3 sec
[-----------------67%-----             ] 5398 of 8000 complete in 380.9 sec
[-----------------67%-----             ] 5405 of 8000 complete in 381.4 sec
[-----------------67%-----             ] 5413 of 8000 complete in 381.9 sec
[-----------------67%-----             ] 5420 of 8000 complete in 382.4 sec
[-----------------67%-----             ] 5427 of 8000 complete in 383.0 sec
[-----------------67%-----             ] 5434 of 8000 complete in 383.5 sec
[-----------------68%-----             ] 5442 of 8000 complete in 384.0 sec
[-----------------68%-----             ] 5449 of 8000 complete in 384.5 sec
[-----------------68%-----             ] 5457 of 8000 complete in 385.1 sec
[-----------------68%-----             ] 5464 of 8000 complete in 385.6 sec
[-----------------68%-----             ] 5471 of 8000 complete in 386.1 sec
[-----------------68%------            ] 5478 of 8000 complete in 386.7 sec
[-----------------68%------            ] 5485 of 8000 complete in 387.2 sec
[-----------------68%------            ] 5492 of 8000 complete in 387.7 sec
[-----------------68%------            ] 5499 of 8000 complete in 388.3 sec
[-----------------68%------            ] 5505 of 8000 complete in 388.8 sec
[-----------------68%------            ] 5513 of 8000 complete in 389.3 sec
[-----------------68%------            ] 5519 of 8000 complete in 389.9 sec
[-----------------69%------            ] 5526 of 8000 complete in 390.4 sec
[-----------------69%------            ] 5534 of 8000 complete in 390.9 sec
[-----------------69%------            ] 5542 of 8000 complete in 391.5 sec
[-----------------69%------            ] 5550 of 8000 complete in 392.0 sec
[-----------------69%------            ] 5558 of 8000 complete in 392.6 sec
[-----------------69%------            ] 5566 of 8000 complete in 393.1 sec
[-----------------69%------            ] 5573 of 8000 complete in 393.6 sec
[-----------------69%------            ] 5581 of 8000 complete in 394.2 sec
[-----------------69%------            ] 5589 of 8000 complete in 394.8 sec
[-----------------69%------            ] 5597 of 8000 complete in 395.3 sec
[-----------------70%------            ] 5604 of 8000 complete in 395.8 sec
[-----------------70%------            ] 5611 of 8000 complete in 396.4 sec
[-----------------70%------            ] 5618 of 8000 complete in 396.9 sec
[-----------------70%------            ] 5626 of 8000 complete in 397.4 sec
[-----------------70%------            ] 5634 of 8000 complete in 397.9 sec
[-----------------70%------            ] 5641 of 8000 complete in 398.5 sec
[-----------------70%------            ] 5649 of 8000 complete in 399.0 sec
[-----------------70%------            ] 5657 of 8000 complete in 399.6 sec
[-----------------70%------            ] 5665 of 8000 complete in 400.1 sec
[-----------------70%------            ] 5673 of 8000 complete in 400.7 sec
[-----------------71%------            ] 5681 of 8000 complete in 401.2 sec
[-----------------71%-------           ] 5688 of 8000 complete in 401.7 sec
[-----------------71%-------           ] 5696 of 8000 complete in 402.3 sec
[-----------------71%-------           ] 5703 of 8000 complete in 402.8 sec
[-----------------71%-------           ] 5711 of 8000 complete in 403.3 sec
[-----------------71%-------           ] 5719 of 8000 complete in 403.9 sec
[-----------------71%-------           ] 5726 of 8000 complete in 404.4 sec
[-----------------60%---               ] 4868 of 8000 complete in 348.2 sec
[-----------------60%---               ] 4876 of 8000 complete in 348.7 sec
[-----------------61%---               ] 4884 of 8000 complete in 349.3 sec
[-----------------61%---               ] 4891 of 8000 complete in 349.8 sec
[-----------------61%---               ] 4899 of 8000 complete in 350.3 sec
[-----------------61%---               ] 4906 of 8000 complete in 350.9 sec
[-----------------61%---               ] 4913 of 8000 complete in 351.4 sec
[-----------------61%---               ] 4921 of 8000 complete in 352.0 sec
[-----------------61%---               ] 4928 of 8000 complete in 352.5 sec
[-----------------61%---               ] 4935 of 8000 complete in 353.1 sec
[-----------------61%---               ] 4943 of 8000 complete in 353.6 sec
[-----------------61%---               ] 4951 of 8000 complete in 354.2 sec
[-----------------61%---               ] 4958 of 8000 complete in 354.7 sec
[-----------------62%---               ] 4965 of 8000 complete in 355.3 sec
[-----------------62%---               ] 4973 of 8000 complete in 355.8 sec
[-----------------62%---               ] 4980 of 8000 complete in 356.3 sec
[-----------------62%---               ] 4987 of 8000 complete in 356.8 sec
[-----------------62%---               ] 4994 of 8000 complete in 357.4 sec
[-----------------62%---               ] 5000 of 8000 complete in 357.9 sec
[-----------------62%---               ] 5007 of 8000 complete in 358.5 sec
[-----------------62%---               ] 5014 of 8000 complete in 359.0 sec
[-----------------62%---               ] 5022 of 8000 complete in 359.5 sec
[-----------------62%---               ] 5030 of 8000 complete in 360.0 sec
[-----------------62%---               ] 5038 of 8000 complete in 360.6 sec
[-----------------63%---               ] 5046 of 8000 complete in 361.1 sec
[-----------------63%----              ] 5054 of 8000 complete in 361.6 sec
[-----------------63%----              ] 5062 of 8000 complete in 362.2 sec
[-----------------63%----              ] 5068 of 8000 complete in 362.7 sec
[-----------------63%----              ] 5075 of 8000 complete in 363.2 sec
[-----------------63%----              ] 5082 of 8000 complete in 363.8 sec
[-----------------63%----              ] 5089 of 8000 complete in 364.3 sec
[-----------------63%----              ] 5097 of 8000 complete in 364.8 sec
[-----------------63%----              ] 5105 of 8000 complete in 365.3 sec
[-----------------63%----              ] 5113 of 8000 complete in 365.8 sec
[-----------------64%----              ] 5121 of 8000 complete in 366.4 sec
[-----------------64%----              ] 5129 of 8000 complete in 366.9 sec
[-----------------64%----              ] 5137 of 8000 complete in 367.4 sec
[-----------------64%----              ] 5144 of 8000 complete in 368.0 sec
[-----------------64%----              ] 5152 of 8000 complete in 368.5 sec
[-----------------64%----              ] 5160 of 8000 complete in 369.0 sec
[-----------------64%----              ] 5168 of 8000 complete in 369.6 sec
[-----------------64%----              ] 5175 of 8000 complete in 370.1 sec
[-----------------64%----              ] 5183 of 8000 complete in 370.7 sec
[-----------------64%----              ] 5191 of 8000 complete in 371.2 sec
[-----------------64%----              ] 5199 of 8000 complete in 371.8 sec
[-----------------65%----              ] 5206 of 8000 complete in 372.3 sec
[-----------------65%----              ] 5213 of 8000 complete in 372.9 sec
[-----------------65%----              ] 5220 of 8000 complete in 373.4 sec
[-----------------65%----              ] 5228 of 8000 complete in 373.9 sec
[-----------------65%----              ] 5235 of 8000 complete in 374.5 sec
[-----------------65%----              ] 5241 of 8000 complete in 375.0 sec
[-----------------65%----              ] 5248 of 8000 complete in 375.5 sec
[-----------------65%----              ] 5255 of 8000 complete in 376.0 sec
[-----------------65%----              ] 5262 of 8000 complete in 376.6 sec
[-----------------65%-----             ] 5269 of 8000 complete in 377.1 sec
[-----------------65%-----             ] 5276 of 8000 complete in 377.6 sec
[-----------------66%-----             ] 5283 of 8000 complete in 378.1 sec
[-----------------66%-----             ] 5291 of 8000 complete in 378.7 sec
[-----------------66%-----             ] 5299 of 8000 complete in 379.2 sec
[-----------------66%-----             ] 5307 of 8000 complete in 379.7 sec
[-----------------66%-----             ] 5315 of 8000 complete in 380.3 sec
[-----------------66%-----             ] 5322 of 8000 complete in 380.8 sec
[-----------------66%-----             ] 5329 of 8000 complete in 381.3 sec
[-----------------66%-----             ] 5336 of 8000 complete in 381.8 sec
[-----------------66%-----             ] 5343 of 8000 complete in 382.3 sec
[-----------------66%-----             ] 5350 of 8000 complete in 382.9 sec
[-----------------66%-----             ] 5358 of 8000 complete in 383.5 sec
[-----------------67%-----             ] 5365 of 8000 complete in 384.0 sec
[-----------------67%-----             ] 5373 of 8000 complete in 384.5 sec
[-----------------67%-----             ] 5380 of 8000 complete in 385.0 sec
[-----------------67%-----             ] 5387 of 8000 complete in 385.6 sec
[-----------------67%-----             ] 5394 of 8000 complete in 386.1 sec
[-----------------67%-----             ] 5401 of 8000 complete in 386.6 sec
[-----------------67%-----             ] 5408 of 8000 complete in 387.2 sec
[-----------------67%-----             ] 5415 of 8000 complete in 387.7 sec
[-----------------67%-----             ] 5422 of 8000 complete in 388.3 sec
[-----------------67%-----             ] 5429 of 8000 complete in 388.8 sec
[-----------------67%-----             ] 5437 of 8000 complete in 389.4 sec
[-----------------68%-----             ] 5443 of 8000 complete in 389.9 sec
[-----------------68%-----             ] 5451 of 8000 complete in 390.5 sec
[-----------------68%-----             ] 5459 of 8000 complete in 391.0 sec
[-----------------68%-----             ] 5468 of 8000 complete in 391.6 sec
[-----------------68%------            ] 5476 of 8000 complete in 392.1 sec
[-----------------68%------            ] 5484 of 8000 complete in 392.6 sec
[-----------------68%------            ] 5492 of 8000 complete in 393.2 sec
[-----------------68%------            ] 5500 of 8000 complete in 393.8 sec
[-----------------68%------            ] 5508 of 8000 complete in 394.3 sec
[-----------------68%------            ] 5516 of 8000 complete in 394.8 sec
[-----------------69%------            ] 5523 of 8000 complete in 395.4 sec
[-----------------69%------            ] 5530 of 8000 complete in 395.9 sec
[-----------------69%------            ] 5537 of 8000 complete in 396.4 sec
[-----------------69%------            ] 5544 of 8000 complete in 397.0 sec
[-----------------69%------            ] 5552 of 8000 complete in 397.5 sec
[-----------------69%------            ] 5559 of 8000 complete in 398.1 sec
[-----------------69%------            ] 5566 of 8000 complete in 398.6 sec
[-----------------69%------            ] 5574 of 8000 complete in 399.2 sec
[-----------------69%------            ] 5583 of 8000 complete in 399.7 sec
[-----------------69%------            ] 5591 of 8000 complete in 400.3 sec
[-----------------69%------            ] 5599 of 8000 complete in 400.8 sec
[-----------------70%------            ] 5607 of 8000 complete in 401.4 sec
[-----------------70%------            ] 5615 of 8000 complete in 402.0 sec
[-----------------70%------            ] 5623 of 8000 complete in 402.5 sec
[-----------------70%------            ] 5630 of 8000 complete in 403.1 sec
[-----------------70%------            ] 5638 of 8000 complete in 403.6 sec
[-----------------70%------            ] 5645 of 8000 complete in 404.2 sec
[-----------------70%------            ] 5652 of 8000 complete in 404.7 sec
[-----------------70%------            ] 5659 of 8000 complete in 405.3 sec
[-----------------70%------            ] 5653 of 8000 complete in 403.9 sec
[-----------------70%------            ] 5660 of 8000 complete in 404.5 sec
[-----------------70%------            ] 5667 of 8000 complete in 405.0 sec
[-----------------70%------            ] 5674 of 8000 complete in 405.5 sec
[-----------------71%------            ] 5681 of 8000 complete in 406.0 sec
[-----------------71%-------           ] 5689 of 8000 complete in 406.6 sec
[-----------------71%-------           ] 5697 of 8000 complete in 407.1 sec
[-----------------71%-------           ] 5704 of 8000 complete in 407.6 sec
[-----------------71%-------           ] 5712 of 8000 complete in 408.2 sec
[-----------------71%-------           ] 5720 of 8000 complete in 408.7 sec
[-----------------71%-------           ] 5728 of 8000 complete in 409.3 sec
[-----------------71%-------           ] 5736 of 8000 complete in 409.8 sec
[-----------------71%-------           ] 5744 of 8000 complete in 410.3 sec
[-----------------71%-------           ] 5751 of 8000 complete in 410.8 sec
[-----------------71%-------           ] 5758 of 8000 complete in 411.3 sec
[-----------------72%-------           ] 5766 of 8000 complete in 411.8 sec
[-----------------72%-------           ] 5774 of 8000 complete in 412.4 sec
[-----------------72%-------           ] 5781 of 8000 complete in 412.9 sec
[-----------------72%-------           ] 5788 of 8000 complete in 413.5 sec
[-----------------72%-------           ] 5795 of 8000 complete in 414.0 sec
[-----------------72%-------           ] 5802 of 8000 complete in 414.5 sec
[-----------------72%-------           ] 5809 of 8000 complete in 415.1 sec
[-----------------72%-------           ] 5816 of 8000 complete in 415.6 sec
[-----------------72%-------           ] 5823 of 8000 complete in 416.1 sec
[-----------------72%-------           ] 5831 of 8000 complete in 416.7 sec
[-----------------72%-------           ] 5839 of 8000 complete in 417.2 sec
[-----------------73%-------           ] 5846 of 8000 complete in 417.7 sec
[-----------------73%-------           ] 5853 of 8000 complete in 418.3 sec
[-----------------73%-------           ] 5860 of 8000 complete in 418.8 sec
[-----------------73%-------           ] 5868 of 8000 complete in 419.3 sec
[-----------------73%-------           ] 5876 of 8000 complete in 419.8 sec
[-----------------73%-------           ] 5884 of 8000 complete in 420.4 sec
[-----------------73%-------           ] 5892 of 8000 complete in 420.9 sec
[-----------------73%--------          ] 5900 of 8000 complete in 421.4 sec
[-----------------73%--------          ] 5909 of 8000 complete in 422.0 sec
[-----------------73%--------          ] 5917 of 8000 complete in 422.6 sec
[-----------------74%--------          ] 5924 of 8000 complete in 423.1 sec
[-----------------74%--------          ] 5932 of 8000 complete in 423.6 sec
[-----------------74%--------          ] 5940 of 8000 complete in 424.1 sec
[-----------------74%--------          ] 5948 of 8000 complete in 424.6 sec
[-----------------74%--------          ] 5956 of 8000 complete in 425.2 sec
[-----------------74%--------          ] 5964 of 8000 complete in 425.7 sec
[-----------------74%--------          ] 5971 of 8000 complete in 426.2 sec
[-----------------74%--------          ] 5979 of 8000 complete in 426.8 sec
[-----------------74%--------          ] 5987 of 8000 complete in 427.3 sec
[-----------------74%--------          ] 5995 of 8000 complete in 427.9 sec
[-----------------75%--------          ] 6002 of 8000 complete in 428.4 sec
[-----------------75%--------          ] 6010 of 8000 complete in 428.9 sec
[-----------------75%--------          ] 6017 of 8000 complete in 429.5 sec
[-----------------75%--------          ] 6024 of 8000 complete in 430.0 sec
[-----------------75%--------          ] 6032 of 8000 complete in 430.5 sec
[-----------------75%--------          ] 6040 of 8000 complete in 431.1 sec
[-----------------75%--------          ] 6047 of 8000 complete in 431.6 sec
[-----------------75%--------          ] 6054 of 8000 complete in 432.1 sec
[-----------------75%--------          ] 6060 of 8000 complete in 432.7 sec
[-----------------75%--------          ] 6067 of 8000 complete in 433.3 sec
[-----------------75%--------          ] 6075 of 8000 complete in 433.8 sec
[-----------------76%--------          ] 6082 of 8000 complete in 434.3 sec
[-----------------76%--------          ] 6090 of 8000 complete in 434.9 sec
[-----------------76%--------          ] 6098 of 8000 complete in 435.4 sec
[-----------------76%---------         ] 6106 of 8000 complete in 436.0 sec
[-----------------76%---------         ] 6114 of 8000 complete in 436.5 sec
[-----------------76%---------         ] 6122 of 8000 complete in 437.0 sec
[-----------------76%---------         ] 6130 of 8000 complete in 437.6 sec
[-----------------76%---------         ] 6137 of 8000 complete in 438.1 sec
[-----------------76%---------         ] 6145 of 8000 complete in 438.6 sec
[-----------------76%---------         ] 6153 of 8000 complete in 439.1 sec
[-----------------77%---------         ] 6161 of 8000 complete in 439.6 sec
[-----------------77%---------         ] 6168 of 8000 complete in 440.2 sec
[-----------------77%---------         ] 6175 of 8000 complete in 440.7 sec
[-----------------77%---------         ] 6182 of 8000 complete in 441.3 sec
[-----------------77%---------         ] 6190 of 8000 complete in 441.8 sec
[-----------------77%---------         ] 6197 of 8000 complete in 442.4 sec
[-----------------77%---------         ] 6203 of 8000 complete in 442.9 sec
[-----------------77%---------         ] 6210 of 8000 complete in 443.5 sec
[-----------------77%---------         ] 6218 of 8000 complete in 444.0 sec
[-----------------77%---------         ] 6226 of 8000 complete in 444.6 sec
[-----------------77%---------         ] 6234 of 8000 complete in 445.1 sec
[-----------------78%---------         ] 6241 of 8000 complete in 445.6 sec
[-----------------78%---------         ] 6248 of 8000 complete in 446.2 sec
[-----------------78%---------         ] 6256 of 8000 complete in 446.7 sec
[-----------------78%---------         ] 6263 of 8000 complete in 447.2 sec
[-----------------78%---------         ] 6271 of 8000 complete in 447.8 sec
[-----------------78%---------         ] 6278 of 8000 complete in 448.3 sec
[-----------------78%---------         ] 6285 of 8000 complete in 448.9 sec
[-----------------78%---------         ] 6293 of 8000 complete in 449.4 sec
[-----------------78%---------         ] 6300 of 8000 complete in 449.9 sec
[-----------------78%---------         ] 6309 of 8000 complete in 450.5 sec
[-----------------78%----------        ] 6317 of 8000 complete in 451.0 sec
[-----------------79%----------        ] 6325 of 8000 complete in 451.6 sec
[-----------------79%----------        ] 6333 of 8000 complete in 452.1 sec
[-----------------79%----------        ] 6341 of 8000 complete in 452.6 sec
[-----------------79%----------        ] 6348 of 8000 complete in 453.1 sec
[-----------------79%----------        ] 6356 of 8000 complete in 453.6 sec
[-----------------79%----------        ] 6363 of 8000 complete in 454.2 sec
[-----------------79%----------        ] 6370 of 8000 complete in 454.7 sec
[-----------------79%----------        ] 6378 of 8000 complete in 455.2 sec
[-----------------79%----------        ] 6385 of 8000 complete in 455.8 sec
[-----------------79%----------        ] 6393 of 8000 complete in 456.3 sec
[-----------------80%----------        ] 6401 of 8000 complete in 456.9 sec
[-----------------80%----------        ] 6408 of 8000 complete in 457.4 sec
[-----------------80%----------        ] 6415 of 8000 complete in 458.0 sec
[-----------------80%----------        ] 6421 of 8000 complete in 458.5 sec
[-----------------80%----------        ] 6429 of 8000 complete in 459.0 sec
[-----------------80%----------        ] 6436 of 8000 complete in 459.6 sec
[-----------------80%----------        ] 6444 of 8000 complete in 460.1 sec
[-----------------80%----------        ] 6452 of 8000 complete in 460.6 sec
[-----------------72%-------           ] 5796 of 8000 complete in 404.4 sec
[-----------------72%-------           ] 5804 of 8000 complete in 405.0 sec
[-----------------72%-------           ] 5811 of 8000 complete in 405.5 sec
[-----------------72%-------           ] 5819 of 8000 complete in 406.0 sec
[-----------------72%-------           ] 5827 of 8000 complete in 406.5 sec
[-----------------72%-------           ] 5835 of 8000 complete in 407.1 sec
[-----------------73%-------           ] 5842 of 8000 complete in 407.6 sec
[-----------------73%-------           ] 5850 of 8000 complete in 408.1 sec
[-----------------73%-------           ] 5858 of 8000 complete in 408.7 sec
[-----------------73%-------           ] 5866 of 8000 complete in 409.2 sec
[-----------------73%-------           ] 5874 of 8000 complete in 409.7 sec
[-----------------73%-------           ] 5883 of 8000 complete in 410.3 sec
[-----------------73%-------           ] 5891 of 8000 complete in 410.8 sec
[-----------------73%--------          ] 5899 of 8000 complete in 411.4 sec
[-----------------73%--------          ] 5906 of 8000 complete in 411.9 sec
[-----------------73%--------          ] 5914 of 8000 complete in 412.4 sec
[-----------------74%--------          ] 5921 of 8000 complete in 413.0 sec
[-----------------74%--------          ] 5928 of 8000 complete in 413.5 sec
[-----------------74%--------          ] 5936 of 8000 complete in 414.0 sec
[-----------------74%--------          ] 5943 of 8000 complete in 414.5 sec
[-----------------74%--------          ] 5950 of 8000 complete in 415.1 sec
[-----------------74%--------          ] 5957 of 8000 complete in 415.6 sec
[-----------------74%--------          ] 5965 of 8000 complete in 416.2 sec
[-----------------74%--------          ] 5973 of 8000 complete in 416.7 sec
[-----------------74%--------          ] 5981 of 8000 complete in 417.3 sec
[-----------------74%--------          ] 5989 of 8000 complete in 417.8 sec
[-----------------74%--------          ] 5996 of 8000 complete in 418.3 sec
[-----------------75%--------          ] 6003 of 8000 complete in 418.8 sec
[-----------------75%--------          ] 6011 of 8000 complete in 419.3 sec
[-----------------75%--------          ] 6019 of 8000 complete in 419.9 sec
[-----------------75%--------          ] 6027 of 8000 complete in 420.4 sec
[-----------------75%--------          ] 6035 of 8000 complete in 420.9 sec
[-----------------75%--------          ] 6043 of 8000 complete in 421.4 sec
[-----------------75%--------          ] 6051 of 8000 complete in 421.9 sec
[-----------------75%--------          ] 6059 of 8000 complete in 422.4 sec
[-----------------75%--------          ] 6066 of 8000 complete in 423.0 sec
[-----------------75%--------          ] 6074 of 8000 complete in 423.5 sec
[-----------------76%--------          ] 6082 of 8000 complete in 424.0 sec
[-----------------76%--------          ] 6091 of 8000 complete in 424.6 sec
[-----------------76%--------          ] 6100 of 8000 complete in 425.1 sec
[-----------------76%---------         ] 6108 of 8000 complete in 425.6 sec
[-----------------76%---------         ] 6115 of 8000 complete in 426.2 sec
[-----------------76%---------         ] 6123 of 8000 complete in 426.7 sec
[-----------------76%---------         ] 6131 of 8000 complete in 427.3 sec
[-----------------76%---------         ] 6139 of 8000 complete in 427.8 sec
[-----------------76%---------         ] 6147 of 8000 complete in 428.4 sec
[-----------------76%---------         ] 6155 of 8000 complete in 428.9 sec
[-----------------77%---------         ] 6162 of 8000 complete in 429.4 sec
[-----------------77%---------         ] 6170 of 8000 complete in 429.9 sec
[-----------------77%---------         ] 6178 of 8000 complete in 430.4 sec
[-----------------77%---------         ] 6186 of 8000 complete in 431.0 sec
[-----------------77%---------         ] 6194 of 8000 complete in 431.5 sec
[-----------------77%---------         ] 6201 of 8000 complete in 432.1 sec
[-----------------77%---------         ] 6208 of 8000 complete in 432.6 sec
[-----------------77%---------         ] 6215 of 8000 complete in 433.2 sec
[-----------------77%---------         ] 6223 of 8000 complete in 433.8 sec
[-----------------77%---------         ] 6231 of 8000 complete in 434.3 sec
[-----------------77%---------         ] 6239 of 8000 complete in 434.8 sec
[-----------------78%---------         ] 6247 of 8000 complete in 435.4 sec
[-----------------78%---------         ] 6255 of 8000 complete in 435.9 sec
[-----------------78%---------         ] 6263 of 8000 complete in 436.4 sec
[-----------------78%---------         ] 6272 of 8000 complete in 437.0 sec
[-----------------78%---------         ] 6280 of 8000 complete in 437.5 sec
[-----------------78%---------         ] 6288 of 8000 complete in 438.1 sec
[-----------------78%---------         ] 6297 of 8000 complete in 438.6 sec
[-----------------78%---------         ] 6305 of 8000 complete in 439.1 sec
[-----------------78%---------         ] 6313 of 8000 complete in 439.7 sec
[-----------------79%----------        ] 6320 of 8000 complete in 440.2 sec
[-----------------79%----------        ] 6327 of 8000 complete in 440.8 sec
[-----------------79%----------        ] 6334 of 8000 complete in 441.3 sec
[-----------------79%----------        ] 6342 of 8000 complete in 441.8 sec
[-----------------79%----------        ] 6349 of 8000 complete in 442.4 sec
[-----------------79%----------        ] 6355 of 8000 complete in 442.9 sec
[-----------------79%----------        ] 6362 of 8000 complete in 443.4 sec
[-----------------79%----------        ] 6369 of 8000 complete in 443.9 sec
[-----------------79%----------        ] 6377 of 8000 complete in 444.5 sec
[-----------------79%----------        ] 6385 of 8000 complete in 445.0 sec
[-----------------79%----------        ] 6393 of 8000 complete in 445.6 sec
[-----------------80%----------        ] 6401 of 8000 complete in 446.1 sec
[-----------------80%----------        ] 6409 of 8000 complete in 446.7 sec
[-----------------80%----------        ] 6417 of 8000 complete in 447.3 sec
[-----------------80%----------        ] 6424 of 8000 complete in 447.8 sec
[-----------------80%----------        ] 6431 of 8000 complete in 448.3 sec
[-----------------80%----------        ] 6438 of 8000 complete in 448.9 sec
[-----------------80%----------        ] 6446 of 8000 complete in 449.4 sec
[-----------------80%----------        ] 6454 of 8000 complete in 449.9 sec
[-----------------80%----------        ] 6462 of 8000 complete in 450.5 sec
[-----------------80%----------        ] 6470 of 8000 complete in 451.0 sec
[-----------------80%----------        ] 6477 of 8000 complete in 451.5 sec
[-----------------81%----------        ] 6485 of 8000 complete in 452.0 sec
[-----------------81%----------        ] 6493 of 8000 complete in 452.6 sec
[-----------------81%----------        ] 6500 of 8000 complete in 453.1 sec
[-----------------81%----------        ] 6508 of 8000 complete in 453.6 sec
[-----------------81%----------        ] 6515 of 8000 complete in 454.1 sec
[-----------------81%----------        ] 6523 of 8000 complete in 454.7 sec
[-----------------81%-----------       ] 6531 of 8000 complete in 455.2 sec
[-----------------81%-----------       ] 6539 of 8000 complete in 455.8 sec
[-----------------81%-----------       ] 6547 of 8000 complete in 456.3 sec
[-----------------81%-----------       ] 6555 of 8000 complete in 456.9 sec
[-----------------82%-----------       ] 6562 of 8000 complete in 457.4 sec
[-----------------82%-----------       ] 6569 of 8000 complete in 457.9 sec
[-----------------82%-----------       ] 6576 of 8000 complete in 458.5 sec
[-----------------82%-----------       ] 6583 of 8000 complete in 459.0 sec
[-----------------82%-----------       ] 6591 of 8000 complete in 459.5 sec
[-----------------82%-----------       ] 6599 of 8000 complete in 460.1 sec
[-----------------82%-----------       ] 6607 of 8000 complete in 460.6 sec
[-----------------82%-----------       ] 6614 of 8000 complete in 461.1 sec
[-----------------71%-------           ] 5733 of 8000 complete in 404.9 sec
[-----------------71%-------           ] 5740 of 8000 complete in 405.5 sec
[-----------------71%-------           ] 5747 of 8000 complete in 406.0 sec
[-----------------71%-------           ] 5755 of 8000 complete in 406.5 sec
[-----------------72%-------           ] 5763 of 8000 complete in 407.1 sec
[-----------------72%-------           ] 5770 of 8000 complete in 407.6 sec
[-----------------72%-------           ] 5778 of 8000 complete in 408.1 sec
[-----------------72%-------           ] 5786 of 8000 complete in 408.6 sec
[-----------------72%-------           ] 5794 of 8000 complete in 409.2 sec
[-----------------72%-------           ] 5802 of 8000 complete in 409.7 sec
[-----------------72%-------           ] 5810 of 8000 complete in 410.3 sec
[-----------------72%-------           ] 5817 of 8000 complete in 410.8 sec
[-----------------72%-------           ] 5824 of 8000 complete in 411.3 sec
[-----------------72%-------           ] 5831 of 8000 complete in 411.8 sec
[-----------------72%-------           ] 5838 of 8000 complete in 412.3 sec
[-----------------73%-------           ] 5845 of 8000 complete in 412.9 sec
[-----------------73%-------           ] 5852 of 8000 complete in 413.4 sec
[-----------------73%-------           ] 5860 of 8000 complete in 414.0 sec
[-----------------73%-------           ] 5868 of 8000 complete in 414.5 sec
[-----------------73%-------           ] 5874 of 8000 complete in 415.0 sec
[-----------------73%-------           ] 5881 of 8000 complete in 415.5 sec
[-----------------73%-------           ] 5889 of 8000 complete in 416.1 sec
[-----------------73%--------          ] 5896 of 8000 complete in 416.6 sec
[-----------------73%--------          ] 5903 of 8000 complete in 417.1 sec
[-----------------73%--------          ] 5911 of 8000 complete in 417.7 sec
[-----------------73%--------          ] 5919 of 8000 complete in 418.3 sec
[-----------------74%--------          ] 5926 of 8000 complete in 418.8 sec
[-----------------74%--------          ] 5934 of 8000 complete in 419.3 sec
[-----------------74%--------          ] 5942 of 8000 complete in 419.9 sec
[-----------------74%--------          ] 5950 of 8000 complete in 420.4 sec
[-----------------74%--------          ] 5958 of 8000 complete in 420.9 sec
[-----------------74%--------          ] 5966 of 8000 complete in 421.4 sec
[-----------------74%--------          ] 5974 of 8000 complete in 421.9 sec
[-----------------74%--------          ] 5982 of 8000 complete in 422.4 sec
[-----------------74%--------          ] 5990 of 8000 complete in 423.0 sec
[-----------------74%--------          ] 5998 of 8000 complete in 423.5 sec
[-----------------75%--------          ] 6006 of 8000 complete in 424.1 sec
[-----------------75%--------          ] 6014 of 8000 complete in 424.6 sec
[-----------------75%--------          ] 6023 of 8000 complete in 425.1 sec
[-----------------75%--------          ] 6031 of 8000 complete in 425.7 sec
[-----------------75%--------          ] 6038 of 8000 complete in 426.2 sec
[-----------------75%--------          ] 6046 of 8000 complete in 426.7 sec
[-----------------75%--------          ] 6054 of 8000 complete in 427.3 sec
[-----------------75%--------          ] 6062 of 8000 complete in 427.8 sec
[-----------------75%--------          ] 6069 of 8000 complete in 428.4 sec
[-----------------75%--------          ] 6077 of 8000 complete in 428.9 sec
[-----------------76%--------          ] 6084 of 8000 complete in 429.5 sec
[-----------------76%--------          ] 6091 of 8000 complete in 430.0 sec
[-----------------76%--------          ] 6099 of 8000 complete in 430.5 sec
[-----------------76%---------         ] 6107 of 8000 complete in 431.1 sec
[-----------------76%---------         ] 6114 of 8000 complete in 431.6 sec
[-----------------76%---------         ] 6121 of 8000 complete in 432.1 sec
[-----------------76%---------         ] 6128 of 8000 complete in 432.6 sec
[-----------------76%---------         ] 6134 of 8000 complete in 433.1 sec
[-----------------76%---------         ] 6142 of 8000 complete in 433.7 sec
[-----------------76%---------         ] 6150 of 8000 complete in 434.2 sec
[-----------------76%---------         ] 6158 of 8000 complete in 434.8 sec
[-----------------77%---------         ] 6166 of 8000 complete in 435.3 sec
[-----------------77%---------         ] 6174 of 8000 complete in 435.9 sec
[-----------------77%---------         ] 6182 of 8000 complete in 436.4 sec
[-----------------77%---------         ] 6190 of 8000 complete in 436.9 sec
[-----------------77%---------         ] 6198 of 8000 complete in 437.4 sec
[-----------------77%---------         ] 6206 of 8000 complete in 438.0 sec
[-----------------77%---------         ] 6214 of 8000 complete in 438.5 sec
[-----------------77%---------         ] 6222 of 8000 complete in 439.0 sec
[-----------------77%---------         ] 6230 of 8000 complete in 439.6 sec
[-----------------77%---------         ] 6237 of 8000 complete in 440.1 sec
[-----------------78%---------         ] 6244 of 8000 complete in 440.7 sec
[-----------------78%---------         ] 6251 of 8000 complete in 441.2 sec
[-----------------78%---------         ] 6258 of 8000 complete in 441.7 sec
[-----------------78%---------         ] 6265 of 8000 complete in 442.3 sec
[-----------------78%---------         ] 6271 of 8000 complete in 442.8 sec
[-----------------78%---------         ] 6278 of 8000 complete in 443.3 sec
[-----------------78%---------         ] 6285 of 8000 complete in 443.8 sec
[-----------------78%---------         ] 6293 of 8000 complete in 444.4 sec
[-----------------78%---------         ] 6300 of 8000 complete in 444.9 sec
[-----------------78%---------         ] 6308 of 8000 complete in 445.4 sec
[-----------------78%---------         ] 6315 of 8000 complete in 446.0 sec
[-----------------79%----------        ] 6323 of 8000 complete in 446.5 sec
[-----------------79%----------        ] 6331 of 8000 complete in 447.1 sec
[-----------------79%----------        ] 6339 of 8000 complete in 447.6 sec
[-----------------79%----------        ] 6347 of 8000 complete in 448.2 sec
[-----------------79%----------        ] 6354 of 8000 complete in 448.7 sec
[-----------------79%----------        ] 6361 of 8000 complete in 449.3 sec
[-----------------79%----------        ] 6369 of 8000 complete in 449.8 sec
[-----------------79%----------        ] 6378 of 8000 complete in 450.4 sec
[-----------------79%----------        ] 6386 of 8000 complete in 450.9 sec
[-----------------79%----------        ] 6394 of 8000 complete in 451.5 sec
[-----------------80%----------        ] 6402 of 8000 complete in 452.0 sec
[-----------------80%----------        ] 6411 of 8000 complete in 452.6 sec
[-----------------80%----------        ] 6419 of 8000 complete in 453.1 sec
[-----------------80%----------        ] 6427 of 8000 complete in 453.7 sec
[-----------------80%----------        ] 6434 of 8000 complete in 454.2 sec
[-----------------80%----------        ] 6442 of 8000 complete in 454.8 sec
[-----------------80%----------        ] 6450 of 8000 complete in 455.3 sec
[-----------------80%----------        ] 6458 of 8000 complete in 455.9 sec
[-----------------80%----------        ] 6466 of 8000 complete in 456.4 sec
[-----------------80%----------        ] 6474 of 8000 complete in 457.0 sec
[-----------------81%----------        ] 6481 of 8000 complete in 457.5 sec
[-----------------81%----------        ] 6488 of 8000 complete in 458.0 sec
[-----------------81%----------        ] 6495 of 8000 complete in 458.5 sec
[-----------------81%----------        ] 6503 of 8000 complete in 459.1 sec
[-----------------81%----------        ] 6510 of 8000 complete in 459.6 sec
[-----------------81%----------        ] 6518 of 8000 complete in 460.2 sec
[-----------------81%----------        ] 6525 of 8000 complete in 460.7 sec
[-----------------81%-----------       ] 6532 of 8000 complete in 461.2 sec
[-----------------81%-----------       ] 6540 of 8000 complete in 461.7 sec
[-----------------70%------            ] 5667 of 8000 complete in 405.8 sec
[-----------------70%------            ] 5675 of 8000 complete in 406.4 sec
[-----------------71%------            ] 5683 of 8000 complete in 406.9 sec
[-----------------71%-------           ] 5690 of 8000 complete in 407.4 sec
[-----------------71%-------           ] 5698 of 8000 complete in 408.0 sec
[-----------------71%-------           ] 5706 of 8000 complete in 408.5 sec
[-----------------71%-------           ] 5714 of 8000 complete in 409.0 sec
[-----------------71%-------           ] 5723 of 8000 complete in 409.6 sec
[-----------------71%-------           ] 5731 of 8000 complete in 410.1 sec
[-----------------71%-------           ] 5738 of 8000 complete in 410.6 sec
[-----------------71%-------           ] 5745 of 8000 complete in 411.1 sec
[-----------------71%-------           ] 5752 of 8000 complete in 411.6 sec
[-----------------72%-------           ] 5760 of 8000 complete in 412.2 sec
[-----------------72%-------           ] 5767 of 8000 complete in 412.8 sec
[-----------------72%-------           ] 5775 of 8000 complete in 413.3 sec
[-----------------72%-------           ] 5782 of 8000 complete in 413.8 sec
[-----------------72%-------           ] 5789 of 8000 complete in 414.4 sec
[-----------------72%-------           ] 5796 of 8000 complete in 414.9 sec
[-----------------72%-------           ] 5803 of 8000 complete in 415.4 sec
[-----------------72%-------           ] 5811 of 8000 complete in 416.0 sec
[-----------------72%-------           ] 5819 of 8000 complete in 416.5 sec
[-----------------72%-------           ] 5826 of 8000 complete in 417.1 sec
[-----------------72%-------           ] 5833 of 8000 complete in 417.6 sec
[-----------------73%-------           ] 5840 of 8000 complete in 418.1 sec
[-----------------73%-------           ] 5847 of 8000 complete in 418.6 sec
[-----------------73%-------           ] 5855 of 8000 complete in 419.2 sec
[-----------------73%-------           ] 5863 of 8000 complete in 419.7 sec
[-----------------73%-------           ] 5871 of 8000 complete in 420.2 sec
[-----------------73%-------           ] 5880 of 8000 complete in 420.8 sec
[-----------------73%-------           ] 5888 of 8000 complete in 421.3 sec
[-----------------73%--------          ] 5896 of 8000 complete in 421.8 sec
[-----------------73%--------          ] 5904 of 8000 complete in 422.4 sec
[-----------------73%--------          ] 5911 of 8000 complete in 422.9 sec
[-----------------73%--------          ] 5919 of 8000 complete in 423.4 sec
[-----------------74%--------          ] 5927 of 8000 complete in 423.9 sec
[-----------------74%--------          ] 5935 of 8000 complete in 424.5 sec
[-----------------74%--------          ] 5943 of 8000 complete in 425.0 sec
[-----------------74%--------          ] 5951 of 8000 complete in 425.5 sec
[-----------------74%--------          ] 5958 of 8000 complete in 426.1 sec
[-----------------74%--------          ] 5966 of 8000 complete in 426.6 sec
[-----------------74%--------          ] 5974 of 8000 complete in 427.2 sec
[-----------------74%--------          ] 5981 of 8000 complete in 427.7 sec
[-----------------74%--------          ] 5988 of 8000 complete in 428.2 sec
[-----------------74%--------          ] 5995 of 8000 complete in 428.7 sec
[-----------------75%--------          ] 6002 of 8000 complete in 429.2 sec
[-----------------75%--------          ] 6010 of 8000 complete in 429.8 sec
[-----------------75%--------          ] 6018 of 8000 complete in 430.3 sec
[-----------------75%--------          ] 6027 of 8000 complete in 430.9 sec
[-----------------75%--------          ] 6034 of 8000 complete in 431.4 sec
[-----------------75%--------          ] 6041 of 8000 complete in 432.0 sec
[-----------------75%--------          ] 6048 of 8000 complete in 432.5 sec
[-----------------75%--------          ] 6055 of 8000 complete in 433.1 sec
[-----------------75%--------          ] 6063 of 8000 complete in 433.6 sec
[-----------------75%--------          ] 6071 of 8000 complete in 434.2 sec
[-----------------75%--------          ] 6079 of 8000 complete in 434.8 sec
[-----------------76%--------          ] 6087 of 8000 complete in 435.3 sec
[-----------------76%--------          ] 6095 of 8000 complete in 435.8 sec
[-----------------76%--------          ] 6103 of 8000 complete in 436.3 sec
[-----------------76%---------         ] 6111 of 8000 complete in 436.9 sec
[-----------------76%---------         ] 6119 of 8000 complete in 437.4 sec
[-----------------76%---------         ] 6127 of 8000 complete in 438.0 sec
[-----------------76%---------         ] 6136 of 8000 complete in 438.5 sec
[-----------------76%---------         ] 6145 of 8000 complete in 439.1 sec
[-----------------76%---------         ] 6152 of 8000 complete in 439.6 sec
[-----------------76%---------         ] 6159 of 8000 complete in 440.1 sec
[-----------------77%---------         ] 6166 of 8000 complete in 440.7 sec
[-----------------77%---------         ] 6173 of 8000 complete in 441.2 sec
[-----------------77%---------         ] 6180 of 8000 complete in 441.7 sec
[-----------------77%---------         ] 6187 of 8000 complete in 442.3 sec
[-----------------77%---------         ] 6193 of 8000 complete in 442.8 sec
[-----------------77%---------         ] 6200 of 8000 complete in 443.4 sec
[-----------------77%---------         ] 6208 of 8000 complete in 444.0 sec
[-----------------77%---------         ] 6216 of 8000 complete in 444.5 sec
[-----------------77%---------         ] 6224 of 8000 complete in 445.1 sec
[-----------------77%---------         ] 6231 of 8000 complete in 445.6 sec
[-----------------77%---------         ] 6238 of 8000 complete in 446.1 sec
[-----------------78%---------         ] 6246 of 8000 complete in 446.7 sec
[-----------------78%---------         ] 6253 of 8000 complete in 447.2 sec
[-----------------78%---------         ] 6260 of 8000 complete in 447.7 sec
[-----------------78%---------         ] 6267 of 8000 complete in 448.2 sec
[-----------------78%---------         ] 6274 of 8000 complete in 448.8 sec
[-----------------78%---------         ] 6281 of 8000 complete in 449.3 sec
[-----------------78%---------         ] 6289 of 8000 complete in 449.8 sec
[-----------------78%---------         ] 6297 of 8000 complete in 450.3 sec
[-----------------78%---------         ] 6305 of 8000 complete in 450.9 sec
[-----------------78%---------         ] 6313 of 8000 complete in 451.4 sec
[-----------------79%----------        ] 6321 of 8000 complete in 452.0 sec
[-----------------79%----------        ] 6329 of 8000 complete in 452.5 sec
[-----------------79%----------        ] 6337 of 8000 complete in 453.0 sec
[-----------------79%----------        ] 6345 of 8000 complete in 453.6 sec
[-----------------79%----------        ] 6352 of 8000 complete in 454.2 sec
[-----------------79%----------        ] 6359 of 8000 complete in 454.7 sec
[-----------------79%----------        ] 6367 of 8000 complete in 455.2 sec
[-----------------79%----------        ] 6374 of 8000 complete in 455.7 sec
[-----------------79%----------        ] 6382 of 8000 complete in 456.3 sec
[-----------------79%----------        ] 6390 of 8000 complete in 456.8 sec
[-----------------79%----------        ] 6396 of 8000 complete in 457.4 sec
[-----------------80%----------        ] 6403 of 8000 complete in 457.9 sec
[-----------------80%----------        ] 6410 of 8000 complete in 458.4 sec
[-----------------80%----------        ] 6418 of 8000 complete in 459.0 sec
[-----------------80%----------        ] 6425 of 8000 complete in 459.5 sec
[-----------------80%----------        ] 6433 of 8000 complete in 460.0 sec
[-----------------80%----------        ] 6440 of 8000 complete in 460.5 sec
[-----------------80%----------        ] 6447 of 8000 complete in 461.1 sec
[-----------------80%----------        ] 6455 of 8000 complete in 461.6 sec
[-----------------80%----------        ] 6462 of 8000 complete in 462.2 sec
[-----------------80%----------        ] 6469 of 8000 complete in 462.7 sec
[-----------------80%----------        ] 6459 of 8000 complete in 461.2 sec
[-----------------80%----------        ] 6467 of 8000 complete in 461.7 sec
[-----------------80%----------        ] 6474 of 8000 complete in 462.3 sec
[-----------------81%----------        ] 6481 of 8000 complete in 462.8 sec
[-----------------81%----------        ] 6489 of 8000 complete in 463.4 sec
[-----------------81%----------        ] 6496 of 8000 complete in 463.9 sec
[-----------------81%----------        ] 6503 of 8000 complete in 464.5 sec
[-----------------81%----------        ] 6510 of 8000 complete in 465.0 sec
[-----------------81%----------        ] 6517 of 8000 complete in 465.5 sec
[-----------------81%----------        ] 6524 of 8000 complete in 466.0 sec
[-----------------81%-----------       ] 6532 of 8000 complete in 466.6 sec
[-----------------81%-----------       ] 6539 of 8000 complete in 467.1 sec
[-----------------81%-----------       ] 6546 of 8000 complete in 467.6 sec
[-----------------81%-----------       ] 6554 of 8000 complete in 468.1 sec
[-----------------82%-----------       ] 6562 of 8000 complete in 468.6 sec
[-----------------82%-----------       ] 6570 of 8000 complete in 469.2 sec
[-----------------82%-----------       ] 6578 of 8000 complete in 469.7 sec
[-----------------82%-----------       ] 6585 of 8000 complete in 470.3 sec
[-----------------82%-----------       ] 6590 of 8000 complete in 470.8 sec
[-----------------82%-----------       ] 6597 of 8000 complete in 471.3 sec
[-----------------82%-----------       ] 6604 of 8000 complete in 471.8 sec
[-----------------82%-----------       ] 6611 of 8000 complete in 472.4 sec
[-----------------82%-----------       ] 6618 of 8000 complete in 472.9 sec
[-----------------82%-----------       ] 6624 of 8000 complete in 473.4 sec
[-----------------82%-----------       ] 6631 of 8000 complete in 474.0 sec
[-----------------82%-----------       ] 6638 of 8000 complete in 474.5 sec
[-----------------83%-----------       ] 6646 of 8000 complete in 475.1 sec
[-----------------83%-----------       ] 6653 of 8000 complete in 475.7 sec
[-----------------83%-----------       ] 6660 of 8000 complete in 476.2 sec
[-----------------83%-----------       ] 6667 of 8000 complete in 476.7 sec
[-----------------83%-----------       ] 6674 of 8000 complete in 477.2 sec
[-----------------83%-----------       ] 6681 of 8000 complete in 477.7 sec
[-----------------83%-----------       ] 6688 of 8000 complete in 478.3 sec
[-----------------83%-----------       ] 6695 of 8000 complete in 478.8 sec
[-----------------83%-----------       ] 6703 of 8000 complete in 479.4 sec
[-----------------83%-----------       ] 6711 of 8000 complete in 479.9 sec
[-----------------83%-----------       ] 6718 of 8000 complete in 480.4 sec
[-----------------84%-----------       ] 6726 of 8000 complete in 481.0 sec
[-----------------84%-----------       ] 6734 of 8000 complete in 481.5 sec
[-----------------84%------------      ] 6741 of 8000 complete in 482.0 sec
[-----------------84%------------      ] 6749 of 8000 complete in 482.6 sec
[-----------------84%------------      ] 6756 of 8000 complete in 483.1 sec
[-----------------84%------------      ] 6763 of 8000 complete in 483.6 sec
[-----------------84%------------      ] 6770 of 8000 complete in 484.2 sec
[-----------------84%------------      ] 6777 of 8000 complete in 484.7 sec
[-----------------84%------------      ] 6784 of 8000 complete in 485.3 sec
[-----------------84%------------      ] 6792 of 8000 complete in 485.8 sec
[-----------------84%------------      ] 6799 of 8000 complete in 486.3 sec
[-----------------85%------------      ] 6807 of 8000 complete in 486.9 sec
[-----------------85%------------      ] 6814 of 8000 complete in 487.4 sec
[-----------------85%------------      ] 6821 of 8000 complete in 488.0 sec
[-----------------85%------------      ] 6828 of 8000 complete in 488.5 sec
[-----------------85%------------      ] 6834 of 8000 complete in 489.0 sec
[-----------------85%------------      ] 6841 of 8000 complete in 489.5 sec
[-----------------85%------------      ] 6849 of 8000 complete in 490.1 sec
[-----------------85%------------      ] 6857 of 8000 complete in 490.6 sec
[-----------------85%------------      ] 6865 of 8000 complete in 491.1 sec
[-----------------85%------------      ] 6873 of 8000 complete in 491.7 sec
[-----------------86%------------      ] 6881 of 8000 complete in 492.3 sec
[-----------------86%------------      ] 6888 of 8000 complete in 492.8 sec
[-----------------86%------------      ] 6895 of 8000 complete in 493.3 sec
[-----------------86%------------      ] 6903 of 8000 complete in 493.9 sec
[-----------------86%------------      ] 6911 of 8000 complete in 494.4 sec
[-----------------86%------------      ] 6918 of 8000 complete in 494.9 sec
[-----------------86%------------      ] 6925 of 8000 complete in 495.4 sec
[-----------------86%------------      ] 6933 of 8000 complete in 495.9 sec
[-----------------86%------------      ] 6941 of 8000 complete in 496.5 sec
[-----------------86%-------------     ] 6949 of 8000 complete in 497.0 sec
[-----------------86%-------------     ] 6957 of 8000 complete in 497.5 sec
[-----------------87%-------------     ] 6964 of 8000 complete in 498.1 sec
[-----------------87%-------------     ] 6970 of 8000 complete in 498.6 sec
[-----------------87%-------------     ] 6977 of 8000 complete in 499.1 sec
[-----------------87%-------------     ] 6985 of 8000 complete in 499.7 sec
[-----------------87%-------------     ] 6993 of 8000 complete in 500.2 sec
[-----------------87%-------------     ] 7000 of 8000 complete in 500.7 sec
[-----------------87%-------------     ] 7006 of 8000 complete in 501.2 sec
[-----------------87%-------------     ] 7013 of 8000 complete in 501.8 sec
[-----------------87%-------------     ] 7021 of 8000 complete in 502.3 sec
[-----------------87%-------------     ] 7029 of 8000 complete in 502.9 sec
[-----------------87%-------------     ] 7036 of 8000 complete in 503.4 sec
[-----------------88%-------------     ] 7043 of 8000 complete in 504.0 sec
[-----------------88%-------------     ] 7052 of 8000 complete in 504.5 sec
[-----------------88%-------------     ] 7059 of 8000 complete in 505.1 sec
[-----------------88%-------------     ] 7067 of 8000 complete in 505.7 sec
[-----------------88%-------------     ] 7074 of 8000 complete in 506.2 sec
[-----------------88%-------------     ] 7081 of 8000 complete in 506.7 sec
[-----------------88%-------------     ] 7090 of 8000 complete in 507.3 sec
[-----------------88%-------------     ] 7099 of 8000 complete in 507.8 sec
[-----------------88%-------------     ] 7108 of 8000 complete in 508.3 sec
[-----------------88%-------------     ] 7118 of 8000 complete in 508.9 sec
[-----------------89%-------------     ] 7127 of 8000 complete in 509.4 sec
[-----------------89%-------------     ] 7136 of 8000 complete in 509.9 sec
[-----------------89%-------------     ] 7145 of 8000 complete in 510.4 sec
[-----------------89%-------------     ] 7154 of 8000 complete in 511.0 sec
[-----------------89%--------------    ] 7163 of 8000 complete in 511.5 sec
[-----------------89%--------------    ] 7171 of 8000 complete in 512.0 sec
[-----------------89%--------------    ] 7179 of 8000 complete in 512.5 sec
[-----------------89%--------------    ] 7187 of 8000 complete in 513.0 sec
[-----------------89%--------------    ] 7196 of 8000 complete in 513.6 sec
[-----------------90%--------------    ] 7205 of 8000 complete in 514.1 sec
[-----------------90%--------------    ] 7213 of 8000 complete in 514.6 sec
[-----------------90%--------------    ] 7222 of 8000 complete in 515.1 sec
[-----------------90%--------------    ] 7230 of 8000 complete in 515.6 sec
[-----------------90%--------------    ] 7238 of 8000 complete in 516.1 sec
[-----------------90%--------------    ] 7246 of 8000 complete in 516.7 sec
[-----------------90%--------------    ] 7255 of 8000 complete in 517.3 sec
[-----------------90%--------------    ] 7264 of 8000 complete in 517.8 sec
[-----------------82%-----------       ] 6622 of 8000 complete in 461.7 sec
[-----------------82%-----------       ] 6630 of 8000 complete in 462.3 sec
[-----------------82%-----------       ] 6637 of 8000 complete in 462.8 sec
[-----------------83%-----------       ] 6645 of 8000 complete in 463.3 sec
[-----------------83%-----------       ] 6653 of 8000 complete in 463.9 sec
[-----------------83%-----------       ] 6660 of 8000 complete in 464.4 sec
[-----------------83%-----------       ] 6667 of 8000 complete in 465.0 sec
[-----------------83%-----------       ] 6674 of 8000 complete in 465.5 sec
[-----------------83%-----------       ] 6682 of 8000 complete in 466.1 sec
[-----------------83%-----------       ] 6690 of 8000 complete in 466.6 sec
[-----------------83%-----------       ] 6698 of 8000 complete in 467.1 sec
[-----------------83%-----------       ] 6706 of 8000 complete in 467.7 sec
[-----------------83%-----------       ] 6714 of 8000 complete in 468.2 sec
[-----------------84%-----------       ] 6722 of 8000 complete in 468.8 sec
[-----------------84%-----------       ] 6730 of 8000 complete in 469.3 sec
[-----------------84%------------      ] 6738 of 8000 complete in 469.9 sec
[-----------------84%------------      ] 6744 of 8000 complete in 470.4 sec
[-----------------84%------------      ] 6750 of 8000 complete in 470.9 sec
[-----------------84%------------      ] 6757 of 8000 complete in 471.4 sec
[-----------------84%------------      ] 6765 of 8000 complete in 472.0 sec
[-----------------84%------------      ] 6772 of 8000 complete in 472.5 sec
[-----------------84%------------      ] 6779 of 8000 complete in 473.1 sec
[-----------------84%------------      ] 6786 of 8000 complete in 473.6 sec
[-----------------84%------------      ] 6793 of 8000 complete in 474.1 sec
[-----------------85%------------      ] 6801 of 8000 complete in 474.7 sec
[-----------------85%------------      ] 6808 of 8000 complete in 475.2 sec
[-----------------85%------------      ] 6816 of 8000 complete in 475.8 sec
[-----------------85%------------      ] 6823 of 8000 complete in 476.3 sec
[-----------------85%------------      ] 6830 of 8000 complete in 476.8 sec
[-----------------85%------------      ] 6837 of 8000 complete in 477.3 sec
[-----------------85%------------      ] 6844 of 8000 complete in 477.9 sec
[-----------------85%------------      ] 6852 of 8000 complete in 478.4 sec
[-----------------85%------------      ] 6859 of 8000 complete in 479.0 sec
[-----------------85%------------      ] 6866 of 8000 complete in 479.5 sec
[-----------------85%------------      ] 6875 of 8000 complete in 480.1 sec
[-----------------86%------------      ] 6883 of 8000 complete in 480.6 sec
[-----------------86%------------      ] 6891 of 8000 complete in 481.1 sec
[-----------------86%------------      ] 6899 of 8000 complete in 481.7 sec
[-----------------86%------------      ] 6906 of 8000 complete in 482.2 sec
[-----------------86%------------      ] 6914 of 8000 complete in 482.8 sec
[-----------------86%------------      ] 6921 of 8000 complete in 483.3 sec
[-----------------86%------------      ] 6928 of 8000 complete in 483.8 sec
[-----------------86%------------      ] 6935 of 8000 complete in 484.4 sec
[-----------------86%------------      ] 6943 of 8000 complete in 485.0 sec
[-----------------86%-------------     ] 6951 of 8000 complete in 485.5 sec
[-----------------86%-------------     ] 6959 of 8000 complete in 486.1 sec
[-----------------87%-------------     ] 6967 of 8000 complete in 486.6 sec
[-----------------87%-------------     ] 6975 of 8000 complete in 487.2 sec
[-----------------87%-------------     ] 6983 of 8000 complete in 487.8 sec
[-----------------87%-------------     ] 6991 of 8000 complete in 488.3 sec
[-----------------87%-------------     ] 6998 of 8000 complete in 488.9 sec
[-----------------87%-------------     ] 7005 of 8000 complete in 489.4 sec
[-----------------87%-------------     ] 7013 of 8000 complete in 489.9 sec
[-----------------87%-------------     ] 7021 of 8000 complete in 490.4 sec
[-----------------87%-------------     ] 7029 of 8000 complete in 491.0 sec
[-----------------87%-------------     ] 7037 of 8000 complete in 491.5 sec
[-----------------88%-------------     ] 7045 of 8000 complete in 492.0 sec
[-----------------88%-------------     ] 7053 of 8000 complete in 492.6 sec
[-----------------88%-------------     ] 7060 of 8000 complete in 493.1 sec
[-----------------88%-------------     ] 7068 of 8000 complete in 493.6 sec
[-----------------88%-------------     ] 7076 of 8000 complete in 494.2 sec
[-----------------88%-------------     ] 7084 of 8000 complete in 494.7 sec
[-----------------88%-------------     ] 7091 of 8000 complete in 495.2 sec
[-----------------88%-------------     ] 7099 of 8000 complete in 495.8 sec
[-----------------88%-------------     ] 7107 of 8000 complete in 496.3 sec
[-----------------88%-------------     ] 7115 of 8000 complete in 496.9 sec
[-----------------89%-------------     ] 7123 of 8000 complete in 497.4 sec
[-----------------89%-------------     ] 7131 of 8000 complete in 497.9 sec
[-----------------89%-------------     ] 7138 of 8000 complete in 498.5 sec
[-----------------89%-------------     ] 7145 of 8000 complete in 499.0 sec
[-----------------89%-------------     ] 7152 of 8000 complete in 499.6 sec
[-----------------89%--------------    ] 7160 of 8000 complete in 500.1 sec
[-----------------89%--------------    ] 7168 of 8000 complete in 500.6 sec
[-----------------89%--------------    ] 7175 of 8000 complete in 501.2 sec
[-----------------89%--------------    ] 7182 of 8000 complete in 501.7 sec
[-----------------89%--------------    ] 7190 of 8000 complete in 502.2 sec
[-----------------89%--------------    ] 7197 of 8000 complete in 502.8 sec
[-----------------90%--------------    ] 7204 of 8000 complete in 503.3 sec
[-----------------90%--------------    ] 7211 of 8000 complete in 503.8 sec
[-----------------90%--------------    ] 7219 of 8000 complete in 504.3 sec
[-----------------90%--------------    ] 7227 of 8000 complete in 504.9 sec
[-----------------90%--------------    ] 7235 of 8000 complete in 505.4 sec
[-----------------90%--------------    ] 7243 of 8000 complete in 506.0 sec
[-----------------90%--------------    ] 7251 of 8000 complete in 506.5 sec
[-----------------90%--------------    ] 7259 of 8000 complete in 507.1 sec
[-----------------90%--------------    ] 7268 of 8000 complete in 507.6 sec
[-----------------90%--------------    ] 7278 of 8000 complete in 508.1 sec
[-----------------91%--------------    ] 7288 of 8000 complete in 508.7 sec
[-----------------91%--------------    ] 7297 of 8000 complete in 509.2 sec
[-----------------91%--------------    ] 7306 of 8000 complete in 509.7 sec
[-----------------91%--------------    ] 7315 of 8000 complete in 510.3 sec
[-----------------91%--------------    ] 7324 of 8000 complete in 510.8 sec
[-----------------91%--------------    ] 7333 of 8000 complete in 511.3 sec
[-----------------91%--------------    ] 7341 of 8000 complete in 511.8 sec
[-----------------91%--------------    ] 7349 of 8000 complete in 512.4 sec
[-----------------91%--------------    ] 7357 of 8000 complete in 512.9 sec
[-----------------92%--------------    ] 7366 of 8000 complete in 513.4 sec
[-----------------92%---------------   ] 7376 of 8000 complete in 514.0 sec
[-----------------92%---------------   ] 7384 of 8000 complete in 514.5 sec
[-----------------92%---------------   ] 7393 of 8000 complete in 515.1 sec
[-----------------92%---------------   ] 7401 of 8000 complete in 515.6 sec
[-----------------92%---------------   ] 7409 of 8000 complete in 516.1 sec
[-----------------92%---------------   ] 7416 of 8000 complete in 516.6 sec
[-----------------92%---------------   ] 7424 of 8000 complete in 517.1 sec
[-----------------92%---------------   ] 7434 of 8000 complete in 517.7 sec
[-----------------93%---------------   ] 7443 of 8000 complete in 518.2 sec
[-----------------93%---------------   ] 7452 of 8000 complete in 518.7 sec
[-----------------81%-----------       ] 6547 of 8000 complete in 462.3 sec
[-----------------81%-----------       ] 6554 of 8000 complete in 462.8 sec
[-----------------82%-----------       ] 6562 of 8000 complete in 463.3 sec
[-----------------82%-----------       ] 6569 of 8000 complete in 463.9 sec
[-----------------82%-----------       ] 6576 of 8000 complete in 464.4 sec
[-----------------82%-----------       ] 6583 of 8000 complete in 464.9 sec
[-----------------82%-----------       ] 6589 of 8000 complete in 465.4 sec
[-----------------82%-----------       ] 6597 of 8000 complete in 466.0 sec
[-----------------82%-----------       ] 6605 of 8000 complete in 466.5 sec
[-----------------82%-----------       ] 6613 of 8000 complete in 467.1 sec
[-----------------82%-----------       ] 6621 of 8000 complete in 467.6 sec
[-----------------82%-----------       ] 6629 of 8000 complete in 468.1 sec
[-----------------82%-----------       ] 6637 of 8000 complete in 468.7 sec
[-----------------83%-----------       ] 6645 of 8000 complete in 469.2 sec
[-----------------83%-----------       ] 6653 of 8000 complete in 469.7 sec
[-----------------83%-----------       ] 6660 of 8000 complete in 470.3 sec
[-----------------83%-----------       ] 6666 of 8000 complete in 470.8 sec
[-----------------83%-----------       ] 6673 of 8000 complete in 471.3 sec
[-----------------83%-----------       ] 6680 of 8000 complete in 471.8 sec
[-----------------83%-----------       ] 6688 of 8000 complete in 472.4 sec
[-----------------83%-----------       ] 6694 of 8000 complete in 472.9 sec
[-----------------83%-----------       ] 6701 of 8000 complete in 473.5 sec
[-----------------83%-----------       ] 6709 of 8000 complete in 474.1 sec
[-----------------83%-----------       ] 6717 of 8000 complete in 474.6 sec
[-----------------84%-----------       ] 6724 of 8000 complete in 475.1 sec
[-----------------84%-----------       ] 6732 of 8000 complete in 475.7 sec
[-----------------84%------------      ] 6739 of 8000 complete in 476.2 sec
[-----------------84%------------      ] 6746 of 8000 complete in 476.7 sec
[-----------------84%------------      ] 6753 of 8000 complete in 477.3 sec
[-----------------84%------------      ] 6761 of 8000 complete in 477.8 sec
[-----------------84%------------      ] 6768 of 8000 complete in 478.3 sec
[-----------------84%------------      ] 6775 of 8000 complete in 478.9 sec
[-----------------84%------------      ] 6783 of 8000 complete in 479.4 sec
[-----------------84%------------      ] 6791 of 8000 complete in 480.0 sec
[-----------------84%------------      ] 6799 of 8000 complete in 480.5 sec
[-----------------85%------------      ] 6807 of 8000 complete in 481.0 sec
[-----------------85%------------      ] 6815 of 8000 complete in 481.6 sec
[-----------------85%------------      ] 6822 of 8000 complete in 482.1 sec
[-----------------85%------------      ] 6829 of 8000 complete in 482.6 sec
[-----------------85%------------      ] 6836 of 8000 complete in 483.2 sec
[-----------------85%------------      ] 6843 of 8000 complete in 483.7 sec
[-----------------85%------------      ] 6850 of 8000 complete in 484.2 sec
[-----------------85%------------      ] 6857 of 8000 complete in 484.7 sec
[-----------------85%------------      ] 6864 of 8000 complete in 485.3 sec
[-----------------85%------------      ] 6872 of 8000 complete in 485.8 sec
[-----------------86%------------      ] 6880 of 8000 complete in 486.4 sec
[-----------------86%------------      ] 6887 of 8000 complete in 486.9 sec
[-----------------86%------------      ] 6894 of 8000 complete in 487.4 sec
[-----------------86%------------      ] 6901 of 8000 complete in 487.9 sec
[-----------------86%------------      ] 6908 of 8000 complete in 488.5 sec
[-----------------86%------------      ] 6914 of 8000 complete in 489.0 sec
[-----------------86%------------      ] 6922 of 8000 complete in 489.5 sec
[-----------------86%------------      ] 6929 of 8000 complete in 490.0 sec
[-----------------86%------------      ] 6937 of 8000 complete in 490.6 sec
[-----------------86%------------      ] 6945 of 8000 complete in 491.1 sec
[-----------------86%-------------     ] 6953 of 8000 complete in 491.6 sec
[-----------------87%-------------     ] 6961 of 8000 complete in 492.2 sec
[-----------------87%-------------     ] 6969 of 8000 complete in 492.7 sec
[-----------------87%-------------     ] 6976 of 8000 complete in 493.3 sec
[-----------------87%-------------     ] 6984 of 8000 complete in 493.8 sec
[-----------------87%-------------     ] 6992 of 8000 complete in 494.4 sec
[-----------------87%-------------     ] 6999 of 8000 complete in 494.9 sec
[-----------------87%-------------     ] 7006 of 8000 complete in 495.4 sec
[-----------------87%-------------     ] 7014 of 8000 complete in 495.9 sec
[-----------------87%-------------     ] 7021 of 8000 complete in 496.4 sec
[-----------------87%-------------     ] 7029 of 8000 complete in 497.0 sec
[-----------------87%-------------     ] 7036 of 8000 complete in 497.5 sec
[-----------------88%-------------     ] 7043 of 8000 complete in 498.0 sec
[-----------------88%-------------     ] 7049 of 8000 complete in 498.5 sec
[-----------------88%-------------     ] 7056 of 8000 complete in 499.1 sec
[-----------------88%-------------     ] 7064 of 8000 complete in 499.6 sec
[-----------------88%-------------     ] 7071 of 8000 complete in 500.2 sec
[-----------------88%-------------     ] 7079 of 8000 complete in 500.7 sec
[-----------------88%-------------     ] 7086 of 8000 complete in 501.3 sec
[-----------------88%-------------     ] 7094 of 8000 complete in 501.9 sec
[-----------------88%-------------     ] 7101 of 8000 complete in 502.4 sec
[-----------------88%-------------     ] 7108 of 8000 complete in 502.9 sec
[-----------------88%-------------     ] 7116 of 8000 complete in 503.4 sec
[-----------------89%-------------     ] 7123 of 8000 complete in 504.0 sec
[-----------------89%-------------     ] 7132 of 8000 complete in 504.5 sec
[-----------------89%-------------     ] 7140 of 8000 complete in 505.1 sec
[-----------------89%-------------     ] 7148 of 8000 complete in 505.7 sec
[-----------------89%-------------     ] 7155 of 8000 complete in 506.2 sec
[-----------------89%--------------    ] 7163 of 8000 complete in 506.7 sec
[-----------------89%--------------    ] 7171 of 8000 complete in 507.2 sec
[-----------------89%--------------    ] 7179 of 8000 complete in 507.7 sec
[-----------------89%--------------    ] 7189 of 8000 complete in 508.3 sec
[-----------------89%--------------    ] 7198 of 8000 complete in 508.8 sec
[-----------------90%--------------    ] 7207 of 8000 complete in 509.3 sec
[-----------------90%--------------    ] 7216 of 8000 complete in 509.8 sec
[-----------------90%--------------    ] 7225 of 8000 complete in 510.3 sec
[-----------------90%--------------    ] 7234 of 8000 complete in 510.9 sec
[-----------------90%--------------    ] 7243 of 8000 complete in 511.4 sec
[-----------------90%--------------    ] 7251 of 8000 complete in 511.9 sec
[-----------------90%--------------    ] 7259 of 8000 complete in 512.5 sec
[-----------------90%--------------    ] 7267 of 8000 complete in 513.0 sec
[-----------------90%--------------    ] 7277 of 8000 complete in 513.6 sec
[-----------------91%--------------    ] 7286 of 8000 complete in 514.1 sec
[-----------------91%--------------    ] 7294 of 8000 complete in 514.7 sec
[-----------------91%--------------    ] 7302 of 8000 complete in 515.2 sec
[-----------------91%--------------    ] 7310 of 8000 complete in 515.7 sec
[-----------------91%--------------    ] 7318 of 8000 complete in 516.2 sec
[-----------------91%--------------    ] 7325 of 8000 complete in 516.7 sec
[-----------------91%--------------    ] 7334 of 8000 complete in 517.3 sec
[-----------------91%--------------    ] 7343 of 8000 complete in 517.8 sec
[-----------------91%--------------    ] 7352 of 8000 complete in 518.3 sec
[-----------------92%--------------    ] 7361 of 8000 complete in 518.9 sec
[-----------------80%----------        ] 6477 of 8000 complete in 463.3 sec
[-----------------81%----------        ] 6484 of 8000 complete in 463.8 sec
[-----------------81%----------        ] 6491 of 8000 complete in 464.3 sec
[-----------------81%----------        ] 6497 of 8000 complete in 464.9 sec
[-----------------81%----------        ] 6505 of 8000 complete in 465.4 sec
[-----------------81%----------        ] 6513 of 8000 complete in 466.0 sec
[-----------------81%----------        ] 6521 of 8000 complete in 466.6 sec
[-----------------81%-----------       ] 6529 of 8000 complete in 467.1 sec
[-----------------81%-----------       ] 6537 of 8000 complete in 467.6 sec
[-----------------81%-----------       ] 6544 of 8000 complete in 468.1 sec
[-----------------81%-----------       ] 6552 of 8000 complete in 468.7 sec
[-----------------82%-----------       ] 6560 of 8000 complete in 469.2 sec
[-----------------82%-----------       ] 6568 of 8000 complete in 469.8 sec
[-----------------82%-----------       ] 6574 of 8000 complete in 470.3 sec
[-----------------82%-----------       ] 6580 of 8000 complete in 470.9 sec
[-----------------82%-----------       ] 6587 of 8000 complete in 471.5 sec
[-----------------82%-----------       ] 6595 of 8000 complete in 472.0 sec
[-----------------82%-----------       ] 6602 of 8000 complete in 472.5 sec
[-----------------82%-----------       ] 6609 of 8000 complete in 473.1 sec
[-----------------82%-----------       ] 6615 of 8000 complete in 473.6 sec
[-----------------82%-----------       ] 6622 of 8000 complete in 474.1 sec
[-----------------82%-----------       ] 6629 of 8000 complete in 474.6 sec
[-----------------82%-----------       ] 6636 of 8000 complete in 475.1 sec
[-----------------83%-----------       ] 6644 of 8000 complete in 475.7 sec
[-----------------83%-----------       ] 6651 of 8000 complete in 476.2 sec
[-----------------83%-----------       ] 6658 of 8000 complete in 476.7 sec
[-----------------83%-----------       ] 6665 of 8000 complete in 477.3 sec
[-----------------83%-----------       ] 6672 of 8000 complete in 477.8 sec
[-----------------83%-----------       ] 6679 of 8000 complete in 478.4 sec
[-----------------83%-----------       ] 6686 of 8000 complete in 478.9 sec
[-----------------83%-----------       ] 6693 of 8000 complete in 479.4 sec
[-----------------83%-----------       ] 6701 of 8000 complete in 480.0 sec
[-----------------83%-----------       ] 6709 of 8000 complete in 480.5 sec
[-----------------83%-----------       ] 6717 of 8000 complete in 481.1 sec
[-----------------84%-----------       ] 6724 of 8000 complete in 481.6 sec
[-----------------84%-----------       ] 6731 of 8000 complete in 482.1 sec
[-----------------84%------------      ] 6738 of 8000 complete in 482.6 sec
[-----------------84%------------      ] 6745 of 8000 complete in 483.2 sec
[-----------------84%------------      ] 6752 of 8000 complete in 483.7 sec
[-----------------84%------------      ] 6758 of 8000 complete in 484.2 sec
[-----------------84%------------      ] 6765 of 8000 complete in 484.7 sec
[-----------------84%------------      ] 6772 of 8000 complete in 485.2 sec
[-----------------84%------------      ] 6780 of 8000 complete in 485.8 sec
[-----------------84%------------      ] 6787 of 8000 complete in 486.3 sec
[-----------------84%------------      ] 6794 of 8000 complete in 486.8 sec
[-----------------85%------------      ] 6801 of 8000 complete in 487.3 sec
[-----------------85%------------      ] 6809 of 8000 complete in 487.9 sec
[-----------------85%------------      ] 6815 of 8000 complete in 488.4 sec
[-----------------85%------------      ] 6822 of 8000 complete in 489.0 sec
[-----------------85%------------      ] 6830 of 8000 complete in 489.6 sec
[-----------------85%------------      ] 6837 of 8000 complete in 490.1 sec
[-----------------85%------------      ] 6845 of 8000 complete in 490.6 sec
[-----------------85%------------      ] 6853 of 8000 complete in 491.2 sec
[-----------------85%------------      ] 6861 of 8000 complete in 491.7 sec
[-----------------85%------------      ] 6868 of 8000 complete in 492.2 sec
[-----------------85%------------      ] 6875 of 8000 complete in 492.7 sec
[-----------------86%------------      ] 6883 of 8000 complete in 493.3 sec
[-----------------86%------------      ] 6892 of 8000 complete in 493.9 sec
[-----------------86%------------      ] 6899 of 8000 complete in 494.4 sec
[-----------------86%------------      ] 6906 of 8000 complete in 494.9 sec
[-----------------86%------------      ] 6913 of 8000 complete in 495.4 sec
[-----------------86%------------      ] 6920 of 8000 complete in 495.9 sec
[-----------------86%------------      ] 6928 of 8000 complete in 496.5 sec
[-----------------86%------------      ] 6936 of 8000 complete in 497.0 sec
[-----------------86%------------      ] 6944 of 8000 complete in 497.6 sec
[-----------------86%-------------     ] 6951 of 8000 complete in 498.1 sec
[-----------------86%-------------     ] 6957 of 8000 complete in 498.7 sec
[-----------------87%-------------     ] 6964 of 8000 complete in 499.2 sec
[-----------------87%-------------     ] 6972 of 8000 complete in 499.8 sec
[-----------------87%-------------     ] 6980 of 8000 complete in 500.3 sec
[-----------------87%-------------     ] 6987 of 8000 complete in 500.9 sec
[-----------------87%-------------     ] 6994 of 8000 complete in 501.4 sec
[-----------------87%-------------     ] 7002 of 8000 complete in 501.9 sec
[-----------------87%-------------     ] 7009 of 8000 complete in 502.4 sec
[-----------------87%-------------     ] 7016 of 8000 complete in 503.0 sec
[-----------------87%-------------     ] 7023 of 8000 complete in 503.5 sec
[-----------------87%-------------     ] 7030 of 8000 complete in 504.0 sec
[-----------------87%-------------     ] 7038 of 8000 complete in 504.5 sec
[-----------------88%-------------     ] 7045 of 8000 complete in 505.0 sec
[-----------------88%-------------     ] 7052 of 8000 complete in 505.6 sec
[-----------------88%-------------     ] 7059 of 8000 complete in 506.1 sec
[-----------------88%-------------     ] 7067 of 8000 complete in 506.7 sec
[-----------------88%-------------     ] 7075 of 8000 complete in 507.2 sec
[-----------------88%-------------     ] 7084 of 8000 complete in 507.7 sec
[-----------------88%-------------     ] 7093 of 8000 complete in 508.2 sec
[-----------------88%-------------     ] 7102 of 8000 complete in 508.7 sec
[-----------------88%-------------     ] 7111 of 8000 complete in 509.3 sec
[-----------------89%-------------     ] 7120 of 8000 complete in 509.8 sec
[-----------------89%-------------     ] 7129 of 8000 complete in 510.3 sec
[-----------------89%-------------     ] 7138 of 8000 complete in 510.9 sec
[-----------------89%-------------     ] 7147 of 8000 complete in 511.4 sec
[-----------------89%-------------     ] 7154 of 8000 complete in 511.9 sec
[-----------------89%--------------    ] 7162 of 8000 complete in 512.4 sec
[-----------------89%--------------    ] 7170 of 8000 complete in 513.0 sec
[-----------------89%--------------    ] 7179 of 8000 complete in 513.5 sec
[-----------------89%--------------    ] 7188 of 8000 complete in 514.0 sec
[-----------------89%--------------    ] 7196 of 8000 complete in 514.5 sec
[-----------------90%--------------    ] 7204 of 8000 complete in 515.1 sec
[-----------------90%--------------    ] 7212 of 8000 complete in 515.6 sec
[-----------------90%--------------    ] 7220 of 8000 complete in 516.1 sec
[-----------------90%--------------    ] 7228 of 8000 complete in 516.6 sec
[-----------------90%--------------    ] 7236 of 8000 complete in 517.1 sec
[-----------------90%--------------    ] 7246 of 8000 complete in 517.7 sec
[-----------------90%--------------    ] 7255 of 8000 complete in 518.2 sec
[-----------------90%--------------    ] 7264 of 8000 complete in 518.7 sec
[-----------------90%--------------    ] 7273 of 8000 complete in 519.3 sec
[-----------------91%--------------    ] 7283 of 8000 complete in 519.8 sec
hddm sampling elpased time:  578.7 s
Start converting to InferenceData...
[chains] 完成 g5_refit（9.6 分钟；迹线 idiata.posterior）
[-----------------93%---------------   ] 7461 of 8000 complete in 519.3 sec
[-----------------93%---------------   ] 7470 of 8000 complete in 519.8 sec
[-----------------93%---------------   ] 7480 of 8000 complete in 520.4 sec
[-----------------93%---------------   ] 7489 of 8000 complete in 520.9 sec
[-----------------93%---------------   ] 7499 of 8000 complete in 521.4 sec
[-----------------93%---------------   ] 7508 of 8000 complete in 522.0 sec
[-----------------93%---------------   ] 7517 of 8000 complete in 522.5 sec
[-----------------94%---------------   ] 7525 of 8000 complete in 523.0 sec
[-----------------94%---------------   ] 7534 of 8000 complete in 523.5 sec
[-----------------94%---------------   ] 7543 of 8000 complete in 524.0 sec
[-----------------94%---------------   ] 7550 of 8000 complete in 524.5 sec
[-----------------94%---------------   ] 7557 of 8000 complete in 525.1 sec
[-----------------94%---------------   ] 7565 of 8000 complete in 525.6 sec
[-----------------94%---------------   ] 7572 of 8000 complete in 526.2 sec
[-----------------94%---------------   ] 7578 of 8000 complete in 526.7 sec
[-----------------94%----------------  ] 7585 of 8000 complete in 527.3 sec
[-----------------94%----------------  ] 7592 of 8000 complete in 527.8 sec
[-----------------95%----------------  ] 7600 of 8000 complete in 528.4 sec
[-----------------95%----------------  ] 7608 of 8000 complete in 528.9 sec
[-----------------95%----------------  ] 7616 of 8000 complete in 529.4 sec
[-----------------95%----------------  ] 7624 of 8000 complete in 530.0 sec
[-----------------95%----------------  ] 7632 of 8000 complete in 530.5 sec
[-----------------95%----------------  ] 7639 of 8000 complete in 531.1 sec
[-----------------95%----------------  ] 7646 of 8000 complete in 531.6 sec
[-----------------95%----------------  ] 7654 of 8000 complete in 532.2 sec
[-----------------95%----------------  ] 7661 of 8000 complete in 532.8 sec
[-----------------95%----------------  ] 7668 of 8000 complete in 533.3 sec
[-----------------95%----------------  ] 7675 of 8000 complete in 533.8 sec
[-----------------96%----------------  ] 7682 of 8000 complete in 534.3 sec
[-----------------96%----------------  ] 7689 of 8000 complete in 534.9 sec
[-----------------96%----------------  ] 7696 of 8000 complete in 535.4 sec
[-----------------96%----------------  ] 7703 of 8000 complete in 536.0 sec
[-----------------96%----------------  ] 7711 of 8000 complete in 536.5 sec
[-----------------96%----------------  ] 7718 of 8000 complete in 537.0 sec
[-----------------96%----------------  ] 7724 of 8000 complete in 537.5 sec
[-----------------96%----------------  ] 7732 of 8000 complete in 538.1 sec
[-----------------96%----------------  ] 7740 of 8000 complete in 538.6 sec
[-----------------96%----------------  ] 7747 of 8000 complete in 539.1 sec
[-----------------96%----------------  ] 7754 of 8000 complete in 539.7 sec
[-----------------97%----------------  ] 7761 of 8000 complete in 540.2 sec
[-----------------97%----------------  ] 7768 of 8000 complete in 540.7 sec
[-----------------97%----------------  ] 7775 of 8000 complete in 541.2 sec
[-----------------97%----------------  ] 7783 of 8000 complete in 541.7 sec
[-----------------97%----------------- ] 7791 of 8000 complete in 542.3 sec
[-----------------97%----------------- ] 7799 of 8000 complete in 542.8 sec
[-----------------97%----------------- ] 7807 of 8000 complete in 543.4 sec
[-----------------97%----------------- ] 7814 of 8000 complete in 543.9 sec
[-----------------97%----------------- ] 7822 of 8000 complete in 544.4 sec
[-----------------97%----------------- ] 7830 of 8000 complete in 544.9 sec
[-----------------97%----------------- ] 7839 of 8000 complete in 545.5 sec
[-----------------98%----------------- ] 7848 of 8000 complete in 546.0 sec
[-----------------98%----------------- ] 7857 of 8000 complete in 546.6 sec
[-----------------98%----------------- ] 7867 of 8000 complete in 547.1 sec
[-----------------98%----------------- ] 7876 of 8000 complete in 547.6 sec
[-----------------98%----------------- ] 7886 of 8000 complete in 548.2 sec
[-----------------98%----------------- ] 7895 of 8000 complete in 548.7 sec
[-----------------98%----------------- ] 7904 of 8000 complete in 549.2 sec
[-----------------98%----------------- ] 7913 of 8000 complete in 549.8 sec
[-----------------99%----------------- ] 7922 of 8000 complete in 550.3 sec
[-----------------99%----------------- ] 7932 of 8000 complete in 550.8 sec
[-----------------99%----------------- ] 7942 of 8000 complete in 551.4 sec
[-----------------99%----------------- ] 7951 of 8000 complete in 551.9 sec
[-----------------99%----------------- ] 7960 of 8000 complete in 552.4 sec
[-----------------99%----------------- ] 7970 of 8000 complete in 552.9 sec
[-----------------99%----------------- ] 7979 of 8000 complete in 553.5 sec
[-----------------99%----------------- ] 7988 of 8000 complete in 554.1 sec
[-----------------99%----------------- ] 7998 of 8000 complete in 554.6 sec
[-----------------100%-----------------] 8000 of 8000 complete in 554.8 sec
hddm sampling elpased time:  554.882 s
[-----------------92%---------------   ] 7370 of 8000 complete in 519.4 sec
[-----------------92%---------------   ] 7380 of 8000 complete in 519.9 sec
[-----------------92%---------------   ] 7388 of 8000 complete in 520.4 sec
[-----------------92%---------------   ] 7397 of 8000 complete in 520.9 sec
[-----------------92%---------------   ] 7406 of 8000 complete in 521.4 sec
[-----------------92%---------------   ] 7415 of 8000 complete in 521.9 sec
[-----------------92%---------------   ] 7424 of 8000 complete in 522.5 sec
[-----------------92%---------------   ] 7432 of 8000 complete in 523.0 sec
[-----------------93%---------------   ] 7442 of 8000 complete in 523.5 sec
[-----------------93%---------------   ] 7451 of 8000 complete in 524.0 sec
[-----------------93%---------------   ] 7459 of 8000 complete in 524.6 sec
[-----------------93%---------------   ] 7466 of 8000 complete in 525.1 sec
[-----------------93%---------------   ] 7473 of 8000 complete in 525.7 sec
[-----------------93%---------------   ] 7479 of 8000 complete in 526.2 sec
[-----------------93%---------------   ] 7485 of 8000 complete in 526.7 sec
[-----------------93%---------------   ] 7492 of 8000 complete in 527.2 sec
[-----------------93%---------------   ] 7499 of 8000 complete in 527.8 sec
[-----------------93%---------------   ] 7507 of 8000 complete in 528.3 sec
[-----------------93%---------------   ] 7516 of 8000 complete in 528.9 sec
[-----------------94%---------------   ] 7524 of 8000 complete in 529.4 sec
[-----------------94%---------------   ] 7532 of 8000 complete in 529.9 sec
[-----------------94%---------------   ] 7540 of 8000 complete in 530.5 sec
[-----------------94%---------------   ] 7547 of 8000 complete in 531.1 sec
[-----------------94%---------------   ] 7554 of 8000 complete in 531.6 sec
[-----------------94%---------------   ] 7561 of 8000 complete in 532.1 sec
[-----------------94%---------------   ] 7568 of 8000 complete in 532.7 sec
[-----------------94%---------------   ] 7575 of 8000 complete in 533.2 sec
[-----------------94%----------------  ] 7582 of 8000 complete in 533.8 sec
[-----------------94%----------------  ] 7589 of 8000 complete in 534.3 sec
[-----------------94%----------------  ] 7596 of 8000 complete in 534.8 sec
[-----------------95%----------------  ] 7603 of 8000 complete in 535.3 sec
[-----------------95%----------------  ] 7610 of 8000 complete in 535.9 sec
[-----------------95%----------------  ] 7617 of 8000 complete in 536.5 sec
[-----------------95%----------------  ] 7624 of 8000 complete in 537.0 sec
[-----------------95%----------------  ] 7631 of 8000 complete in 537.6 sec
[-----------------95%----------------  ] 7639 of 8000 complete in 538.1 sec
[-----------------95%----------------  ] 7647 of 8000 complete in 538.7 sec
[-----------------95%----------------  ] 7654 of 8000 complete in 539.2 sec
[-----------------95%----------------  ] 7661 of 8000 complete in 539.7 sec
[-----------------95%----------------  ] 7668 of 8000 complete in 540.2 sec
[-----------------95%----------------  ] 7676 of 8000 complete in 540.8 sec
[-----------------96%----------------  ] 7684 of 8000 complete in 541.3 sec
[-----------------96%----------------  ] 7692 of 8000 complete in 541.8 sec
[-----------------96%----------------  ] 7700 of 8000 complete in 542.3 sec
[-----------------96%----------------  ] 7708 of 8000 complete in 542.9 sec
[-----------------96%----------------  ] 7716 of 8000 complete in 543.4 sec
[-----------------96%----------------  ] 7724 of 8000 complete in 544.0 sec
[-----------------96%----------------  ] 7732 of 8000 complete in 544.5 sec
[-----------------96%----------------  ] 7740 of 8000 complete in 545.0 sec
[-----------------96%----------------  ] 7748 of 8000 complete in 545.5 sec
[-----------------96%----------------  ] 7757 of 8000 complete in 546.1 sec
[-----------------97%----------------  ] 7767 of 8000 complete in 546.6 sec
[-----------------97%----------------  ] 7777 of 8000 complete in 547.2 sec
[-----------------97%----------------  ] 7787 of 8000 complete in 547.7 sec
[-----------------97%----------------- ] 7797 of 8000 complete in 548.3 sec
[-----------------97%----------------- ] 7808 of 8000 complete in 548.8 sec
[-----------------97%----------------- ] 7817 of 8000 complete in 549.4 sec
[-----------------97%----------------- ] 7826 of 8000 complete in 549.9 sec
[-----------------97%----------------- ] 7835 of 8000 complete in 550.4 sec
[-----------------98%----------------- ] 7845 of 8000 complete in 550.9 sec
[-----------------98%----------------- ] 7854 of 8000 complete in 551.4 sec
[-----------------98%----------------- ] 7864 of 8000 complete in 552.0 sec
[-----------------98%----------------- ] 7873 of 8000 complete in 552.5 sec
[-----------------98%----------------- ] 7882 of 8000 complete in 553.0 sec
[-----------------98%----------------- ] 7891 of 8000 complete in 553.5 sec
[-----------------98%----------------- ] 7900 of 8000 complete in 554.1 sec
[-----------------98%----------------- ] 7909 of 8000 complete in 554.6 sec
[-----------------98%----------------- ] 7918 of 8000 complete in 555.1 sec
[-----------------99%----------------- ] 7927 of 8000 complete in 555.7 sec
[-----------------99%----------------- ] 7938 of 8000 complete in 556.2 sec
[-----------------99%----------------- ] 7948 of 8000 complete in 556.7 sec
[-----------------99%----------------- ] 7959 of 8000 complete in 557.3 sec
[-----------------99%----------------- ] 7969 of 8000 complete in 557.8 sec
[-----------------99%----------------- ] 7978 of 8000 complete in 558.3 sec
[-----------------99%----------------- ] 7987 of 8000 complete in 558.9 sec
[-----------------99%----------------- ] 7998 of 8000 complete in 559.4 sec
[-----------------100%-----------------] 8000 of 8000 complete in 559.6 sec
hddm sampling elpased time:  559.683 s
[-----------------90%--------------    ] 7273 of 8000 complete in 518.3 sec
[-----------------91%--------------    ] 7282 of 8000 complete in 518.9 sec
[-----------------91%--------------    ] 7290 of 8000 complete in 519.4 sec
[-----------------91%--------------    ] 7300 of 8000 complete in 519.9 sec
[-----------------91%--------------    ] 7309 of 8000 complete in 520.5 sec
[-----------------91%--------------    ] 7319 of 8000 complete in 521.0 sec
[-----------------91%--------------    ] 7328 of 8000 complete in 521.5 sec
[-----------------91%--------------    ] 7338 of 8000 complete in 522.0 sec
[-----------------91%--------------    ] 7348 of 8000 complete in 522.6 sec
[-----------------91%--------------    ] 7357 of 8000 complete in 523.1 sec
[-----------------92%--------------    ] 7367 of 8000 complete in 523.7 sec
[-----------------92%---------------   ] 7376 of 8000 complete in 524.2 sec
[-----------------92%---------------   ] 7383 of 8000 complete in 524.8 sec
[-----------------92%---------------   ] 7390 of 8000 complete in 525.3 sec
[-----------------92%---------------   ] 7397 of 8000 complete in 525.9 sec
[-----------------92%---------------   ] 7403 of 8000 complete in 526.4 sec
[-----------------92%---------------   ] 7409 of 8000 complete in 527.0 sec
[-----------------92%---------------   ] 7417 of 8000 complete in 527.5 sec
[-----------------92%---------------   ] 7424 of 8000 complete in 528.0 sec
[-----------------92%---------------   ] 7432 of 8000 complete in 528.5 sec
[-----------------93%---------------   ] 7440 of 8000 complete in 529.1 sec
[-----------------93%---------------   ] 7448 of 8000 complete in 529.6 sec
[-----------------93%---------------   ] 7456 of 8000 complete in 530.2 sec
[-----------------93%---------------   ] 7464 of 8000 complete in 530.7 sec
[-----------------93%---------------   ] 7470 of 8000 complete in 531.3 sec
[-----------------93%---------------   ] 7476 of 8000 complete in 531.8 sec
[-----------------93%---------------   ] 7483 of 8000 complete in 532.3 sec
[-----------------93%---------------   ] 7490 of 8000 complete in 532.8 sec
[-----------------93%---------------   ] 7497 of 8000 complete in 533.4 sec
[-----------------93%---------------   ] 7504 of 8000 complete in 534.0 sec
[-----------------93%---------------   ] 7511 of 8000 complete in 534.5 sec
[-----------------93%---------------   ] 7518 of 8000 complete in 535.0 sec
[-----------------94%---------------   ] 7525 of 8000 complete in 535.6 sec
[-----------------94%---------------   ] 7532 of 8000 complete in 536.1 sec
[-----------------94%---------------   ] 7539 of 8000 complete in 536.6 sec
[-----------------94%---------------   ] 7546 of 8000 complete in 537.2 sec
[-----------------94%---------------   ] 7552 of 8000 complete in 537.7 sec
[-----------------94%---------------   ] 7560 of 8000 complete in 538.3 sec
[-----------------94%---------------   ] 7568 of 8000 complete in 538.9 sec
[-----------------94%---------------   ] 7575 of 8000 complete in 539.4 sec
[-----------------94%----------------  ] 7582 of 8000 complete in 539.9 sec
[-----------------94%----------------  ] 7589 of 8000 complete in 540.4 sec
[-----------------94%----------------  ] 7597 of 8000 complete in 541.0 sec
[-----------------95%----------------  ] 7605 of 8000 complete in 541.5 sec
[-----------------95%----------------  ] 7613 of 8000 complete in 542.1 sec
[-----------------95%----------------  ] 7621 of 8000 complete in 542.6 sec
[-----------------95%----------------  ] 7628 of 8000 complete in 543.2 sec
[-----------------95%----------------  ] 7635 of 8000 complete in 543.7 sec
[-----------------95%----------------  ] 7642 of 8000 complete in 544.2 sec
[-----------------95%----------------  ] 7650 of 8000 complete in 544.7 sec
[-----------------95%----------------  ] 7658 of 8000 complete in 545.2 sec
[-----------------95%----------------  ] 7666 of 8000 complete in 545.7 sec
[-----------------95%----------------  ] 7675 of 8000 complete in 546.3 sec
[-----------------96%----------------  ] 7684 of 8000 complete in 546.8 sec
[-----------------96%----------------  ] 7693 of 8000 complete in 547.3 sec
[-----------------96%----------------  ] 7702 of 8000 complete in 547.8 sec
[-----------------96%----------------  ] 7711 of 8000 complete in 548.4 sec
[-----------------96%----------------  ] 7720 of 8000 complete in 548.9 sec
[-----------------96%----------------  ] 7729 of 8000 complete in 549.4 sec
[-----------------96%----------------  ] 7738 of 8000 complete in 550.0 sec
[-----------------96%----------------  ] 7747 of 8000 complete in 550.5 sec
[-----------------96%----------------  ] 7757 of 8000 complete in 551.0 sec
[-----------------97%----------------  ] 7767 of 8000 complete in 551.6 sec
[-----------------97%----------------  ] 7776 of 8000 complete in 552.1 sec
[-----------------97%----------------  ] 7785 of 8000 complete in 552.6 sec
[-----------------97%----------------- ] 7794 of 8000 complete in 553.1 sec
[-----------------97%----------------- ] 7803 of 8000 complete in 553.7 sec
[-----------------97%----------------- ] 7812 of 8000 complete in 554.3 sec
[-----------------97%----------------- ] 7821 of 8000 complete in 554.8 sec
[-----------------97%----------------- ] 7830 of 8000 complete in 555.3 sec
[-----------------98%----------------- ] 7840 of 8000 complete in 555.9 sec
[-----------------98%----------------- ] 7850 of 8000 complete in 556.4 sec
[-----------------98%----------------- ] 7859 of 8000 complete in 556.9 sec
[-----------------98%----------------- ] 7870 of 8000 complete in 557.5 sec
[-----------------98%----------------- ] 7880 of 8000 complete in 558.0 sec
[-----------------98%----------------- ] 7888 of 8000 complete in 558.5 sec
[-----------------98%----------------- ] 7897 of 8000 complete in 559.0 sec
[-----------------98%----------------- ] 7907 of 8000 complete in 559.6 sec
[-----------------98%----------------- ] 7917 of 8000 complete in 560.1 sec
[-----------------99%----------------- ] 7925 of 8000 complete in 560.6 sec
[-----------------99%----------------- ] 7933 of 8000 complete in 561.1 sec
[-----------------99%----------------- ] 7943 of 8000 complete in 561.7 sec
[-----------------99%----------------- ] 7953 of 8000 complete in 562.2 sec
[-----------------99%----------------- ] 7963 of 8000 complete in 562.7 sec
[-----------------99%----------------- ] 7972 of 8000 complete in 563.2 sec
[-----------------99%----------------- ] 7982 of 8000 complete in 563.8 sec
[-----------------99%----------------- ] 7992 of 8000 complete in 564.3 sec
[-----------------100%-----------------] 8001 of 8000 complete in 564.8 sec
hddm sampling elpased time:  564.943 s
[-----------------91%--------------    ] 7292 of 8000 complete in 520.3 sec
[-----------------91%--------------    ] 7301 of 8000 complete in 520.9 sec
[-----------------91%--------------    ] 7310 of 8000 complete in 521.4 sec
[-----------------91%--------------    ] 7320 of 8000 complete in 521.9 sec
[-----------------91%--------------    ] 7329 of 8000 complete in 522.4 sec
[-----------------91%--------------    ] 7338 of 8000 complete in 522.9 sec
[-----------------91%--------------    ] 7347 of 8000 complete in 523.4 sec
[-----------------91%--------------    ] 7356 of 8000 complete in 524.0 sec
[-----------------92%--------------    ] 7363 of 8000 complete in 524.5 sec
[-----------------92%---------------   ] 7370 of 8000 complete in 525.1 sec
[-----------------92%---------------   ] 7377 of 8000 complete in 525.6 sec
[-----------------92%---------------   ] 7383 of 8000 complete in 526.2 sec
[-----------------92%---------------   ] 7389 of 8000 complete in 526.7 sec
[-----------------92%---------------   ] 7396 of 8000 complete in 527.2 sec
[-----------------92%---------------   ] 7404 of 8000 complete in 527.8 sec
[-----------------92%---------------   ] 7411 of 8000 complete in 528.3 sec
[-----------------92%---------------   ] 7419 of 8000 complete in 528.8 sec
[-----------------92%---------------   ] 7427 of 8000 complete in 529.4 sec
[-----------------92%---------------   ] 7434 of 8000 complete in 529.9 sec
[-----------------93%---------------   ] 7442 of 8000 complete in 530.4 sec
[-----------------93%---------------   ] 7449 of 8000 complete in 531.0 sec
[-----------------93%---------------   ] 7456 of 8000 complete in 531.5 sec
[-----------------93%---------------   ] 7463 of 8000 complete in 532.0 sec
[-----------------93%---------------   ] 7470 of 8000 complete in 532.6 sec
[-----------------93%---------------   ] 7477 of 8000 complete in 533.1 sec
[-----------------93%---------------   ] 7484 of 8000 complete in 533.7 sec
[-----------------93%---------------   ] 7491 of 8000 complete in 534.2 sec
[-----------------93%---------------   ] 7498 of 8000 complete in 534.8 sec
[-----------------93%---------------   ] 7505 of 8000 complete in 535.3 sec
[-----------------93%---------------   ] 7512 of 8000 complete in 535.9 sec
[-----------------93%---------------   ] 7519 of 8000 complete in 536.4 sec
[-----------------94%---------------   ] 7526 of 8000 complete in 536.9 sec
[-----------------94%---------------   ] 7532 of 8000 complete in 537.5 sec
[-----------------94%---------------   ] 7540 of 8000 complete in 538.0 sec
[-----------------94%---------------   ] 7548 of 8000 complete in 538.5 sec
[-----------------94%---------------   ] 7555 of 8000 complete in 539.0 sec
[-----------------94%---------------   ] 7562 of 8000 complete in 539.6 sec
[-----------------94%---------------   ] 7569 of 8000 complete in 540.1 sec
[-----------------94%---------------   ] 7576 of 8000 complete in 540.6 sec
[-----------------94%----------------  ] 7583 of 8000 complete in 541.1 sec
[-----------------94%----------------  ] 7591 of 8000 complete in 541.6 sec
[-----------------94%----------------  ] 7599 of 8000 complete in 542.2 sec
[-----------------95%----------------  ] 7606 of 8000 complete in 542.7 sec
[-----------------95%----------------  ] 7613 of 8000 complete in 543.3 sec
[-----------------95%----------------  ] 7621 of 8000 complete in 543.8 sec
[-----------------95%----------------  ] 7628 of 8000 complete in 544.4 sec
[-----------------95%----------------  ] 7636 of 8000 complete in 544.9 sec
[-----------------95%----------------  ] 7645 of 8000 complete in 545.5 sec
[-----------------95%----------------  ] 7653 of 8000 complete in 546.0 sec
[-----------------95%----------------  ] 7662 of 8000 complete in 546.5 sec
[-----------------95%----------------  ] 7672 of 8000 complete in 547.1 sec
[-----------------96%----------------  ] 7681 of 8000 complete in 547.6 sec
[-----------------96%----------------  ] 7691 of 8000 complete in 548.1 sec
[-----------------96%----------------  ] 7700 of 8000 complete in 548.7 sec
[-----------------96%----------------  ] 7709 of 8000 complete in 549.2 sec
[-----------------96%----------------  ] 7718 of 8000 complete in 549.7 sec
[-----------------96%----------------  ] 7727 of 8000 complete in 550.3 sec
[-----------------96%----------------  ] 7736 of 8000 complete in 550.8 sec
[-----------------96%----------------  ] 7746 of 8000 complete in 551.3 sec
[-----------------96%----------------  ] 7755 of 8000 complete in 551.8 sec
[-----------------97%----------------  ] 7765 of 8000 complete in 552.3 sec
[-----------------97%----------------  ] 7774 of 8000 complete in 552.9 sec
[-----------------97%----------------  ] 7782 of 8000 complete in 553.4 sec
[-----------------97%----------------- ] 7790 of 8000 complete in 553.9 sec
[-----------------97%----------------- ] 7799 of 8000 complete in 554.4 sec
[-----------------97%----------------- ] 7808 of 8000 complete in 555.0 sec
[-----------------97%----------------- ] 7818 of 8000 complete in 555.5 sec
[-----------------97%----------------- ] 7829 of 8000 complete in 556.0 sec
[-----------------97%----------------- ] 7839 of 8000 complete in 556.5 sec
[-----------------98%----------------- ] 7850 of 8000 complete in 557.1 sec
[-----------------98%----------------- ] 7860 of 8000 complete in 557.6 sec
[-----------------98%----------------- ] 7869 of 8000 complete in 558.2 sec
[-----------------98%----------------- ] 7878 of 8000 complete in 558.7 sec
[-----------------98%----------------- ] 7888 of 8000 complete in 559.2 sec
[-----------------98%----------------- ] 7899 of 8000 complete in 559.7 sec
[-----------------98%----------------- ] 7908 of 8000 complete in 560.2 sec
[-----------------98%----------------- ] 7915 of 8000 complete in 560.7 sec
[-----------------99%----------------- ] 7923 of 8000 complete in 561.2 sec
[-----------------99%----------------- ] 7933 of 8000 complete in 561.8 sec
[-----------------99%----------------- ] 7943 of 8000 complete in 562.3 sec
[-----------------99%----------------- ] 7952 of 8000 complete in 562.8 sec
[-----------------99%----------------- ] 7962 of 8000 complete in 563.4 sec
[-----------------99%----------------- ] 7972 of 8000 complete in 563.9 sec
[-----------------99%----------------- ] 7983 of 8000 complete in 564.5 sec
[-----------------99%----------------- ] 7992 of 8000 complete in 565.0 sec
[-----------------100%-----------------] 8000 of 8000 complete in 565.5 sec
hddm sampling elpased time:  565.635 s
