[chains] g6_refit: 10 被试 / 2600 试次 / chains=4 draws=8000 burn=2000 p_outlier=0.0
[chains] 设置 z 默认值失败（忽略）：'z'
No model attribute --> setting up standard HDDM
Set model to ddm
/opt/conda/lib/python3.9/site-packages/scipy/optimize/_optimize.py:2309: RuntimeWarning: invalid value encountered in double_scalars
  tmp2 = (x - v) * (fx - fw)
/opt/conda/lib/python3.9/site-packages/scipy/optimize/_optimize.py:2310: RuntimeWarning: invalid value encountered in double_scalars
  p = (x - v) * tmp2 - (x - w) * tmp1
/opt/conda/lib/python3.9/site-packages/scipy/optimize/_optimize.py:2309: RuntimeWarning: invalid value encountered in double_scalars
  tmp2 = (x - v) * (fx - fw)
/opt/conda/lib/python3.9/site-packages/scipy/optimize/_optimize.py:2310: RuntimeWarning: invalid value encountered in double_scalars
  p = (x - v) * tmp2 - (x - w) * tmp1
/opt/conda/lib/python3.9/site-packages/scipy/optimize/_optimize.py:2309: RuntimeWarning: invalid value encountered in double_scalars
  tmp2 = (x - v) * (fx - fw)
/opt/conda/lib/python3.9/site-packages/scipy/optimize/_optimize.py:2309: RuntimeWarning: invalid value encountered in double_scalars
  tmp2 = (x - v) * (fx - fw)
/opt/conda/lib/python3.9/site-packages/scipy/optimize/_optimize.py:2310: RuntimeWarning: invalid value encountered in double_scalars
  p = (x - v) * tmp2 - (x - w) * tmp1
/opt/conda/lib/python3.9/site-packages/scipy/optimize/_optimize.py:2310: RuntimeWarning: invalid value encountered in double_scalars
  p = (x - v) * tmp2 - (x - w) * tmp1
[                  0%                  ] 9 of 8000 complete in 0.5 sec
[                  0%                  ] 17 of 8000 complete in 1.1 sec
[                  0%                  ] 24 of 8000 complete in 1.6 sec
[                  0%                  ] 32 of 8000 complete in 2.1 sec
[                  0%                  ] 41 of 8000 complete in 2.7 sec
[                  0%                  ] 49 of 8000 complete in 3.3 sec
[                  0%                  ] 57 of 8000 complete in 3.8 sec
[                  0%                  ] 65 of 8000 complete in 4.3 sec
[                  0%                  ] 73 of 8000 complete in 4.8 sec
[                  1%                  ] 81 of 8000 complete in 5.3 sec
[                  1%                  ] 88 of 8000 complete in 5.9 sec
[                  1%                  ] 96 of 8000 complete in 6.4 sec
[                  1%                  ] 104 of 8000 complete in 6.9 sec
[                  1%                  ] 112 of 8000 complete in 7.4 sec
[                  1%                  ] 120 of 8000 complete in 8.0 sec
[                  1%                  ] 128 of 8000 complete in 8.5 sec
[                  1%                  ] 137 of 8000 complete in 9.0 sec
[                  1%                  ] 145 of 8000 complete in 9.6 sec
[                  1%                  ] 154 of 8000 complete in 10.1 sec
[                  2%                  ] 162 of 8000 complete in 10.6 sec
[                  2%                  ] 170 of 8000 complete in 11.1 sec
[                  2%                  ] 178 of 8000 complete in 11.6 sec
[                  2%                  ] 187 of 8000 complete in 12.2 sec
[                  2%                  ] 195 of 8000 complete in 12.7 sec
[                  2%                  ] 204 of 8000 complete in 13.2 sec
[-                 2%                  ] 214 of 8000 complete in 13.8 sec
[-                 2%                  ] 225 of 8000 complete in 14.3 sec
[-                 2%                  ] 235 of 8000 complete in 14.9 sec
[-                 3%                  ] 246 of 8000 complete in 15.4 sec
[-                 3%                  ] 257 of 8000 complete in 15.9 sec
[-                 3%                  ] 267 of 8000 complete in 16.4 sec
[-                 3%                  ] 278 of 8000 complete in 17.0 sec
[-                 3%                  ] 289 of 8000 complete in 17.5 sec
[-                 3%                  ] 299 of 8000 complete in 18.0 sec
[-                 3%                  ] 308 of 8000 complete in 18.5 sec
[-                 3%                  ] 319 of 8000 complete in 19.0 sec
[-                 4%                  ] 330 of 8000 complete in 19.6 sec
[-                 4%                  ] 341 of 8000 complete in 20.1 sec
[-                 4%                  ] 352 of 8000 complete in 20.6 sec
[-                 4%                  ] 362 of 8000 complete in 21.1 sec
[-                 4%                  ] 371 of 8000 complete in 21.6 sec
[-                 4%                  ] 381 of 8000 complete in 22.2 sec
[-                 4%                  ] 391 of 8000 complete in 22.7 sec
[-                 5%                  ] 401 of 8000 complete in 23.2 sec
[-                 5%                  ] 411 of 8000 complete in 23.7 sec
[-                 5%                  ] 421 of 8000 complete in 24.2 sec
[--                5%                  ] 432 of 8000 complete in 24.8 sec
[--                5%                  ] 443 of 8000 complete in 25.3 sec
[--                5%                  ] 455 of 8000 complete in 25.8 sec
[--                5%                  ] 466 of 8000 complete in 26.3 sec
[--                5%                  ] 476 of 8000 complete in 26.9 sec
[--                6%                  ] 487 of 8000 complete in 27.4 sec
[--                6%                  ] 498 of 8000 complete in 27.9 sec
[--                6%                  ] 509 of 8000 complete in 28.5 sec
[--                6%                  ] 518 of 8000 complete in 29.0 sec
[--                6%                  ] 526 of 8000 complete in 29.5 sec
[--                6%                  ] 537 of 8000 complete in 30.0 sec
[--                6%                  ] 548 of 8000 complete in 30.5 sec
[--                6%                  ] 559 of 8000 complete in 31.0 sec
[--                7%                  ] 569 of 8000 complete in 31.5 sec
[--                7%                  ] 580 of 8000 complete in 32.1 sec
[--                7%                  ] 591 of 8000 complete in 32.6 sec
[--                7%                  ] 601 of 8000 complete in 33.1 sec
[--                7%                  ] 611 of 8000 complete in 33.6 sec
[--                7%                  ] 622 of 8000 complete in 34.2 sec
[---               7%                  ] 634 of 8000 complete in 34.7 sec
[---               8%                  ] 646 of 8000 complete in 35.2 sec
[---               8%                  ] 657 of 8000 complete in 35.7 sec
[---               8%                  ] 670 of 8000 complete in 36.3 sec
[---               8%                  ] 683 of 8000 complete in 36.8 sec
[---               8%                  ] 695 of 8000 complete in 37.3 sec
[---               8%                  ] 708 of 8000 complete in 37.8 sec
[---               9%                  ] 721 of 8000 complete in 38.4 sec
[---               9%                  ] 730 of 8000 complete in 38.9 sec
[---               9%                  ] 739 of 8000 complete in 39.4 sec
[---               9%                  ] 749 of 8000 complete in 40.0 sec
[---               9%                  ] 759 of 8000 complete in 40.5 sec
[---               9%                  ] 769 of 8000 complete in 41.1 sec
[---               9%                  ] 777 of 8000 complete in 41.6 sec
[---               9%                  ] 786 of 8000 complete in 42.1 sec
[---               9%                  ] 795 of 8000 complete in 42.6 sec
[---              10%                  ] 805 of 8000 complete in 43.2 sec
[---              10%                  ] 815 of 8000 complete in 43.7 sec
[---              10%                  ] 826 of 8000 complete in 44.2 sec
[---              10%                  ] 837 of 8000 complete in 44.7 sec
[----             10%                  ] 848 of 8000 complete in 45.3 sec
[----             10%                  ] 858 of 8000 complete in 45.8 sec
[----             10%                  ] 868 of 8000 complete in 46.3 sec
[----             10%                  ] 879 of 8000 complete in 46.8 sec
[----             11%                  ] 891 of 8000 complete in 47.4 sec
[----             11%                  ] 901 of 8000 complete in 47.9 sec
[----             11%                  ] 911 of 8000 complete in 48.4 sec
[----             11%                  ] 920 of 8000 complete in 48.9 sec
[----             11%                  ] 930 of 8000 complete in 49.4 sec
[----             11%                  ] 940 of 8000 complete in 49.9 sec
[----             11%                  ] 950 of 8000 complete in 50.4 sec
[----             12%                  ] 960 of 8000 complete in 51.0 sec
[----             12%                  ] 967 of 8000 complete in 51.5 sec
[----             12%                  ] 974 of 8000 complete in 52.0 sec
[----             12%                  ] 981 of 8000 complete in 52.5 sec
[----             12%                  ] 988 of 8000 complete in 53.0 sec
[----             12%                  ] 996 of 8000 complete in 53.6 sec
[----             12%                  ] 1003 of 8000 complete in 54.1 sec
[----             12%                  ] 1011 of 8000 complete in 54.7 sec
[----             12%                  ] 1018 of 8000 complete in 55.2 sec
[----             12%                  ] 1026 of 8000 complete in 55.8 sec
[----             12%                  ] 1034 of 8000 complete in 56.3 sec
[----             13%                  ] 1043 of 8000 complete in 56.9 sec
[----             13%                  ] 1052 of 8000 complete in 57.4 sec
[-----            13%                  ] 1061 of 8000 complete in 58.0 sec
[-----            13%                  ] 1070 of 8000 complete in 58.5 sec
[                  0%                  ] 9 of 8000 complete in 0.5 sec
[                  0%                  ] 17 of 8000 complete in 1.0 sec
[                  0%                  ] 25 of 8000 complete in 1.6 sec
[                  0%                  ] 33 of 8000 complete in 2.1 sec
[                  0%                  ] 41 of 8000 complete in 2.6 sec
[                  0%                  ] 49 of 8000 complete in 3.2 sec
[                  0%                  ] 57 of 8000 complete in 3.7 sec
[                  0%                  ] 65 of 8000 complete in 4.2 sec
[                  0%                  ] 73 of 8000 complete in 4.7 sec
[                  1%                  ] 81 of 8000 complete in 5.2 sec
[                  1%                  ] 89 of 8000 complete in 5.8 sec
[                  1%                  ] 97 of 8000 complete in 6.3 sec
[                  1%                  ] 106 of 8000 complete in 6.9 sec
[                  1%                  ] 114 of 8000 complete in 7.4 sec
[                  1%                  ] 122 of 8000 complete in 7.9 sec
[                  1%                  ] 130 of 8000 complete in 8.4 sec
[                  1%                  ] 139 of 8000 complete in 9.0 sec
[                  1%                  ] 148 of 8000 complete in 9.5 sec
[                  1%                  ] 157 of 8000 complete in 10.0 sec
[                  2%                  ] 166 of 8000 complete in 10.5 sec
[                  2%                  ] 175 of 8000 complete in 11.1 sec
[                  2%                  ] 183 of 8000 complete in 11.6 sec
[                  2%                  ] 192 of 8000 complete in 12.2 sec
[                  2%                  ] 200 of 8000 complete in 12.7 sec
[                  2%                  ] 209 of 8000 complete in 13.2 sec
[-                 2%                  ] 219 of 8000 complete in 13.8 sec
[-                 2%                  ] 230 of 8000 complete in 14.3 sec
[-                 3%                  ] 240 of 8000 complete in 14.8 sec
[-                 3%                  ] 250 of 8000 complete in 15.4 sec
[-                 3%                  ] 260 of 8000 complete in 15.9 sec
[-                 3%                  ] 270 of 8000 complete in 16.4 sec
[-                 3%                  ] 281 of 8000 complete in 16.9 sec
[-                 3%                  ] 292 of 8000 complete in 17.5 sec
[-                 3%                  ] 303 of 8000 complete in 18.0 sec
[-                 3%                  ] 312 of 8000 complete in 18.5 sec
[-                 4%                  ] 323 of 8000 complete in 19.0 sec
[-                 4%                  ] 333 of 8000 complete in 19.5 sec
[-                 4%                  ] 343 of 8000 complete in 20.0 sec
[-                 4%                  ] 354 of 8000 complete in 20.6 sec
[-                 4%                  ] 365 of 8000 complete in 21.1 sec
[-                 4%                  ] 374 of 8000 complete in 21.6 sec
[-                 4%                  ] 384 of 8000 complete in 22.1 sec
[-                 4%                  ] 394 of 8000 complete in 22.7 sec
[-                 5%                  ] 404 of 8000 complete in 23.2 sec
[-                 5%                  ] 415 of 8000 complete in 23.7 sec
[--                5%                  ] 426 of 8000 complete in 24.2 sec
[--                5%                  ] 438 of 8000 complete in 24.8 sec
[--                5%                  ] 450 of 8000 complete in 25.3 sec
[--                5%                  ] 462 of 8000 complete in 25.9 sec
[--                5%                  ] 472 of 8000 complete in 26.4 sec
[--                6%                  ] 481 of 8000 complete in 26.9 sec
[--                6%                  ] 492 of 8000 complete in 27.4 sec
[--                6%                  ] 504 of 8000 complete in 27.9 sec
[--                6%                  ] 515 of 8000 complete in 28.4 sec
[--                6%                  ] 525 of 8000 complete in 29.0 sec
[--                6%                  ] 534 of 8000 complete in 29.5 sec
[--                6%                  ] 545 of 8000 complete in 30.1 sec
[--                6%                  ] 556 of 8000 complete in 30.6 sec
[--                7%                  ] 567 of 8000 complete in 31.1 sec
[--                7%                  ] 578 of 8000 complete in 31.7 sec
[--                7%                  ] 590 of 8000 complete in 32.2 sec
[--                7%                  ] 602 of 8000 complete in 32.7 sec
[--                7%                  ] 612 of 8000 complete in 33.2 sec
[--                7%                  ] 622 of 8000 complete in 33.7 sec
[---               7%                  ] 633 of 8000 complete in 34.2 sec
[---               8%                  ] 645 of 8000 complete in 34.8 sec
[---               8%                  ] 658 of 8000 complete in 35.3 sec
[---               8%                  ] 670 of 8000 complete in 35.8 sec
[---               8%                  ] 683 of 8000 complete in 36.4 sec
[---               8%                  ] 696 of 8000 complete in 36.9 sec
[---               8%                  ] 709 of 8000 complete in 37.4 sec
[---               9%                  ] 723 of 8000 complete in 37.9 sec
[---               9%                  ] 733 of 8000 complete in 38.5 sec
[---               9%                  ] 742 of 8000 complete in 39.0 sec
[---               9%                  ] 751 of 8000 complete in 39.5 sec
[---               9%                  ] 760 of 8000 complete in 40.0 sec
[---               9%                  ] 769 of 8000 complete in 40.5 sec
[---               9%                  ] 779 of 8000 complete in 41.0 sec
[---               9%                  ] 787 of 8000 complete in 41.6 sec
[---               9%                  ] 796 of 8000 complete in 42.1 sec
[---              10%                  ] 806 of 8000 complete in 42.7 sec
[---              10%                  ] 816 of 8000 complete in 43.2 sec
[---              10%                  ] 826 of 8000 complete in 43.7 sec
[---              10%                  ] 837 of 8000 complete in 44.3 sec
[----             10%                  ] 847 of 8000 complete in 44.8 sec
[----             10%                  ] 858 of 8000 complete in 45.3 sec
[----             10%                  ] 867 of 8000 complete in 45.8 sec
[----             10%                  ] 878 of 8000 complete in 46.4 sec
[----             11%                  ] 888 of 8000 complete in 46.9 sec
[----             11%                  ] 899 of 8000 complete in 47.5 sec
[----             11%                  ] 910 of 8000 complete in 48.0 sec
[----             11%                  ] 920 of 8000 complete in 48.5 sec
[----             11%                  ] 930 of 8000 complete in 49.1 sec
[----             11%                  ] 940 of 8000 complete in 49.6 sec
[----             11%                  ] 949 of 8000 complete in 50.1 sec
[----             11%                  ] 959 of 8000 complete in 50.7 sec
[----             12%                  ] 968 of 8000 complete in 51.2 sec
[----             12%                  ] 976 of 8000 complete in 51.8 sec
[----             12%                  ] 983 of 8000 complete in 52.3 sec
[----             12%                  ] 991 of 8000 complete in 52.8 sec
[----             12%                  ] 999 of 8000 complete in 53.4 sec
[----             12%                  ] 1006 of 8000 complete in 53.9 sec
[----             12%                  ] 1013 of 8000 complete in 54.4 sec
[----             12%                  ] 1020 of 8000 complete in 55.0 sec
[----             12%                  ] 1027 of 8000 complete in 55.5 sec
[----             12%                  ] 1034 of 8000 complete in 56.0 sec
[----             13%                  ] 1043 of 8000 complete in 56.6 sec
[----             13%                  ] 1052 of 8000 complete in 57.1 sec
[-----            13%                  ] 1060 of 8000 complete in 57.7 sec
[-----            13%                  ] 1069 of 8000 complete in 58.2 sec
[-----            13%                  ] 1078 of 8000 complete in 58.7 sec[                  0%                  ] 10 of 8000 complete in 0.5 sec
[                  0%                  ] 18 of 8000 complete in 1.1 sec
[                  0%                  ] 25 of 8000 complete in 1.6 sec
[                  0%                  ] 33 of 8000 complete in 2.1 sec
[                  0%                  ] 42 of 8000 complete in 2.7 sec
[                  0%                  ] 49 of 8000 complete in 3.2 sec
[                  0%                  ] 57 of 8000 complete in 3.7 sec
[                  0%                  ] 65 of 8000 complete in 4.2 sec
[                  0%                  ] 74 of 8000 complete in 4.8 sec
[                  1%                  ] 82 of 8000 complete in 5.3 sec
[                  1%                  ] 89 of 8000 complete in 5.8 sec
[                  1%                  ] 98 of 8000 complete in 6.4 sec
[                  1%                  ] 106 of 8000 complete in 6.9 sec
[                  1%                  ] 114 of 8000 complete in 7.4 sec
[                  1%                  ] 122 of 8000 complete in 7.9 sec
[                  1%                  ] 130 of 8000 complete in 8.5 sec
[                  1%                  ] 138 of 8000 complete in 9.1 sec
[                  1%                  ] 147 of 8000 complete in 9.6 sec
[                  1%                  ] 156 of 8000 complete in 10.1 sec
[                  2%                  ] 165 of 8000 complete in 10.7 sec
[                  2%                  ] 173 of 8000 complete in 11.2 sec
[                  2%                  ] 182 of 8000 complete in 11.8 sec
[                  2%                  ] 191 of 8000 complete in 12.3 sec
[                  2%                  ] 200 of 8000 complete in 12.8 sec
[                  2%                  ] 210 of 8000 complete in 13.4 sec
[-                 2%                  ] 219 of 8000 complete in 13.9 sec
[-                 2%                  ] 230 of 8000 complete in 14.4 sec
[-                 3%                  ] 240 of 8000 complete in 15.0 sec
[-                 3%                  ] 251 of 8000 complete in 15.5 sec
[-                 3%                  ] 262 of 8000 complete in 16.0 sec
[-                 3%                  ] 272 of 8000 complete in 16.5 sec
[-                 3%                  ] 283 of 8000 complete in 17.1 sec
[-                 3%                  ] 293 of 8000 complete in 17.6 sec
[-                 3%                  ] 303 of 8000 complete in 18.1 sec
[-                 3%                  ] 313 of 8000 complete in 18.6 sec
[-                 4%                  ] 324 of 8000 complete in 19.1 sec
[-                 4%                  ] 335 of 8000 complete in 19.6 sec
[-                 4%                  ] 346 of 8000 complete in 20.2 sec
[-                 4%                  ] 357 of 8000 complete in 20.7 sec
[-                 4%                  ] 368 of 8000 complete in 21.3 sec
[-                 4%                  ] 378 of 8000 complete in 21.8 sec
[-                 4%                  ] 388 of 8000 complete in 22.3 sec
[-                 4%                  ] 398 of 8000 complete in 22.8 sec
[-                 5%                  ] 408 of 8000 complete in 23.4 sec
[-                 5%                  ] 419 of 8000 complete in 23.9 sec
[--                5%                  ] 430 of 8000 complete in 24.4 sec
[--                5%                  ] 441 of 8000 complete in 24.9 sec
[--                5%                  ] 453 of 8000 complete in 25.5 sec
[--                5%                  ] 464 of 8000 complete in 26.0 sec
[--                5%                  ] 474 of 8000 complete in 26.5 sec
[--                6%                  ] 484 of 8000 complete in 27.1 sec
[--                6%                  ] 496 of 8000 complete in 27.6 sec
[--                6%                  ] 508 of 8000 complete in 28.2 sec
[--                6%                  ] 519 of 8000 complete in 28.7 sec
[--                6%                  ] 528 of 8000 complete in 29.2 sec
[--                6%                  ] 538 of 8000 complete in 29.8 sec
[--                6%                  ] 550 of 8000 complete in 30.3 sec
[--                7%                  ] 562 of 8000 complete in 30.8 sec
[--                7%                  ] 572 of 8000 complete in 31.3 sec
[--                7%                  ] 583 of 8000 complete in 31.9 sec
[--                7%                  ] 594 of 8000 complete in 32.4 sec
[--                7%                  ] 606 of 8000 complete in 32.9 sec
[--                7%                  ] 616 of 8000 complete in 33.5 sec
[--                7%                  ] 627 of 8000 complete in 34.0 sec
[---               7%                  ] 638 of 8000 complete in 34.5 sec
[---               8%                  ] 651 of 8000 complete in 35.0 sec
[---               8%                  ] 663 of 8000 complete in 35.6 sec
[---               8%                  ] 674 of 8000 complete in 36.1 sec
[---               8%                  ] 687 of 8000 complete in 36.6 sec
[---               8%                  ] 700 of 8000 complete in 37.1 sec
[---               8%                  ] 714 of 8000 complete in 37.6 sec
[---               9%                  ] 727 of 8000 complete in 38.2 sec
[---               9%                  ] 735 of 8000 complete in 38.7 sec
[---               9%                  ] 744 of 8000 complete in 39.2 sec
[---               9%                  ] 754 of 8000 complete in 39.8 sec
[---               9%                  ] 764 of 8000 complete in 40.3 sec
[---               9%                  ] 775 of 8000 complete in 40.8 sec
[---               9%                  ] 784 of 8000 complete in 41.4 sec
[---               9%                  ] 792 of 8000 complete in 41.9 sec
[---              10%                  ] 803 of 8000 complete in 42.4 sec
[---              10%                  ] 814 of 8000 complete in 43.0 sec
[---              10%                  ] 824 of 8000 complete in 43.5 sec
[---              10%                  ] 835 of 8000 complete in 44.0 sec
[----             10%                  ] 846 of 8000 complete in 44.6 sec
[----             10%                  ] 856 of 8000 complete in 45.1 sec
[----             10%                  ] 867 of 8000 complete in 45.6 sec
[----             10%                  ] 877 of 8000 complete in 46.1 sec
[----             11%                  ] 887 of 8000 complete in 46.6 sec
[----             11%                  ] 897 of 8000 complete in 47.1 sec
[----             11%                  ] 908 of 8000 complete in 47.7 sec
[----             11%                  ] 919 of 8000 complete in 48.2 sec
[----             11%                  ] 929 of 8000 complete in 48.7 sec
[----             11%                  ] 939 of 8000 complete in 49.3 sec
[----             11%                  ] 949 of 8000 complete in 49.8 sec
[----             12%                  ] 960 of 8000 complete in 50.3 sec
[----             12%                  ] 970 of 8000 complete in 50.9 sec
[----             12%                  ] 977 of 8000 complete in 51.4 sec
[----             12%                  ] 985 of 8000 complete in 51.9 sec
[----             12%                  ] 992 of 8000 complete in 52.5 sec
[----             12%                  ] 1000 of 8000 complete in 53.1 sec
[----             12%                  ] 1007 of 8000 complete in 53.6 sec
[----             12%                  ] 1014 of 8000 complete in 54.1 sec
[----             12%                  ] 1021 of 8000 complete in 54.6 sec
[----             12%                  ] 1028 of 8000 complete in 55.1 sec
[----             12%                  ] 1034 of 8000 complete in 55.7 sec
[----             13%                  ] 1042 of 8000 complete in 56.2 sec
[----             13%                  ] 1051 of 8000 complete in 56.7 sec
[-----            13%                  ] 1060 of 8000 complete in 57.3 sec
[-----            13%                  ] 1069 of 8000 complete in 57.8 sec
[-----            13%                  ] 1078 of 8000 complete in 58.4 sec
[                  0%                  ] 9 of 8000 complete in 0.5 sec
[                  0%                  ] 16 of 8000 complete in 1.0 sec
[                  0%                  ] 24 of 8000 complete in 1.6 sec
[                  0%                  ] 32 of 8000 complete in 2.1 sec
[                  0%                  ] 40 of 8000 complete in 2.6 sec
[                  0%                  ] 48 of 8000 complete in 3.2 sec
[                  0%                  ] 56 of 8000 complete in 3.8 sec
[                  0%                  ] 63 of 8000 complete in 4.3 sec
[                  0%                  ] 71 of 8000 complete in 4.8 sec
[                  0%                  ] 79 of 8000 complete in 5.4 sec
[                  1%                  ] 86 of 8000 complete in 5.9 sec
[                  1%                  ] 95 of 8000 complete in 6.4 sec
[                  1%                  ] 104 of 8000 complete in 7.0 sec
[                  1%                  ] 112 of 8000 complete in 7.5 sec
[                  1%                  ] 120 of 8000 complete in 8.1 sec
[                  1%                  ] 128 of 8000 complete in 8.6 sec
[                  1%                  ] 136 of 8000 complete in 9.1 sec
[                  1%                  ] 145 of 8000 complete in 9.6 sec
[                  1%                  ] 154 of 8000 complete in 10.2 sec
[                  2%                  ] 163 of 8000 complete in 10.7 sec
[                  2%                  ] 171 of 8000 complete in 11.2 sec
[                  2%                  ] 179 of 8000 complete in 11.7 sec
[                  2%                  ] 187 of 8000 complete in 12.3 sec
[                  2%                  ] 196 of 8000 complete in 12.8 sec
[                  2%                  ] 205 of 8000 complete in 13.3 sec
[-                 2%                  ] 214 of 8000 complete in 13.8 sec
[-                 2%                  ] 224 of 8000 complete in 14.4 sec
[-                 2%                  ] 234 of 8000 complete in 14.9 sec
[-                 3%                  ] 245 of 8000 complete in 15.4 sec
[-                 3%                  ] 255 of 8000 complete in 15.9 sec
[-                 3%                  ] 265 of 8000 complete in 16.5 sec
[-                 3%                  ] 276 of 8000 complete in 17.0 sec
[-                 3%                  ] 286 of 8000 complete in 17.5 sec
[-                 3%                  ] 296 of 8000 complete in 18.1 sec
[-                 3%                  ] 306 of 8000 complete in 18.6 sec
[-                 3%                  ] 316 of 8000 complete in 19.1 sec
[-                 4%                  ] 327 of 8000 complete in 19.6 sec
[-                 4%                  ] 337 of 8000 complete in 20.1 sec
[-                 4%                  ] 348 of 8000 complete in 20.7 sec
[-                 4%                  ] 358 of 8000 complete in 21.2 sec
[-                 4%                  ] 367 of 8000 complete in 21.7 sec
[-                 4%                  ] 377 of 8000 complete in 22.2 sec
[-                 4%                  ] 387 of 8000 complete in 22.7 sec
[-                 4%                  ] 399 of 8000 complete in 23.3 sec
[-                 5%                  ] 410 of 8000 complete in 23.8 sec
[-                 5%                  ] 421 of 8000 complete in 24.3 sec
[--                5%                  ] 432 of 8000 complete in 24.9 sec
[--                5%                  ] 443 of 8000 complete in 25.4 sec
[--                5%                  ] 455 of 8000 complete in 25.9 sec
[--                5%                  ] 465 of 8000 complete in 26.4 sec
[--                5%                  ] 475 of 8000 complete in 26.9 sec
[--                6%                  ] 487 of 8000 complete in 27.5 sec
[--                6%                  ] 498 of 8000 complete in 28.0 sec
[--                6%                  ] 508 of 8000 complete in 28.5 sec
[--                6%                  ] 516 of 8000 complete in 29.0 sec
[--                6%                  ] 525 of 8000 complete in 29.5 sec
[--                6%                  ] 536 of 8000 complete in 30.0 sec
[--                6%                  ] 547 of 8000 complete in 30.5 sec
[--                6%                  ] 558 of 8000 complete in 31.0 sec
[--                7%                  ] 568 of 8000 complete in 31.6 sec
[--                7%                  ] 579 of 8000 complete in 32.1 sec
[--                7%                  ] 590 of 8000 complete in 32.6 sec
[--                7%                  ] 600 of 8000 complete in 33.1 sec
[--                7%                  ] 610 of 8000 complete in 33.6 sec
[--                7%                  ] 621 of 8000 complete in 34.2 sec
[---               7%                  ] 634 of 8000 complete in 34.7 sec
[---               8%                  ] 646 of 8000 complete in 35.2 sec
[---               8%                  ] 657 of 8000 complete in 35.7 sec
[---               8%                  ] 670 of 8000 complete in 36.3 sec
[---               8%                  ] 683 of 8000 complete in 36.8 sec
[---               8%                  ] 696 of 8000 complete in 37.3 sec
[---               8%                  ] 710 of 8000 complete in 37.9 sec
[---               8%                  ] 719 of 8000 complete in 38.4 sec
[---               9%                  ] 728 of 8000 complete in 38.9 sec
[---               9%                  ] 737 of 8000 complete in 39.4 sec
[---               9%                  ] 747 of 8000 complete in 40.0 sec
[---               9%                  ] 757 of 8000 complete in 40.5 sec
[---               9%                  ] 766 of 8000 complete in 41.0 sec
[---               9%                  ] 774 of 8000 complete in 41.6 sec
[---               9%                  ] 783 of 8000 complete in 42.1 sec
[---               9%                  ] 793 of 8000 complete in 42.6 sec
[---              10%                  ] 802 of 8000 complete in 43.1 sec
[---              10%                  ] 812 of 8000 complete in 43.7 sec
[---              10%                  ] 822 of 8000 complete in 44.2 sec
[---              10%                  ] 832 of 8000 complete in 44.7 sec
[---              10%                  ] 842 of 8000 complete in 45.2 sec
[----             10%                  ] 852 of 8000 complete in 45.7 sec
[----             10%                  ] 862 of 8000 complete in 46.3 sec
[----             10%                  ] 872 of 8000 complete in 46.8 sec
[----             11%                  ] 883 of 8000 complete in 47.4 sec
[----             11%                  ] 894 of 8000 complete in 47.9 sec
[----             11%                  ] 903 of 8000 complete in 48.4 sec
[----             11%                  ] 912 of 8000 complete in 48.9 sec
[----             11%                  ] 922 of 8000 complete in 49.4 sec
[----             11%                  ] 933 of 8000 complete in 50.0 sec
[----             11%                  ] 943 of 8000 complete in 50.5 sec
[----             11%                  ] 951 of 8000 complete in 51.0 sec
[----             11%                  ] 958 of 8000 complete in 51.6 sec
[----             12%                  ] 966 of 8000 complete in 52.1 sec
[----             12%                  ] 973 of 8000 complete in 52.6 sec
[----             12%                  ] 980 of 8000 complete in 53.1 sec
[----             12%                  ] 987 of 8000 complete in 53.7 sec
[----             12%                  ] 994 of 8000 complete in 54.2 sec
[----             12%                  ] 1001 of 8000 complete in 54.7 sec
[----             12%                  ] 1008 of 8000 complete in 55.3 sec
[----             12%                  ] 1016 of 8000 complete in 55.8 sec
[----             12%                  ] 1024 of 8000 complete in 56.4 sec
[----             12%                  ] 1033 of 8000 complete in 56.9 sec
[----             13%                  ] 1042 of 8000 complete in 57.4 sec
[----             13%                  ] 1050 of 8000 complete in 57.9 sec
[-----            13%                  ] 1060 of 8000 complete in 58.5 sec
[-----            13%                  ] 1087 of 8000 complete in 58.9 sec
[-----            13%                  ] 1095 of 8000 complete in 59.5 sec
[-----            13%                  ] 1103 of 8000 complete in 60.0 sec
[-----            13%                  ] 1111 of 8000 complete in 60.5 sec
[-----            13%                  ] 1119 of 8000 complete in 61.1 sec
[-----            14%                  ] 1125 of 8000 complete in 61.6 sec
[-----            14%                  ] 1133 of 8000 complete in 62.2 sec
[-----            14%                  ] 1140 of 8000 complete in 62.7 sec
[-----            14%                  ] 1148 of 8000 complete in 63.3 sec
[-----            14%                  ] 1155 of 8000 complete in 63.8 sec
[-----            14%                  ] 1162 of 8000 complete in 64.3 sec
[-----            14%                  ] 1170 of 8000 complete in 64.9 sec
[-----            14%                  ] 1177 of 8000 complete in 65.4 sec
[-----            14%                  ] 1185 of 8000 complete in 65.9 sec
[-----            14%                  ] 1193 of 8000 complete in 66.5 sec
[-----            15%                  ] 1200 of 8000 complete in 67.0 sec
[-----            15%                  ] 1208 of 8000 complete in 67.6 sec
[-----            15%                  ] 1216 of 8000 complete in 68.1 sec
[-----            15%                  ] 1225 of 8000 complete in 68.7 sec
[-----            15%                  ] 1234 of 8000 complete in 69.2 sec
[-----            15%                  ] 1242 of 8000 complete in 69.7 sec
[-----            15%                  ] 1251 of 8000 complete in 70.3 sec
[-----            15%                  ] 1259 of 8000 complete in 70.8 sec
[------           15%                  ] 1267 of 8000 complete in 71.3 sec
[------           15%                  ] 1276 of 8000 complete in 71.9 sec
[------           16%                  ] 1284 of 8000 complete in 72.4 sec
[------           16%                  ] 1292 of 8000 complete in 72.9 sec
[------           16%                  ] 1300 of 8000 complete in 73.4 sec
[------           16%                  ] 1309 of 8000 complete in 73.9 sec
[------           16%                  ] 1318 of 8000 complete in 74.5 sec
[------           16%                  ] 1327 of 8000 complete in 75.0 sec
[------           16%                  ] 1335 of 8000 complete in 75.6 sec
[------           16%                  ] 1343 of 8000 complete in 76.1 sec
[------           16%                  ] 1351 of 8000 complete in 76.6 sec
[------           16%                  ] 1359 of 8000 complete in 77.1 sec
[------           17%                  ] 1367 of 8000 complete in 77.6 sec
[------           17%                  ] 1375 of 8000 complete in 78.1 sec
[------           17%                  ] 1383 of 8000 complete in 78.7 sec
[------           17%                  ] 1392 of 8000 complete in 79.2 sec
[------           17%                  ] 1400 of 8000 complete in 79.7 sec
[------           17%                  ] 1409 of 8000 complete in 80.3 sec
[------           17%                  ] 1418 of 8000 complete in 80.8 sec
[------           17%                  ] 1426 of 8000 complete in 81.4 sec
[------           17%                  ] 1434 of 8000 complete in 81.9 sec
[------           18%                  ] 1442 of 8000 complete in 82.4 sec
[------           18%                  ] 1451 of 8000 complete in 82.9 sec
[------           18%                  ] 1459 of 8000 complete in 83.4 sec
[------           18%                  ] 1467 of 8000 complete in 84.0 sec
[-------          18%                  ] 1475 of 8000 complete in 84.5 sec
[-------          18%                  ] 1483 of 8000 complete in 85.0 sec
[-------          18%                  ] 1491 of 8000 complete in 85.6 sec
[-------          18%                  ] 1499 of 8000 complete in 86.1 sec
[-------          18%                  ] 1507 of 8000 complete in 86.6 sec
[-------          18%                  ] 1516 of 8000 complete in 87.2 sec
[-------          19%                  ] 1524 of 8000 complete in 87.8 sec
[-------          19%                  ] 1531 of 8000 complete in 88.3 sec
[-------          19%                  ] 1538 of 8000 complete in 88.8 sec
[-------          19%                  ] 1543 of 8000 complete in 89.3 sec
[-------          19%                  ] 1550 of 8000 complete in 89.9 sec
[-------          19%                  ] 1558 of 8000 complete in 90.4 sec
[-------          19%                  ] 1565 of 8000 complete in 90.9 sec
[-------          19%                  ] 1571 of 8000 complete in 91.4 sec
[-------          19%                  ] 1578 of 8000 complete in 91.9 sec
[-------          19%                  ] 1586 of 8000 complete in 92.5 sec
[-------          19%                  ] 1594 of 8000 complete in 93.0 sec
[-------          20%                  ] 1601 of 8000 complete in 93.6 sec
[-------          20%                  ] 1608 of 8000 complete in 94.1 sec
[-------          20%                  ] 1615 of 8000 complete in 94.6 sec
[-------          20%                  ] 1622 of 8000 complete in 95.1 sec
[-------          20%                  ] 1628 of 8000 complete in 95.6 sec
[-------          20%                  ] 1635 of 8000 complete in 96.2 sec
[-------          20%                  ] 1643 of 8000 complete in 96.7 sec
[-------          20%                  ] 1652 of 8000 complete in 97.3 sec
[-------          20%                  ] 1661 of 8000 complete in 97.8 sec
[-------          20%                  ] 1669 of 8000 complete in 98.3 sec
[-------          20%                  ] 1678 of 8000 complete in 98.8 sec
[--------         21%                  ] 1685 of 8000 complete in 99.3 sec
[--------         21%                  ] 1693 of 8000 complete in 99.9 sec
[--------         21%                  ] 1701 of 8000 complete in 100.4 sec
[--------         21%                  ] 1710 of 8000 complete in 101.0 sec
[--------         21%                  ] 1717 of 8000 complete in 101.5 sec
[--------         21%                  ] 1725 of 8000 complete in 102.0 sec
[--------         21%                  ] 1733 of 8000 complete in 102.5 sec
[--------         21%                  ] 1742 of 8000 complete in 103.1 sec
[--------         21%                  ] 1751 of 8000 complete in 103.6 sec
[--------         21%                  ] 1759 of 8000 complete in 104.1 sec
[--------         22%                  ] 1767 of 8000 complete in 104.6 sec
[--------         22%                  ] 1775 of 8000 complete in 105.1 sec
[--------         22%                  ] 1782 of 8000 complete in 105.7 sec
[--------         22%                  ] 1789 of 8000 complete in 106.2 sec
[--------         22%                  ] 1796 of 8000 complete in 106.7 sec
[--------         22%                  ] 1804 of 8000 complete in 107.3 sec
[--------         22%                  ] 1812 of 8000 complete in 107.8 sec
[--------         22%                  ] 1821 of 8000 complete in 108.3 sec
[--------         22%                  ] 1829 of 8000 complete in 108.8 sec
[--------         22%                  ] 1838 of 8000 complete in 109.4 sec
[--------         23%                  ] 1846 of 8000 complete in 109.9 sec
[--------         23%                  ] 1855 of 8000 complete in 110.4 sec
[--------         23%                  ] 1864 of 8000 complete in 111.0 sec
[--------         23%                  ] 1871 of 8000 complete in 111.5 sec
[--------         23%                  ] 1880 of 8000 complete in 112.0 sec
[--------         23%                  ] 1889 of 8000 complete in 112.6 sec
[---------        23%                  ] 1898 of 8000 complete in 113.1 sec
[---------        23%                  ] 1906 of 8000 complete in 113.6 sec
[---------        23%                  ] 1915 of 8000 complete in 114.2 sec
[---------        24%                  ] 1924 of 8000 complete in 114.7 sec
[---------        24%                  ] 1933 of 8000 complete in 115.2 sec
[---------        24%                  ] 1942 of 8000 complete in 115.8 sec
[-----            13%                  ] 1068 of 8000 complete in 59.0 sec
[-----            13%                  ] 1076 of 8000 complete in 59.6 sec
[-----            13%                  ] 1084 of 8000 complete in 60.1 sec
[-----            13%                  ] 1092 of 8000 complete in 60.6 sec
[-----            13%                  ] 1099 of 8000 complete in 61.1 sec
[-----            13%                  ] 1106 of 8000 complete in 61.7 sec
[-----            13%                  ] 1114 of 8000 complete in 62.2 sec
[-----            14%                  ] 1121 of 8000 complete in 62.7 sec
[-----            14%                  ] 1128 of 8000 complete in 63.2 sec
[-----            14%                  ] 1136 of 8000 complete in 63.8 sec
[-----            14%                  ] 1144 of 8000 complete in 64.3 sec
[-----            14%                  ] 1152 of 8000 complete in 64.9 sec
[-----            14%                  ] 1160 of 8000 complete in 65.4 sec
[-----            14%                  ] 1168 of 8000 complete in 66.0 sec
[-----            14%                  ] 1175 of 8000 complete in 66.5 sec
[-----            14%                  ] 1183 of 8000 complete in 67.1 sec
[-----            14%                  ] 1191 of 8000 complete in 67.6 sec
[-----            14%                  ] 1199 of 8000 complete in 68.2 sec
[-----            15%                  ] 1208 of 8000 complete in 68.7 sec
[-----            15%                  ] 1216 of 8000 complete in 69.2 sec
[-----            15%                  ] 1225 of 8000 complete in 69.7 sec
[-----            15%                  ] 1234 of 8000 complete in 70.3 sec
[-----            15%                  ] 1242 of 8000 complete in 70.8 sec
[-----            15%                  ] 1250 of 8000 complete in 71.3 sec
[-----            15%                  ] 1258 of 8000 complete in 71.8 sec
[------           15%                  ] 1267 of 8000 complete in 72.4 sec
[------           15%                  ] 1275 of 8000 complete in 72.9 sec
[------           16%                  ] 1283 of 8000 complete in 73.4 sec
[------           16%                  ] 1292 of 8000 complete in 73.9 sec
[------           16%                  ] 1301 of 8000 complete in 74.4 sec
[------           16%                  ] 1310 of 8000 complete in 75.0 sec
[------           16%                  ] 1319 of 8000 complete in 75.5 sec
[------           16%                  ] 1327 of 8000 complete in 76.0 sec
[------           16%                  ] 1336 of 8000 complete in 76.6 sec
[------           16%                  ] 1344 of 8000 complete in 77.1 sec
[------           16%                  ] 1352 of 8000 complete in 77.6 sec
[------           17%                  ] 1361 of 8000 complete in 78.2 sec
[------           17%                  ] 1369 of 8000 complete in 78.7 sec
[------           17%                  ] 1378 of 8000 complete in 79.2 sec
[------           17%                  ] 1387 of 8000 complete in 79.7 sec
[------           17%                  ] 1396 of 8000 complete in 80.3 sec
[------           17%                  ] 1405 of 8000 complete in 80.8 sec
[------           17%                  ] 1413 of 8000 complete in 81.4 sec
[------           17%                  ] 1421 of 8000 complete in 81.9 sec
[------           17%                  ] 1429 of 8000 complete in 82.4 sec
[------           17%                  ] 1438 of 8000 complete in 82.9 sec
[------           18%                  ] 1447 of 8000 complete in 83.4 sec
[------           18%                  ] 1456 of 8000 complete in 84.0 sec
[------           18%                  ] 1465 of 8000 complete in 84.5 sec
[-------          18%                  ] 1474 of 8000 complete in 85.1 sec
[-------          18%                  ] 1483 of 8000 complete in 85.6 sec
[-------          18%                  ] 1492 of 8000 complete in 86.1 sec
[-------          18%                  ] 1501 of 8000 complete in 86.6 sec
[-------          18%                  ] 1510 of 8000 complete in 87.2 sec
[-------          18%                  ] 1518 of 8000 complete in 87.7 sec
[-------          19%                  ] 1526 of 8000 complete in 88.2 sec
[-------          19%                  ] 1533 of 8000 complete in 88.8 sec
[-------          19%                  ] 1539 of 8000 complete in 89.3 sec
[-------          19%                  ] 1547 of 8000 complete in 89.9 sec
[-------          19%                  ] 1555 of 8000 complete in 90.4 sec
[-------          19%                  ] 1563 of 8000 complete in 91.0 sec
[-------          19%                  ] 1570 of 8000 complete in 91.6 sec
[-------          19%                  ] 1578 of 8000 complete in 92.1 sec
[-------          19%                  ] 1586 of 8000 complete in 92.6 sec
[-------          19%                  ] 1594 of 8000 complete in 93.1 sec
[-------          20%                  ] 1601 of 8000 complete in 93.6 sec
[-------          20%                  ] 1609 of 8000 complete in 94.2 sec
[-------          20%                  ] 1617 of 8000 complete in 94.8 sec
[-------          20%                  ] 1624 of 8000 complete in 95.3 sec
[-------          20%                  ] 1631 of 8000 complete in 95.8 sec
[-------          20%                  ] 1639 of 8000 complete in 96.4 sec
[-------          20%                  ] 1647 of 8000 complete in 96.9 sec
[-------          20%                  ] 1656 of 8000 complete in 97.4 sec
[-------          20%                  ] 1665 of 8000 complete in 98.0 sec
[-------          20%                  ] 1674 of 8000 complete in 98.5 sec
[-------          21%                  ] 1683 of 8000 complete in 99.1 sec
[--------         21%                  ] 1691 of 8000 complete in 99.6 sec
[--------         21%                  ] 1700 of 8000 complete in 100.1 sec
[--------         21%                  ] 1709 of 8000 complete in 100.7 sec
[--------         21%                  ] 1717 of 8000 complete in 101.2 sec
[--------         21%                  ] 1725 of 8000 complete in 101.7 sec
[--------         21%                  ] 1734 of 8000 complete in 102.2 sec
[--------         21%                  ] 1743 of 8000 complete in 102.8 sec
[--------         21%                  ] 1751 of 8000 complete in 103.3 sec
[--------         21%                  ] 1759 of 8000 complete in 103.8 sec
[--------         22%                  ] 1768 of 8000 complete in 104.3 sec
[--------         22%                  ] 1777 of 8000 complete in 104.9 sec
[--------         22%                  ] 1784 of 8000 complete in 105.4 sec
[--------         22%                  ] 1791 of 8000 complete in 105.9 sec
[--------         22%                  ] 1798 of 8000 complete in 106.4 sec
[--------         22%                  ] 1807 of 8000 complete in 107.0 sec
[--------         22%                  ] 1816 of 8000 complete in 107.5 sec
[--------         22%                  ] 1825 of 8000 complete in 108.0 sec
[--------         22%                  ] 1833 of 8000 complete in 108.5 sec
[--------         23%                  ] 1842 of 8000 complete in 109.1 sec
[--------         23%                  ] 1851 of 8000 complete in 109.6 sec
[--------         23%                  ] 1860 of 8000 complete in 110.1 sec
[--------         23%                  ] 1869 of 8000 complete in 110.6 sec
[--------         23%                  ] 1877 of 8000 complete in 111.2 sec
[--------         23%                  ] 1886 of 8000 complete in 111.7 sec
[--------         23%                  ] 1894 of 8000 complete in 112.2 sec
[---------        23%                  ] 1903 of 8000 complete in 112.7 sec
[---------        23%                  ] 1912 of 8000 complete in 113.3 sec
[---------        24%                  ] 1921 of 8000 complete in 113.8 sec
[---------        24%                  ] 1929 of 8000 complete in 114.3 sec
[---------        24%                  ] 1938 of 8000 complete in 114.8 sec
[---------        24%                  ] 1946 of 8000 complete in 115.3 sec
[---------        24%                  ] 1956 of 8000 complete in 115.9 sec
[-----            13%                  ] 1078 of 8000 complete in 59.0 sec
[-----            13%                  ] 1085 of 8000 complete in 59.5 sec
[-----            13%                  ] 1093 of 8000 complete in 60.1 sec
[-----            13%                  ] 1101 of 8000 complete in 60.6 sec
[-----            13%                  ] 1108 of 8000 complete in 61.1 sec
[-----            13%                  ] 1115 of 8000 complete in 61.7 sec
[-----            14%                  ] 1123 of 8000 complete in 62.2 sec
[-----            14%                  ] 1130 of 8000 complete in 62.7 sec
[-----            14%                  ] 1137 of 8000 complete in 63.2 sec
[-----            14%                  ] 1144 of 8000 complete in 63.8 sec
[-----            14%                  ] 1152 of 8000 complete in 64.3 sec
[-----            14%                  ] 1160 of 8000 complete in 64.8 sec
[-----            14%                  ] 1168 of 8000 complete in 65.4 sec
[-----            14%                  ] 1176 of 8000 complete in 65.9 sec
[-----            14%                  ] 1184 of 8000 complete in 66.5 sec
[-----            14%                  ] 1191 of 8000 complete in 67.0 sec
[-----            14%                  ] 1199 of 8000 complete in 67.5 sec
[-----            15%                  ] 1207 of 8000 complete in 68.1 sec
[-----            15%                  ] 1215 of 8000 complete in 68.6 sec
[-----            15%                  ] 1223 of 8000 complete in 69.1 sec
[-----            15%                  ] 1232 of 8000 complete in 69.7 sec
[-----            15%                  ] 1241 of 8000 complete in 70.2 sec
[-----            15%                  ] 1250 of 8000 complete in 70.7 sec
[-----            15%                  ] 1258 of 8000 complete in 71.2 sec
[------           15%                  ] 1266 of 8000 complete in 71.8 sec
[------           15%                  ] 1274 of 8000 complete in 72.3 sec
[------           16%                  ] 1282 of 8000 complete in 72.8 sec
[------           16%                  ] 1290 of 8000 complete in 73.3 sec
[------           16%                  ] 1299 of 8000 complete in 73.8 sec
[------           16%                  ] 1308 of 8000 complete in 74.4 sec
[------           16%                  ] 1316 of 8000 complete in 74.9 sec
[------           16%                  ] 1324 of 8000 complete in 75.4 sec
[------           16%                  ] 1332 of 8000 complete in 75.9 sec
[------           16%                  ] 1340 of 8000 complete in 76.4 sec
[------           16%                  ] 1349 of 8000 complete in 77.0 sec
[------           16%                  ] 1357 of 8000 complete in 77.5 sec
[------           17%                  ] 1365 of 8000 complete in 78.0 sec
[------           17%                  ] 1373 of 8000 complete in 78.5 sec
[------           17%                  ] 1381 of 8000 complete in 79.0 sec
[------           17%                  ] 1390 of 8000 complete in 79.6 sec
[------           17%                  ] 1399 of 8000 complete in 80.1 sec
[------           17%                  ] 1407 of 8000 complete in 80.6 sec
[------           17%                  ] 1416 of 8000 complete in 81.2 sec
[------           17%                  ] 1424 of 8000 complete in 81.7 sec
[------           17%                  ] 1432 of 8000 complete in 82.2 sec
[------           18%                  ] 1441 of 8000 complete in 82.7 sec
[------           18%                  ] 1450 of 8000 complete in 83.3 sec
[------           18%                  ] 1458 of 8000 complete in 83.8 sec
[------           18%                  ] 1466 of 8000 complete in 84.4 sec
[-------          18%                  ] 1475 of 8000 complete in 84.9 sec
[-------          18%                  ] 1484 of 8000 complete in 85.5 sec
[-------          18%                  ] 1493 of 8000 complete in 86.0 sec
[-------          18%                  ] 1501 of 8000 complete in 86.5 sec
[-------          18%                  ] 1509 of 8000 complete in 87.0 sec
[-------          18%                  ] 1517 of 8000 complete in 87.6 sec
[-------          19%                  ] 1525 of 8000 complete in 88.1 sec
[-------          19%                  ] 1532 of 8000 complete in 88.7 sec
[-------          19%                  ] 1538 of 8000 complete in 89.2 sec
[-------          19%                  ] 1545 of 8000 complete in 89.7 sec
[-------          19%                  ] 1553 of 8000 complete in 90.3 sec
[-------          19%                  ] 1561 of 8000 complete in 90.8 sec
[-------          19%                  ] 1568 of 8000 complete in 91.4 sec
[-------          19%                  ] 1575 of 8000 complete in 91.9 sec
[-------          19%                  ] 1583 of 8000 complete in 92.5 sec
[-------          19%                  ] 1591 of 8000 complete in 93.0 sec
[-------          19%                  ] 1598 of 8000 complete in 93.5 sec
[-------          20%                  ] 1606 of 8000 complete in 94.1 sec
[-------          20%                  ] 1613 of 8000 complete in 94.6 sec
[-------          20%                  ] 1620 of 8000 complete in 95.2 sec
[-------          20%                  ] 1627 of 8000 complete in 95.7 sec
[-------          20%                  ] 1634 of 8000 complete in 96.2 sec
[-------          20%                  ] 1642 of 8000 complete in 96.8 sec
[-------          20%                  ] 1650 of 8000 complete in 97.3 sec
[-------          20%                  ] 1659 of 8000 complete in 97.8 sec
[-------          20%                  ] 1668 of 8000 complete in 98.4 sec
[-------          20%                  ] 1676 of 8000 complete in 98.9 sec
[-------          21%                  ] 1684 of 8000 complete in 99.4 sec
[--------         21%                  ] 1692 of 8000 complete in 100.0 sec
[--------         21%                  ] 1700 of 8000 complete in 100.5 sec
[--------         21%                  ] 1709 of 8000 complete in 101.0 sec
[--------         21%                  ] 1717 of 8000 complete in 101.6 sec
[--------         21%                  ] 1726 of 8000 complete in 102.1 sec
[--------         21%                  ] 1735 of 8000 complete in 102.7 sec
[--------         21%                  ] 1743 of 8000 complete in 103.2 sec
[--------         21%                  ] 1752 of 8000 complete in 103.8 sec
[--------         22%                  ] 1761 of 8000 complete in 104.3 sec
[--------         22%                  ] 1769 of 8000 complete in 104.8 sec
[--------         22%                  ] 1777 of 8000 complete in 105.3 sec
[--------         22%                  ] 1783 of 8000 complete in 105.8 sec
[--------         22%                  ] 1791 of 8000 complete in 106.4 sec
[--------         22%                  ] 1799 of 8000 complete in 106.9 sec
[--------         22%                  ] 1807 of 8000 complete in 107.4 sec
[--------         22%                  ] 1816 of 8000 complete in 107.9 sec
[--------         22%                  ] 1825 of 8000 complete in 108.5 sec
[--------         22%                  ] 1834 of 8000 complete in 109.0 sec
[--------         23%                  ] 1843 of 8000 complete in 109.6 sec
[--------         23%                  ] 1852 of 8000 complete in 110.1 sec
[--------         23%                  ] 1861 of 8000 complete in 110.7 sec
[--------         23%                  ] 1869 of 8000 complete in 111.2 sec
[--------         23%                  ] 1877 of 8000 complete in 111.7 sec
[--------         23%                  ] 1886 of 8000 complete in 112.3 sec
[--------         23%                  ] 1894 of 8000 complete in 112.8 sec
[---------        23%                  ] 1903 of 8000 complete in 113.4 sec
[---------        23%                  ] 1912 of 8000 complete in 113.9 sec
[---------        24%                  ] 1921 of 8000 complete in 114.5 sec
[---------        24%                  ] 1929 of 8000 complete in 115.0 sec
[---------        24%                  ] 1938 of 8000 complete in 115.5 sec
[---------        24%                  ] 1947 of 8000 complete in 116.1 sec

[-----            13%                  ] 1086 of 8000 complete in 59.3 sec
[-----            13%                  ] 1093 of 8000 complete in 59.8 sec
[-----            13%                  ] 1101 of 8000 complete in 60.3 sec
[-----            13%                  ] 1108 of 8000 complete in 60.9 sec
[-----            13%                  ] 1114 of 8000 complete in 61.4 sec
[-----            14%                  ] 1121 of 8000 complete in 61.9 sec
[-----            14%                  ] 1128 of 8000 complete in 62.5 sec
[-----            14%                  ] 1136 of 8000 complete in 63.0 sec
[-----            14%                  ] 1143 of 8000 complete in 63.5 sec
[-----            14%                  ] 1151 of 8000 complete in 64.1 sec
[-----            14%                  ] 1158 of 8000 complete in 64.6 sec
[-----            14%                  ] 1166 of 8000 complete in 65.1 sec
[-----            14%                  ] 1173 of 8000 complete in 65.6 sec
[-----            14%                  ] 1180 of 8000 complete in 66.2 sec
[-----            14%                  ] 1187 of 8000 complete in 66.7 sec
[-----            14%                  ] 1195 of 8000 complete in 67.2 sec
[-----            15%                  ] 1203 of 8000 complete in 67.8 sec
[-----            15%                  ] 1210 of 8000 complete in 68.3 sec
[-----            15%                  ] 1219 of 8000 complete in 68.8 sec
[-----            15%                  ] 1227 of 8000 complete in 69.3 sec
[-----            15%                  ] 1235 of 8000 complete in 69.8 sec
[-----            15%                  ] 1244 of 8000 complete in 70.4 sec
[-----            15%                  ] 1253 of 8000 complete in 70.9 sec
[-----            15%                  ] 1261 of 8000 complete in 71.5 sec
[------           15%                  ] 1269 of 8000 complete in 72.0 sec
[------           15%                  ] 1277 of 8000 complete in 72.5 sec
[------           16%                  ] 1284 of 8000 complete in 73.0 sec
[------           16%                  ] 1292 of 8000 complete in 73.6 sec
[------           16%                  ] 1301 of 8000 complete in 74.1 sec
[------           16%                  ] 1310 of 8000 complete in 74.7 sec
[------           16%                  ] 1318 of 8000 complete in 75.2 sec
[------           16%                  ] 1327 of 8000 complete in 75.7 sec
[------           16%                  ] 1335 of 8000 complete in 76.2 sec
[------           16%                  ] 1344 of 8000 complete in 76.8 sec
[------           16%                  ] 1352 of 8000 complete in 77.3 sec
[------           16%                  ] 1359 of 8000 complete in 77.8 sec
[------           17%                  ] 1367 of 8000 complete in 78.4 sec
[------           17%                  ] 1375 of 8000 complete in 78.9 sec
[------           17%                  ] 1383 of 8000 complete in 79.4 sec
[------           17%                  ] 1392 of 8000 complete in 80.0 sec
[------           17%                  ] 1401 of 8000 complete in 80.5 sec
[------           17%                  ] 1410 of 8000 complete in 81.1 sec
[------           17%                  ] 1418 of 8000 complete in 81.6 sec
[------           17%                  ] 1427 of 8000 complete in 82.1 sec
[------           17%                  ] 1436 of 8000 complete in 82.7 sec
[------           18%                  ] 1444 of 8000 complete in 83.2 sec
[------           18%                  ] 1452 of 8000 complete in 83.8 sec
[------           18%                  ] 1460 of 8000 complete in 84.3 sec
[------           18%                  ] 1469 of 8000 complete in 84.8 sec
[-------          18%                  ] 1478 of 8000 complete in 85.3 sec
[-------          18%                  ] 1486 of 8000 complete in 85.8 sec
[-------          18%                  ] 1494 of 8000 complete in 86.4 sec
[-------          18%                  ] 1502 of 8000 complete in 86.9 sec
[-------          18%                  ] 1510 of 8000 complete in 87.5 sec
[-------          18%                  ] 1517 of 8000 complete in 88.0 sec
[-------          19%                  ] 1524 of 8000 complete in 88.6 sec
[-------          19%                  ] 1530 of 8000 complete in 89.1 sec
[-------          19%                  ] 1537 of 8000 complete in 89.7 sec
[-------          19%                  ] 1544 of 8000 complete in 90.2 sec
[-------          19%                  ] 1551 of 8000 complete in 90.7 sec
[-------          19%                  ] 1558 of 8000 complete in 91.2 sec
[-------          19%                  ] 1565 of 8000 complete in 91.8 sec
[-------          19%                  ] 1573 of 8000 complete in 92.4 sec
[-------          19%                  ] 1580 of 8000 complete in 92.9 sec
[-------          19%                  ] 1587 of 8000 complete in 93.4 sec
[-------          19%                  ] 1594 of 8000 complete in 93.9 sec
[-------          20%                  ] 1601 of 8000 complete in 94.4 sec
[-------          20%                  ] 1608 of 8000 complete in 95.0 sec
[-------          20%                  ] 1615 of 8000 complete in 95.5 sec
[-------          20%                  ] 1622 of 8000 complete in 96.1 sec
[-------          20%                  ] 1630 of 8000 complete in 96.6 sec
[-------          20%                  ] 1638 of 8000 complete in 97.2 sec
[-------          20%                  ] 1647 of 8000 complete in 97.7 sec
[-------          20%                  ] 1656 of 8000 complete in 98.2 sec
[-------          20%                  ] 1664 of 8000 complete in 98.8 sec
[-------          20%                  ] 1672 of 8000 complete in 99.3 sec
[-------          20%                  ] 1679 of 8000 complete in 99.8 sec
[--------         21%                  ] 1687 of 8000 complete in 100.3 sec
[--------         21%                  ] 1696 of 8000 complete in 100.9 sec
[--------         21%                  ] 1704 of 8000 complete in 101.4 sec
[--------         21%                  ] 1712 of 8000 complete in 101.9 sec
[--------         21%                  ] 1721 of 8000 complete in 102.5 sec
[--------         21%                  ] 1730 of 8000 complete in 103.0 sec
[--------         21%                  ] 1738 of 8000 complete in 103.6 sec
[--------         21%                  ] 1746 of 8000 complete in 104.1 sec
[--------         21%                  ] 1755 of 8000 complete in 104.6 sec
[--------         22%                  ] 1763 of 8000 complete in 105.1 sec
[--------         22%                  ] 1769 of 8000 complete in 105.7 sec
[--------         22%                  ] 1776 of 8000 complete in 106.2 sec
[--------         22%                  ] 1784 of 8000 complete in 106.7 sec
[--------         22%                  ] 1792 of 8000 complete in 107.3 sec
[--------         22%                  ] 1801 of 8000 complete in 107.8 sec
[--------         22%                  ] 1810 of 8000 complete in 108.3 sec
[--------         22%                  ] 1818 of 8000 complete in 108.9 sec
[--------         22%                  ] 1827 of 8000 complete in 109.4 sec
[--------         22%                  ] 1836 of 8000 complete in 110.0 sec
[--------         23%                  ] 1845 of 8000 complete in 110.5 sec
[--------         23%                  ] 1854 of 8000 complete in 111.1 sec
[--------         23%                  ] 1862 of 8000 complete in 111.6 sec
[--------         23%                  ] 1871 of 8000 complete in 112.2 sec
[--------         23%                  ] 1879 of 8000 complete in 112.7 sec
[--------         23%                  ] 1888 of 8000 complete in 113.2 sec
[---------        23%                  ] 1897 of 8000 complete in 113.8 sec
[---------        23%                  ] 1906 of 8000 complete in 114.3 sec
[---------        23%                  ] 1915 of 8000 complete in 114.9 sec
[---------        24%                  ] 1923 of 8000 complete in 115.4 sec
[---------        24%                  ] 1932 of 8000 complete in 115.9 sec
[---------        24%                  ] 1940 of 8000 complete in 116.4 sec
[---------        24%                  ] 1964 of 8000 complete in 116.4 sec
[---------        24%                  ] 1971 of 8000 complete in 116.9 sec
[---------        24%                  ] 1979 of 8000 complete in 117.4 sec
[---------        24%                  ] 1988 of 8000 complete in 118.0 sec
[---------        24%                  ] 1996 of 8000 complete in 118.5 sec
[---------        25%                  ] 2003 of 8000 complete in 119.0 sec
[---------        25%                  ] 2010 of 8000 complete in 119.5 sec
[---------        25%                  ] 2017 of 8000 complete in 120.0 sec
[---------        25%                  ] 2025 of 8000 complete in 120.6 sec
[---------        25%                  ] 2033 of 8000 complete in 121.1 sec
[---------        25%                  ] 2040 of 8000 complete in 121.7 sec
[---------        25%                  ] 2048 of 8000 complete in 122.2 sec
[---------        25%                  ] 2056 of 8000 complete in 122.8 sec
[---------        25%                  ] 2063 of 8000 complete in 123.3 sec
[---------        25%                  ] 2070 of 8000 complete in 123.8 sec
[---------        25%                  ] 2077 of 8000 complete in 124.3 sec
[---------        26%                  ] 2085 of 8000 complete in 124.8 sec
[---------        26%                  ] 2093 of 8000 complete in 125.4 sec
[---------        26%                  ] 2101 of 8000 complete in 125.9 sec
[----------       26%                  ] 2109 of 8000 complete in 126.4 sec
[----------       26%                  ] 2117 of 8000 complete in 126.9 sec
[----------       26%                  ] 2126 of 8000 complete in 127.5 sec
[----------       26%                  ] 2135 of 8000 complete in 128.0 sec
[----------       26%                  ] 2144 of 8000 complete in 128.6 sec
[----------       26%                  ] 2153 of 8000 complete in 129.1 sec
[----------       27%                  ] 2161 of 8000 complete in 129.6 sec
[----------       27%                  ] 2170 of 8000 complete in 130.2 sec
[----------       27%                  ] 2178 of 8000 complete in 130.7 sec
[----------       27%                  ] 2186 of 8000 complete in 131.3 sec
[----------       27%                  ] 2194 of 8000 complete in 131.8 sec
[----------       27%                  ] 2201 of 8000 complete in 132.3 sec
[----------       27%                  ] 2209 of 8000 complete in 132.8 sec
[----------       27%                  ] 2217 of 8000 complete in 133.3 sec
[----------       27%                  ] 2225 of 8000 complete in 133.9 sec
[----------       27%                  ] 2234 of 8000 complete in 134.4 sec
[----------       28%                  ] 2243 of 8000 complete in 134.9 sec
[----------       28%                  ] 2252 of 8000 complete in 135.4 sec
[----------       28%                  ] 2261 of 8000 complete in 135.9 sec
[----------       28%                  ] 2270 of 8000 complete in 136.5 sec
[----------       28%                  ] 2278 of 8000 complete in 137.0 sec
[----------       28%                  ] 2287 of 8000 complete in 137.6 sec
[----------       28%                  ] 2296 of 8000 complete in 138.1 sec
[----------       28%                  ] 2304 of 8000 complete in 138.6 sec
[----------       28%                  ] 2312 of 8000 complete in 139.1 sec
[-----------      29%                  ] 2321 of 8000 complete in 139.7 sec
[-----------      29%                  ] 2330 of 8000 complete in 140.2 sec
[-----------      29%                  ] 2339 of 8000 complete in 140.7 sec
[-----------      29%                  ] 2347 of 8000 complete in 141.2 sec
[-----------      29%                  ] 2356 of 8000 complete in 141.8 sec
[-----------      29%                  ] 2364 of 8000 complete in 142.3 sec
[-----------      29%                  ] 2372 of 8000 complete in 142.8 sec
[-----------      29%                  ] 2381 of 8000 complete in 143.3 sec
[-----------      29%                  ] 2390 of 8000 complete in 143.9 sec
[-----------      29%                  ] 2398 of 8000 complete in 144.4 sec
[-----------      30%                  ] 2405 of 8000 complete in 144.9 sec
[-----------      30%                  ] 2414 of 8000 complete in 145.4 sec
[-----------      30%                  ] 2422 of 8000 complete in 145.9 sec
[-----------      30%                  ] 2431 of 8000 complete in 146.5 sec
[-----------      30%                  ] 2439 of 8000 complete in 147.0 sec
[-----------      30%                  ] 2448 of 8000 complete in 147.6 sec
[-----------      30%                  ] 2456 of 8000 complete in 148.1 sec
[-----------      30%                  ] 2464 of 8000 complete in 148.6 sec
[-----------      30%                  ] 2472 of 8000 complete in 149.2 sec
[-----------      30%                  ] 2479 of 8000 complete in 149.7 sec
[-----------      31%                  ] 2486 of 8000 complete in 150.2 sec
[-----------      31%                  ] 2494 of 8000 complete in 150.8 sec
[-----------      31%                  ] 2501 of 8000 complete in 151.3 sec
[-----------      31%                  ] 2508 of 8000 complete in 151.8 sec
[-----------      31%                  ] 2516 of 8000 complete in 152.4 sec
[-----------      31%                  ] 2524 of 8000 complete in 152.9 sec
[------------     31%                  ] 2532 of 8000 complete in 153.5 sec
[------------     31%                  ] 2540 of 8000 complete in 154.0 sec
[------------     31%                  ] 2548 of 8000 complete in 154.5 sec
[------------     31%                  ] 2556 of 8000 complete in 155.1 sec
[------------     32%                  ] 2564 of 8000 complete in 155.6 sec
[------------     32%                  ] 2573 of 8000 complete in 156.1 sec
[------------     32%                  ] 2581 of 8000 complete in 156.7 sec
[------------     32%                  ] 2589 of 8000 complete in 157.2 sec
[------------     32%                  ] 2597 of 8000 complete in 157.7 sec
[------------     32%                  ] 2605 of 8000 complete in 158.3 sec
[------------     32%                  ] 2613 of 8000 complete in 158.8 sec
[------------     32%                  ] 2622 of 8000 complete in 159.3 sec
[------------     32%                  ] 2631 of 8000 complete in 159.8 sec
[------------     33%                  ] 2640 of 8000 complete in 160.4 sec
[------------     33%                  ] 2648 of 8000 complete in 160.9 sec
[------------     33%                  ] 2655 of 8000 complete in 161.5 sec
[------------     33%                  ] 2663 of 8000 complete in 162.0 sec
[------------     33%                  ] 2671 of 8000 complete in 162.5 sec
[------------     33%                  ] 2680 of 8000 complete in 163.1 sec
[------------     33%                  ] 2688 of 8000 complete in 163.6 sec
[------------     33%                  ] 2697 of 8000 complete in 164.2 sec
[------------     33%                  ] 2705 of 8000 complete in 164.7 sec
[------------     33%                  ] 2714 of 8000 complete in 165.2 sec
[------------     34%                  ] 2723 of 8000 complete in 165.8 sec
[------------     34%                  ] 2731 of 8000 complete in 166.3 sec
[-------------    34%                  ] 2740 of 8000 complete in 166.8 sec
[-------------    34%                  ] 2749 of 8000 complete in 167.4 sec
[-------------    34%                  ] 2758 of 8000 complete in 167.9 sec
[-------------    34%                  ] 2767 of 8000 complete in 168.5 sec
[-------------    34%                  ] 2775 of 8000 complete in 169.0 sec
[-------------    34%                  ] 2784 of 8000 complete in 169.6 sec
[-------------    34%                  ] 2793 of 8000 complete in 170.1 sec
[-------------    35%                  ] 2802 of 8000 complete in 170.6 sec
[-------------    35%                  ] 2811 of 8000 complete in 171.2 sec
[-------------    35%                  ] 2819 of 8000 complete in 171.7 sec
[-------------    35%                  ] 2827 of 8000 complete in 172.2 sec
[-------------    35%                  ] 2835 of 8000 complete in 172.8 sec
[---------        24%                  ] 1951 of 8000 complete in 116.3 sec
[---------        24%                  ] 1958 of 8000 complete in 116.9 sec
[---------        24%                  ] 1965 of 8000 complete in 117.4 sec
[---------        24%                  ] 1974 of 8000 complete in 117.9 sec
[---------        24%                  ] 1983 of 8000 complete in 118.5 sec
[---------        24%                  ] 1991 of 8000 complete in 119.0 sec
[---------        24%                  ] 1998 of 8000 complete in 119.5 sec
[---------        25%                  ] 2005 of 8000 complete in 120.1 sec
[---------        25%                  ] 2013 of 8000 complete in 120.6 sec
[---------        25%                  ] 2021 of 8000 complete in 121.1 sec
[---------        25%                  ] 2028 of 8000 complete in 121.7 sec
[---------        25%                  ] 2035 of 8000 complete in 122.2 sec
[---------        25%                  ] 2043 of 8000 complete in 122.8 sec
[---------        25%                  ] 2050 of 8000 complete in 123.3 sec
[---------        25%                  ] 2057 of 8000 complete in 123.9 sec
[---------        25%                  ] 2064 of 8000 complete in 124.4 sec
[---------        25%                  ] 2071 of 8000 complete in 124.9 sec
[---------        25%                  ] 2079 of 8000 complete in 125.4 sec
[---------        26%                  ] 2087 of 8000 complete in 126.0 sec
[---------        26%                  ] 2095 of 8000 complete in 126.5 sec
[---------        26%                  ] 2103 of 8000 complete in 127.0 sec
[----------       26%                  ] 2112 of 8000 complete in 127.6 sec
[----------       26%                  ] 2120 of 8000 complete in 128.1 sec
[----------       26%                  ] 2128 of 8000 complete in 128.6 sec
[----------       26%                  ] 2137 of 8000 complete in 129.2 sec
[----------       26%                  ] 2146 of 8000 complete in 129.7 sec
[----------       26%                  ] 2154 of 8000 complete in 130.2 sec
[----------       27%                  ] 2162 of 8000 complete in 130.8 sec
[----------       27%                  ] 2170 of 8000 complete in 131.3 sec
[----------       27%                  ] 2177 of 8000 complete in 131.8 sec
[----------       27%                  ] 2184 of 8000 complete in 132.3 sec
[----------       27%                  ] 2192 of 8000 complete in 132.9 sec
[----------       27%                  ] 2200 of 8000 complete in 133.4 sec
[----------       27%                  ] 2208 of 8000 complete in 133.9 sec
[----------       27%                  ] 2216 of 8000 complete in 134.5 sec
[----------       27%                  ] 2225 of 8000 complete in 135.0 sec
[----------       27%                  ] 2233 of 8000 complete in 135.5 sec
[----------       28%                  ] 2242 of 8000 complete in 136.1 sec
[----------       28%                  ] 2251 of 8000 complete in 136.6 sec
[----------       28%                  ] 2259 of 8000 complete in 137.1 sec
[----------       28%                  ] 2267 of 8000 complete in 137.6 sec
[----------       28%                  ] 2275 of 8000 complete in 138.1 sec
[----------       28%                  ] 2284 of 8000 complete in 138.7 sec
[----------       28%                  ] 2292 of 8000 complete in 139.2 sec
[----------       28%                  ] 2300 of 8000 complete in 139.7 sec
[----------       28%                  ] 2309 of 8000 complete in 140.3 sec
[-----------      28%                  ] 2317 of 8000 complete in 140.8 sec
[-----------      29%                  ] 2325 of 8000 complete in 141.3 sec
[-----------      29%                  ] 2333 of 8000 complete in 141.8 sec
[-----------      29%                  ] 2341 of 8000 complete in 142.4 sec
[-----------      29%                  ] 2350 of 8000 complete in 142.9 sec
[-----------      29%                  ] 2359 of 8000 complete in 143.5 sec
[-----------      29%                  ] 2367 of 8000 complete in 144.0 sec
[-----------      29%                  ] 2375 of 8000 complete in 144.6 sec
[-----------      29%                  ] 2382 of 8000 complete in 145.1 sec
[-----------      29%                  ] 2390 of 8000 complete in 145.6 sec
[-----------      29%                  ] 2399 of 8000 complete in 146.2 sec
[-----------      30%                  ] 2407 of 8000 complete in 146.7 sec
[-----------      30%                  ] 2415 of 8000 complete in 147.2 sec
[-----------      30%                  ] 2424 of 8000 complete in 147.8 sec
[-----------      30%                  ] 2433 of 8000 complete in 148.3 sec
[-----------      30%                  ] 2442 of 8000 complete in 148.9 sec
[-----------      30%                  ] 2449 of 8000 complete in 149.4 sec
[-----------      30%                  ] 2456 of 8000 complete in 150.0 sec
[-----------      30%                  ] 2463 of 8000 complete in 150.5 sec
[-----------      30%                  ] 2470 of 8000 complete in 151.0 sec
[-----------      30%                  ] 2476 of 8000 complete in 151.6 sec
[-----------      31%                  ] 2483 of 8000 complete in 152.1 sec
[-----------      31%                  ] 2491 of 8000 complete in 152.6 sec
[-----------      31%                  ] 2499 of 8000 complete in 153.2 sec
[-----------      31%                  ] 2507 of 8000 complete in 153.8 sec
[-----------      31%                  ] 2514 of 8000 complete in 154.3 sec
[-----------      31%                  ] 2521 of 8000 complete in 154.8 sec
[------------     31%                  ] 2529 of 8000 complete in 155.3 sec
[------------     31%                  ] 2538 of 8000 complete in 155.9 sec
[------------     31%                  ] 2546 of 8000 complete in 156.4 sec
[------------     31%                  ] 2554 of 8000 complete in 157.0 sec
[------------     32%                  ] 2562 of 8000 complete in 157.5 sec
[------------     32%                  ] 2570 of 8000 complete in 158.1 sec
[------------     32%                  ] 2578 of 8000 complete in 158.6 sec
[------------     32%                  ] 2585 of 8000 complete in 159.2 sec
[------------     32%                  ] 2594 of 8000 complete in 159.7 sec
[------------     32%                  ] 2602 of 8000 complete in 160.2 sec
[------------     32%                  ] 2610 of 8000 complete in 160.8 sec
[------------     32%                  ] 2617 of 8000 complete in 161.3 sec
[------------     32%                  ] 2624 of 8000 complete in 161.9 sec
[------------     32%                  ] 2632 of 8000 complete in 162.4 sec
[------------     33%                  ] 2640 of 8000 complete in 162.9 sec
[------------     33%                  ] 2649 of 8000 complete in 163.5 sec
[------------     33%                  ] 2657 of 8000 complete in 164.0 sec
[------------     33%                  ] 2665 of 8000 complete in 164.5 sec
[------------     33%                  ] 2673 of 8000 complete in 165.0 sec
[------------     33%                  ] 2682 of 8000 complete in 165.6 sec
[------------     33%                  ] 2691 of 8000 complete in 166.2 sec
[------------     33%                  ] 2699 of 8000 complete in 166.7 sec
[------------     33%                  ] 2707 of 8000 complete in 167.2 sec
[------------     33%                  ] 2716 of 8000 complete in 167.8 sec
[------------     34%                  ] 2725 of 8000 complete in 168.3 sec
[------------     34%                  ] 2733 of 8000 complete in 168.9 sec
[-------------    34%                  ] 2741 of 8000 complete in 169.4 sec
[-------------    34%                  ] 2749 of 8000 complete in 169.9 sec
[-------------    34%                  ] 2758 of 8000 complete in 170.4 sec
[-------------    34%                  ] 2766 of 8000 complete in 171.0 sec
[-------------    34%                  ] 2774 of 8000 complete in 171.5 sec
[-------------    34%                  ] 2782 of 8000 complete in 172.1 sec
[-------------    34%                  ] 2790 of 8000 complete in 172.6 sec
[-------------    34%                  ] 2798 of 8000 complete in 173.1 sec
[---------        24%                  ] 1955 of 8000 complete in 116.6 sec
[---------        24%                  ] 1962 of 8000 complete in 117.1 sec
[---------        24%                  ] 1971 of 8000 complete in 117.7 sec
[---------        24%                  ] 1979 of 8000 complete in 118.2 sec
[---------        24%                  ] 1988 of 8000 complete in 118.8 sec
[---------        24%                  ] 1996 of 8000 complete in 119.3 sec
[---------        25%                  ] 2003 of 8000 complete in 119.8 sec
[---------        25%                  ] 2011 of 8000 complete in 120.4 sec
[---------        25%                  ] 2019 of 8000 complete in 120.9 sec
[---------        25%                  ] 2026 of 8000 complete in 121.4 sec
[---------        25%                  ] 2034 of 8000 complete in 122.0 sec
[---------        25%                  ] 2041 of 8000 complete in 122.5 sec
[---------        25%                  ] 2048 of 8000 complete in 123.0 sec
[---------        25%                  ] 2055 of 8000 complete in 123.5 sec
[---------        25%                  ] 2062 of 8000 complete in 124.1 sec
[---------        25%                  ] 2070 of 8000 complete in 124.6 sec
[---------        25%                  ] 2078 of 8000 complete in 125.2 sec
[---------        26%                  ] 2086 of 8000 complete in 125.7 sec
[---------        26%                  ] 2094 of 8000 complete in 126.2 sec
[---------        26%                  ] 2102 of 8000 complete in 126.8 sec
[----------       26%                  ] 2110 of 8000 complete in 127.3 sec
[----------       26%                  ] 2118 of 8000 complete in 127.8 sec
[----------       26%                  ] 2126 of 8000 complete in 128.3 sec
[----------       26%                  ] 2136 of 8000 complete in 128.9 sec
[----------       26%                  ] 2145 of 8000 complete in 129.4 sec
[----------       26%                  ] 2154 of 8000 complete in 130.0 sec
[----------       27%                  ] 2163 of 8000 complete in 130.5 sec
[----------       27%                  ] 2172 of 8000 complete in 131.1 sec
[----------       27%                  ] 2180 of 8000 complete in 131.6 sec
[----------       27%                  ] 2188 of 8000 complete in 132.2 sec
[----------       27%                  ] 2196 of 8000 complete in 132.8 sec
[----------       27%                  ] 2204 of 8000 complete in 133.3 sec
[----------       27%                  ] 2211 of 8000 complete in 133.8 sec
[----------       27%                  ] 2219 of 8000 complete in 134.3 sec
[----------       27%                  ] 2227 of 8000 complete in 134.9 sec
[----------       27%                  ] 2236 of 8000 complete in 135.4 sec
[----------       28%                  ] 2245 of 8000 complete in 135.9 sec
[----------       28%                  ] 2254 of 8000 complete in 136.5 sec
[----------       28%                  ] 2263 of 8000 complete in 137.0 sec
[----------       28%                  ] 2272 of 8000 complete in 137.6 sec
[----------       28%                  ] 2281 of 8000 complete in 138.1 sec
[----------       28%                  ] 2289 of 8000 complete in 138.7 sec
[----------       28%                  ] 2298 of 8000 complete in 139.2 sec
[----------       28%                  ] 2306 of 8000 complete in 139.7 sec
[----------       28%                  ] 2315 of 8000 complete in 140.2 sec
[-----------      29%                  ] 2324 of 8000 complete in 140.8 sec
[-----------      29%                  ] 2332 of 8000 complete in 141.3 sec
[-----------      29%                  ] 2341 of 8000 complete in 141.8 sec
[-----------      29%                  ] 2349 of 8000 complete in 142.4 sec
[-----------      29%                  ] 2357 of 8000 complete in 142.9 sec
[-----------      29%                  ] 2366 of 8000 complete in 143.4 sec
[-----------      29%                  ] 2375 of 8000 complete in 144.0 sec
[-----------      29%                  ] 2384 of 8000 complete in 144.5 sec
[-----------      29%                  ] 2391 of 8000 complete in 145.0 sec
[-----------      29%                  ] 2399 of 8000 complete in 145.5 sec
[-----------      30%                  ] 2408 of 8000 complete in 146.1 sec
[-----------      30%                  ] 2416 of 8000 complete in 146.6 sec
[-----------      30%                  ] 2424 of 8000 complete in 147.1 sec
[-----------      30%                  ] 2432 of 8000 complete in 147.7 sec
[-----------      30%                  ] 2440 of 8000 complete in 148.2 sec
[-----------      30%                  ] 2448 of 8000 complete in 148.7 sec
[-----------      30%                  ] 2456 of 8000 complete in 149.3 sec
[-----------      30%                  ] 2463 of 8000 complete in 149.8 sec
[-----------      30%                  ] 2470 of 8000 complete in 150.4 sec
[-----------      30%                  ] 2478 of 8000 complete in 150.9 sec
[-----------      31%                  ] 2485 of 8000 complete in 151.5 sec
[-----------      31%                  ] 2492 of 8000 complete in 152.0 sec
[-----------      31%                  ] 2500 of 8000 complete in 152.6 sec
[-----------      31%                  ] 2508 of 8000 complete in 153.1 sec
[-----------      31%                  ] 2516 of 8000 complete in 153.6 sec
[-----------      31%                  ] 2524 of 8000 complete in 154.2 sec
[------------     31%                  ] 2532 of 8000 complete in 154.7 sec
[------------     31%                  ] 2540 of 8000 complete in 155.2 sec
[------------     31%                  ] 2548 of 8000 complete in 155.7 sec
[------------     31%                  ] 2556 of 8000 complete in 156.3 sec
[------------     32%                  ] 2563 of 8000 complete in 156.8 sec
[------------     32%                  ] 2571 of 8000 complete in 157.3 sec
[------------     32%                  ] 2578 of 8000 complete in 157.8 sec
[------------     32%                  ] 2586 of 8000 complete in 158.3 sec
[------------     32%                  ] 2594 of 8000 complete in 158.9 sec
[------------     32%                  ] 2603 of 8000 complete in 159.4 sec
[------------     32%                  ] 2612 of 8000 complete in 160.0 sec
[------------     32%                  ] 2620 of 8000 complete in 160.5 sec
[------------     32%                  ] 2627 of 8000 complete in 161.0 sec
[------------     32%                  ] 2634 of 8000 complete in 161.6 sec
[------------     33%                  ] 2642 of 8000 complete in 162.1 sec
[------------     33%                  ] 2651 of 8000 complete in 162.7 sec
[------------     33%                  ] 2659 of 8000 complete in 163.2 sec
[------------     33%                  ] 2666 of 8000 complete in 163.7 sec
[------------     33%                  ] 2675 of 8000 complete in 164.2 sec
[------------     33%                  ] 2683 of 8000 complete in 164.8 sec
[------------     33%                  ] 2692 of 8000 complete in 165.3 sec
[------------     33%                  ] 2701 of 8000 complete in 165.9 sec
[------------     33%                  ] 2709 of 8000 complete in 166.4 sec
[------------     33%                  ] 2717 of 8000 complete in 166.9 sec
[------------     34%                  ] 2725 of 8000 complete in 167.5 sec
[------------     34%                  ] 2734 of 8000 complete in 168.0 sec
[-------------    34%                  ] 2743 of 8000 complete in 168.6 sec
[-------------    34%                  ] 2751 of 8000 complete in 169.1 sec
[-------------    34%                  ] 2759 of 8000 complete in 169.6 sec
[-------------    34%                  ] 2767 of 8000 complete in 170.1 sec
[-------------    34%                  ] 2776 of 8000 complete in 170.7 sec
[-------------    34%                  ] 2785 of 8000 complete in 171.2 sec
[-------------    34%                  ] 2792 of 8000 complete in 171.7 sec
[-------------    35%                  ] 2800 of 8000 complete in 172.2 sec
[-------------    35%                  ] 2808 of 8000 complete in 172.8 sec
[-------------    35%                  ] 2816 of 8000 complete in 173.3 sec
[---------        24%                  ] 1947 of 8000 complete in 117.0 sec
[---------        24%                  ] 1955 of 8000 complete in 117.5 sec
[---------        24%                  ] 1964 of 8000 complete in 118.0 sec
[---------        24%                  ] 1972 of 8000 complete in 118.5 sec
[---------        24%                  ] 1980 of 8000 complete in 119.1 sec
[---------        24%                  ] 1987 of 8000 complete in 119.6 sec
[---------        24%                  ] 1994 of 8000 complete in 120.1 sec
[---------        25%                  ] 2002 of 8000 complete in 120.7 sec
[---------        25%                  ] 2009 of 8000 complete in 121.2 sec
[---------        25%                  ] 2016 of 8000 complete in 121.8 sec
[---------        25%                  ] 2024 of 8000 complete in 122.4 sec
[---------        25%                  ] 2032 of 8000 complete in 122.9 sec
[---------        25%                  ] 2039 of 8000 complete in 123.4 sec
[---------        25%                  ] 2046 of 8000 complete in 124.0 sec
[---------        25%                  ] 2053 of 8000 complete in 124.5 sec
[---------        25%                  ] 2061 of 8000 complete in 125.1 sec
[---------        25%                  ] 2069 of 8000 complete in 125.6 sec
[---------        25%                  ] 2077 of 8000 complete in 126.1 sec
[---------        26%                  ] 2084 of 8000 complete in 126.6 sec
[---------        26%                  ] 2092 of 8000 complete in 127.1 sec
[---------        26%                  ] 2100 of 8000 complete in 127.7 sec
[----------       26%                  ] 2108 of 8000 complete in 128.2 sec
[----------       26%                  ] 2117 of 8000 complete in 128.7 sec
[----------       26%                  ] 2125 of 8000 complete in 129.2 sec
[----------       26%                  ] 2134 of 8000 complete in 129.8 sec
[----------       26%                  ] 2142 of 8000 complete in 130.3 sec
[----------       26%                  ] 2149 of 8000 complete in 130.8 sec
[----------       26%                  ] 2156 of 8000 complete in 131.3 sec
[----------       27%                  ] 2164 of 8000 complete in 131.8 sec
[----------       27%                  ] 2172 of 8000 complete in 132.4 sec
[----------       27%                  ] 2180 of 8000 complete in 132.9 sec
[----------       27%                  ] 2187 of 8000 complete in 133.4 sec
[----------       27%                  ] 2195 of 8000 complete in 133.9 sec
[----------       27%                  ] 2203 of 8000 complete in 134.4 sec
[----------       27%                  ] 2211 of 8000 complete in 134.9 sec
[----------       27%                  ] 2219 of 8000 complete in 135.4 sec
[----------       27%                  ] 2228 of 8000 complete in 136.0 sec
[----------       27%                  ] 2237 of 8000 complete in 136.5 sec
[----------       28%                  ] 2245 of 8000 complete in 137.1 sec
[----------       28%                  ] 2254 of 8000 complete in 137.6 sec
[----------       28%                  ] 2263 of 8000 complete in 138.1 sec
[----------       28%                  ] 2271 of 8000 complete in 138.7 sec
[----------       28%                  ] 2280 of 8000 complete in 139.2 sec
[----------       28%                  ] 2289 of 8000 complete in 139.8 sec
[----------       28%                  ] 2298 of 8000 complete in 140.3 sec
[----------       28%                  ] 2307 of 8000 complete in 140.9 sec
[----------       28%                  ] 2315 of 8000 complete in 141.4 sec
[-----------      29%                  ] 2323 of 8000 complete in 141.9 sec
[-----------      29%                  ] 2332 of 8000 complete in 142.5 sec
[-----------      29%                  ] 2341 of 8000 complete in 143.0 sec
[-----------      29%                  ] 2349 of 8000 complete in 143.5 sec
[-----------      29%                  ] 2357 of 8000 complete in 144.1 sec
[-----------      29%                  ] 2364 of 8000 complete in 144.6 sec
[-----------      29%                  ] 2371 of 8000 complete in 145.1 sec
[-----------      29%                  ] 2380 of 8000 complete in 145.6 sec
[-----------      29%                  ] 2388 of 8000 complete in 146.1 sec
[-----------      29%                  ] 2396 of 8000 complete in 146.6 sec
[-----------      30%                  ] 2405 of 8000 complete in 147.2 sec
[-----------      30%                  ] 2413 of 8000 complete in 147.7 sec
[-----------      30%                  ] 2421 of 8000 complete in 148.3 sec
[-----------      30%                  ] 2430 of 8000 complete in 148.8 sec
[-----------      30%                  ] 2437 of 8000 complete in 149.4 sec
[-----------      30%                  ] 2444 of 8000 complete in 149.9 sec
[-----------      30%                  ] 2451 of 8000 complete in 150.4 sec
[-----------      30%                  ] 2458 of 8000 complete in 151.0 sec
[-----------      30%                  ] 2464 of 8000 complete in 151.5 sec
[-----------      30%                  ] 2471 of 8000 complete in 152.1 sec
[-----------      30%                  ] 2478 of 8000 complete in 152.6 sec
[-----------      31%                  ] 2486 of 8000 complete in 153.2 sec
[-----------      31%                  ] 2493 of 8000 complete in 153.7 sec
[-----------      31%                  ] 2501 of 8000 complete in 154.2 sec
[-----------      31%                  ] 2509 of 8000 complete in 154.8 sec
[-----------      31%                  ] 2517 of 8000 complete in 155.3 sec
[-----------      31%                  ] 2525 of 8000 complete in 155.9 sec
[------------     31%                  ] 2533 of 8000 complete in 156.4 sec
[------------     31%                  ] 2541 of 8000 complete in 157.0 sec
[------------     31%                  ] 2549 of 8000 complete in 157.5 sec
[------------     31%                  ] 2557 of 8000 complete in 158.1 sec
[------------     32%                  ] 2566 of 8000 complete in 158.7 sec
[------------     32%                  ] 2574 of 8000 complete in 159.2 sec
[------------     32%                  ] 2583 of 8000 complete in 159.7 sec
[------------     32%                  ] 2591 of 8000 complete in 160.3 sec
[------------     32%                  ] 2598 of 8000 complete in 160.8 sec
[------------     32%                  ] 2604 of 8000 complete in 161.3 sec
[------------     32%                  ] 2612 of 8000 complete in 161.8 sec
[------------     32%                  ] 2620 of 8000 complete in 162.4 sec
[------------     32%                  ] 2628 of 8000 complete in 162.9 sec
[------------     32%                  ] 2636 of 8000 complete in 163.4 sec
[------------     33%                  ] 2644 of 8000 complete in 163.9 sec
[------------     33%                  ] 2652 of 8000 complete in 164.4 sec
[------------     33%                  ] 2660 of 8000 complete in 165.0 sec
[------------     33%                  ] 2668 of 8000 complete in 165.5 sec
[------------     33%                  ] 2676 of 8000 complete in 166.0 sec
[------------     33%                  ] 2683 of 8000 complete in 166.5 sec
[------------     33%                  ] 2691 of 8000 complete in 167.0 sec
[------------     33%                  ] 2700 of 8000 complete in 167.6 sec
[------------     33%                  ] 2709 of 8000 complete in 168.1 sec
[------------     33%                  ] 2717 of 8000 complete in 168.6 sec
[------------     34%                  ] 2725 of 8000 complete in 169.2 sec
[------------     34%                  ] 2734 of 8000 complete in 169.7 sec
[-------------    34%                  ] 2743 of 8000 complete in 170.2 sec
[-------------    34%                  ] 2751 of 8000 complete in 170.8 sec
[-------------    34%                  ] 2759 of 8000 complete in 171.3 sec
[-------------    34%                  ] 2767 of 8000 complete in 171.9 sec
[-------------    34%                  ] 2775 of 8000 complete in 172.4 sec
[-------------    34%                  ] 2782 of 8000 complete in 172.9 sec
[-------------    34%                  ] 2790 of 8000 complete in 173.4 sec
[-------------    35%                  ] 2806 of 8000 complete in 173.6 sec
[-------------    35%                  ] 2814 of 8000 complete in 174.2 sec
[-------------    35%                  ] 2821 of 8000 complete in 174.7 sec
[-------------    35%                  ] 2828 of 8000 complete in 175.2 sec
[-------------    35%                  ] 2836 of 8000 complete in 175.8 sec
[-------------    35%                  ] 2844 of 8000 complete in 176.3 sec
[-------------    35%                  ] 2852 of 8000 complete in 176.8 sec
[-------------    35%                  ] 2860 of 8000 complete in 177.3 sec
[-------------    35%                  ] 2868 of 8000 complete in 177.9 sec
[-------------    35%                  ] 2876 of 8000 complete in 178.4 sec
[-------------    36%                  ] 2884 of 8000 complete in 178.9 sec
[-------------    36%                  ] 2890 of 8000 complete in 179.4 sec
[-------------    36%                  ] 2896 of 8000 complete in 180.0 sec
[-------------    36%                  ] 2904 of 8000 complete in 180.5 sec
[-------------    36%                  ] 2911 of 8000 complete in 181.0 sec
[-------------    36%                  ] 2918 of 8000 complete in 181.5 sec
[-------------    36%                  ] 2926 of 8000 complete in 182.1 sec
[-------------    36%                  ] 2933 of 8000 complete in 182.6 sec
[-------------    36%                  ] 2941 of 8000 complete in 183.2 sec
[--------------   36%                  ] 2949 of 8000 complete in 183.7 sec
[--------------   36%                  ] 2956 of 8000 complete in 184.2 sec
[--------------   37%                  ] 2963 of 8000 complete in 184.8 sec
[--------------   37%                  ] 2971 of 8000 complete in 185.3 sec
[--------------   37%                  ] 2978 of 8000 complete in 185.8 sec
[--------------   37%                  ] 2985 of 8000 complete in 186.3 sec
[--------------   37%                  ] 2993 of 8000 complete in 186.9 sec
[--------------   37%                  ] 3001 of 8000 complete in 187.4 sec
[--------------   37%                  ] 3009 of 8000 complete in 188.0 sec
[--------------   37%                  ] 3017 of 8000 complete in 188.5 sec
[--------------   37%                  ] 3025 of 8000 complete in 189.0 sec
[--------------   37%                  ] 3032 of 8000 complete in 189.6 sec
[--------------   38%                  ] 3040 of 8000 complete in 190.2 sec
[--------------   38%                  ] 3048 of 8000 complete in 190.7 sec
[--------------   38%                  ] 3056 of 8000 complete in 191.3 sec
[--------------   38%                  ] 3062 of 8000 complete in 191.8 sec
[--------------   38%                  ] 3069 of 8000 complete in 192.3 sec
[--------------   38%                  ] 3076 of 8000 complete in 192.8 sec
[--------------   38%                  ] 3084 of 8000 complete in 193.3 sec
[--------------   38%                  ] 3092 of 8000 complete in 193.9 sec
[--------------   38%                  ] 3100 of 8000 complete in 194.4 sec
[--------------   38%                  ] 3108 of 8000 complete in 194.9 sec
[--------------   38%                  ] 3117 of 8000 complete in 195.5 sec
[--------------   39%                  ] 3126 of 8000 complete in 196.0 sec
[--------------   39%                  ] 3135 of 8000 complete in 196.6 sec
[--------------   39%                  ] 3143 of 8000 complete in 197.1 sec
[--------------   39%                  ] 3151 of 8000 complete in 197.7 sec
[---------------  39%                  ] 3159 of 8000 complete in 198.2 sec
[---------------  39%                  ] 3167 of 8000 complete in 198.7 sec
[---------------  39%                  ] 3176 of 8000 complete in 199.2 sec
[---------------  39%                  ] 3185 of 8000 complete in 199.8 sec
[---------------  39%                  ] 3194 of 8000 complete in 200.3 sec
[---------------  40%                  ] 3202 of 8000 complete in 200.9 sec
[---------------  40%                  ] 3210 of 8000 complete in 201.4 sec
[---------------  40%                  ] 3218 of 8000 complete in 201.9 sec
[---------------  40%                  ] 3226 of 8000 complete in 202.4 sec
[---------------  40%                  ] 3234 of 8000 complete in 203.0 sec
[---------------  40%                  ] 3242 of 8000 complete in 203.5 sec
[---------------  40%                  ] 3250 of 8000 complete in 204.0 sec
[---------------  40%                  ] 3258 of 8000 complete in 204.5 sec
[---------------  40%                  ] 3266 of 8000 complete in 205.1 sec
[---------------  40%                  ] 3274 of 8000 complete in 205.6 sec
[---------------  41%                  ] 3282 of 8000 complete in 206.2 sec
[---------------  41%                  ] 3290 of 8000 complete in 206.7 sec
[---------------  41%                  ] 3298 of 8000 complete in 207.3 sec
[---------------  41%                  ] 3305 of 8000 complete in 207.8 sec
[---------------  41%                  ] 3313 of 8000 complete in 208.3 sec
[---------------  41%                  ] 3321 of 8000 complete in 208.8 sec
[---------------  41%                  ] 3329 of 8000 complete in 209.3 sec
[---------------  41%                  ] 3336 of 8000 complete in 209.8 sec
[---------------  41%                  ] 3344 of 8000 complete in 210.4 sec
[---------------  41%                  ] 3352 of 8000 complete in 210.9 sec
[---------------  41%                  ] 3359 of 8000 complete in 211.4 sec
[---------------  42%                  ] 3367 of 8000 complete in 212.0 sec
[---------------- 42%                  ] 3375 of 8000 complete in 212.5 sec
[---------------- 42%                  ] 3383 of 8000 complete in 213.1 sec
[---------------- 42%                  ] 3391 of 8000 complete in 213.7 sec
[---------------- 42%                  ] 3398 of 8000 complete in 214.2 sec
[---------------- 42%                  ] 3406 of 8000 complete in 214.7 sec
[---------------- 42%                  ] 3414 of 8000 complete in 215.2 sec
[---------------- 42%                  ] 3422 of 8000 complete in 215.8 sec
[---------------- 42%                  ] 3429 of 8000 complete in 216.3 sec
[---------------- 42%                  ] 3436 of 8000 complete in 216.8 sec
[---------------- 43%                  ] 3443 of 8000 complete in 217.4 sec
[---------------- 43%                  ] 3450 of 8000 complete in 217.9 sec
[---------------- 43%                  ] 3458 of 8000 complete in 218.4 sec
[---------------- 43%                  ] 3467 of 8000 complete in 219.0 sec
[---------------- 43%                  ] 3476 of 8000 complete in 219.5 sec
[---------------- 43%                  ] 3484 of 8000 complete in 220.0 sec
[---------------- 43%                  ] 3493 of 8000 complete in 220.6 sec
[---------------- 43%                  ] 3502 of 8000 complete in 221.1 sec
[---------------- 43%                  ] 3510 of 8000 complete in 221.6 sec
[---------------- 43%                  ] 3518 of 8000 complete in 222.1 sec
[---------------- 44%                  ] 3527 of 8000 complete in 222.7 sec
[---------------- 44%                  ] 3536 of 8000 complete in 223.2 sec
[---------------- 44%                  ] 3544 of 8000 complete in 223.7 sec
[---------------- 44%                  ] 3552 of 8000 complete in 224.2 sec
[---------------- 44%                  ] 3560 of 8000 complete in 224.8 sec
[---------------- 44%                  ] 3568 of 8000 complete in 225.3 sec
[---------------- 44%                  ] 3576 of 8000 complete in 225.8 sec
[-----------------44%                  ] 3584 of 8000 complete in 226.4 sec
[-----------------44%                  ] 3591 of 8000 complete in 226.9 sec
[-----------------44%                  ] 3599 of 8000 complete in 227.4 sec
[-----------------45%                  ] 3607 of 8000 complete in 227.9 sec
[-----------------45%                  ] 3615 of 8000 complete in 228.4 sec
[-----------------45%                  ] 3622 of 8000 complete in 228.9 sec
[-----------------45%                  ] 3630 of 8000 complete in 229.4 sec
[-----------------45%                  ] 3639 of 8000 complete in 230.0 sec
[-------------    35%                  ] 2844 of 8000 complete in 173.3 sec
[-------------    35%                  ] 2852 of 8000 complete in 173.9 sec
[-------------    35%                  ] 2859 of 8000 complete in 174.4 sec
[-------------    35%                  ] 2867 of 8000 complete in 174.9 sec
[-------------    35%                  ] 2876 of 8000 complete in 175.5 sec
[-------------    36%                  ] 2884 of 8000 complete in 176.0 sec
[-------------    36%                  ] 2892 of 8000 complete in 176.6 sec
[-------------    36%                  ] 2900 of 8000 complete in 177.1 sec
[-------------    36%                  ] 2908 of 8000 complete in 177.6 sec
[-------------    36%                  ] 2916 of 8000 complete in 178.2 sec
[-------------    36%                  ] 2924 of 8000 complete in 178.7 sec
[-------------    36%                  ] 2931 of 8000 complete in 179.3 sec
[-------------    36%                  ] 2937 of 8000 complete in 179.8 sec
[-------------    36%                  ] 2944 of 8000 complete in 180.3 sec
[--------------   36%                  ] 2952 of 8000 complete in 180.8 sec
[--------------   36%                  ] 2959 of 8000 complete in 181.3 sec
[--------------   37%                  ] 2966 of 8000 complete in 181.8 sec
[--------------   37%                  ] 2973 of 8000 complete in 182.3 sec
[--------------   37%                  ] 2981 of 8000 complete in 182.9 sec
[--------------   37%                  ] 2989 of 8000 complete in 183.4 sec
[--------------   37%                  ] 2996 of 8000 complete in 183.9 sec
[--------------   37%                  ] 3004 of 8000 complete in 184.5 sec
[--------------   37%                  ] 3012 of 8000 complete in 185.1 sec
[--------------   37%                  ] 3020 of 8000 complete in 185.6 sec
[--------------   37%                  ] 3028 of 8000 complete in 186.1 sec
[--------------   37%                  ] 3036 of 8000 complete in 186.7 sec
[--------------   38%                  ] 3044 of 8000 complete in 187.2 sec
[--------------   38%                  ] 3053 of 8000 complete in 187.8 sec
[--------------   38%                  ] 3062 of 8000 complete in 188.3 sec
[--------------   38%                  ] 3070 of 8000 complete in 188.9 sec
[--------------   38%                  ] 3077 of 8000 complete in 189.4 sec
[--------------   38%                  ] 3085 of 8000 complete in 190.0 sec
[--------------   38%                  ] 3093 of 8000 complete in 190.5 sec
[--------------   38%                  ] 3101 of 8000 complete in 191.1 sec
[--------------   38%                  ] 3108 of 8000 complete in 191.7 sec
[--------------   38%                  ] 3116 of 8000 complete in 192.3 sec
[--------------   39%                  ] 3124 of 8000 complete in 192.8 sec
[--------------   39%                  ] 3133 of 8000 complete in 193.3 sec
[--------------   39%                  ] 3142 of 8000 complete in 193.9 sec
[--------------   39%                  ] 3150 of 8000 complete in 194.4 sec
[---------------  39%                  ] 3158 of 8000 complete in 194.9 sec
[---------------  39%                  ] 3167 of 8000 complete in 195.5 sec
[---------------  39%                  ] 3176 of 8000 complete in 196.0 sec
[---------------  39%                  ] 3185 of 8000 complete in 196.6 sec
[---------------  39%                  ] 3193 of 8000 complete in 197.1 sec
[---------------  40%                  ] 3202 of 8000 complete in 197.6 sec
[---------------  40%                  ] 3211 of 8000 complete in 198.2 sec
[---------------  40%                  ] 3220 of 8000 complete in 198.7 sec
[---------------  40%                  ] 3228 of 8000 complete in 199.2 sec
[---------------  40%                  ] 3237 of 8000 complete in 199.8 sec
[---------------  40%                  ] 3246 of 8000 complete in 200.3 sec
[---------------  40%                  ] 3254 of 8000 complete in 200.9 sec
[---------------  40%                  ] 3262 of 8000 complete in 201.4 sec
[---------------  40%                  ] 3270 of 8000 complete in 201.9 sec
[---------------  40%                  ] 3278 of 8000 complete in 202.4 sec
[---------------  41%                  ] 3286 of 8000 complete in 203.0 sec
[---------------  41%                  ] 3295 of 8000 complete in 203.5 sec
[---------------  41%                  ] 3303 of 8000 complete in 204.0 sec
[---------------  41%                  ] 3311 of 8000 complete in 204.6 sec
[---------------  41%                  ] 3319 of 8000 complete in 205.1 sec
[---------------  41%                  ] 3327 of 8000 complete in 205.6 sec
[---------------  41%                  ] 3335 of 8000 complete in 206.2 sec
[---------------  41%                  ] 3343 of 8000 complete in 206.7 sec
[---------------  41%                  ] 3351 of 8000 complete in 207.2 sec
[---------------  41%                  ] 3359 of 8000 complete in 207.8 sec
[---------------  42%                  ] 3367 of 8000 complete in 208.3 sec
[---------------- 42%                  ] 3376 of 8000 complete in 208.9 sec
[---------------- 42%                  ] 3384 of 8000 complete in 209.4 sec
[---------------- 42%                  ] 3392 of 8000 complete in 210.0 sec
[---------------- 42%                  ] 3401 of 8000 complete in 210.6 sec
[---------------- 42%                  ] 3409 of 8000 complete in 211.1 sec
[---------------- 42%                  ] 3416 of 8000 complete in 211.6 sec
[---------------- 42%                  ] 3424 of 8000 complete in 212.1 sec
[---------------- 42%                  ] 3432 of 8000 complete in 212.6 sec
[---------------- 43%                  ] 3440 of 8000 complete in 213.2 sec
[---------------- 43%                  ] 3447 of 8000 complete in 213.7 sec
[---------------- 43%                  ] 3455 of 8000 complete in 214.2 sec
[---------------- 43%                  ] 3463 of 8000 complete in 214.7 sec
[---------------- 43%                  ] 3471 of 8000 complete in 215.3 sec
[---------------- 43%                  ] 3479 of 8000 complete in 215.8 sec
[---------------- 43%                  ] 3486 of 8000 complete in 216.3 sec
[---------------- 43%                  ] 3493 of 8000 complete in 216.8 sec
[---------------- 43%                  ] 3500 of 8000 complete in 217.4 sec
[---------------- 43%                  ] 3508 of 8000 complete in 217.9 sec
[---------------- 43%                  ] 3517 of 8000 complete in 218.4 sec
[---------------- 44%                  ] 3526 of 8000 complete in 219.0 sec
[---------------- 44%                  ] 3535 of 8000 complete in 219.5 sec
[---------------- 44%                  ] 3544 of 8000 complete in 220.1 sec
[---------------- 44%                  ] 3553 of 8000 complete in 220.6 sec
[---------------- 44%                  ] 3561 of 8000 complete in 221.1 sec
[---------------- 44%                  ] 3569 of 8000 complete in 221.7 sec
[---------------- 44%                  ] 3578 of 8000 complete in 222.2 sec
[-----------------44%                  ] 3587 of 8000 complete in 222.7 sec
[-----------------44%                  ] 3596 of 8000 complete in 223.3 sec
[-----------------45%                  ] 3604 of 8000 complete in 223.8 sec
[-----------------45%                  ] 3613 of 8000 complete in 224.3 sec
[-----------------45%                  ] 3623 of 8000 complete in 224.8 sec
[-----------------45%                  ] 3631 of 8000 complete in 225.4 sec
[-----------------45%                  ] 3640 of 8000 complete in 225.9 sec
[-----------------45%                  ] 3648 of 8000 complete in 226.5 sec
[-----------------45%                  ] 3656 of 8000 complete in 227.0 sec
[-----------------45%                  ] 3665 of 8000 complete in 227.6 sec
[-----------------45%                  ] 3674 of 8000 complete in 228.1 sec
[-----------------46%                  ] 3682 of 8000 complete in 228.7 sec
[-----------------46%                  ] 3690 of 8000 complete in 229.2 sec
[-----------------46%                  ] 3699 of 8000 complete in 229.7 sec
[-----------------46%                  ] 3707 of 8000 complete in 230.3 sec
[-------------    34%                  ] 2798 of 8000 complete in 173.9 sec
[-------------    35%                  ] 2805 of 8000 complete in 174.5 sec
[-------------    35%                  ] 2812 of 8000 complete in 175.0 sec
[-------------    35%                  ] 2820 of 8000 complete in 175.6 sec
[-------------    35%                  ] 2827 of 8000 complete in 176.1 sec
[-------------    35%                  ] 2835 of 8000 complete in 176.6 sec
[-------------    35%                  ] 2844 of 8000 complete in 177.2 sec
[-------------    35%                  ] 2852 of 8000 complete in 177.7 sec
[-------------    35%                  ] 2860 of 8000 complete in 178.2 sec
[-------------    35%                  ] 2868 of 8000 complete in 178.8 sec
[-------------    35%                  ] 2875 of 8000 complete in 179.3 sec
[-------------    36%                  ] 2881 of 8000 complete in 179.9 sec
[-------------    36%                  ] 2888 of 8000 complete in 180.4 sec
[-------------    36%                  ] 2897 of 8000 complete in 180.9 sec
[-------------    36%                  ] 2904 of 8000 complete in 181.4 sec
[-------------    36%                  ] 2912 of 8000 complete in 182.0 sec
[-------------    36%                  ] 2919 of 8000 complete in 182.5 sec
[-------------    36%                  ] 2926 of 8000 complete in 183.1 sec
[-------------    36%                  ] 2934 of 8000 complete in 183.6 sec
[-------------    36%                  ] 2941 of 8000 complete in 184.1 sec
[--------------   36%                  ] 2949 of 8000 complete in 184.6 sec
[--------------   36%                  ] 2957 of 8000 complete in 185.2 sec
[--------------   37%                  ] 2965 of 8000 complete in 185.7 sec
[--------------   37%                  ] 2972 of 8000 complete in 186.3 sec
[--------------   37%                  ] 2979 of 8000 complete in 186.8 sec
[--------------   37%                  ] 2987 of 8000 complete in 187.3 sec
[--------------   37%                  ] 2995 of 8000 complete in 187.8 sec
[--------------   37%                  ] 3003 of 8000 complete in 188.4 sec
[--------------   37%                  ] 3011 of 8000 complete in 188.9 sec
[--------------   37%                  ] 3017 of 8000 complete in 189.4 sec
[--------------   37%                  ] 3024 of 8000 complete in 190.0 sec
[--------------   37%                  ] 3032 of 8000 complete in 190.5 sec
[--------------   38%                  ] 3040 of 8000 complete in 191.1 sec
[--------------   38%                  ] 3046 of 8000 complete in 191.6 sec
[--------------   38%                  ] 3053 of 8000 complete in 192.1 sec
[--------------   38%                  ] 3061 of 8000 complete in 192.7 sec
[--------------   38%                  ] 3069 of 8000 complete in 193.2 sec
[--------------   38%                  ] 3077 of 8000 complete in 193.7 sec
[--------------   38%                  ] 3085 of 8000 complete in 194.3 sec
[--------------   38%                  ] 3093 of 8000 complete in 194.8 sec
[--------------   38%                  ] 3101 of 8000 complete in 195.3 sec
[--------------   38%                  ] 3109 of 8000 complete in 195.8 sec
[--------------   38%                  ] 3118 of 8000 complete in 196.4 sec
[--------------   39%                  ] 3127 of 8000 complete in 196.9 sec
[--------------   39%                  ] 3135 of 8000 complete in 197.4 sec
[--------------   39%                  ] 3143 of 8000 complete in 197.9 sec
[--------------   39%                  ] 3151 of 8000 complete in 198.4 sec
[---------------  39%                  ] 3160 of 8000 complete in 199.0 sec
[---------------  39%                  ] 3169 of 8000 complete in 199.5 sec
[---------------  39%                  ] 3177 of 8000 complete in 200.1 sec
[---------------  39%                  ] 3185 of 8000 complete in 200.6 sec
[---------------  39%                  ] 3192 of 8000 complete in 201.1 sec
[---------------  40%                  ] 3200 of 8000 complete in 201.6 sec
[---------------  40%                  ] 3208 of 8000 complete in 202.2 sec
[---------------  40%                  ] 3215 of 8000 complete in 202.7 sec
[---------------  40%                  ] 3223 of 8000 complete in 203.2 sec
[---------------  40%                  ] 3232 of 8000 complete in 203.8 sec
[---------------  40%                  ] 3240 of 8000 complete in 204.3 sec
[---------------  40%                  ] 3248 of 8000 complete in 204.8 sec
[---------------  40%                  ] 3256 of 8000 complete in 205.4 sec
[---------------  40%                  ] 3264 of 8000 complete in 205.9 sec
[---------------  40%                  ] 3271 of 8000 complete in 206.4 sec
[---------------  40%                  ] 3279 of 8000 complete in 206.9 sec
[---------------  41%                  ] 3286 of 8000 complete in 207.4 sec
[---------------  41%                  ] 3293 of 8000 complete in 208.0 sec
[---------------  41%                  ] 3301 of 8000 complete in 208.5 sec
[---------------  41%                  ] 3309 of 8000 complete in 209.0 sec
[---------------  41%                  ] 3316 of 8000 complete in 209.5 sec
[---------------  41%                  ] 3323 of 8000 complete in 210.0 sec
[---------------  41%                  ] 3331 of 8000 complete in 210.6 sec
[---------------  41%                  ] 3338 of 8000 complete in 211.1 sec
[---------------  41%                  ] 3345 of 8000 complete in 211.6 sec
[---------------  41%                  ] 3353 of 8000 complete in 212.2 sec
[---------------  42%                  ] 3361 of 8000 complete in 212.7 sec
[---------------- 42%                  ] 3369 of 8000 complete in 213.3 sec
[---------------- 42%                  ] 3376 of 8000 complete in 213.8 sec
[---------------- 42%                  ] 3383 of 8000 complete in 214.3 sec
[---------------- 42%                  ] 3391 of 8000 complete in 214.9 sec
[---------------- 42%                  ] 3399 of 8000 complete in 215.4 sec
[---------------- 42%                  ] 3406 of 8000 complete in 216.0 sec
[---------------- 42%                  ] 3413 of 8000 complete in 216.5 sec
[---------------- 42%                  ] 3420 of 8000 complete in 217.1 sec
[---------------- 42%                  ] 3426 of 8000 complete in 217.6 sec
[---------------- 42%                  ] 3433 of 8000 complete in 218.1 sec
[---------------- 43%                  ] 3442 of 8000 complete in 218.6 sec
[---------------- 43%                  ] 3451 of 8000 complete in 219.2 sec
[---------------- 43%                  ] 3460 of 8000 complete in 219.8 sec
[---------------- 43%                  ] 3468 of 8000 complete in 220.3 sec
[---------------- 43%                  ] 3477 of 8000 complete in 220.8 sec
[---------------- 43%                  ] 3484 of 8000 complete in 221.3 sec
[---------------- 43%                  ] 3492 of 8000 complete in 221.8 sec
[---------------- 43%                  ] 3501 of 8000 complete in 222.4 sec
[---------------- 43%                  ] 3510 of 8000 complete in 222.9 sec
[---------------- 43%                  ] 3518 of 8000 complete in 223.4 sec
[---------------- 44%                  ] 3527 of 8000 complete in 224.0 sec
[---------------- 44%                  ] 3535 of 8000 complete in 224.5 sec
[---------------- 44%                  ] 3544 of 8000 complete in 225.0 sec
[---------------- 44%                  ] 3552 of 8000 complete in 225.6 sec
[---------------- 44%                  ] 3560 of 8000 complete in 226.1 sec
[---------------- 44%                  ] 3567 of 8000 complete in 226.6 sec
[---------------- 44%                  ] 3574 of 8000 complete in 227.2 sec
[-----------------44%                  ] 3583 of 8000 complete in 227.7 sec
[-----------------44%                  ] 3592 of 8000 complete in 228.2 sec
[-----------------45%                  ] 3600 of 8000 complete in 228.8 sec
[-----------------45%                  ] 3609 of 8000 complete in 229.4 sec
[-----------------45%                  ] 3617 of 8000 complete in 229.9 sec
[-----------------45%                  ] 3625 of 8000 complete in 230.4 sec
[-------------    35%                  ] 2824 of 8000 complete in 173.9 sec
[-------------    35%                  ] 2832 of 8000 complete in 174.4 sec
[-------------    35%                  ] 2839 of 8000 complete in 174.9 sec
[-------------    35%                  ] 2846 of 8000 complete in 175.4 sec
[-------------    35%                  ] 2854 of 8000 complete in 176.0 sec
[-------------    35%                  ] 2862 of 8000 complete in 176.5 sec
[-------------    35%                  ] 2871 of 8000 complete in 177.0 sec
[-------------    35%                  ] 2879 of 8000 complete in 177.5 sec
[-------------    36%                  ] 2887 of 8000 complete in 178.1 sec
[-------------    36%                  ] 2895 of 8000 complete in 178.6 sec
[-------------    36%                  ] 2903 of 8000 complete in 179.1 sec
[-------------    36%                  ] 2909 of 8000 complete in 179.6 sec
[-------------    36%                  ] 2916 of 8000 complete in 180.2 sec
[-------------    36%                  ] 2924 of 8000 complete in 180.7 sec
[-------------    36%                  ] 2932 of 8000 complete in 181.3 sec
[-------------    36%                  ] 2939 of 8000 complete in 181.8 sec
[-------------    36%                  ] 2946 of 8000 complete in 182.3 sec
[--------------   36%                  ] 2954 of 8000 complete in 182.9 sec
[--------------   37%                  ] 2962 of 8000 complete in 183.4 sec
[--------------   37%                  ] 2970 of 8000 complete in 183.9 sec
[--------------   37%                  ] 2978 of 8000 complete in 184.5 sec
[--------------   37%                  ] 2986 of 8000 complete in 185.0 sec
[--------------   37%                  ] 2994 of 8000 complete in 185.6 sec
[--------------   37%                  ] 3002 of 8000 complete in 186.1 sec
[--------------   37%                  ] 3010 of 8000 complete in 186.7 sec
[--------------   37%                  ] 3018 of 8000 complete in 187.2 sec
[--------------   37%                  ] 3026 of 8000 complete in 187.7 sec
[--------------   37%                  ] 3034 of 8000 complete in 188.2 sec
[--------------   38%                  ] 3042 of 8000 complete in 188.8 sec
[--------------   38%                  ] 3049 of 8000 complete in 189.3 sec
[--------------   38%                  ] 3056 of 8000 complete in 189.8 sec
[--------------   38%                  ] 3064 of 8000 complete in 190.4 sec
[--------------   38%                  ] 3072 of 8000 complete in 190.9 sec
[--------------   38%                  ] 3079 of 8000 complete in 191.5 sec
[--------------   38%                  ] 3086 of 8000 complete in 192.0 sec
[--------------   38%                  ] 3093 of 8000 complete in 192.5 sec
[--------------   38%                  ] 3102 of 8000 complete in 193.1 sec
[--------------   38%                  ] 3110 of 8000 complete in 193.6 sec
[--------------   38%                  ] 3119 of 8000 complete in 194.2 sec
[--------------   39%                  ] 3127 of 8000 complete in 194.7 sec
[--------------   39%                  ] 3135 of 8000 complete in 195.2 sec
[--------------   39%                  ] 3143 of 8000 complete in 195.7 sec
[--------------   39%                  ] 3151 of 8000 complete in 196.2 sec
[---------------  39%                  ] 3160 of 8000 complete in 196.8 sec
[---------------  39%                  ] 3168 of 8000 complete in 197.3 sec
[---------------  39%                  ] 3177 of 8000 complete in 197.8 sec
[---------------  39%                  ] 3186 of 8000 complete in 198.4 sec
[---------------  39%                  ] 3194 of 8000 complete in 198.9 sec
[---------------  40%                  ] 3202 of 8000 complete in 199.4 sec
[---------------  40%                  ] 3210 of 8000 complete in 199.9 sec
[---------------  40%                  ] 3219 of 8000 complete in 200.5 sec
[---------------  40%                  ] 3226 of 8000 complete in 201.0 sec
[---------------  40%                  ] 3234 of 8000 complete in 201.5 sec
[---------------  40%                  ] 3242 of 8000 complete in 202.1 sec
[---------------  40%                  ] 3250 of 8000 complete in 202.6 sec
[---------------  40%                  ] 3258 of 8000 complete in 203.1 sec
[---------------  40%                  ] 3266 of 8000 complete in 203.7 sec
[---------------  40%                  ] 3274 of 8000 complete in 204.2 sec
[---------------  41%                  ] 3282 of 8000 complete in 204.8 sec
[---------------  41%                  ] 3290 of 8000 complete in 205.3 sec
[---------------  41%                  ] 3298 of 8000 complete in 205.8 sec
[---------------  41%                  ] 3306 of 8000 complete in 206.3 sec
[---------------  41%                  ] 3315 of 8000 complete in 206.9 sec
[---------------  41%                  ] 3323 of 8000 complete in 207.4 sec
[---------------  41%                  ] 3330 of 8000 complete in 207.9 sec
[---------------  41%                  ] 3339 of 8000 complete in 208.5 sec
[---------------  41%                  ] 3348 of 8000 complete in 209.0 sec
[---------------  41%                  ] 3356 of 8000 complete in 209.6 sec
[---------------  42%                  ] 3364 of 8000 complete in 210.2 sec
[---------------- 42%                  ] 3372 of 8000 complete in 210.7 sec
[---------------- 42%                  ] 3381 of 8000 complete in 211.2 sec
[---------------- 42%                  ] 3389 of 8000 complete in 211.8 sec
[---------------- 42%                  ] 3397 of 8000 complete in 212.3 sec
[---------------- 42%                  ] 3405 of 8000 complete in 212.8 sec
[---------------- 42%                  ] 3413 of 8000 complete in 213.4 sec
[---------------- 42%                  ] 3421 of 8000 complete in 213.9 sec
[---------------- 42%                  ] 3429 of 8000 complete in 214.5 sec
[---------------- 42%                  ] 3438 of 8000 complete in 215.0 sec
[---------------- 43%                  ] 3446 of 8000 complete in 215.6 sec
[---------------- 43%                  ] 3454 of 8000 complete in 216.1 sec
[---------------- 43%                  ] 3462 of 8000 complete in 216.7 sec
[---------------- 43%                  ] 3469 of 8000 complete in 217.2 sec
[---------------- 43%                  ] 3477 of 8000 complete in 217.8 sec
[---------------- 43%                  ] 3485 of 8000 complete in 218.3 sec
[---------------- 43%                  ] 3494 of 8000 complete in 218.9 sec
[---------------- 43%                  ] 3503 of 8000 complete in 219.4 sec
[---------------- 43%                  ] 3512 of 8000 complete in 220.0 sec
[---------------- 44%                  ] 3520 of 8000 complete in 220.5 sec
[---------------- 44%                  ] 3529 of 8000 complete in 221.0 sec
[---------------- 44%                  ] 3537 of 8000 complete in 221.6 sec
[---------------- 44%                  ] 3546 of 8000 complete in 222.1 sec
[---------------- 44%                  ] 3555 of 8000 complete in 222.6 sec
[---------------- 44%                  ] 3563 of 8000 complete in 223.2 sec
[---------------- 44%                  ] 3572 of 8000 complete in 223.7 sec
[-----------------44%                  ] 3580 of 8000 complete in 224.2 sec
[-----------------44%                  ] 3589 of 8000 complete in 224.8 sec
[-----------------44%                  ] 3598 of 8000 complete in 225.3 sec
[-----------------45%                  ] 3606 of 8000 complete in 225.9 sec
[-----------------45%                  ] 3613 of 8000 complete in 226.4 sec
[-----------------45%                  ] 3620 of 8000 complete in 226.9 sec
[-----------------45%                  ] 3628 of 8000 complete in 227.4 sec
[-----------------45%                  ] 3637 of 8000 complete in 228.0 sec
[-----------------45%                  ] 3645 of 8000 complete in 228.5 sec
[-----------------45%                  ] 3653 of 8000 complete in 229.1 sec
[-----------------45%                  ] 3661 of 8000 complete in 229.6 sec
[-----------------45%                  ] 3670 of 8000 complete in 230.1 sec
[-----------------45%                  ] 3678 of 8000 complete in 230.7 sec
[-----------------45%                  ] 3647 of 8000 complete in 230.5 sec
[-----------------45%                  ] 3656 of 8000 complete in 231.1 sec
[-----------------45%                  ] 3663 of 8000 complete in 231.6 sec
[-----------------45%                  ] 3671 of 8000 complete in 232.1 sec
[-----------------45%                  ] 3679 of 8000 complete in 232.6 sec
[-----------------46%                  ] 3687 of 8000 complete in 233.2 sec
[-----------------46%                  ] 3695 of 8000 complete in 233.7 sec
[-----------------46%                  ] 3703 of 8000 complete in 234.2 sec
[-----------------46%                  ] 3711 of 8000 complete in 234.8 sec
[-----------------46%                  ] 3718 of 8000 complete in 235.3 sec
[-----------------46%                  ] 3725 of 8000 complete in 235.9 sec
[-----------------46%                  ] 3733 of 8000 complete in 236.4 sec
[-----------------46%                  ] 3741 of 8000 complete in 236.9 sec
[-----------------46%                  ] 3750 of 8000 complete in 237.5 sec
[-----------------46%                  ] 3758 of 8000 complete in 238.0 sec
[-----------------47%                  ] 3767 of 8000 complete in 238.6 sec
[-----------------47%                  ] 3775 of 8000 complete in 239.1 sec
[-----------------47%                  ] 3783 of 8000 complete in 239.7 sec
[-----------------47%                  ] 3791 of 8000 complete in 240.2 sec
[-----------------47%                  ] 3799 of 8000 complete in 240.7 sec
[-----------------47%                  ] 3807 of 8000 complete in 241.3 sec
[-----------------47%                  ] 3814 of 8000 complete in 241.8 sec
[-----------------47%                  ] 3822 of 8000 complete in 242.3 sec
[-----------------47%                  ] 3830 of 8000 complete in 242.9 sec
[-----------------47%                  ] 3838 of 8000 complete in 243.4 sec
[-----------------48%                  ] 3846 of 8000 complete in 243.9 sec
[-----------------48%                  ] 3854 of 8000 complete in 244.5 sec
[-----------------48%                  ] 3861 of 8000 complete in 245.0 sec
[-----------------48%                  ] 3868 of 8000 complete in 245.5 sec
[-----------------48%                  ] 3876 of 8000 complete in 246.1 sec
[-----------------48%                  ] 3883 of 8000 complete in 246.6 sec
[-----------------48%                  ] 3891 of 8000 complete in 247.1 sec
[-----------------48%                  ] 3900 of 8000 complete in 247.7 sec
[-----------------48%                  ] 3909 of 8000 complete in 248.2 sec
[-----------------48%                  ] 3917 of 8000 complete in 248.8 sec
[-----------------49%                  ] 3925 of 8000 complete in 249.3 sec
[-----------------49%                  ] 3934 of 8000 complete in 249.8 sec
[-----------------49%                  ] 3942 of 8000 complete in 250.4 sec
[-----------------49%                  ] 3951 of 8000 complete in 250.9 sec
[-----------------49%                  ] 3959 of 8000 complete in 251.5 sec
[-----------------49%                  ] 3967 of 8000 complete in 252.0 sec
[-----------------49%                  ] 3975 of 8000 complete in 252.5 sec
[-----------------49%                  ] 3983 of 8000 complete in 253.1 sec
[-----------------49%                  ] 3991 of 8000 complete in 253.6 sec
[-----------------49%                  ] 3999 of 8000 complete in 254.1 sec
[-----------------50%                  ] 4007 of 8000 complete in 254.6 sec
[-----------------50%                  ] 4015 of 8000 complete in 255.1 sec
[-----------------50%                  ] 4024 of 8000 complete in 255.7 sec
[-----------------50%                  ] 4032 of 8000 complete in 256.2 sec
[-----------------50%                  ] 4040 of 8000 complete in 256.7 sec
[-----------------50%                  ] 4048 of 8000 complete in 257.2 sec
[-----------------50%                  ] 4056 of 8000 complete in 257.8 sec
[-----------------50%                  ] 4064 of 8000 complete in 258.3 sec
[-----------------50%                  ] 4072 of 8000 complete in 258.8 sec
[-----------------51%                  ] 4080 of 8000 complete in 259.4 sec
[-----------------51%                  ] 4088 of 8000 complete in 259.9 sec
[-----------------51%                  ] 4096 of 8000 complete in 260.5 sec
[-----------------51%                  ] 4104 of 8000 complete in 261.0 sec
[-----------------51%                  ] 4112 of 8000 complete in 261.6 sec
[-----------------51%                  ] 4120 of 8000 complete in 262.1 sec
[-----------------51%                  ] 4127 of 8000 complete in 262.6 sec
[-----------------51%                  ] 4135 of 8000 complete in 263.1 sec
[-----------------51%                  ] 4142 of 8000 complete in 263.7 sec
[-----------------51%                  ] 4149 of 8000 complete in 264.2 sec
[-----------------51%                  ] 4157 of 8000 complete in 264.7 sec
[-----------------52%                  ] 4165 of 8000 complete in 265.3 sec
[-----------------52%                  ] 4173 of 8000 complete in 265.8 sec
[-----------------52%                  ] 4181 of 8000 complete in 266.3 sec
[-----------------52%                  ] 4190 of 8000 complete in 266.9 sec
[-----------------52%                  ] 4198 of 8000 complete in 267.4 sec
[-----------------52%                  ] 4206 of 8000 complete in 267.9 sec
[-----------------52%                  ] 4214 of 8000 complete in 268.4 sec
[-----------------52%                  ] 4221 of 8000 complete in 268.9 sec
[-----------------52%                  ] 4228 of 8000 complete in 269.4 sec
[-----------------52%                  ] 4235 of 8000 complete in 270.0 sec
[-----------------53%                  ] 4242 of 8000 complete in 270.5 sec
[-----------------53%                  ] 4249 of 8000 complete in 271.1 sec
[-----------------53%                  ] 4256 of 8000 complete in 271.6 sec
[-----------------53%                  ] 4264 of 8000 complete in 272.1 sec
[-----------------53%                  ] 4272 of 8000 complete in 272.7 sec
[-----------------53%                  ] 4279 of 8000 complete in 273.3 sec
[-----------------53%                  ] 4285 of 8000 complete in 273.8 sec
[-----------------53%                  ] 4293 of 8000 complete in 274.3 sec
[-----------------53%                  ] 4301 of 8000 complete in 274.9 sec
[-----------------53%                  ] 4309 of 8000 complete in 275.4 sec
[-----------------53%                  ] 4317 of 8000 complete in 276.0 sec
[-----------------54%                  ] 4325 of 8000 complete in 276.5 sec
[-----------------54%                  ] 4333 of 8000 complete in 277.0 sec
[-----------------54%                  ] 4341 of 8000 complete in 277.5 sec
[-----------------54%                  ] 4349 of 8000 complete in 278.1 sec
[-----------------54%                  ] 4357 of 8000 complete in 278.6 sec
[-----------------54%                  ] 4366 of 8000 complete in 279.2 sec
[-----------------54%                  ] 4375 of 8000 complete in 279.7 sec
[-----------------54%                  ] 4383 of 8000 complete in 280.2 sec
[-----------------54%                  ] 4392 of 8000 complete in 280.8 sec
[-----------------55%                  ] 4400 of 8000 complete in 281.3 sec
[-----------------55%                  ] 4407 of 8000 complete in 281.8 sec
[-----------------55%                  ] 4415 of 8000 complete in 282.4 sec
[-----------------55%-                 ] 4423 of 8000 complete in 282.9 sec
[-----------------55%-                 ] 4432 of 8000 complete in 283.5 sec
[-----------------55%-                 ] 4441 of 8000 complete in 284.0 sec
[-----------------55%-                 ] 4449 of 8000 complete in 284.5 sec
[-----------------55%-                 ] 4457 of 8000 complete in 285.1 sec
[-----------------55%-                 ] 4465 of 8000 complete in 285.6 sec
[-----------------55%-                 ] 4473 of 8000 complete in 286.1 sec
[-----------------56%-                 ] 4481 of 8000 complete in 286.6 sec
[-----------------56%-                 ] 4489 of 8000 complete in 287.2 sec
[-----------------46%                  ] 3686 of 8000 complete in 231.2 sec
[-----------------46%                  ] 3693 of 8000 complete in 231.7 sec
[-----------------46%                  ] 3701 of 8000 complete in 232.2 sec
[-----------------46%                  ] 3709 of 8000 complete in 232.7 sec
[-----------------46%                  ] 3718 of 8000 complete in 233.3 sec
[-----------------46%                  ] 3726 of 8000 complete in 233.8 sec
[-----------------46%                  ] 3734 of 8000 complete in 234.3 sec
[-----------------46%                  ] 3741 of 8000 complete in 234.8 sec
[-----------------46%                  ] 3748 of 8000 complete in 235.3 sec
[-----------------46%                  ] 3755 of 8000 complete in 235.9 sec
[-----------------47%                  ] 3763 of 8000 complete in 236.4 sec
[-----------------47%                  ] 3771 of 8000 complete in 237.0 sec
[-----------------47%                  ] 3779 of 8000 complete in 237.5 sec
[-----------------47%                  ] 3787 of 8000 complete in 238.0 sec
[-----------------47%                  ] 3795 of 8000 complete in 238.5 sec
[-----------------47%                  ] 3803 of 8000 complete in 239.1 sec
[-----------------47%                  ] 3811 of 8000 complete in 239.6 sec
[-----------------47%                  ] 3818 of 8000 complete in 240.1 sec
[-----------------47%                  ] 3826 of 8000 complete in 240.7 sec
[-----------------47%                  ] 3834 of 8000 complete in 241.2 sec
[-----------------48%                  ] 3841 of 8000 complete in 241.7 sec
[-----------------48%                  ] 3849 of 8000 complete in 242.2 sec
[-----------------48%                  ] 3856 of 8000 complete in 242.7 sec
[-----------------48%                  ] 3864 of 8000 complete in 243.3 sec
[-----------------48%                  ] 3872 of 8000 complete in 243.8 sec
[-----------------48%                  ] 3880 of 8000 complete in 244.4 sec
[-----------------48%                  ] 3887 of 8000 complete in 244.9 sec
[-----------------48%                  ] 3894 of 8000 complete in 245.4 sec
[-----------------48%                  ] 3902 of 8000 complete in 245.9 sec
[-----------------48%                  ] 3909 of 8000 complete in 246.4 sec
[-----------------48%                  ] 3917 of 8000 complete in 247.0 sec
[-----------------49%                  ] 3926 of 8000 complete in 247.5 sec
[-----------------49%                  ] 3934 of 8000 complete in 248.1 sec
[-----------------49%                  ] 3942 of 8000 complete in 248.6 sec
[-----------------49%                  ] 3950 of 8000 complete in 249.1 sec
[-----------------49%                  ] 3959 of 8000 complete in 249.6 sec
[-----------------49%                  ] 3968 of 8000 complete in 250.1 sec
[-----------------49%                  ] 3976 of 8000 complete in 250.6 sec
[-----------------49%                  ] 3984 of 8000 complete in 251.1 sec
[-----------------49%                  ] 3991 of 8000 complete in 251.7 sec
[-----------------49%                  ] 3999 of 8000 complete in 252.2 sec
[-----------------50%                  ] 4007 of 8000 complete in 252.7 sec
[-----------------50%                  ] 4015 of 8000 complete in 253.3 sec
[-----------------50%                  ] 4024 of 8000 complete in 253.9 sec
[-----------------50%                  ] 4033 of 8000 complete in 254.4 sec
[-----------------50%                  ] 4041 of 8000 complete in 254.9 sec
[-----------------50%                  ] 4049 of 8000 complete in 255.4 sec
[-----------------50%                  ] 4058 of 8000 complete in 256.0 sec
[-----------------50%                  ] 4066 of 8000 complete in 256.5 sec
[-----------------50%                  ] 4074 of 8000 complete in 257.0 sec
[-----------------51%                  ] 4082 of 8000 complete in 257.6 sec
[-----------------51%                  ] 4090 of 8000 complete in 258.1 sec
[-----------------51%                  ] 4098 of 8000 complete in 258.6 sec
[-----------------51%                  ] 4106 of 8000 complete in 259.2 sec
[-----------------51%                  ] 4113 of 8000 complete in 259.7 sec
[-----------------51%                  ] 4121 of 8000 complete in 260.2 sec
[-----------------51%                  ] 4128 of 8000 complete in 260.7 sec
[-----------------51%                  ] 4136 of 8000 complete in 261.3 sec
[-----------------51%                  ] 4144 of 8000 complete in 261.8 sec
[-----------------51%                  ] 4152 of 8000 complete in 262.4 sec
[-----------------52%                  ] 4160 of 8000 complete in 262.9 sec
[-----------------52%                  ] 4168 of 8000 complete in 263.5 sec
[-----------------52%                  ] 4176 of 8000 complete in 264.0 sec
[-----------------52%                  ] 4184 of 8000 complete in 264.6 sec
[-----------------52%                  ] 4192 of 8000 complete in 265.1 sec
[-----------------52%                  ] 4201 of 8000 complete in 265.6 sec
[-----------------52%                  ] 4210 of 8000 complete in 266.1 sec
[-----------------52%                  ] 4219 of 8000 complete in 266.7 sec
[-----------------52%                  ] 4228 of 8000 complete in 267.2 sec
[-----------------52%                  ] 4236 of 8000 complete in 267.7 sec
[-----------------53%                  ] 4245 of 8000 complete in 268.3 sec
[-----------------53%                  ] 4254 of 8000 complete in 268.9 sec
[-----------------53%                  ] 4262 of 8000 complete in 269.4 sec
[-----------------53%                  ] 4269 of 8000 complete in 270.0 sec
[-----------------53%                  ] 4276 of 8000 complete in 270.5 sec
[-----------------53%                  ] 4283 of 8000 complete in 271.0 sec
[-----------------53%                  ] 4290 of 8000 complete in 271.5 sec
[-----------------53%                  ] 4298 of 8000 complete in 272.1 sec
[-----------------53%                  ] 4306 of 8000 complete in 272.6 sec
[-----------------53%                  ] 4313 of 8000 complete in 273.2 sec
[-----------------54%                  ] 4320 of 8000 complete in 273.7 sec
[-----------------54%                  ] 4327 of 8000 complete in 274.3 sec
[-----------------54%                  ] 4335 of 8000 complete in 274.8 sec
[-----------------54%                  ] 4343 of 8000 complete in 275.4 sec
[-----------------54%                  ] 4351 of 8000 complete in 275.9 sec
[-----------------54%                  ] 4359 of 8000 complete in 276.4 sec
[-----------------54%                  ] 4367 of 8000 complete in 276.9 sec
[-----------------54%                  ] 4376 of 8000 complete in 277.5 sec
[-----------------54%                  ] 4384 of 8000 complete in 278.0 sec
[-----------------54%                  ] 4392 of 8000 complete in 278.5 sec
[-----------------54%                  ] 4399 of 8000 complete in 279.0 sec
[-----------------55%                  ] 4407 of 8000 complete in 279.5 sec
[-----------------55%                  ] 4416 of 8000 complete in 280.1 sec
[-----------------55%-                 ] 4425 of 8000 complete in 280.7 sec
[-----------------55%-                 ] 4433 of 8000 complete in 281.2 sec
[-----------------55%-                 ] 4441 of 8000 complete in 281.7 sec
[-----------------55%-                 ] 4449 of 8000 complete in 282.2 sec
[-----------------55%-                 ] 4457 of 8000 complete in 282.8 sec
[-----------------55%-                 ] 4465 of 8000 complete in 283.3 sec
[-----------------55%-                 ] 4474 of 8000 complete in 283.8 sec
[-----------------56%-                 ] 4482 of 8000 complete in 284.3 sec
[-----------------56%-                 ] 4490 of 8000 complete in 284.9 sec
[-----------------56%-                 ] 4498 of 8000 complete in 285.4 sec
[-----------------56%-                 ] 4506 of 8000 complete in 286.0 sec
[-----------------56%-                 ] 4514 of 8000 complete in 286.5 sec
[-----------------56%-                 ] 4522 of 8000 complete in 287.0 sec
[-----------------56%-                 ] 4530 of 8000 complete in 287.6 sec
[-----------------46%                  ] 3715 of 8000 complete in 230.8 sec
[-----------------46%                  ] 3723 of 8000 complete in 231.3 sec
[-----------------46%                  ] 3731 of 8000 complete in 231.8 sec
[-----------------46%                  ] 3740 of 8000 complete in 232.4 sec
[-----------------46%                  ] 3749 of 8000 complete in 232.9 sec
[-----------------46%                  ] 3757 of 8000 complete in 233.5 sec
[-----------------47%                  ] 3766 of 8000 complete in 234.0 sec
[-----------------47%                  ] 3774 of 8000 complete in 234.6 sec
[-----------------47%                  ] 3782 of 8000 complete in 235.2 sec
[-----------------47%                  ] 3789 of 8000 complete in 235.7 sec
[-----------------47%                  ] 3797 of 8000 complete in 236.2 sec
[-----------------47%                  ] 3806 of 8000 complete in 236.8 sec
[-----------------47%                  ] 3815 of 8000 complete in 237.3 sec
[-----------------47%                  ] 3824 of 8000 complete in 237.9 sec
[-----------------47%                  ] 3832 of 8000 complete in 238.4 sec
[-----------------48%                  ] 3840 of 8000 complete in 238.9 sec
[-----------------48%                  ] 3848 of 8000 complete in 239.4 sec
[-----------------48%                  ] 3856 of 8000 complete in 240.0 sec
[-----------------48%                  ] 3864 of 8000 complete in 240.5 sec
[-----------------48%                  ] 3872 of 8000 complete in 241.0 sec
[-----------------48%                  ] 3880 of 8000 complete in 241.6 sec
[-----------------48%                  ] 3888 of 8000 complete in 242.1 sec
[-----------------48%                  ] 3896 of 8000 complete in 242.6 sec
[-----------------48%                  ] 3904 of 8000 complete in 243.1 sec
[-----------------48%                  ] 3912 of 8000 complete in 243.7 sec
[-----------------49%                  ] 3920 of 8000 complete in 244.2 sec
[-----------------49%                  ] 3928 of 8000 complete in 244.7 sec
[-----------------49%                  ] 3935 of 8000 complete in 245.3 sec
[-----------------49%                  ] 3943 of 8000 complete in 245.8 sec
[-----------------49%                  ] 3951 of 8000 complete in 246.4 sec
[-----------------49%                  ] 3960 of 8000 complete in 246.9 sec
[-----------------49%                  ] 3968 of 8000 complete in 247.4 sec
[-----------------49%                  ] 3976 of 8000 complete in 247.9 sec
[-----------------49%                  ] 3984 of 8000 complete in 248.5 sec
[-----------------49%                  ] 3992 of 8000 complete in 249.0 sec
[-----------------50%                  ] 4001 of 8000 complete in 249.5 sec
[-----------------50%                  ] 4010 of 8000 complete in 250.1 sec
[-----------------50%                  ] 4019 of 8000 complete in 250.6 sec
[-----------------50%                  ] 4027 of 8000 complete in 251.1 sec
[-----------------50%                  ] 4036 of 8000 complete in 251.6 sec
[-----------------50%                  ] 4044 of 8000 complete in 252.2 sec
[-----------------50%                  ] 4052 of 8000 complete in 252.7 sec
[-----------------50%                  ] 4060 of 8000 complete in 253.3 sec
[-----------------50%                  ] 4068 of 8000 complete in 253.8 sec
[-----------------50%                  ] 4077 of 8000 complete in 254.3 sec
[-----------------51%                  ] 4086 of 8000 complete in 254.8 sec
[-----------------51%                  ] 4095 of 8000 complete in 255.4 sec
[-----------------51%                  ] 4104 of 8000 complete in 255.9 sec
[-----------------51%                  ] 4113 of 8000 complete in 256.4 sec
[-----------------51%                  ] 4121 of 8000 complete in 257.0 sec
[-----------------51%                  ] 4129 of 8000 complete in 257.6 sec
[-----------------51%                  ] 4138 of 8000 complete in 258.1 sec
[-----------------51%                  ] 4146 of 8000 complete in 258.6 sec
[-----------------51%                  ] 4153 of 8000 complete in 259.1 sec
[-----------------52%                  ] 4161 of 8000 complete in 259.7 sec
[-----------------52%                  ] 4169 of 8000 complete in 260.2 sec
[-----------------52%                  ] 4178 of 8000 complete in 260.7 sec
[-----------------52%                  ] 4186 of 8000 complete in 261.3 sec
[-----------------52%                  ] 4194 of 8000 complete in 261.8 sec
[-----------------52%                  ] 4203 of 8000 complete in 262.4 sec
[-----------------52%                  ] 4211 of 8000 complete in 262.9 sec
[-----------------52%                  ] 4218 of 8000 complete in 263.4 sec
[-----------------52%                  ] 4226 of 8000 complete in 263.9 sec
[-----------------52%                  ] 4234 of 8000 complete in 264.5 sec
[-----------------53%                  ] 4243 of 8000 complete in 265.0 sec
[-----------------53%                  ] 4252 of 8000 complete in 265.6 sec
[-----------------53%                  ] 4260 of 8000 complete in 266.1 sec
[-----------------53%                  ] 4269 of 8000 complete in 266.6 sec
[-----------------53%                  ] 4277 of 8000 complete in 267.1 sec
[-----------------53%                  ] 4286 of 8000 complete in 267.7 sec
[-----------------53%                  ] 4295 of 8000 complete in 268.2 sec
[-----------------53%                  ] 4303 of 8000 complete in 268.7 sec
[-----------------53%                  ] 4311 of 8000 complete in 269.3 sec
[-----------------53%                  ] 4318 of 8000 complete in 269.8 sec
[-----------------54%                  ] 4326 of 8000 complete in 270.3 sec
[-----------------54%                  ] 4334 of 8000 complete in 270.9 sec
[-----------------54%                  ] 4341 of 8000 complete in 271.4 sec
[-----------------54%                  ] 4350 of 8000 complete in 272.0 sec
[-----------------54%                  ] 4357 of 8000 complete in 272.5 sec
[-----------------54%                  ] 4364 of 8000 complete in 273.0 sec
[-----------------54%                  ] 4371 of 8000 complete in 273.5 sec
[-----------------54%                  ] 4379 of 8000 complete in 274.0 sec
[-----------------54%                  ] 4388 of 8000 complete in 274.6 sec
[-----------------54%                  ] 4396 of 8000 complete in 275.2 sec
[-----------------55%                  ] 4405 of 8000 complete in 275.7 sec
[-----------------55%                  ] 4413 of 8000 complete in 276.2 sec
[-----------------55%-                 ] 4422 of 8000 complete in 276.8 sec
[-----------------55%-                 ] 4430 of 8000 complete in 277.3 sec
[-----------------55%-                 ] 4438 of 8000 complete in 277.8 sec
[-----------------55%-                 ] 4447 of 8000 complete in 278.4 sec
[-----------------55%-                 ] 4456 of 8000 complete in 278.9 sec
[-----------------55%-                 ] 4465 of 8000 complete in 279.5 sec
[-----------------55%-                 ] 4474 of 8000 complete in 280.0 sec
[-----------------56%-                 ] 4483 of 8000 complete in 280.5 sec
[-----------------56%-                 ] 4492 of 8000 complete in 281.1 sec
[-----------------56%-                 ] 4500 of 8000 complete in 281.6 sec
[-----------------56%-                 ] 4508 of 8000 complete in 282.1 sec
[-----------------56%-                 ] 4517 of 8000 complete in 282.7 sec
[-----------------56%-                 ] 4526 of 8000 complete in 283.2 sec
[-----------------56%-                 ] 4534 of 8000 complete in 283.7 sec
[-----------------56%-                 ] 4543 of 8000 complete in 284.3 sec
[-----------------56%-                 ] 4551 of 8000 complete in 284.8 sec
[-----------------56%-                 ] 4559 of 8000 complete in 285.4 sec
[-----------------57%-                 ] 4567 of 8000 complete in 285.9 sec
[-----------------57%-                 ] 4575 of 8000 complete in 286.5 sec
[-----------------57%-                 ] 4582 of 8000 complete in 287.0 sec
[-----------------57%-                 ] 4590 of 8000 complete in 287.5 sec
[-----------------45%                  ] 3633 of 8000 complete in 230.9 sec
[-----------------45%                  ] 3640 of 8000 complete in 231.5 sec
[-----------------45%                  ] 3648 of 8000 complete in 232.0 sec
[-----------------45%                  ] 3656 of 8000 complete in 232.5 sec
[-----------------45%                  ] 3665 of 8000 complete in 233.1 sec
[-----------------45%                  ] 3673 of 8000 complete in 233.6 sec
[-----------------46%                  ] 3681 of 8000 complete in 234.2 sec
[-----------------46%                  ] 3688 of 8000 complete in 234.7 sec
[-----------------46%                  ] 3695 of 8000 complete in 235.2 sec
[-----------------46%                  ] 3702 of 8000 complete in 235.8 sec
[-----------------46%                  ] 3710 of 8000 complete in 236.3 sec
[-----------------46%                  ] 3719 of 8000 complete in 236.9 sec
[-----------------46%                  ] 3727 of 8000 complete in 237.4 sec
[-----------------46%                  ] 3735 of 8000 complete in 237.9 sec
[-----------------46%                  ] 3743 of 8000 complete in 238.5 sec
[-----------------46%                  ] 3752 of 8000 complete in 239.0 sec
[-----------------47%                  ] 3760 of 8000 complete in 239.6 sec
[-----------------47%                  ] 3767 of 8000 complete in 240.1 sec
[-----------------47%                  ] 3776 of 8000 complete in 240.7 sec
[-----------------47%                  ] 3784 of 8000 complete in 241.2 sec
[-----------------47%                  ] 3791 of 8000 complete in 241.7 sec
[-----------------47%                  ] 3799 of 8000 complete in 242.2 sec
[-----------------47%                  ] 3807 of 8000 complete in 242.8 sec
[-----------------47%                  ] 3815 of 8000 complete in 243.3 sec
[-----------------47%                  ] 3823 of 8000 complete in 243.9 sec
[-----------------47%                  ] 3830 of 8000 complete in 244.4 sec
[-----------------47%                  ] 3837 of 8000 complete in 244.9 sec
[-----------------48%                  ] 3844 of 8000 complete in 245.5 sec
[-----------------48%                  ] 3852 of 8000 complete in 246.0 sec
[-----------------48%                  ] 3859 of 8000 complete in 246.6 sec
[-----------------48%                  ] 3867 of 8000 complete in 247.1 sec
[-----------------48%                  ] 3876 of 8000 complete in 247.6 sec
[-----------------48%                  ] 3885 of 8000 complete in 248.2 sec
[-----------------48%                  ] 3893 of 8000 complete in 248.7 sec
[-----------------48%                  ] 3901 of 8000 complete in 249.2 sec
[-----------------48%                  ] 3909 of 8000 complete in 249.7 sec
[-----------------48%                  ] 3918 of 8000 complete in 250.3 sec
[-----------------49%                  ] 3926 of 8000 complete in 250.8 sec
[-----------------49%                  ] 3934 of 8000 complete in 251.4 sec
[-----------------49%                  ] 3942 of 8000 complete in 251.9 sec
[-----------------49%                  ] 3950 of 8000 complete in 252.4 sec
[-----------------49%                  ] 3958 of 8000 complete in 252.9 sec
[-----------------49%                  ] 3966 of 8000 complete in 253.5 sec
[-----------------49%                  ] 3975 of 8000 complete in 254.0 sec
[-----------------49%                  ] 3983 of 8000 complete in 254.5 sec
[-----------------49%                  ] 3992 of 8000 complete in 255.1 sec
[-----------------50%                  ] 4000 of 8000 complete in 255.6 sec
[-----------------50%                  ] 4009 of 8000 complete in 256.2 sec
[-----------------50%                  ] 4017 of 8000 complete in 256.7 sec
[-----------------50%                  ] 4025 of 8000 complete in 257.3 sec
[-----------------50%                  ] 4033 of 8000 complete in 257.8 sec
[-----------------50%                  ] 4041 of 8000 complete in 258.3 sec
[-----------------50%                  ] 4049 of 8000 complete in 258.9 sec
[-----------------50%                  ] 4057 of 8000 complete in 259.4 sec
[-----------------50%                  ] 4065 of 8000 complete in 260.0 sec
[-----------------50%                  ] 4073 of 8000 complete in 260.5 sec
[-----------------51%                  ] 4081 of 8000 complete in 261.0 sec
[-----------------51%                  ] 4089 of 8000 complete in 261.6 sec
[-----------------51%                  ] 4097 of 8000 complete in 262.1 sec
[-----------------51%                  ] 4105 of 8000 complete in 262.7 sec
[-----------------51%                  ] 4112 of 8000 complete in 263.2 sec
[-----------------51%                  ] 4119 of 8000 complete in 263.7 sec
[-----------------51%                  ] 4127 of 8000 complete in 264.2 sec
[-----------------51%                  ] 4135 of 8000 complete in 264.8 sec
[-----------------51%                  ] 4143 of 8000 complete in 265.3 sec
[-----------------51%                  ] 4152 of 8000 complete in 265.8 sec
[-----------------52%                  ] 4161 of 8000 complete in 266.4 sec
[-----------------52%                  ] 4169 of 8000 complete in 266.9 sec
[-----------------52%                  ] 4178 of 8000 complete in 267.4 sec
[-----------------52%                  ] 4187 of 8000 complete in 268.0 sec
[-----------------52%                  ] 4195 of 8000 complete in 268.5 sec
[-----------------52%                  ] 4203 of 8000 complete in 269.0 sec
[-----------------52%                  ] 4210 of 8000 complete in 269.5 sec
[-----------------52%                  ] 4217 of 8000 complete in 270.1 sec
[-----------------52%                  ] 4225 of 8000 complete in 270.6 sec
[-----------------52%                  ] 4232 of 8000 complete in 271.1 sec
[-----------------52%                  ] 4239 of 8000 complete in 271.7 sec
[-----------------53%                  ] 4247 of 8000 complete in 272.2 sec
[-----------------53%                  ] 4255 of 8000 complete in 272.8 sec
[-----------------53%                  ] 4262 of 8000 complete in 273.3 sec
[-----------------53%                  ] 4269 of 8000 complete in 273.8 sec
[-----------------53%                  ] 4277 of 8000 complete in 274.4 sec
[-----------------53%                  ] 4285 of 8000 complete in 274.9 sec
[-----------------53%                  ] 4292 of 8000 complete in 275.4 sec
[-----------------53%                  ] 4301 of 8000 complete in 276.0 sec
[-----------------53%                  ] 4309 of 8000 complete in 276.5 sec
[-----------------53%                  ] 4318 of 8000 complete in 277.1 sec
[-----------------54%                  ] 4326 of 8000 complete in 277.6 sec
[-----------------54%                  ] 4334 of 8000 complete in 278.2 sec
[-----------------54%                  ] 4342 of 8000 complete in 278.7 sec
[-----------------54%                  ] 4350 of 8000 complete in 279.2 sec
[-----------------54%                  ] 4359 of 8000 complete in 279.8 sec
[-----------------54%                  ] 4368 of 8000 complete in 280.3 sec
[-----------------54%                  ] 4376 of 8000 complete in 280.8 sec
[-----------------54%                  ] 4384 of 8000 complete in 281.4 sec
[-----------------54%                  ] 4391 of 8000 complete in 281.9 sec
[-----------------54%                  ] 4399 of 8000 complete in 282.4 sec
[-----------------55%                  ] 4408 of 8000 complete in 282.9 sec
[-----------------55%                  ] 4416 of 8000 complete in 283.4 sec
[-----------------55%-                 ] 4424 of 8000 complete in 283.9 sec
[-----------------55%-                 ] 4432 of 8000 complete in 284.4 sec
[-----------------55%-                 ] 4440 of 8000 complete in 285.0 sec
[-----------------55%-                 ] 4448 of 8000 complete in 285.5 sec
[-----------------55%-                 ] 4456 of 8000 complete in 286.1 sec
[-----------------55%-                 ] 4464 of 8000 complete in 286.6 sec
[-----------------55%-                 ] 4472 of 8000 complete in 287.2 sec
[-----------------55%-                 ] 4479 of 8000 complete in 287.7 sec
[-----------------56%-                 ] 4496 of 8000 complete in 287.7 sec
[-----------------56%-                 ] 4504 of 8000 complete in 288.2 sec
[-----------------56%-                 ] 4512 of 8000 complete in 288.8 sec
[-----------------56%-                 ] 4520 of 8000 complete in 289.3 sec
[-----------------56%-                 ] 4528 of 8000 complete in 289.8 sec
[-----------------56%-                 ] 4536 of 8000 complete in 290.3 sec
[-----------------56%-                 ] 4545 of 8000 complete in 290.9 sec
[-----------------56%-                 ] 4553 of 8000 complete in 291.4 sec
[-----------------57%-                 ] 4560 of 8000 complete in 292.0 sec
[-----------------57%-                 ] 4568 of 8000 complete in 292.5 sec
[-----------------57%-                 ] 4576 of 8000 complete in 293.0 sec
[-----------------57%-                 ] 4585 of 8000 complete in 293.6 sec
[-----------------57%-                 ] 4594 of 8000 complete in 294.1 sec
[-----------------57%-                 ] 4603 of 8000 complete in 294.7 sec
[-----------------57%-                 ] 4612 of 8000 complete in 295.2 sec
[-----------------57%-                 ] 4621 of 8000 complete in 295.8 sec
[-----------------57%-                 ] 4629 of 8000 complete in 296.3 sec
[-----------------57%--                ] 4637 of 8000 complete in 296.8 sec
[-----------------58%--                ] 4646 of 8000 complete in 297.3 sec
[-----------------58%--                ] 4655 of 8000 complete in 297.9 sec
[-----------------58%--                ] 4664 of 8000 complete in 298.4 sec
[-----------------58%--                ] 4672 of 8000 complete in 299.0 sec
[-----------------58%--                ] 4680 of 8000 complete in 299.5 sec
[-----------------58%--                ] 4687 of 8000 complete in 300.0 sec
[-----------------58%--                ] 4696 of 8000 complete in 300.5 sec
[-----------------58%--                ] 4704 of 8000 complete in 301.1 sec
[-----------------58%--                ] 4711 of 8000 complete in 301.6 sec
[-----------------58%--                ] 4718 of 8000 complete in 302.1 sec
[-----------------59%--                ] 4726 of 8000 complete in 302.7 sec
[-----------------59%--                ] 4734 of 8000 complete in 303.2 sec
[-----------------59%--                ] 4741 of 8000 complete in 303.7 sec
[-----------------59%--                ] 4749 of 8000 complete in 304.3 sec
[-----------------59%--                ] 4757 of 8000 complete in 304.9 sec
[-----------------59%--                ] 4765 of 8000 complete in 305.4 sec
[-----------------59%--                ] 4774 of 8000 complete in 306.0 sec
[-----------------59%--                ] 4783 of 8000 complete in 306.5 sec
[-----------------59%--                ] 4791 of 8000 complete in 307.0 sec
[-----------------60%--                ] 4800 of 8000 complete in 307.6 sec
[-----------------60%--                ] 4809 of 8000 complete in 308.1 sec
[-----------------60%--                ] 4818 of 8000 complete in 308.6 sec
[-----------------60%--                ] 4827 of 8000 complete in 309.2 sec
[-----------------60%--                ] 4836 of 8000 complete in 309.7 sec
[-----------------60%---               ] 4845 of 8000 complete in 310.3 sec
[-----------------60%---               ] 4853 of 8000 complete in 310.8 sec
[-----------------60%---               ] 4862 of 8000 complete in 311.3 sec
[-----------------60%---               ] 4870 of 8000 complete in 311.9 sec
[-----------------60%---               ] 4879 of 8000 complete in 312.4 sec
[-----------------61%---               ] 4887 of 8000 complete in 313.0 sec
[-----------------61%---               ] 4894 of 8000 complete in 313.5 sec
[-----------------61%---               ] 4901 of 8000 complete in 314.1 sec
[-----------------61%---               ] 4908 of 8000 complete in 314.6 sec
[-----------------61%---               ] 4915 of 8000 complete in 315.2 sec
[-----------------61%---               ] 4922 of 8000 complete in 315.7 sec
[-----------------61%---               ] 4930 of 8000 complete in 316.3 sec
[-----------------61%---               ] 4938 of 8000 complete in 316.8 sec
[-----------------61%---               ] 4946 of 8000 complete in 317.3 sec
[-----------------61%---               ] 4954 of 8000 complete in 317.8 sec
[-----------------62%---               ] 4962 of 8000 complete in 318.3 sec
[-----------------62%---               ] 4971 of 8000 complete in 318.9 sec
[-----------------62%---               ] 4979 of 8000 complete in 319.4 sec
[-----------------62%---               ] 4987 of 8000 complete in 319.9 sec
[-----------------62%---               ] 4995 of 8000 complete in 320.5 sec
[-----------------62%---               ] 5003 of 8000 complete in 321.0 sec
[-----------------62%---               ] 5012 of 8000 complete in 321.5 sec
[-----------------62%---               ] 5020 of 8000 complete in 322.1 sec
[-----------------62%---               ] 5028 of 8000 complete in 322.6 sec
[-----------------62%---               ] 5036 of 8000 complete in 323.1 sec
[-----------------63%---               ] 5044 of 8000 complete in 323.6 sec
[-----------------63%----              ] 5053 of 8000 complete in 324.1 sec
[-----------------63%----              ] 5061 of 8000 complete in 324.6 sec
[-----------------63%----              ] 5070 of 8000 complete in 325.2 sec
[-----------------63%----              ] 5079 of 8000 complete in 325.7 sec
[-----------------63%----              ] 5087 of 8000 complete in 326.2 sec
[-----------------63%----              ] 5096 of 8000 complete in 326.8 sec
[-----------------63%----              ] 5105 of 8000 complete in 327.3 sec
[-----------------63%----              ] 5114 of 8000 complete in 327.8 sec
[-----------------64%----              ] 5123 of 8000 complete in 328.4 sec
[-----------------64%----              ] 5132 of 8000 complete in 328.9 sec
[-----------------64%----              ] 5139 of 8000 complete in 329.4 sec
[-----------------64%----              ] 5146 of 8000 complete in 330.0 sec
[-----------------64%----              ] 5154 of 8000 complete in 330.5 sec
[-----------------64%----              ] 5162 of 8000 complete in 331.0 sec
[-----------------64%----              ] 5169 of 8000 complete in 331.5 sec
[-----------------64%----              ] 5176 of 8000 complete in 332.0 sec
[-----------------64%----              ] 5183 of 8000 complete in 332.5 sec
[-----------------64%----              ] 5190 of 8000 complete in 333.1 sec
[-----------------64%----              ] 5197 of 8000 complete in 333.6 sec
[-----------------65%----              ] 5204 of 8000 complete in 334.1 sec
[-----------------65%----              ] 5211 of 8000 complete in 334.7 sec
[-----------------65%----              ] 5219 of 8000 complete in 335.2 sec
[-----------------65%----              ] 5227 of 8000 complete in 335.8 sec
[-----------------65%----              ] 5234 of 8000 complete in 336.3 sec
[-----------------65%----              ] 5241 of 8000 complete in 336.8 sec
[-----------------65%----              ] 5248 of 8000 complete in 337.4 sec
[-----------------65%----              ] 5256 of 8000 complete in 337.9 sec
[-----------------65%-----             ] 5265 of 8000 complete in 338.5 sec
[-----------------65%-----             ] 5273 of 8000 complete in 339.0 sec
[-----------------66%-----             ] 5282 of 8000 complete in 339.6 sec
[-----------------66%-----             ] 5290 of 8000 complete in 340.1 sec
[-----------------66%-----             ] 5299 of 8000 complete in 340.6 sec
[-----------------66%-----             ] 5306 of 8000 complete in 341.1 sec
[-----------------66%-----             ] 5313 of 8000 complete in 341.7 sec
[-----------------66%-----             ] 5321 of 8000 complete in 342.2 sec
[-----------------66%-----             ] 5328 of 8000 complete in 342.8 sec
[-----------------66%-----             ] 5335 of 8000 complete in 343.3 sec
[-----------------66%-----             ] 5343 of 8000 complete in 343.8 sec
[-----------------66%-----             ] 5351 of 8000 complete in 344.3 sec
[-----------------57%-                 ] 4597 of 8000 complete in 288.0 sec
[-----------------57%-                 ] 4605 of 8000 complete in 288.5 sec
[-----------------57%-                 ] 4614 of 8000 complete in 289.1 sec
[-----------------57%-                 ] 4622 of 8000 complete in 289.6 sec
[-----------------57%-                 ] 4630 of 8000 complete in 290.1 sec
[-----------------57%--                ] 4638 of 8000 complete in 290.6 sec
[-----------------58%--                ] 4646 of 8000 complete in 291.2 sec
[-----------------58%--                ] 4653 of 8000 complete in 291.7 sec
[-----------------58%--                ] 4661 of 8000 complete in 292.3 sec
[-----------------58%--                ] 4668 of 8000 complete in 292.8 sec
[-----------------58%--                ] 4677 of 8000 complete in 293.3 sec
[-----------------58%--                ] 4686 of 8000 complete in 293.9 sec
[-----------------58%--                ] 4694 of 8000 complete in 294.4 sec
[-----------------58%--                ] 4703 of 8000 complete in 294.9 sec
[-----------------58%--                ] 4711 of 8000 complete in 295.4 sec
[-----------------58%--                ] 4719 of 8000 complete in 296.0 sec
[-----------------59%--                ] 4727 of 8000 complete in 296.5 sec
[-----------------59%--                ] 4735 of 8000 complete in 297.0 sec
[-----------------59%--                ] 4744 of 8000 complete in 297.6 sec
[-----------------59%--                ] 4752 of 8000 complete in 298.1 sec
[-----------------59%--                ] 4760 of 8000 complete in 298.6 sec
[-----------------59%--                ] 4768 of 8000 complete in 299.1 sec
[-----------------59%--                ] 4776 of 8000 complete in 299.7 sec
[-----------------59%--                ] 4784 of 8000 complete in 300.2 sec
[-----------------59%--                ] 4792 of 8000 complete in 300.8 sec
[-----------------59%--                ] 4799 of 8000 complete in 301.4 sec
[-----------------60%--                ] 4806 of 8000 complete in 301.9 sec
[-----------------60%--                ] 4814 of 8000 complete in 302.4 sec
[-----------------60%--                ] 4822 of 8000 complete in 303.0 sec
[-----------------60%--                ] 4830 of 8000 complete in 303.5 sec
[-----------------60%--                ] 4838 of 8000 complete in 304.1 sec
[-----------------60%---               ] 4845 of 8000 complete in 304.6 sec
[-----------------60%---               ] 4853 of 8000 complete in 305.1 sec
[-----------------60%---               ] 4861 of 8000 complete in 305.7 sec
[-----------------60%---               ] 4870 of 8000 complete in 306.2 sec
[-----------------60%---               ] 4878 of 8000 complete in 306.7 sec
[-----------------61%---               ] 4887 of 8000 complete in 307.3 sec
[-----------------61%---               ] 4896 of 8000 complete in 307.8 sec
[-----------------61%---               ] 4905 of 8000 complete in 308.4 sec
[-----------------61%---               ] 4913 of 8000 complete in 308.9 sec
[-----------------61%---               ] 4922 of 8000 complete in 309.4 sec
[-----------------61%---               ] 4930 of 8000 complete in 309.9 sec
[-----------------61%---               ] 4939 of 8000 complete in 310.5 sec
[-----------------61%---               ] 4948 of 8000 complete in 311.0 sec
[-----------------61%---               ] 4956 of 8000 complete in 311.5 sec
[-----------------62%---               ] 4965 of 8000 complete in 312.0 sec
[-----------------62%---               ] 4973 of 8000 complete in 312.6 sec
[-----------------62%---               ] 4979 of 8000 complete in 313.1 sec
[-----------------62%---               ] 4986 of 8000 complete in 313.6 sec
[-----------------62%---               ] 4993 of 8000 complete in 314.2 sec
[-----------------62%---               ] 5000 of 8000 complete in 314.7 sec
[-----------------62%---               ] 5007 of 8000 complete in 315.2 sec
[-----------------62%---               ] 5015 of 8000 complete in 315.8 sec
[-----------------62%---               ] 5023 of 8000 complete in 316.3 sec
[-----------------62%---               ] 5031 of 8000 complete in 316.8 sec
[-----------------63%---               ] 5040 of 8000 complete in 317.4 sec
[-----------------63%---               ] 5048 of 8000 complete in 317.9 sec
[-----------------63%----              ] 5056 of 8000 complete in 318.5 sec
[-----------------63%----              ] 5064 of 8000 complete in 319.0 sec
[-----------------63%----              ] 5072 of 8000 complete in 319.5 sec
[-----------------63%----              ] 5080 of 8000 complete in 320.1 sec
[-----------------63%----              ] 5089 of 8000 complete in 320.6 sec
[-----------------63%----              ] 5098 of 8000 complete in 321.1 sec
[-----------------63%----              ] 5105 of 8000 complete in 321.6 sec
[-----------------63%----              ] 5114 of 8000 complete in 322.2 sec
[-----------------64%----              ] 5122 of 8000 complete in 322.7 sec
[-----------------64%----              ] 5130 of 8000 complete in 323.3 sec
[-----------------64%----              ] 5139 of 8000 complete in 323.8 sec
[-----------------64%----              ] 5147 of 8000 complete in 324.3 sec
[-----------------64%----              ] 5156 of 8000 complete in 324.8 sec
[-----------------64%----              ] 5164 of 8000 complete in 325.3 sec
[-----------------64%----              ] 5172 of 8000 complete in 325.9 sec
[-----------------64%----              ] 5180 of 8000 complete in 326.4 sec
[-----------------64%----              ] 5189 of 8000 complete in 327.0 sec
[-----------------64%----              ] 5198 of 8000 complete in 327.5 sec
[-----------------65%----              ] 5207 of 8000 complete in 328.0 sec
[-----------------65%----              ] 5216 of 8000 complete in 328.6 sec
[-----------------65%----              ] 5223 of 8000 complete in 329.1 sec
[-----------------65%----              ] 5229 of 8000 complete in 329.6 sec
[-----------------65%----              ] 5236 of 8000 complete in 330.2 sec
[-----------------65%----              ] 5244 of 8000 complete in 330.7 sec
[-----------------65%----              ] 5252 of 8000 complete in 331.3 sec
[-----------------65%----              ] 5259 of 8000 complete in 331.8 sec
[-----------------65%-----             ] 5266 of 8000 complete in 332.4 sec
[-----------------65%-----             ] 5273 of 8000 complete in 332.9 sec
[-----------------66%-----             ] 5280 of 8000 complete in 333.4 sec
[-----------------66%-----             ] 5287 of 8000 complete in 334.0 sec
[-----------------66%-----             ] 5294 of 8000 complete in 334.5 sec
[-----------------66%-----             ] 5301 of 8000 complete in 335.0 sec
[-----------------66%-----             ] 5308 of 8000 complete in 335.6 sec
[-----------------66%-----             ] 5315 of 8000 complete in 336.2 sec
[-----------------66%-----             ] 5322 of 8000 complete in 336.7 sec
[-----------------66%-----             ] 5329 of 8000 complete in 337.2 sec
[-----------------66%-----             ] 5337 of 8000 complete in 337.7 sec
[-----------------66%-----             ] 5346 of 8000 complete in 338.3 sec
[-----------------66%-----             ] 5354 of 8000 complete in 338.8 sec
[-----------------67%-----             ] 5362 of 8000 complete in 339.3 sec
[-----------------67%-----             ] 5370 of 8000 complete in 339.8 sec
[-----------------67%-----             ] 5379 of 8000 complete in 340.3 sec
[-----------------67%-----             ] 5386 of 8000 complete in 340.8 sec
[-----------------67%-----             ] 5392 of 8000 complete in 341.4 sec
[-----------------67%-----             ] 5400 of 8000 complete in 341.9 sec
[-----------------67%-----             ] 5407 of 8000 complete in 342.5 sec
[-----------------67%-----             ] 5414 of 8000 complete in 343.0 sec
[-----------------67%-----             ] 5421 of 8000 complete in 343.5 sec
[-----------------67%-----             ] 5430 of 8000 complete in 344.1 sec
[-----------------67%-----             ] 5439 of 8000 complete in 344.6 sec
[-----------------56%-                 ] 4487 of 8000 complete in 288.2 sec
[-----------------56%-                 ] 4496 of 8000 complete in 288.8 sec
[-----------------56%-                 ] 4504 of 8000 complete in 289.3 sec
[-----------------56%-                 ] 4512 of 8000 complete in 289.9 sec
[-----------------56%-                 ] 4520 of 8000 complete in 290.4 sec
[-----------------56%-                 ] 4528 of 8000 complete in 290.9 sec
[-----------------56%-                 ] 4535 of 8000 complete in 291.5 sec
[-----------------56%-                 ] 4542 of 8000 complete in 292.0 sec
[-----------------56%-                 ] 4550 of 8000 complete in 292.5 sec
[-----------------56%-                 ] 4558 of 8000 complete in 293.1 sec
[-----------------57%-                 ] 4566 of 8000 complete in 293.6 sec
[-----------------57%-                 ] 4574 of 8000 complete in 294.1 sec
[-----------------57%-                 ] 4582 of 8000 complete in 294.6 sec
[-----------------57%-                 ] 4590 of 8000 complete in 295.1 sec
[-----------------57%-                 ] 4598 of 8000 complete in 295.7 sec
[-----------------57%-                 ] 4606 of 8000 complete in 296.2 sec
[-----------------57%-                 ] 4614 of 8000 complete in 296.8 sec
[-----------------57%-                 ] 4623 of 8000 complete in 297.3 sec
[-----------------57%--                ] 4632 of 8000 complete in 297.9 sec
[-----------------58%--                ] 4641 of 8000 complete in 298.4 sec
[-----------------58%--                ] 4650 of 8000 complete in 299.0 sec
[-----------------58%--                ] 4657 of 8000 complete in 299.5 sec
[-----------------58%--                ] 4665 of 8000 complete in 300.0 sec
[-----------------58%--                ] 4673 of 8000 complete in 300.6 sec
[-----------------58%--                ] 4680 of 8000 complete in 301.1 sec
[-----------------58%--                ] 4686 of 8000 complete in 301.6 sec
[-----------------58%--                ] 4694 of 8000 complete in 302.2 sec
[-----------------58%--                ] 4702 of 8000 complete in 302.7 sec
[-----------------58%--                ] 4709 of 8000 complete in 303.2 sec
[-----------------58%--                ] 4716 of 8000 complete in 303.7 sec
[-----------------59%--                ] 4724 of 8000 complete in 304.3 sec
[-----------------59%--                ] 4731 of 8000 complete in 304.8 sec
[-----------------59%--                ] 4739 of 8000 complete in 305.3 sec
[-----------------59%--                ] 4747 of 8000 complete in 305.9 sec
[-----------------59%--                ] 4755 of 8000 complete in 306.4 sec
[-----------------59%--                ] 4763 of 8000 complete in 306.9 sec
[-----------------59%--                ] 4771 of 8000 complete in 307.4 sec
[-----------------59%--                ] 4779 of 8000 complete in 307.9 sec
[-----------------59%--                ] 4788 of 8000 complete in 308.5 sec
[-----------------59%--                ] 4796 of 8000 complete in 309.0 sec
[-----------------60%--                ] 4805 of 8000 complete in 309.6 sec
[-----------------60%--                ] 4814 of 8000 complete in 310.1 sec
[-----------------60%--                ] 4823 of 8000 complete in 310.6 sec
[-----------------60%--                ] 4831 of 8000 complete in 311.1 sec
[-----------------60%--                ] 4839 of 8000 complete in 311.7 sec
[-----------------60%---               ] 4847 of 8000 complete in 312.2 sec
[-----------------60%---               ] 4855 of 8000 complete in 312.8 sec
[-----------------60%---               ] 4861 of 8000 complete in 313.3 sec
[-----------------60%---               ] 4868 of 8000 complete in 313.8 sec
[-----------------60%---               ] 4875 of 8000 complete in 314.4 sec
[-----------------61%---               ] 4881 of 8000 complete in 314.9 sec
[-----------------61%---               ] 4888 of 8000 complete in 315.4 sec
[-----------------61%---               ] 4896 of 8000 complete in 315.9 sec
[-----------------61%---               ] 4904 of 8000 complete in 316.5 sec
[-----------------61%---               ] 4912 of 8000 complete in 317.0 sec
[-----------------61%---               ] 4920 of 8000 complete in 317.6 sec
[-----------------61%---               ] 4928 of 8000 complete in 318.1 sec
[-----------------61%---               ] 4936 of 8000 complete in 318.6 sec
[-----------------61%---               ] 4944 of 8000 complete in 319.2 sec
[-----------------61%---               ] 4951 of 8000 complete in 319.7 sec
[-----------------61%---               ] 4958 of 8000 complete in 320.2 sec
[-----------------62%---               ] 4966 of 8000 complete in 320.8 sec
[-----------------62%---               ] 4975 of 8000 complete in 321.3 sec
[-----------------62%---               ] 4982 of 8000 complete in 321.9 sec
[-----------------62%---               ] 4990 of 8000 complete in 322.4 sec
[-----------------62%---               ] 4998 of 8000 complete in 323.0 sec
[-----------------62%---               ] 5006 of 8000 complete in 323.5 sec
[-----------------62%---               ] 5015 of 8000 complete in 324.0 sec
[-----------------62%---               ] 5023 of 8000 complete in 324.6 sec
[-----------------62%---               ] 5031 of 8000 complete in 325.1 sec
[-----------------62%---               ] 5038 of 8000 complete in 325.6 sec
[-----------------63%---               ] 5046 of 8000 complete in 326.1 sec
[-----------------63%----              ] 5054 of 8000 complete in 326.7 sec
[-----------------63%----              ] 5062 of 8000 complete in 327.2 sec
[-----------------63%----              ] 5070 of 8000 complete in 327.7 sec
[-----------------63%----              ] 5078 of 8000 complete in 328.2 sec
[-----------------63%----              ] 5087 of 8000 complete in 328.7 sec
[-----------------63%----              ] 5095 of 8000 complete in 329.3 sec
[-----------------63%----              ] 5101 of 8000 complete in 329.8 sec
[-----------------63%----              ] 5109 of 8000 complete in 330.4 sec
[-----------------63%----              ] 5117 of 8000 complete in 330.9 sec
[-----------------64%----              ] 5125 of 8000 complete in 331.5 sec
[-----------------64%----              ] 5133 of 8000 complete in 332.0 sec
[-----------------64%----              ] 5140 of 8000 complete in 332.5 sec
[-----------------64%----              ] 5147 of 8000 complete in 333.1 sec
[-----------------64%----              ] 5154 of 8000 complete in 333.6 sec
[-----------------64%----              ] 5161 of 8000 complete in 334.1 sec
[-----------------64%----              ] 5168 of 8000 complete in 334.7 sec
[-----------------64%----              ] 5175 of 8000 complete in 335.2 sec
[-----------------64%----              ] 5182 of 8000 complete in 335.7 sec
[-----------------64%----              ] 5189 of 8000 complete in 336.2 sec
[-----------------64%----              ] 5196 of 8000 complete in 336.8 sec
[-----------------65%----              ] 5203 of 8000 complete in 337.4 sec
[-----------------65%----              ] 5212 of 8000 complete in 337.9 sec
[-----------------65%----              ] 5220 of 8000 complete in 338.4 sec
[-----------------65%----              ] 5228 of 8000 complete in 338.9 sec
[-----------------65%----              ] 5236 of 8000 complete in 339.5 sec
[-----------------65%----              ] 5245 of 8000 complete in 340.0 sec
[-----------------65%----              ] 5253 of 8000 complete in 340.5 sec
[-----------------65%----              ] 5260 of 8000 complete in 341.1 sec
[-----------------65%-----             ] 5266 of 8000 complete in 341.6 sec
[-----------------65%-----             ] 5274 of 8000 complete in 342.1 sec
[-----------------66%-----             ] 5281 of 8000 complete in 342.7 sec
[-----------------66%-----             ] 5288 of 8000 complete in 343.2 sec
[-----------------66%-----             ] 5295 of 8000 complete in 343.7 sec
[-----------------66%-----             ] 5304 of 8000 complete in 344.3 sec
[-----------------66%-----             ] 5312 of 8000 complete in 344.8 sec
[-----------------56%-                 ] 4537 of 8000 complete in 288.1 sec
[-----------------56%-                 ] 4545 of 8000 complete in 288.6 sec
[-----------------56%-                 ] 4554 of 8000 complete in 289.2 sec
[-----------------57%-                 ] 4562 of 8000 complete in 289.7 sec
[-----------------57%-                 ] 4570 of 8000 complete in 290.3 sec
[-----------------57%-                 ] 4578 of 8000 complete in 290.8 sec
[-----------------57%-                 ] 4586 of 8000 complete in 291.3 sec
[-----------------57%-                 ] 4593 of 8000 complete in 291.9 sec
[-----------------57%-                 ] 4601 of 8000 complete in 292.5 sec
[-----------------57%-                 ] 4609 of 8000 complete in 293.0 sec
[-----------------57%-                 ] 4618 of 8000 complete in 293.6 sec
[-----------------57%-                 ] 4627 of 8000 complete in 294.1 sec
[-----------------57%--                ] 4636 of 8000 complete in 294.7 sec
[-----------------58%--                ] 4645 of 8000 complete in 295.2 sec
[-----------------58%--                ] 4653 of 8000 complete in 295.7 sec
[-----------------58%--                ] 4661 of 8000 complete in 296.3 sec
[-----------------58%--                ] 4669 of 8000 complete in 296.8 sec
[-----------------58%--                ] 4677 of 8000 complete in 297.3 sec
[-----------------58%--                ] 4686 of 8000 complete in 297.9 sec
[-----------------58%--                ] 4695 of 8000 complete in 298.4 sec
[-----------------58%--                ] 4704 of 8000 complete in 299.0 sec
[-----------------58%--                ] 4712 of 8000 complete in 299.6 sec
[-----------------59%--                ] 4720 of 8000 complete in 300.1 sec
[-----------------59%--                ] 4729 of 8000 complete in 300.7 sec
[-----------------59%--                ] 4736 of 8000 complete in 301.2 sec
[-----------------59%--                ] 4743 of 8000 complete in 301.8 sec
[-----------------59%--                ] 4751 of 8000 complete in 302.3 sec
[-----------------59%--                ] 4759 of 8000 complete in 302.8 sec
[-----------------59%--                ] 4766 of 8000 complete in 303.3 sec
[-----------------59%--                ] 4773 of 8000 complete in 303.9 sec
[-----------------59%--                ] 4781 of 8000 complete in 304.4 sec
[-----------------59%--                ] 4789 of 8000 complete in 304.9 sec
[-----------------59%--                ] 4797 of 8000 complete in 305.5 sec
[-----------------60%--                ] 4805 of 8000 complete in 306.1 sec
[-----------------60%--                ] 4813 of 8000 complete in 306.6 sec
[-----------------60%--                ] 4822 of 8000 complete in 307.2 sec
[-----------------60%--                ] 4831 of 8000 complete in 307.7 sec
[-----------------60%--                ] 4840 of 8000 complete in 308.2 sec
[-----------------60%---               ] 4849 of 8000 complete in 308.8 sec
[-----------------60%---               ] 4857 of 8000 complete in 309.3 sec
[-----------------60%---               ] 4866 of 8000 complete in 309.8 sec
[-----------------60%---               ] 4874 of 8000 complete in 310.3 sec
[-----------------61%---               ] 4883 of 8000 complete in 310.9 sec
[-----------------61%---               ] 4892 of 8000 complete in 311.4 sec
[-----------------61%---               ] 4901 of 8000 complete in 312.0 sec
[-----------------61%---               ] 4910 of 8000 complete in 312.6 sec
[-----------------61%---               ] 4917 of 8000 complete in 313.1 sec
[-----------------61%---               ] 4924 of 8000 complete in 313.7 sec
[-----------------61%---               ] 4931 of 8000 complete in 314.2 sec
[-----------------61%---               ] 4938 of 8000 complete in 314.8 sec
[-----------------61%---               ] 4945 of 8000 complete in 315.3 sec
[-----------------61%---               ] 4953 of 8000 complete in 315.8 sec
[-----------------62%---               ] 4961 of 8000 complete in 316.4 sec
[-----------------62%---               ] 4970 of 8000 complete in 316.9 sec
[-----------------62%---               ] 4979 of 8000 complete in 317.5 sec
[-----------------62%---               ] 4987 of 8000 complete in 318.0 sec
[-----------------62%---               ] 4995 of 8000 complete in 318.5 sec
[-----------------62%---               ] 5004 of 8000 complete in 319.0 sec
[-----------------62%---               ] 5012 of 8000 complete in 319.6 sec
[-----------------62%---               ] 5019 of 8000 complete in 320.1 sec
[-----------------62%---               ] 5027 of 8000 complete in 320.6 sec
[-----------------62%---               ] 5036 of 8000 complete in 321.2 sec
[-----------------63%---               ] 5045 of 8000 complete in 321.7 sec
[-----------------63%----              ] 5053 of 8000 complete in 322.3 sec
[-----------------63%----              ] 5061 of 8000 complete in 322.8 sec
[-----------------63%----              ] 5068 of 8000 complete in 323.3 sec
[-----------------63%----              ] 5077 of 8000 complete in 323.9 sec
[-----------------63%----              ] 5086 of 8000 complete in 324.4 sec
[-----------------63%----              ] 5094 of 8000 complete in 324.9 sec
[-----------------63%----              ] 5102 of 8000 complete in 325.4 sec
[-----------------63%----              ] 5109 of 8000 complete in 326.0 sec
[-----------------63%----              ] 5117 of 8000 complete in 326.5 sec
[-----------------64%----              ] 5126 of 8000 complete in 327.0 sec
[-----------------64%----              ] 5135 of 8000 complete in 327.6 sec
[-----------------64%----              ] 5143 of 8000 complete in 328.1 sec
[-----------------64%----              ] 5151 of 8000 complete in 328.6 sec
[-----------------64%----              ] 5159 of 8000 complete in 329.1 sec
[-----------------64%----              ] 5165 of 8000 complete in 329.6 sec
[-----------------64%----              ] 5173 of 8000 complete in 330.2 sec
[-----------------64%----              ] 5181 of 8000 complete in 330.7 sec
[-----------------64%----              ] 5189 of 8000 complete in 331.2 sec
[-----------------64%----              ] 5196 of 8000 complete in 331.8 sec
[-----------------65%----              ] 5203 of 8000 complete in 332.3 sec
[-----------------65%----              ] 5210 of 8000 complete in 332.9 sec
[-----------------65%----              ] 5217 of 8000 complete in 333.4 sec
[-----------------65%----              ] 5224 of 8000 complete in 333.9 sec
[-----------------65%----              ] 5231 of 8000 complete in 334.4 sec
[-----------------65%----              ] 5238 of 8000 complete in 335.0 sec
[-----------------65%----              ] 5245 of 8000 complete in 335.5 sec
[-----------------65%----              ] 5252 of 8000 complete in 336.0 sec
[-----------------65%----              ] 5259 of 8000 complete in 336.6 sec
[-----------------65%-----             ] 5266 of 8000 complete in 337.1 sec
[-----------------65%-----             ] 5274 of 8000 complete in 337.7 sec
[-----------------66%-----             ] 5283 of 8000 complete in 338.2 sec
[-----------------66%-----             ] 5291 of 8000 complete in 338.7 sec
[-----------------66%-----             ] 5300 of 8000 complete in 339.3 sec
[-----------------66%-----             ] 5308 of 8000 complete in 339.8 sec
[-----------------66%-----             ] 5316 of 8000 complete in 340.3 sec
[-----------------66%-----             ] 5324 of 8000 complete in 340.9 sec
[-----------------66%-----             ] 5331 of 8000 complete in 341.4 sec
[-----------------66%-----             ] 5338 of 8000 complete in 341.9 sec
[-----------------66%-----             ] 5345 of 8000 complete in 342.5 sec
[-----------------66%-----             ] 5352 of 8000 complete in 343.0 sec
[-----------------67%-----             ] 5360 of 8000 complete in 343.5 sec
[-----------------67%-----             ] 5368 of 8000 complete in 344.1 sec
[-----------------67%-----             ] 5376 of 8000 complete in 344.6 sec
[-----------------67%-----             ] 5384 of 8000 complete in 345.1 sec
[-----------------67%-----             ] 5360 of 8000 complete in 344.9 sec
[-----------------67%-----             ] 5369 of 8000 complete in 345.4 sec
[-----------------67%-----             ] 5378 of 8000 complete in 346.0 sec
[-----------------67%-----             ] 5386 of 8000 complete in 346.5 sec
[-----------------67%-----             ] 5395 of 8000 complete in 347.1 sec
[-----------------67%-----             ] 5403 of 8000 complete in 347.6 sec
[-----------------67%-----             ] 5410 of 8000 complete in 348.1 sec
[-----------------67%-----             ] 5418 of 8000 complete in 348.6 sec
[-----------------67%-----             ] 5426 of 8000 complete in 349.1 sec
[-----------------67%-----             ] 5435 of 8000 complete in 349.7 sec
[-----------------68%-----             ] 5444 of 8000 complete in 350.2 sec
[-----------------68%-----             ] 5452 of 8000 complete in 350.7 sec
[-----------------68%-----             ] 5461 of 8000 complete in 351.3 sec
[-----------------68%-----             ] 5470 of 8000 complete in 351.8 sec
[-----------------68%------            ] 5479 of 8000 complete in 352.3 sec
[-----------------68%------            ] 5488 of 8000 complete in 352.8 sec
[-----------------68%------            ] 5497 of 8000 complete in 353.4 sec
[-----------------68%------            ] 5506 of 8000 complete in 353.9 sec
[-----------------68%------            ] 5515 of 8000 complete in 354.5 sec
[-----------------69%------            ] 5524 of 8000 complete in 355.0 sec
[-----------------69%------            ] 5532 of 8000 complete in 355.5 sec
[-----------------69%------            ] 5540 of 8000 complete in 356.1 sec
[-----------------69%------            ] 5548 of 8000 complete in 356.6 sec
[-----------------69%------            ] 5556 of 8000 complete in 357.1 sec
[-----------------69%------            ] 5564 of 8000 complete in 357.7 sec
[-----------------69%------            ] 5572 of 8000 complete in 358.2 sec
[-----------------69%------            ] 5580 of 8000 complete in 358.7 sec
[-----------------69%------            ] 5588 of 8000 complete in 359.2 sec
[-----------------69%------            ] 5596 of 8000 complete in 359.8 sec
[-----------------70%------            ] 5604 of 8000 complete in 360.3 sec
[-----------------70%------            ] 5612 of 8000 complete in 360.8 sec
[-----------------70%------            ] 5620 of 8000 complete in 361.4 sec
[-----------------70%------            ] 5628 of 8000 complete in 361.9 sec
[-----------------70%------            ] 5637 of 8000 complete in 362.4 sec
[-----------------70%------            ] 5645 of 8000 complete in 363.0 sec
[-----------------70%------            ] 5653 of 8000 complete in 363.5 sec
[-----------------70%------            ] 5661 of 8000 complete in 364.0 sec
[-----------------70%------            ] 5669 of 8000 complete in 364.6 sec
[-----------------70%------            ] 5677 of 8000 complete in 365.1 sec
[-----------------71%-------           ] 5685 of 8000 complete in 365.6 sec
[-----------------71%-------           ] 5693 of 8000 complete in 366.1 sec
[-----------------71%-------           ] 5701 of 8000 complete in 366.7 sec
[-----------------71%-------           ] 5709 of 8000 complete in 367.2 sec
[-----------------71%-------           ] 5718 of 8000 complete in 367.8 sec
[-----------------71%-------           ] 5727 of 8000 complete in 368.3 sec
[-----------------71%-------           ] 5736 of 8000 complete in 368.8 sec
[-----------------71%-------           ] 5744 of 8000 complete in 369.4 sec
[-----------------71%-------           ] 5753 of 8000 complete in 369.9 sec
[-----------------72%-------           ] 5761 of 8000 complete in 370.4 sec
[-----------------72%-------           ] 5769 of 8000 complete in 370.9 sec
[-----------------72%-------           ] 5777 of 8000 complete in 371.5 sec
[-----------------72%-------           ] 5785 of 8000 complete in 372.1 sec
[-----------------72%-------           ] 5793 of 8000 complete in 372.6 sec
[-----------------72%-------           ] 5801 of 8000 complete in 373.2 sec
[-----------------72%-------           ] 5808 of 8000 complete in 373.7 sec
[-----------------72%-------           ] 5815 of 8000 complete in 374.3 sec
[-----------------72%-------           ] 5823 of 8000 complete in 374.8 sec
[-----------------72%-------           ] 5831 of 8000 complete in 375.3 sec
[-----------------72%-------           ] 5839 of 8000 complete in 375.9 sec
[-----------------73%-------           ] 5847 of 8000 complete in 376.4 sec
[-----------------73%-------           ] 5855 of 8000 complete in 377.0 sec
[-----------------73%-------           ] 5864 of 8000 complete in 377.5 sec
[-----------------73%-------           ] 5873 of 8000 complete in 378.0 sec
[-----------------73%-------           ] 5882 of 8000 complete in 378.5 sec
[-----------------73%-------           ] 5891 of 8000 complete in 379.1 sec
[-----------------73%--------          ] 5899 of 8000 complete in 379.6 sec
[-----------------73%--------          ] 5907 of 8000 complete in 380.1 sec
[-----------------73%--------          ] 5915 of 8000 complete in 380.6 sec
[-----------------74%--------          ] 5924 of 8000 complete in 381.2 sec
[-----------------74%--------          ] 5931 of 8000 complete in 381.7 sec
[-----------------74%--------          ] 5939 of 8000 complete in 382.2 sec
[-----------------74%--------          ] 5947 of 8000 complete in 382.7 sec
[-----------------74%--------          ] 5956 of 8000 complete in 383.2 sec
[-----------------74%--------          ] 5965 of 8000 complete in 383.8 sec
[-----------------74%--------          ] 5974 of 8000 complete in 384.3 sec
[-----------------74%--------          ] 5982 of 8000 complete in 384.9 sec
[-----------------74%--------          ] 5990 of 8000 complete in 385.5 sec
[-----------------74%--------          ] 5998 of 8000 complete in 386.0 sec
[-----------------75%--------          ] 6006 of 8000 complete in 386.6 sec
[-----------------75%--------          ] 6014 of 8000 complete in 387.1 sec
[-----------------75%--------          ] 6022 of 8000 complete in 387.6 sec
[-----------------75%--------          ] 6031 of 8000 complete in 388.1 sec
[-----------------75%--------          ] 6040 of 8000 complete in 388.7 sec
[-----------------75%--------          ] 6048 of 8000 complete in 389.2 sec
[-----------------75%--------          ] 6056 of 8000 complete in 389.7 sec
[-----------------75%--------          ] 6065 of 8000 complete in 390.3 sec
[-----------------75%--------          ] 6073 of 8000 complete in 390.8 sec
[-----------------76%--------          ] 6081 of 8000 complete in 391.4 sec
[-----------------76%--------          ] 6087 of 8000 complete in 391.9 sec
[-----------------76%--------          ] 6094 of 8000 complete in 392.5 sec
[-----------------76%--------          ] 6102 of 8000 complete in 393.0 sec
[-----------------76%---------         ] 6109 of 8000 complete in 393.5 sec
[-----------------76%---------         ] 6117 of 8000 complete in 394.1 sec
[-----------------76%---------         ] 6125 of 8000 complete in 394.6 sec
[-----------------76%---------         ] 6132 of 8000 complete in 395.1 sec
[-----------------76%---------         ] 6140 of 8000 complete in 395.7 sec
[-----------------76%---------         ] 6147 of 8000 complete in 396.2 sec
[-----------------76%---------         ] 6154 of 8000 complete in 396.7 sec
[-----------------77%---------         ] 6161 of 8000 complete in 397.3 sec
[-----------------77%---------         ] 6169 of 8000 complete in 397.8 sec
[-----------------77%---------         ] 6176 of 8000 complete in 398.3 sec
[-----------------77%---------         ] 6183 of 8000 complete in 398.8 sec
[-----------------77%---------         ] 6190 of 8000 complete in 399.3 sec
[-----------------77%---------         ] 6197 of 8000 complete in 399.9 sec
[-----------------77%---------         ] 6207 of 8000 complete in 400.4 sec
[-----------------77%---------         ] 6216 of 8000 complete in 401.0 sec
[-----------------77%---------         ] 6224 of 8000 complete in 401.5 sec
[-----------------68%-----             ] 5447 of 8000 complete in 345.2 sec
[-----------------68%-----             ] 5455 of 8000 complete in 345.7 sec
[-----------------68%-----             ] 5463 of 8000 complete in 346.2 sec
[-----------------68%-----             ] 5471 of 8000 complete in 346.7 sec
[-----------------68%------            ] 5479 of 8000 complete in 347.3 sec
[-----------------68%------            ] 5486 of 8000 complete in 347.8 sec
[-----------------68%------            ] 5493 of 8000 complete in 348.3 sec
[-----------------68%------            ] 5501 of 8000 complete in 348.8 sec
[-----------------68%------            ] 5509 of 8000 complete in 349.4 sec
[-----------------68%------            ] 5517 of 8000 complete in 349.9 sec
[-----------------69%------            ] 5526 of 8000 complete in 350.4 sec
[-----------------69%------            ] 5535 of 8000 complete in 351.0 sec
[-----------------69%------            ] 5543 of 8000 complete in 351.5 sec
[-----------------69%------            ] 5551 of 8000 complete in 352.1 sec
[-----------------69%------            ] 5559 of 8000 complete in 352.6 sec
[-----------------69%------            ] 5567 of 8000 complete in 353.1 sec
[-----------------69%------            ] 5575 of 8000 complete in 353.6 sec
[-----------------69%------            ] 5584 of 8000 complete in 354.2 sec
[-----------------69%------            ] 5593 of 8000 complete in 354.7 sec
[-----------------70%------            ] 5601 of 8000 complete in 355.2 sec
[-----------------70%------            ] 5609 of 8000 complete in 355.8 sec
[-----------------70%------            ] 5617 of 8000 complete in 356.3 sec
[-----------------70%------            ] 5625 of 8000 complete in 356.9 sec
[-----------------70%------            ] 5633 of 8000 complete in 357.4 sec
[-----------------70%------            ] 5640 of 8000 complete in 357.9 sec
[-----------------70%------            ] 5648 of 8000 complete in 358.4 sec
[-----------------70%------            ] 5656 of 8000 complete in 359.0 sec
[-----------------70%------            ] 5663 of 8000 complete in 359.5 sec
[-----------------70%------            ] 5671 of 8000 complete in 360.1 sec
[-----------------70%------            ] 5679 of 8000 complete in 360.6 sec
[-----------------71%-------           ] 5687 of 8000 complete in 361.1 sec
[-----------------71%-------           ] 5694 of 8000 complete in 361.7 sec
[-----------------71%-------           ] 5702 of 8000 complete in 362.2 sec
[-----------------71%-------           ] 5711 of 8000 complete in 362.7 sec
[-----------------71%-------           ] 5718 of 8000 complete in 363.2 sec
[-----------------71%-------           ] 5725 of 8000 complete in 363.7 sec
[-----------------71%-------           ] 5733 of 8000 complete in 364.3 sec
[-----------------71%-------           ] 5741 of 8000 complete in 364.9 sec
[-----------------71%-------           ] 5749 of 8000 complete in 365.4 sec
[-----------------71%-------           ] 5757 of 8000 complete in 365.9 sec
[-----------------72%-------           ] 5764 of 8000 complete in 366.4 sec
[-----------------72%-------           ] 5771 of 8000 complete in 366.9 sec
[-----------------72%-------           ] 5779 of 8000 complete in 367.4 sec
[-----------------72%-------           ] 5787 of 8000 complete in 368.0 sec
[-----------------72%-------           ] 5795 of 8000 complete in 368.5 sec
[-----------------72%-------           ] 5802 of 8000 complete in 369.0 sec
[-----------------72%-------           ] 5810 of 8000 complete in 369.5 sec
[-----------------72%-------           ] 5817 of 8000 complete in 370.0 sec
[-----------------72%-------           ] 5825 of 8000 complete in 370.5 sec
[-----------------72%-------           ] 5833 of 8000 complete in 371.1 sec
[-----------------73%-------           ] 5840 of 8000 complete in 371.6 sec
[-----------------73%-------           ] 5848 of 8000 complete in 372.2 sec
[-----------------73%-------           ] 5855 of 8000 complete in 372.7 sec
[-----------------73%-------           ] 5862 of 8000 complete in 373.3 sec
[-----------------73%-------           ] 5868 of 8000 complete in 373.8 sec
[-----------------73%-------           ] 5875 of 8000 complete in 374.3 sec
[-----------------73%-------           ] 5882 of 8000 complete in 374.8 sec
[-----------------73%-------           ] 5889 of 8000 complete in 375.3 sec
[-----------------73%--------          ] 5897 of 8000 complete in 375.9 sec
[-----------------73%--------          ] 5905 of 8000 complete in 376.5 sec
[-----------------73%--------          ] 5913 of 8000 complete in 377.0 sec
[-----------------74%--------          ] 5921 of 8000 complete in 377.5 sec
[-----------------74%--------          ] 5929 of 8000 complete in 378.0 sec
[-----------------74%--------          ] 5938 of 8000 complete in 378.6 sec
[-----------------74%--------          ] 5946 of 8000 complete in 379.1 sec
[-----------------74%--------          ] 5954 of 8000 complete in 379.6 sec
[-----------------74%--------          ] 5962 of 8000 complete in 380.1 sec
[-----------------74%--------          ] 5970 of 8000 complete in 380.7 sec
[-----------------74%--------          ] 5978 of 8000 complete in 381.2 sec
[-----------------74%--------          ] 5986 of 8000 complete in 381.7 sec
[-----------------74%--------          ] 5995 of 8000 complete in 382.3 sec
[-----------------75%--------          ] 6004 of 8000 complete in 382.9 sec
[-----------------75%--------          ] 6012 of 8000 complete in 383.4 sec
[-----------------75%--------          ] 6020 of 8000 complete in 383.9 sec
[-----------------75%--------          ] 6028 of 8000 complete in 384.5 sec
[-----------------75%--------          ] 6036 of 8000 complete in 385.0 sec
[-----------------75%--------          ] 6042 of 8000 complete in 385.5 sec
[-----------------75%--------          ] 6049 of 8000 complete in 386.0 sec
[-----------------75%--------          ] 6057 of 8000 complete in 386.6 sec
[-----------------75%--------          ] 6065 of 8000 complete in 387.2 sec
[-----------------75%--------          ] 6073 of 8000 complete in 387.7 sec
[-----------------76%--------          ] 6081 of 8000 complete in 388.2 sec
[-----------------76%--------          ] 6090 of 8000 complete in 388.7 sec
[-----------------76%--------          ] 6098 of 8000 complete in 389.3 sec
[-----------------76%---------         ] 6106 of 8000 complete in 389.8 sec
[-----------------76%---------         ] 6114 of 8000 complete in 390.4 sec
[-----------------76%---------         ] 6121 of 8000 complete in 390.9 sec
[-----------------76%---------         ] 6127 of 8000 complete in 391.4 sec
[-----------------76%---------         ] 6134 of 8000 complete in 392.0 sec
[-----------------76%---------         ] 6141 of 8000 complete in 392.5 sec
[-----------------76%---------         ] 6148 of 8000 complete in 393.1 sec
[-----------------76%---------         ] 6155 of 8000 complete in 393.7 sec
[-----------------77%---------         ] 6163 of 8000 complete in 394.2 sec
[-----------------77%---------         ] 6170 of 8000 complete in 394.8 sec
[-----------------77%---------         ] 6177 of 8000 complete in 395.3 sec
[-----------------77%---------         ] 6184 of 8000 complete in 395.9 sec
[-----------------77%---------         ] 6191 of 8000 complete in 396.4 sec
[-----------------77%---------         ] 6198 of 8000 complete in 396.9 sec
[-----------------77%---------         ] 6205 of 8000 complete in 397.5 sec
[-----------------77%---------         ] 6212 of 8000 complete in 398.0 sec
[-----------------77%---------         ] 6219 of 8000 complete in 398.5 sec
[-----------------77%---------         ] 6227 of 8000 complete in 399.1 sec
[-----------------77%---------         ] 6234 of 8000 complete in 399.6 sec
[-----------------78%---------         ] 6241 of 8000 complete in 400.1 sec
[-----------------78%---------         ] 6249 of 8000 complete in 400.6 sec
[-----------------78%---------         ] 6258 of 8000 complete in 401.1 sec
[-----------------78%---------         ] 6265 of 8000 complete in 401.6 sec
[-----------------67%-----             ] 5393 of 8000 complete in 345.7 sec
[-----------------67%-----             ] 5401 of 8000 complete in 346.2 sec
[-----------------67%-----             ] 5409 of 8000 complete in 346.7 sec
[-----------------67%-----             ] 5417 of 8000 complete in 347.2 sec
[-----------------67%-----             ] 5425 of 8000 complete in 347.8 sec
[-----------------67%-----             ] 5432 of 8000 complete in 348.3 sec
[-----------------68%-----             ] 5440 of 8000 complete in 348.8 sec
[-----------------68%-----             ] 5449 of 8000 complete in 349.3 sec
[-----------------68%-----             ] 5457 of 8000 complete in 349.9 sec
[-----------------68%-----             ] 5466 of 8000 complete in 350.4 sec
[-----------------68%------            ] 5474 of 8000 complete in 350.9 sec
[-----------------68%------            ] 5482 of 8000 complete in 351.5 sec
[-----------------68%------            ] 5491 of 8000 complete in 352.1 sec
[-----------------68%------            ] 5500 of 8000 complete in 352.6 sec
[-----------------68%------            ] 5508 of 8000 complete in 353.1 sec
[-----------------68%------            ] 5517 of 8000 complete in 353.6 sec
[-----------------69%------            ] 5526 of 8000 complete in 354.2 sec
[-----------------69%------            ] 5534 of 8000 complete in 354.7 sec
[-----------------69%------            ] 5543 of 8000 complete in 355.2 sec
[-----------------69%------            ] 5551 of 8000 complete in 355.8 sec
[-----------------69%------            ] 5559 of 8000 complete in 356.3 sec
[-----------------69%------            ] 5567 of 8000 complete in 356.8 sec
[-----------------69%------            ] 5575 of 8000 complete in 357.4 sec
[-----------------69%------            ] 5583 of 8000 complete in 357.9 sec
[-----------------69%------            ] 5592 of 8000 complete in 358.5 sec
[-----------------70%------            ] 5600 of 8000 complete in 359.0 sec
[-----------------70%------            ] 5607 of 8000 complete in 359.6 sec
[-----------------70%------            ] 5615 of 8000 complete in 360.1 sec
[-----------------70%------            ] 5623 of 8000 complete in 360.7 sec
[-----------------70%------            ] 5630 of 8000 complete in 361.2 sec
[-----------------70%------            ] 5637 of 8000 complete in 361.7 sec
[-----------------70%------            ] 5645 of 8000 complete in 362.2 sec
[-----------------70%------            ] 5653 of 8000 complete in 362.7 sec
[-----------------70%------            ] 5660 of 8000 complete in 363.2 sec
[-----------------70%------            ] 5668 of 8000 complete in 363.8 sec
[-----------------70%------            ] 5676 of 8000 complete in 364.3 sec
[-----------------71%------            ] 5684 of 8000 complete in 364.8 sec
[-----------------71%-------           ] 5692 of 8000 complete in 365.3 sec
[-----------------71%-------           ] 5700 of 8000 complete in 365.9 sec
[-----------------71%-------           ] 5708 of 8000 complete in 366.4 sec
[-----------------71%-------           ] 5715 of 8000 complete in 366.9 sec
[-----------------71%-------           ] 5723 of 8000 complete in 367.4 sec
[-----------------71%-------           ] 5732 of 8000 complete in 367.9 sec
[-----------------71%-------           ] 5741 of 8000 complete in 368.5 sec
[-----------------71%-------           ] 5749 of 8000 complete in 369.1 sec
[-----------------71%-------           ] 5757 of 8000 complete in 369.6 sec
[-----------------72%-------           ] 5765 of 8000 complete in 370.1 sec
[-----------------72%-------           ] 5773 of 8000 complete in 370.6 sec
[-----------------72%-------           ] 5781 of 8000 complete in 371.2 sec
[-----------------72%-------           ] 5788 of 8000 complete in 371.7 sec
[-----------------72%-------           ] 5796 of 8000 complete in 372.2 sec
[-----------------72%-------           ] 5803 of 8000 complete in 372.7 sec
[-----------------72%-------           ] 5810 of 8000 complete in 373.2 sec
[-----------------72%-------           ] 5816 of 8000 complete in 373.7 sec
[-----------------72%-------           ] 5823 of 8000 complete in 374.3 sec
[-----------------72%-------           ] 5830 of 8000 complete in 374.8 sec
[-----------------72%-------           ] 5838 of 8000 complete in 375.3 sec
[-----------------73%-------           ] 5846 of 8000 complete in 375.9 sec
[-----------------73%-------           ] 5853 of 8000 complete in 376.4 sec
[-----------------73%-------           ] 5861 of 8000 complete in 377.0 sec
[-----------------73%-------           ] 5870 of 8000 complete in 377.5 sec
[-----------------73%-------           ] 5879 of 8000 complete in 378.1 sec
[-----------------73%-------           ] 5888 of 8000 complete in 378.6 sec
[-----------------73%--------          ] 5897 of 8000 complete in 379.2 sec
[-----------------73%--------          ] 5905 of 8000 complete in 379.7 sec
[-----------------73%--------          ] 5914 of 8000 complete in 380.2 sec
[-----------------74%--------          ] 5922 of 8000 complete in 380.7 sec
[-----------------74%--------          ] 5930 of 8000 complete in 381.2 sec
[-----------------74%--------          ] 5937 of 8000 complete in 381.8 sec
[-----------------74%--------          ] 5946 of 8000 complete in 382.3 sec
[-----------------74%--------          ] 5955 of 8000 complete in 382.9 sec
[-----------------74%--------          ] 5964 of 8000 complete in 383.4 sec
[-----------------74%--------          ] 5972 of 8000 complete in 384.0 sec
[-----------------74%--------          ] 5980 of 8000 complete in 384.5 sec
[-----------------74%--------          ] 5987 of 8000 complete in 385.0 sec
[-----------------74%--------          ] 5994 of 8000 complete in 385.6 sec
[-----------------75%--------          ] 6002 of 8000 complete in 386.2 sec
[-----------------75%--------          ] 6010 of 8000 complete in 386.7 sec
[-----------------75%--------          ] 6018 of 8000 complete in 387.2 sec
[-----------------75%--------          ] 6026 of 8000 complete in 387.8 sec
[-----------------75%--------          ] 6034 of 8000 complete in 388.3 sec
[-----------------75%--------          ] 6043 of 8000 complete in 388.8 sec
[-----------------75%--------          ] 6051 of 8000 complete in 389.3 sec
[-----------------75%--------          ] 6058 of 8000 complete in 389.8 sec
[-----------------75%--------          ] 6066 of 8000 complete in 390.4 sec
[-----------------75%--------          ] 6074 of 8000 complete in 390.9 sec
[-----------------76%--------          ] 6081 of 8000 complete in 391.4 sec
[-----------------76%--------          ] 6087 of 8000 complete in 391.9 sec
[-----------------76%--------          ] 6094 of 8000 complete in 392.5 sec
[-----------------76%--------          ] 6101 of 8000 complete in 393.0 sec
[-----------------76%---------         ] 6108 of 8000 complete in 393.5 sec
[-----------------76%---------         ] 6116 of 8000 complete in 394.1 sec
[-----------------76%---------         ] 6123 of 8000 complete in 394.6 sec
[-----------------76%---------         ] 6130 of 8000 complete in 395.2 sec
[-----------------76%---------         ] 6137 of 8000 complete in 395.7 sec
[-----------------76%---------         ] 6145 of 8000 complete in 396.2 sec
[-----------------76%---------         ] 6153 of 8000 complete in 396.8 sec
[-----------------76%---------         ] 6159 of 8000 complete in 397.3 sec
[-----------------77%---------         ] 6167 of 8000 complete in 397.8 sec
[-----------------77%---------         ] 6175 of 8000 complete in 398.4 sec
[-----------------77%---------         ] 6183 of 8000 complete in 399.0 sec
[-----------------77%---------         ] 6190 of 8000 complete in 399.5 sec
[-----------------77%---------         ] 6198 of 8000 complete in 400.0 sec
[-----------------77%---------         ] 6206 of 8000 complete in 400.6 sec
[-----------------77%---------         ] 6215 of 8000 complete in 401.1 sec
[-----------------77%---------         ] 6223 of 8000 complete in 401.7 sec
[-----------------77%---------         ] 6231 of 8000 complete in 402.2 sec
[-----------------66%-----             ] 5320 of 8000 complete in 345.3 sec
[-----------------66%-----             ] 5328 of 8000 complete in 345.8 sec
[-----------------66%-----             ] 5336 of 8000 complete in 346.3 sec
[-----------------66%-----             ] 5344 of 8000 complete in 346.8 sec
[-----------------66%-----             ] 5352 of 8000 complete in 347.4 sec
[-----------------67%-----             ] 5360 of 8000 complete in 348.0 sec
[-----------------67%-----             ] 5367 of 8000 complete in 348.5 sec
[-----------------67%-----             ] 5375 of 8000 complete in 349.0 sec
[-----------------67%-----             ] 5383 of 8000 complete in 349.6 sec
[-----------------67%-----             ] 5392 of 8000 complete in 350.1 sec
[-----------------67%-----             ] 5400 of 8000 complete in 350.6 sec
[-----------------67%-----             ] 5408 of 8000 complete in 351.1 sec
[-----------------67%-----             ] 5416 of 8000 complete in 351.7 sec
[-----------------67%-----             ] 5425 of 8000 complete in 352.2 sec
[-----------------67%-----             ] 5434 of 8000 complete in 352.7 sec
[-----------------68%-----             ] 5443 of 8000 complete in 353.3 sec
[-----------------68%-----             ] 5452 of 8000 complete in 353.8 sec
[-----------------68%-----             ] 5461 of 8000 complete in 354.3 sec
[-----------------68%-----             ] 5470 of 8000 complete in 354.9 sec
[-----------------68%------            ] 5478 of 8000 complete in 355.4 sec
[-----------------68%------            ] 5486 of 8000 complete in 355.9 sec
[-----------------68%------            ] 5494 of 8000 complete in 356.5 sec
[-----------------68%------            ] 5502 of 8000 complete in 357.0 sec
[-----------------68%------            ] 5510 of 8000 complete in 357.5 sec
[-----------------68%------            ] 5518 of 8000 complete in 358.1 sec
[-----------------69%------            ] 5526 of 8000 complete in 358.6 sec
[-----------------69%------            ] 5534 of 8000 complete in 359.2 sec
[-----------------69%------            ] 5541 of 8000 complete in 359.8 sec
[-----------------69%------            ] 5549 of 8000 complete in 360.3 sec
[-----------------69%------            ] 5557 of 8000 complete in 360.9 sec
[-----------------69%------            ] 5565 of 8000 complete in 361.4 sec
[-----------------69%------            ] 5573 of 8000 complete in 362.0 sec
[-----------------69%------            ] 5581 of 8000 complete in 362.5 sec
[-----------------69%------            ] 5589 of 8000 complete in 363.1 sec
[-----------------69%------            ] 5597 of 8000 complete in 363.7 sec
[-----------------70%------            ] 5605 of 8000 complete in 364.2 sec
[-----------------70%------            ] 5613 of 8000 complete in 364.8 sec
[-----------------70%------            ] 5621 of 8000 complete in 365.3 sec
[-----------------70%------            ] 5629 of 8000 complete in 365.9 sec
[-----------------70%------            ] 5637 of 8000 complete in 366.4 sec
[-----------------70%------            ] 5644 of 8000 complete in 367.0 sec
[-----------------70%------            ] 5652 of 8000 complete in 367.5 sec
[-----------------70%------            ] 5661 of 8000 complete in 368.0 sec
[-----------------70%------            ] 5669 of 8000 complete in 368.6 sec
[-----------------70%------            ] 5677 of 8000 complete in 369.1 sec
[-----------------71%-------           ] 5685 of 8000 complete in 369.6 sec
[-----------------71%-------           ] 5693 of 8000 complete in 370.1 sec
[-----------------71%-------           ] 5701 of 8000 complete in 370.7 sec
[-----------------71%-------           ] 5709 of 8000 complete in 371.2 sec
[-----------------71%-------           ] 5716 of 8000 complete in 371.7 sec
[-----------------71%-------           ] 5724 of 8000 complete in 372.3 sec
[-----------------71%-------           ] 5731 of 8000 complete in 372.8 sec
[-----------------71%-------           ] 5738 of 8000 complete in 373.4 sec
[-----------------71%-------           ] 5744 of 8000 complete in 373.9 sec
[-----------------71%-------           ] 5751 of 8000 complete in 374.4 sec
[-----------------71%-------           ] 5758 of 8000 complete in 374.9 sec
[-----------------72%-------           ] 5765 of 8000 complete in 375.4 sec
[-----------------72%-------           ] 5773 of 8000 complete in 376.0 sec
[-----------------72%-------           ] 5781 of 8000 complete in 376.6 sec
[-----------------72%-------           ] 5790 of 8000 complete in 377.1 sec
[-----------------72%-------           ] 5799 of 8000 complete in 377.7 sec
[-----------------72%-------           ] 5807 of 8000 complete in 378.2 sec
[-----------------72%-------           ] 5816 of 8000 complete in 378.7 sec
[-----------------72%-------           ] 5825 of 8000 complete in 379.3 sec
[-----------------72%-------           ] 5833 of 8000 complete in 379.9 sec
[-----------------73%-------           ] 5841 of 8000 complete in 380.4 sec
[-----------------73%-------           ] 5850 of 8000 complete in 381.0 sec
[-----------------73%-------           ] 5857 of 8000 complete in 381.5 sec
[-----------------73%-------           ] 5866 of 8000 complete in 382.0 sec
[-----------------73%-------           ] 5875 of 8000 complete in 382.6 sec
[-----------------73%-------           ] 5884 of 8000 complete in 383.1 sec
[-----------------73%-------           ] 5892 of 8000 complete in 383.7 sec
[-----------------73%--------          ] 5901 of 8000 complete in 384.2 sec
[-----------------73%--------          ] 5908 of 8000 complete in 384.7 sec
[-----------------73%--------          ] 5915 of 8000 complete in 385.2 sec
[-----------------74%--------          ] 5921 of 8000 complete in 385.8 sec
[-----------------74%--------          ] 5929 of 8000 complete in 386.3 sec
[-----------------74%--------          ] 5936 of 8000 complete in 386.8 sec
[-----------------74%--------          ] 5944 of 8000 complete in 387.4 sec
[-----------------74%--------          ] 5953 of 8000 complete in 387.9 sec
[-----------------74%--------          ] 5962 of 8000 complete in 388.4 sec
[-----------------74%--------          ] 5970 of 8000 complete in 388.9 sec
[-----------------74%--------          ] 5977 of 8000 complete in 389.5 sec
[-----------------74%--------          ] 5985 of 8000 complete in 390.0 sec
[-----------------74%--------          ] 5993 of 8000 complete in 390.5 sec
[-----------------75%--------          ] 6000 of 8000 complete in 391.1 sec
[-----------------75%--------          ] 6007 of 8000 complete in 391.6 sec
[-----------------75%--------          ] 6013 of 8000 complete in 392.1 sec
[-----------------75%--------          ] 6020 of 8000 complete in 392.7 sec
[-----------------75%--------          ] 6027 of 8000 complete in 393.3 sec
[-----------------75%--------          ] 6034 of 8000 complete in 393.8 sec
[-----------------75%--------          ] 6042 of 8000 complete in 394.4 sec
[-----------------75%--------          ] 6049 of 8000 complete in 394.9 sec
[-----------------75%--------          ] 6057 of 8000 complete in 395.5 sec
[-----------------75%--------          ] 6064 of 8000 complete in 396.0 sec
[-----------------75%--------          ] 6071 of 8000 complete in 396.5 sec
[-----------------75%--------          ] 6078 of 8000 complete in 397.1 sec
[-----------------76%--------          ] 6085 of 8000 complete in 397.7 sec
[-----------------76%--------          ] 6092 of 8000 complete in 398.2 sec
[-----------------76%--------          ] 6099 of 8000 complete in 398.7 sec
[-----------------76%---------         ] 6107 of 8000 complete in 399.2 sec
[-----------------76%---------         ] 6115 of 8000 complete in 399.8 sec
[-----------------76%---------         ] 6123 of 8000 complete in 400.3 sec
[-----------------76%---------         ] 6131 of 8000 complete in 400.8 sec
[-----------------76%---------         ] 6139 of 8000 complete in 401.4 sec
[-----------------76%---------         ] 6147 of 8000 complete in 401.9 sec
[-----------------76%---------         ] 6154 of 8000 complete in 402.5 sec
[-----------------77%---------         ] 6232 of 8000 complete in 402.0 sec
[-----------------78%---------         ] 6241 of 8000 complete in 402.6 sec
[-----------------78%---------         ] 6249 of 8000 complete in 403.1 sec
[-----------------78%---------         ] 6257 of 8000 complete in 403.7 sec
[-----------------78%---------         ] 6265 of 8000 complete in 404.2 sec
[-----------------78%---------         ] 6273 of 8000 complete in 404.7 sec
[-----------------78%---------         ] 6282 of 8000 complete in 405.3 sec
[-----------------78%---------         ] 6291 of 8000 complete in 405.8 sec
[-----------------78%---------         ] 6300 of 8000 complete in 406.4 sec
[-----------------78%---------         ] 6309 of 8000 complete in 406.9 sec
[-----------------78%----------        ] 6318 of 8000 complete in 407.5 sec
[-----------------79%----------        ] 6326 of 8000 complete in 408.0 sec
[-----------------79%----------        ] 6334 of 8000 complete in 408.5 sec
[-----------------79%----------        ] 6343 of 8000 complete in 409.0 sec
[-----------------79%----------        ] 6352 of 8000 complete in 409.6 sec
[-----------------79%----------        ] 6359 of 8000 complete in 410.1 sec
[-----------------79%----------        ] 6367 of 8000 complete in 410.6 sec
[-----------------79%----------        ] 6375 of 8000 complete in 411.2 sec
[-----------------79%----------        ] 6382 of 8000 complete in 411.7 sec
[-----------------79%----------        ] 6391 of 8000 complete in 412.2 sec
[-----------------79%----------        ] 6399 of 8000 complete in 412.7 sec
[-----------------80%----------        ] 6407 of 8000 complete in 413.3 sec
[-----------------80%----------        ] 6414 of 8000 complete in 413.8 sec
[-----------------80%----------        ] 6421 of 8000 complete in 414.3 sec
[-----------------80%----------        ] 6429 of 8000 complete in 414.9 sec
[-----------------80%----------        ] 6438 of 8000 complete in 415.4 sec
[-----------------80%----------        ] 6447 of 8000 complete in 416.0 sec
[-----------------80%----------        ] 6455 of 8000 complete in 416.5 sec
[-----------------80%----------        ] 6463 of 8000 complete in 417.1 sec
[-----------------80%----------        ] 6471 of 8000 complete in 417.6 sec
[-----------------80%----------        ] 6479 of 8000 complete in 418.1 sec
[-----------------81%----------        ] 6487 of 8000 complete in 418.7 sec
[-----------------81%----------        ] 6495 of 8000 complete in 419.2 sec
[-----------------81%----------        ] 6502 of 8000 complete in 419.8 sec
[-----------------81%----------        ] 6509 of 8000 complete in 420.3 sec
[-----------------81%----------        ] 6517 of 8000 complete in 420.8 sec
[-----------------81%----------        ] 6525 of 8000 complete in 421.4 sec
[-----------------81%-----------       ] 6532 of 8000 complete in 422.0 sec
[-----------------81%-----------       ] 6540 of 8000 complete in 422.5 sec
[-----------------81%-----------       ] 6548 of 8000 complete in 423.1 sec
[-----------------81%-----------       ] 6555 of 8000 complete in 423.6 sec
[-----------------82%-----------       ] 6562 of 8000 complete in 424.1 sec
[-----------------82%-----------       ] 6569 of 8000 complete in 424.7 sec
[-----------------82%-----------       ] 6575 of 8000 complete in 425.2 sec
[-----------------82%-----------       ] 6580 of 8000 complete in 425.7 sec
[-----------------82%-----------       ] 6586 of 8000 complete in 426.3 sec
[-----------------82%-----------       ] 6592 of 8000 complete in 426.8 sec
[-----------------82%-----------       ] 6598 of 8000 complete in 427.3 sec
[-----------------82%-----------       ] 6604 of 8000 complete in 427.9 sec
[-----------------82%-----------       ] 6612 of 8000 complete in 428.4 sec
[-----------------82%-----------       ] 6621 of 8000 complete in 429.0 sec
[-----------------82%-----------       ] 6630 of 8000 complete in 429.5 sec
[-----------------82%-----------       ] 6639 of 8000 complete in 430.0 sec
[-----------------83%-----------       ] 6648 of 8000 complete in 430.6 sec
[-----------------83%-----------       ] 6656 of 8000 complete in 431.1 sec
[-----------------83%-----------       ] 6664 of 8000 complete in 431.6 sec
[-----------------83%-----------       ] 6672 of 8000 complete in 432.1 sec
[-----------------83%-----------       ] 6680 of 8000 complete in 432.7 sec
[-----------------83%-----------       ] 6688 of 8000 complete in 433.2 sec
[-----------------83%-----------       ] 6697 of 8000 complete in 433.7 sec
[-----------------83%-----------       ] 6706 of 8000 complete in 434.3 sec
[-----------------83%-----------       ] 6715 of 8000 complete in 434.8 sec
[-----------------84%-----------       ] 6724 of 8000 complete in 435.3 sec
[-----------------84%-----------       ] 6733 of 8000 complete in 435.8 sec
[-----------------84%------------      ] 6741 of 8000 complete in 436.3 sec
[-----------------84%------------      ] 6749 of 8000 complete in 436.8 sec
[-----------------84%------------      ] 6758 of 8000 complete in 437.3 sec
[-----------------84%------------      ] 6767 of 8000 complete in 437.9 sec
[-----------------84%------------      ] 6776 of 8000 complete in 438.4 sec
[-----------------84%------------      ] 6785 of 8000 complete in 439.0 sec
[-----------------84%------------      ] 6794 of 8000 complete in 439.5 sec
[-----------------85%------------      ] 6803 of 8000 complete in 440.1 sec
[-----------------85%------------      ] 6812 of 8000 complete in 440.6 sec
[-----------------85%------------      ] 6821 of 8000 complete in 441.1 sec
[-----------------85%------------      ] 6829 of 8000 complete in 441.7 sec
[-----------------85%------------      ] 6837 of 8000 complete in 442.2 sec
[-----------------85%------------      ] 6846 of 8000 complete in 442.7 sec
[-----------------85%------------      ] 6855 of 8000 complete in 443.3 sec
[-----------------85%------------      ] 6863 of 8000 complete in 443.8 sec
[-----------------85%------------      ] 6872 of 8000 complete in 444.3 sec
[-----------------86%------------      ] 6881 of 8000 complete in 444.8 sec
[-----------------86%------------      ] 6890 of 8000 complete in 445.4 sec
[-----------------86%------------      ] 6899 of 8000 complete in 445.9 sec
[-----------------86%------------      ] 6908 of 8000 complete in 446.4 sec
[-----------------86%------------      ] 6917 of 8000 complete in 446.9 sec
[-----------------86%------------      ] 6925 of 8000 complete in 447.4 sec
[-----------------86%------------      ] 6932 of 8000 complete in 448.0 sec
[-----------------86%------------      ] 6940 of 8000 complete in 448.5 sec
[-----------------86%-------------     ] 6949 of 8000 complete in 449.0 sec
[-----------------86%-------------     ] 6957 of 8000 complete in 449.6 sec
[-----------------87%-------------     ] 6965 of 8000 complete in 450.1 sec
[-----------------87%-------------     ] 6974 of 8000 complete in 450.7 sec
[-----------------87%-------------     ] 6982 of 8000 complete in 451.2 sec
[-----------------87%-------------     ] 6989 of 8000 complete in 451.7 sec
[-----------------87%-------------     ] 6997 of 8000 complete in 452.3 sec
[-----------------87%-------------     ] 7006 of 8000 complete in 452.8 sec
[-----------------87%-------------     ] 7013 of 8000 complete in 453.4 sec
[-----------------87%-------------     ] 7020 of 8000 complete in 453.9 sec
[-----------------87%-------------     ] 7028 of 8000 complete in 454.4 sec
[-----------------87%-------------     ] 7036 of 8000 complete in 454.9 sec
[-----------------88%-------------     ] 7044 of 8000 complete in 455.5 sec
[-----------------88%-------------     ] 7052 of 8000 complete in 456.1 sec
[-----------------88%-------------     ] 7059 of 8000 complete in 456.6 sec
[-----------------88%-------------     ] 7067 of 8000 complete in 457.1 sec
[-----------------88%-------------     ] 7076 of 8000 complete in 457.6 sec
[-----------------88%-------------     ] 7084 of 8000 complete in 458.2 sec
[-----------------88%-------------     ] 7092 of 8000 complete in 458.7 sec
[-----------------78%---------         ] 6273 of 8000 complete in 402.2 sec
[-----------------78%---------         ] 6281 of 8000 complete in 402.7 sec
[-----------------78%---------         ] 6288 of 8000 complete in 403.2 sec
[-----------------78%---------         ] 6296 of 8000 complete in 403.8 sec
[-----------------78%---------         ] 6303 of 8000 complete in 404.3 sec
[-----------------78%---------         ] 6311 of 8000 complete in 404.8 sec
[-----------------79%----------        ] 6320 of 8000 complete in 405.4 sec
[-----------------79%----------        ] 6329 of 8000 complete in 405.9 sec
[-----------------79%----------        ] 6337 of 8000 complete in 406.4 sec
[-----------------79%----------        ] 6346 of 8000 complete in 406.9 sec
[-----------------79%----------        ] 6353 of 8000 complete in 407.4 sec
[-----------------79%----------        ] 6361 of 8000 complete in 408.0 sec
[-----------------79%----------        ] 6370 of 8000 complete in 408.5 sec
[-----------------79%----------        ] 6378 of 8000 complete in 409.0 sec
[-----------------79%----------        ] 6386 of 8000 complete in 409.6 sec
[-----------------79%----------        ] 6394 of 8000 complete in 410.1 sec
[-----------------80%----------        ] 6402 of 8000 complete in 410.7 sec
[-----------------80%----------        ] 6410 of 8000 complete in 411.2 sec
[-----------------80%----------        ] 6417 of 8000 complete in 411.7 sec
[-----------------80%----------        ] 6425 of 8000 complete in 412.3 sec
[-----------------80%----------        ] 6432 of 8000 complete in 412.8 sec
[-----------------80%----------        ] 6439 of 8000 complete in 413.3 sec
[-----------------80%----------        ] 6445 of 8000 complete in 413.9 sec
[-----------------80%----------        ] 6452 of 8000 complete in 414.4 sec
[-----------------80%----------        ] 6460 of 8000 complete in 414.9 sec
[-----------------80%----------        ] 6468 of 8000 complete in 415.5 sec
[-----------------80%----------        ] 6476 of 8000 complete in 416.0 sec
[-----------------81%----------        ] 6484 of 8000 complete in 416.5 sec
[-----------------81%----------        ] 6492 of 8000 complete in 417.1 sec
[-----------------81%----------        ] 6500 of 8000 complete in 417.6 sec
[-----------------81%----------        ] 6508 of 8000 complete in 418.1 sec
[-----------------81%----------        ] 6516 of 8000 complete in 418.7 sec
[-----------------81%----------        ] 6523 of 8000 complete in 419.2 sec
[-----------------81%-----------       ] 6530 of 8000 complete in 419.7 sec
[-----------------81%-----------       ] 6537 of 8000 complete in 420.3 sec
[-----------------81%-----------       ] 6544 of 8000 complete in 420.8 sec
[-----------------81%-----------       ] 6552 of 8000 complete in 421.4 sec
[-----------------81%-----------       ] 6559 of 8000 complete in 421.9 sec
[-----------------82%-----------       ] 6567 of 8000 complete in 422.4 sec
[-----------------82%-----------       ] 6574 of 8000 complete in 423.0 sec
[-----------------82%-----------       ] 6581 of 8000 complete in 423.6 sec
[-----------------82%-----------       ] 6589 of 8000 complete in 424.1 sec
[-----------------82%-----------       ] 6596 of 8000 complete in 424.7 sec
[-----------------82%-----------       ] 6602 of 8000 complete in 425.3 sec
[-----------------82%-----------       ] 6607 of 8000 complete in 425.8 sec
[-----------------82%-----------       ] 6613 of 8000 complete in 426.4 sec
[-----------------82%-----------       ] 6619 of 8000 complete in 426.9 sec
[-----------------82%-----------       ] 6625 of 8000 complete in 427.5 sec
[-----------------82%-----------       ] 6632 of 8000 complete in 428.0 sec
[-----------------83%-----------       ] 6641 of 8000 complete in 428.6 sec
[-----------------83%-----------       ] 6650 of 8000 complete in 429.2 sec
[-----------------83%-----------       ] 6659 of 8000 complete in 429.7 sec
[-----------------83%-----------       ] 6668 of 8000 complete in 430.3 sec
[-----------------83%-----------       ] 6677 of 8000 complete in 430.8 sec
[-----------------83%-----------       ] 6685 of 8000 complete in 431.3 sec
[-----------------83%-----------       ] 6692 of 8000 complete in 431.8 sec
[-----------------83%-----------       ] 6700 of 8000 complete in 432.4 sec
[-----------------83%-----------       ] 6708 of 8000 complete in 432.9 sec
[-----------------83%-----------       ] 6716 of 8000 complete in 433.4 sec
[-----------------84%-----------       ] 6725 of 8000 complete in 434.0 sec
[-----------------84%-----------       ] 6734 of 8000 complete in 434.5 sec
[-----------------84%------------      ] 6743 of 8000 complete in 435.0 sec
[-----------------84%------------      ] 6752 of 8000 complete in 435.6 sec
[-----------------84%------------      ] 6760 of 8000 complete in 436.1 sec
[-----------------84%------------      ] 6768 of 8000 complete in 436.6 sec
[-----------------84%------------      ] 6776 of 8000 complete in 437.1 sec
[-----------------84%------------      ] 6784 of 8000 complete in 437.6 sec
[-----------------84%------------      ] 6793 of 8000 complete in 438.1 sec
[-----------------85%------------      ] 6801 of 8000 complete in 438.6 sec
[-----------------85%------------      ] 6810 of 8000 complete in 439.2 sec
[-----------------85%------------      ] 6819 of 8000 complete in 439.7 sec
[-----------------85%------------      ] 6828 of 8000 complete in 440.3 sec
[-----------------85%------------      ] 6837 of 8000 complete in 440.8 sec
[-----------------85%------------      ] 6845 of 8000 complete in 441.4 sec
[-----------------85%------------      ] 6852 of 8000 complete in 441.9 sec
[-----------------85%------------      ] 6860 of 8000 complete in 442.4 sec
[-----------------85%------------      ] 6868 of 8000 complete in 442.9 sec
[-----------------85%------------      ] 6877 of 8000 complete in 443.4 sec
[-----------------86%------------      ] 6885 of 8000 complete in 443.9 sec
[-----------------86%------------      ] 6894 of 8000 complete in 444.5 sec
[-----------------86%------------      ] 6902 of 8000 complete in 445.0 sec
[-----------------86%------------      ] 6910 of 8000 complete in 445.5 sec
[-----------------86%------------      ] 6918 of 8000 complete in 446.0 sec
[-----------------86%------------      ] 6927 of 8000 complete in 446.6 sec
[-----------------86%------------      ] 6935 of 8000 complete in 447.1 sec
[-----------------86%------------      ] 6943 of 8000 complete in 447.6 sec
[-----------------86%-------------     ] 6951 of 8000 complete in 448.2 sec
[-----------------86%-------------     ] 6959 of 8000 complete in 448.7 sec
[-----------------87%-------------     ] 6967 of 8000 complete in 449.2 sec
[-----------------87%-------------     ] 6974 of 8000 complete in 449.8 sec
[-----------------87%-------------     ] 6982 of 8000 complete in 450.3 sec
[-----------------87%-------------     ] 6990 of 8000 complete in 450.8 sec
[-----------------87%-------------     ] 6998 of 8000 complete in 451.3 sec
[-----------------87%-------------     ] 7006 of 8000 complete in 451.9 sec
[-----------------87%-------------     ] 7014 of 8000 complete in 452.4 sec
[-----------------87%-------------     ] 7021 of 8000 complete in 452.9 sec
[-----------------87%-------------     ] 7028 of 8000 complete in 453.5 sec
[-----------------87%-------------     ] 7036 of 8000 complete in 454.0 sec
[-----------------88%-------------     ] 7044 of 8000 complete in 454.5 sec
[-----------------88%-------------     ] 7051 of 8000 complete in 455.1 sec
[-----------------88%-------------     ] 7058 of 8000 complete in 455.6 sec
[-----------------88%-------------     ] 7066 of 8000 complete in 456.1 sec
[-----------------88%-------------     ] 7074 of 8000 complete in 456.7 sec
[-----------------88%-------------     ] 7083 of 8000 complete in 457.2 sec
[-----------------88%-------------     ] 7091 of 8000 complete in 457.8 sec
[-----------------88%-------------     ] 7098 of 8000 complete in 458.3 sec
[-----------------88%-------------     ] 7106 of 8000 complete in 458.8 sec
[-----------------77%---------         ] 6239 of 8000 complete in 402.7 sec
[-----------------78%---------         ] 6247 of 8000 complete in 403.3 sec
[-----------------78%---------         ] 6255 of 8000 complete in 403.8 sec
[-----------------78%---------         ] 6263 of 8000 complete in 404.4 sec
[-----------------78%---------         ] 6271 of 8000 complete in 404.9 sec
[-----------------78%---------         ] 6280 of 8000 complete in 405.4 sec
[-----------------78%---------         ] 6289 of 8000 complete in 406.0 sec
[-----------------78%---------         ] 6298 of 8000 complete in 406.5 sec
[-----------------78%---------         ] 6306 of 8000 complete in 407.0 sec
[-----------------78%---------         ] 6314 of 8000 complete in 407.5 sec
[-----------------79%----------        ] 6322 of 8000 complete in 408.1 sec
[-----------------79%----------        ] 6331 of 8000 complete in 408.6 sec
[-----------------79%----------        ] 6340 of 8000 complete in 409.1 sec
[-----------------79%----------        ] 6348 of 8000 complete in 409.7 sec
[-----------------79%----------        ] 6356 of 8000 complete in 410.2 sec
[-----------------79%----------        ] 6364 of 8000 complete in 410.8 sec
[-----------------79%----------        ] 6372 of 8000 complete in 411.4 sec
[-----------------79%----------        ] 6379 of 8000 complete in 411.9 sec
[-----------------79%----------        ] 6387 of 8000 complete in 412.4 sec
[-----------------79%----------        ] 6395 of 8000 complete in 413.0 sec
[-----------------80%----------        ] 6402 of 8000 complete in 413.5 sec
[-----------------80%----------        ] 6408 of 8000 complete in 414.0 sec
[-----------------80%----------        ] 6415 of 8000 complete in 414.5 sec
[-----------------80%----------        ] 6423 of 8000 complete in 415.0 sec
[-----------------80%----------        ] 6431 of 8000 complete in 415.5 sec
[-----------------80%----------        ] 6438 of 8000 complete in 416.0 sec
[-----------------80%----------        ] 6446 of 8000 complete in 416.6 sec
[-----------------80%----------        ] 6454 of 8000 complete in 417.1 sec
[-----------------80%----------        ] 6462 of 8000 complete in 417.7 sec
[-----------------80%----------        ] 6470 of 8000 complete in 418.3 sec
[-----------------80%----------        ] 6478 of 8000 complete in 418.8 sec
[-----------------81%----------        ] 6485 of 8000 complete in 419.3 sec
[-----------------81%----------        ] 6492 of 8000 complete in 419.8 sec
[-----------------81%----------        ] 6499 of 8000 complete in 420.3 sec
[-----------------81%----------        ] 6507 of 8000 complete in 420.9 sec
[-----------------81%----------        ] 6514 of 8000 complete in 421.4 sec
[-----------------81%----------        ] 6521 of 8000 complete in 422.0 sec
[-----------------81%-----------       ] 6528 of 8000 complete in 422.5 sec
[-----------------81%-----------       ] 6535 of 8000 complete in 423.0 sec
[-----------------81%-----------       ] 6542 of 8000 complete in 423.6 sec
[-----------------81%-----------       ] 6549 of 8000 complete in 424.1 sec
[-----------------81%-----------       ] 6556 of 8000 complete in 424.6 sec
[-----------------82%-----------       ] 6562 of 8000 complete in 425.1 sec
[-----------------82%-----------       ] 6567 of 8000 complete in 425.7 sec
[-----------------82%-----------       ] 6573 of 8000 complete in 426.2 sec
[-----------------82%-----------       ] 6579 of 8000 complete in 426.8 sec
[-----------------82%-----------       ] 6585 of 8000 complete in 427.3 sec
[-----------------82%-----------       ] 6591 of 8000 complete in 427.9 sec
[-----------------82%-----------       ] 6599 of 8000 complete in 428.4 sec
[-----------------82%-----------       ] 6607 of 8000 complete in 428.9 sec
[-----------------82%-----------       ] 6616 of 8000 complete in 429.4 sec
[-----------------82%-----------       ] 6625 of 8000 complete in 429.9 sec
[-----------------82%-----------       ] 6634 of 8000 complete in 430.5 sec
[-----------------83%-----------       ] 6643 of 8000 complete in 431.0 sec
[-----------------83%-----------       ] 6651 of 8000 complete in 431.6 sec
[-----------------83%-----------       ] 6659 of 8000 complete in 432.1 sec
[-----------------83%-----------       ] 6667 of 8000 complete in 432.6 sec
[-----------------83%-----------       ] 6676 of 8000 complete in 433.1 sec
[-----------------83%-----------       ] 6684 of 8000 complete in 433.6 sec
[-----------------83%-----------       ] 6693 of 8000 complete in 434.2 sec
[-----------------83%-----------       ] 6702 of 8000 complete in 434.8 sec
[-----------------83%-----------       ] 6711 of 8000 complete in 435.3 sec
[-----------------84%-----------       ] 6720 of 8000 complete in 435.8 sec
[-----------------84%-----------       ] 6728 of 8000 complete in 436.3 sec
[-----------------84%-----------       ] 6736 of 8000 complete in 436.8 sec
[-----------------84%------------      ] 6745 of 8000 complete in 437.4 sec
[-----------------84%------------      ] 6753 of 8000 complete in 437.9 sec
[-----------------84%------------      ] 6762 of 8000 complete in 438.4 sec
[-----------------84%------------      ] 6770 of 8000 complete in 438.9 sec
[-----------------84%------------      ] 6779 of 8000 complete in 439.5 sec
[-----------------84%------------      ] 6787 of 8000 complete in 440.0 sec
[-----------------84%------------      ] 6796 of 8000 complete in 440.5 sec
[-----------------85%------------      ] 6805 of 8000 complete in 441.0 sec
[-----------------85%------------      ] 6814 of 8000 complete in 441.6 sec
[-----------------85%------------      ] 6821 of 8000 complete in 442.1 sec
[-----------------85%------------      ] 6829 of 8000 complete in 442.6 sec
[-----------------85%------------      ] 6837 of 8000 complete in 443.2 sec
[-----------------85%------------      ] 6846 of 8000 complete in 443.7 sec
[-----------------85%------------      ] 6855 of 8000 complete in 444.3 sec
[-----------------85%------------      ] 6864 of 8000 complete in 444.8 sec
[-----------------85%------------      ] 6872 of 8000 complete in 445.3 sec
[-----------------86%------------      ] 6880 of 8000 complete in 445.8 sec
[-----------------86%------------      ] 6889 of 8000 complete in 446.4 sec
[-----------------86%------------      ] 6898 of 8000 complete in 446.9 sec
[-----------------86%------------      ] 6906 of 8000 complete in 447.5 sec
[-----------------86%------------      ] 6914 of 8000 complete in 448.0 sec
[-----------------86%------------      ] 6922 of 8000 complete in 448.5 sec
[-----------------86%------------      ] 6930 of 8000 complete in 449.1 sec
[-----------------86%------------      ] 6938 of 8000 complete in 449.6 sec
[-----------------86%------------      ] 6946 of 8000 complete in 450.2 sec
[-----------------86%-------------     ] 6954 of 8000 complete in 450.7 sec
[-----------------87%-------------     ] 6962 of 8000 complete in 451.3 sec
[-----------------87%-------------     ] 6970 of 8000 complete in 451.8 sec
[-----------------87%-------------     ] 6978 of 8000 complete in 452.3 sec
[-----------------87%-------------     ] 6986 of 8000 complete in 452.9 sec
[-----------------87%-------------     ] 6993 of 8000 complete in 453.4 sec
[-----------------87%-------------     ] 7001 of 8000 complete in 454.0 sec
[-----------------87%-------------     ] 7009 of 8000 complete in 454.5 sec
[-----------------87%-------------     ] 7016 of 8000 complete in 455.1 sec
[-----------------87%-------------     ] 7024 of 8000 complete in 455.6 sec
[-----------------87%-------------     ] 7032 of 8000 complete in 456.1 sec
[-----------------88%-------------     ] 7040 of 8000 complete in 456.7 sec
[-----------------88%-------------     ] 7048 of 8000 complete in 457.2 sec
[-----------------88%-------------     ] 7056 of 8000 complete in 457.7 sec
[-----------------88%-------------     ] 7064 of 8000 complete in 458.3 sec
[-----------------88%-------------     ] 7072 of 8000 complete in 458.8 sec
[-----------------88%-------------     ] 7080 of 8000 complete in 459.4 sec
[-----------------77%---------         ] 6161 of 8000 complete in 403.0 sec
[-----------------77%---------         ] 6168 of 8000 complete in 403.5 sec
[-----------------77%---------         ] 6176 of 8000 complete in 404.0 sec
[-----------------77%---------         ] 6184 of 8000 complete in 404.6 sec
[-----------------77%---------         ] 6192 of 8000 complete in 405.1 sec
[-----------------77%---------         ] 6200 of 8000 complete in 405.6 sec
[-----------------77%---------         ] 6209 of 8000 complete in 406.2 sec
[-----------------77%---------         ] 6218 of 8000 complete in 406.7 sec
[-----------------77%---------         ] 6227 of 8000 complete in 407.3 sec
[-----------------77%---------         ] 6235 of 8000 complete in 407.8 sec
[-----------------78%---------         ] 6244 of 8000 complete in 408.3 sec
[-----------------78%---------         ] 6252 of 8000 complete in 408.8 sec
[-----------------78%---------         ] 6260 of 8000 complete in 409.4 sec
[-----------------78%---------         ] 6268 of 8000 complete in 409.9 sec
[-----------------78%---------         ] 6276 of 8000 complete in 410.4 sec
[-----------------78%---------         ] 6283 of 8000 complete in 411.0 sec
[-----------------78%---------         ] 6290 of 8000 complete in 411.5 sec
[-----------------78%---------         ] 6298 of 8000 complete in 412.0 sec
[-----------------78%---------         ] 6306 of 8000 complete in 412.6 sec
[-----------------78%---------         ] 6314 of 8000 complete in 413.1 sec
[-----------------79%----------        ] 6321 of 8000 complete in 413.7 sec
[-----------------79%----------        ] 6328 of 8000 complete in 414.3 sec
[-----------------79%----------        ] 6335 of 8000 complete in 414.8 sec
[-----------------79%----------        ] 6343 of 8000 complete in 415.3 sec
[-----------------79%----------        ] 6351 of 8000 complete in 415.8 sec
[-----------------79%----------        ] 6359 of 8000 complete in 416.4 sec
[-----------------79%----------        ] 6367 of 8000 complete in 417.0 sec
[-----------------79%----------        ] 6375 of 8000 complete in 417.5 sec
[-----------------79%----------        ] 6383 of 8000 complete in 418.0 sec
[-----------------79%----------        ] 6391 of 8000 complete in 418.5 sec
[-----------------79%----------        ] 6398 of 8000 complete in 419.1 sec
[-----------------80%----------        ] 6405 of 8000 complete in 419.6 sec
[-----------------80%----------        ] 6412 of 8000 complete in 420.1 sec
[-----------------80%----------        ] 6419 of 8000 complete in 420.6 sec
[-----------------80%----------        ] 6426 of 8000 complete in 421.2 sec
[-----------------80%----------        ] 6432 of 8000 complete in 421.7 sec
[-----------------80%----------        ] 6440 of 8000 complete in 422.2 sec
[-----------------80%----------        ] 6447 of 8000 complete in 422.7 sec
[-----------------80%----------        ] 6454 of 8000 complete in 423.3 sec
[-----------------80%----------        ] 6461 of 8000 complete in 423.8 sec
[-----------------80%----------        ] 6468 of 8000 complete in 424.3 sec
[-----------------80%----------        ] 6474 of 8000 complete in 424.9 sec
[-----------------80%----------        ] 6479 of 8000 complete in 425.4 sec
[-----------------81%----------        ] 6484 of 8000 complete in 425.9 sec
[-----------------81%----------        ] 6489 of 8000 complete in 426.4 sec
[-----------------81%----------        ] 6495 of 8000 complete in 427.0 sec
[-----------------81%----------        ] 6501 of 8000 complete in 427.6 sec
[-----------------81%----------        ] 6508 of 8000 complete in 428.1 sec
[-----------------81%----------        ] 6516 of 8000 complete in 428.6 sec
[-----------------81%----------        ] 6524 of 8000 complete in 429.1 sec
[-----------------81%-----------       ] 6533 of 8000 complete in 429.6 sec
[-----------------81%-----------       ] 6542 of 8000 complete in 430.1 sec
[-----------------81%-----------       ] 6550 of 8000 complete in 430.7 sec
[-----------------81%-----------       ] 6559 of 8000 complete in 431.2 sec
[-----------------82%-----------       ] 6567 of 8000 complete in 431.8 sec
[-----------------82%-----------       ] 6575 of 8000 complete in 432.3 sec
[-----------------82%-----------       ] 6583 of 8000 complete in 432.8 sec
[-----------------82%-----------       ] 6591 of 8000 complete in 433.3 sec
[-----------------82%-----------       ] 6599 of 8000 complete in 433.9 sec
[-----------------82%-----------       ] 6608 of 8000 complete in 434.4 sec
[-----------------82%-----------       ] 6617 of 8000 complete in 434.9 sec
[-----------------82%-----------       ] 6626 of 8000 complete in 435.5 sec
[-----------------82%-----------       ] 6635 of 8000 complete in 436.0 sec
[-----------------83%-----------       ] 6643 of 8000 complete in 436.5 sec
[-----------------83%-----------       ] 6651 of 8000 complete in 437.1 sec
[-----------------83%-----------       ] 6660 of 8000 complete in 437.6 sec
[-----------------83%-----------       ] 6668 of 8000 complete in 438.1 sec
[-----------------83%-----------       ] 6676 of 8000 complete in 438.6 sec
[-----------------83%-----------       ] 6685 of 8000 complete in 439.2 sec
[-----------------83%-----------       ] 6694 of 8000 complete in 439.7 sec
[-----------------83%-----------       ] 6703 of 8000 complete in 440.3 sec
[-----------------83%-----------       ] 6713 of 8000 complete in 440.9 sec
[-----------------84%-----------       ] 6721 of 8000 complete in 441.4 sec
[-----------------84%-----------       ] 6728 of 8000 complete in 442.0 sec
[-----------------84%-----------       ] 6736 of 8000 complete in 442.5 sec
[-----------------84%------------      ] 6744 of 8000 complete in 443.0 sec
[-----------------84%------------      ] 6753 of 8000 complete in 443.5 sec
[-----------------84%------------      ] 6761 of 8000 complete in 444.1 sec
[-----------------84%------------      ] 6769 of 8000 complete in 444.6 sec
[-----------------84%------------      ] 6777 of 8000 complete in 445.1 sec
[-----------------84%------------      ] 6786 of 8000 complete in 445.6 sec
[-----------------84%------------      ] 6795 of 8000 complete in 446.2 sec
[-----------------85%------------      ] 6804 of 8000 complete in 446.7 sec
[-----------------85%------------      ] 6812 of 8000 complete in 447.3 sec
[-----------------85%------------      ] 6819 of 8000 complete in 447.8 sec
[-----------------85%------------      ] 6827 of 8000 complete in 448.3 sec
[-----------------85%------------      ] 6835 of 8000 complete in 448.8 sec
[-----------------85%------------      ] 6843 of 8000 complete in 449.4 sec
[-----------------85%------------      ] 6850 of 8000 complete in 449.9 sec
[-----------------85%------------      ] 6859 of 8000 complete in 450.5 sec
[-----------------85%------------      ] 6867 of 8000 complete in 451.0 sec
[-----------------85%------------      ] 6875 of 8000 complete in 451.6 sec
[-----------------86%------------      ] 6883 of 8000 complete in 452.1 sec
[-----------------86%------------      ] 6891 of 8000 complete in 452.7 sec
[-----------------86%------------      ] 6898 of 8000 complete in 453.2 sec
[-----------------86%------------      ] 6905 of 8000 complete in 453.7 sec
[-----------------86%------------      ] 6913 of 8000 complete in 454.2 sec
[-----------------86%------------      ] 6920 of 8000 complete in 454.8 sec
[-----------------86%------------      ] 6928 of 8000 complete in 455.4 sec
[-----------------86%------------      ] 6935 of 8000 complete in 455.9 sec
[-----------------86%------------      ] 6942 of 8000 complete in 456.4 sec
[-----------------86%-------------     ] 6950 of 8000 complete in 456.9 sec
[-----------------86%-------------     ] 6958 of 8000 complete in 457.5 sec
[-----------------87%-------------     ] 6966 of 8000 complete in 458.0 sec
[-----------------87%-------------     ] 6974 of 8000 complete in 458.6 sec
[-----------------87%-------------     ] 6982 of 8000 complete in 459.1 sec
[-----------------87%-------------     ] 6990 of 8000 complete in 459.7 sec
[-----------------88%-------------     ] 7100 of 8000 complete in 459.2 sec
[-----------------88%-------------     ] 7108 of 8000 complete in 459.8 sec
[-----------------88%-------------     ] 7116 of 8000 complete in 460.3 sec
[-----------------89%-------------     ] 7124 of 8000 complete in 460.8 sec
[-----------------89%-------------     ] 7133 of 8000 complete in 461.4 sec
[-----------------89%-------------     ] 7141 of 8000 complete in 461.9 sec
[-----------------89%-------------     ] 7150 of 8000 complete in 462.4 sec
[-----------------89%--------------    ] 7159 of 8000 complete in 463.0 sec
[-----------------89%--------------    ] 7167 of 8000 complete in 463.5 sec
[-----------------89%--------------    ] 7175 of 8000 complete in 464.0 sec
[-----------------89%--------------    ] 7183 of 8000 complete in 464.5 sec
[-----------------89%--------------    ] 7191 of 8000 complete in 465.1 sec
[-----------------89%--------------    ] 7199 of 8000 complete in 465.6 sec
[-----------------90%--------------    ] 7207 of 8000 complete in 466.2 sec
[-----------------90%--------------    ] 7215 of 8000 complete in 466.7 sec
[-----------------90%--------------    ] 7223 of 8000 complete in 467.3 sec
[-----------------90%--------------    ] 7232 of 8000 complete in 467.8 sec
[-----------------90%--------------    ] 7240 of 8000 complete in 468.4 sec
[-----------------90%--------------    ] 7248 of 8000 complete in 468.9 sec
[-----------------90%--------------    ] 7256 of 8000 complete in 469.5 sec
[-----------------90%--------------    ] 7262 of 8000 complete in 470.0 sec
[-----------------90%--------------    ] 7269 of 8000 complete in 470.5 sec
[-----------------90%--------------    ] 7277 of 8000 complete in 471.0 sec
[-----------------91%--------------    ] 7285 of 8000 complete in 471.5 sec
[-----------------91%--------------    ] 7294 of 8000 complete in 472.1 sec
[-----------------91%--------------    ] 7303 of 8000 complete in 472.6 sec
[-----------------91%--------------    ] 7311 of 8000 complete in 473.1 sec
[-----------------91%--------------    ] 7320 of 8000 complete in 473.6 sec
[-----------------91%--------------    ] 7329 of 8000 complete in 474.2 sec
[-----------------91%--------------    ] 7338 of 8000 complete in 474.7 sec
[-----------------91%--------------    ] 7347 of 8000 complete in 475.2 sec
[-----------------91%--------------    ] 7356 of 8000 complete in 475.7 sec
[-----------------92%--------------    ] 7364 of 8000 complete in 476.3 sec
[-----------------92%---------------   ] 7373 of 8000 complete in 476.8 sec
[-----------------92%---------------   ] 7382 of 8000 complete in 477.3 sec
[-----------------92%---------------   ] 7390 of 8000 complete in 477.9 sec
[-----------------92%---------------   ] 7398 of 8000 complete in 478.4 sec
[-----------------92%---------------   ] 7406 of 8000 complete in 478.9 sec
[-----------------92%---------------   ] 7413 of 8000 complete in 479.4 sec
[-----------------92%---------------   ] 7420 of 8000 complete in 480.0 sec
[-----------------92%---------------   ] 7427 of 8000 complete in 480.5 sec
[-----------------92%---------------   ] 7434 of 8000 complete in 481.1 sec
[-----------------93%---------------   ] 7442 of 8000 complete in 481.6 sec
[-----------------93%---------------   ] 7450 of 8000 complete in 482.2 sec
[-----------------93%---------------   ] 7458 of 8000 complete in 482.7 sec
[-----------------93%---------------   ] 7466 of 8000 complete in 483.2 sec
[-----------------93%---------------   ] 7473 of 8000 complete in 483.8 sec
[-----------------93%---------------   ] 7480 of 8000 complete in 484.3 sec
[-----------------93%---------------   ] 7487 of 8000 complete in 484.8 sec
[-----------------93%---------------   ] 7494 of 8000 complete in 485.4 sec
[-----------------93%---------------   ] 7501 of 8000 complete in 485.9 sec
[-----------------93%---------------   ] 7508 of 8000 complete in 486.4 sec
[-----------------93%---------------   ] 7516 of 8000 complete in 487.0 sec
[-----------------94%---------------   ] 7523 of 8000 complete in 487.5 sec
[-----------------94%---------------   ] 7530 of 8000 complete in 488.1 sec
[-----------------94%---------------   ] 7536 of 8000 complete in 488.6 sec
[-----------------94%---------------   ] 7544 of 8000 complete in 489.1 sec
[-----------------94%---------------   ] 7551 of 8000 complete in 489.6 sec
[-----------------94%---------------   ] 7557 of 8000 complete in 490.1 sec
[-----------------94%---------------   ] 7564 of 8000 complete in 490.7 sec
[-----------------94%---------------   ] 7571 of 8000 complete in 491.2 sec
[-----------------94%---------------   ] 7577 of 8000 complete in 491.8 sec
[-----------------94%----------------  ] 7583 of 8000 complete in 492.3 sec
[-----------------94%----------------  ] 7589 of 8000 complete in 492.9 sec
[-----------------94%----------------  ] 7595 of 8000 complete in 493.4 sec
[-----------------95%----------------  ] 7602 of 8000 complete in 493.9 sec
[-----------------95%----------------  ] 7608 of 8000 complete in 494.4 sec
[-----------------95%----------------  ] 7615 of 8000 complete in 495.0 sec
[-----------------95%----------------  ] 7621 of 8000 complete in 495.5 sec
[-----------------95%----------------  ] 7628 of 8000 complete in 496.1 sec
[-----------------95%----------------  ] 7635 of 8000 complete in 496.6 sec
[-----------------95%----------------  ] 7642 of 8000 complete in 497.1 sec
[-----------------95%----------------  ] 7649 of 8000 complete in 497.7 sec
[-----------------95%----------------  ] 7655 of 8000 complete in 498.2 sec
[-----------------95%----------------  ] 7661 of 8000 complete in 498.7 sec
[-----------------95%----------------  ] 7668 of 8000 complete in 499.3 sec
[-----------------95%----------------  ] 7675 of 8000 complete in 499.8 sec
[-----------------96%----------------  ] 7684 of 8000 complete in 500.3 sec
[-----------------96%----------------  ] 7694 of 8000 complete in 500.9 sec
[-----------------96%----------------  ] 7703 of 8000 complete in 501.4 sec
[-----------------96%----------------  ] 7712 of 8000 complete in 502.0 sec
[-----------------96%----------------  ] 7721 of 8000 complete in 502.5 sec
[-----------------96%----------------  ] 7730 of 8000 complete in 503.1 sec
[-----------------96%----------------  ] 7740 of 8000 complete in 503.6 sec
[-----------------96%----------------  ] 7749 of 8000 complete in 504.1 sec
[-----------------96%----------------  ] 7758 of 8000 complete in 504.7 sec
[-----------------97%----------------  ] 7767 of 8000 complete in 505.2 sec
[-----------------97%----------------  ] 7776 of 8000 complete in 505.7 sec
[-----------------97%----------------  ] 7785 of 8000 complete in 506.2 sec
[-----------------97%----------------- ] 7795 of 8000 complete in 506.8 sec
[-----------------97%----------------- ] 7804 of 8000 complete in 507.3 sec
[-----------------97%----------------- ] 7813 of 8000 complete in 507.8 sec
[-----------------97%----------------- ] 7822 of 8000 complete in 508.3 sec
[-----------------97%----------------- ] 7831 of 8000 complete in 508.9 sec
[-----------------97%----------------- ] 7838 of 8000 complete in 509.4 sec
[-----------------98%----------------- ] 7845 of 8000 complete in 509.9 sec
[-----------------98%----------------- ] 7854 of 8000 complete in 510.4 sec
[-----------------98%----------------- ] 7862 of 8000 complete in 511.0 sec
[-----------------98%----------------- ] 7870 of 8000 complete in 511.5 sec
[-----------------98%----------------- ] 7877 of 8000 complete in 512.1 sec
[-----------------98%----------------- ] 7885 of 8000 complete in 512.6 sec
[-----------------98%----------------- ] 7893 of 8000 complete in 513.1 sec
[-----------------98%----------------- ] 7901 of 8000 complete in 513.7 sec
[-----------------98%----------------- ] 7909 of 8000 complete in 514.3 sec
[-----------------98%----------------- ] 7916 of 8000 complete in 514.8 sec
[-----------------99%----------------- ] 7924 of 8000 complete in 515.3 sec
[-----------------99%----------------- ] 7932 of 8000 complete in 515.9 sec
[-----------------88%-------------     ] 7114 of 8000 complete in 459.4 sec
[-----------------89%-------------     ] 7121 of 8000 complete in 459.9 sec
[-----------------89%-------------     ] 7129 of 8000 complete in 460.4 sec
[-----------------89%-------------     ] 7136 of 8000 complete in 460.9 sec
[-----------------89%-------------     ] 7144 of 8000 complete in 461.5 sec
[-----------------89%-------------     ] 7152 of 8000 complete in 462.0 sec
[-----------------89%--------------    ] 7160 of 8000 complete in 462.5 sec
[-----------------89%--------------    ] 7168 of 8000 complete in 463.1 sec
[-----------------89%--------------    ] 7175 of 8000 complete in 463.6 sec
[-----------------89%--------------    ] 7183 of 8000 complete in 464.1 sec
[-----------------89%--------------    ] 7191 of 8000 complete in 464.6 sec
[-----------------90%--------------    ] 7200 of 8000 complete in 465.2 sec
[-----------------90%--------------    ] 7208 of 8000 complete in 465.8 sec
[-----------------90%--------------    ] 7216 of 8000 complete in 466.3 sec
[-----------------90%--------------    ] 7224 of 8000 complete in 466.8 sec
[-----------------90%--------------    ] 7232 of 8000 complete in 467.4 sec
[-----------------90%--------------    ] 7240 of 8000 complete in 467.9 sec
[-----------------90%--------------    ] 7247 of 8000 complete in 468.4 sec
[-----------------90%--------------    ] 7255 of 8000 complete in 469.0 sec
[-----------------90%--------------    ] 7262 of 8000 complete in 469.5 sec
[-----------------90%--------------    ] 7268 of 8000 complete in 470.0 sec
[-----------------90%--------------    ] 7275 of 8000 complete in 470.5 sec
[-----------------91%--------------    ] 7283 of 8000 complete in 471.1 sec
[-----------------91%--------------    ] 7291 of 8000 complete in 471.6 sec
[-----------------91%--------------    ] 7300 of 8000 complete in 472.2 sec
[-----------------91%--------------    ] 7309 of 8000 complete in 472.7 sec
[-----------------91%--------------    ] 7317 of 8000 complete in 473.2 sec
[-----------------91%--------------    ] 7325 of 8000 complete in 473.8 sec
[-----------------91%--------------    ] 7334 of 8000 complete in 474.3 sec
[-----------------91%--------------    ] 7343 of 8000 complete in 474.8 sec
[-----------------91%--------------    ] 7351 of 8000 complete in 475.4 sec
[-----------------92%--------------    ] 7360 of 8000 complete in 475.9 sec
[-----------------92%--------------    ] 7368 of 8000 complete in 476.4 sec
[-----------------92%---------------   ] 7377 of 8000 complete in 476.9 sec
[-----------------92%---------------   ] 7386 of 8000 complete in 477.5 sec
[-----------------92%---------------   ] 7394 of 8000 complete in 478.0 sec
[-----------------92%---------------   ] 7402 of 8000 complete in 478.6 sec
[-----------------92%---------------   ] 7410 of 8000 complete in 479.1 sec
[-----------------92%---------------   ] 7416 of 8000 complete in 479.7 sec
[-----------------92%---------------   ] 7423 of 8000 complete in 480.2 sec
[-----------------92%---------------   ] 7430 of 8000 complete in 480.8 sec
[-----------------92%---------------   ] 7437 of 8000 complete in 481.3 sec
[-----------------93%---------------   ] 7444 of 8000 complete in 481.8 sec
[-----------------93%---------------   ] 7452 of 8000 complete in 482.4 sec
[-----------------93%---------------   ] 7459 of 8000 complete in 482.9 sec
[-----------------93%---------------   ] 7466 of 8000 complete in 483.4 sec
[-----------------93%---------------   ] 7473 of 8000 complete in 483.9 sec
[-----------------93%---------------   ] 7479 of 8000 complete in 484.5 sec
[-----------------93%---------------   ] 7486 of 8000 complete in 485.0 sec
[-----------------93%---------------   ] 7493 of 8000 complete in 485.5 sec
[-----------------93%---------------   ] 7500 of 8000 complete in 486.1 sec
[-----------------93%---------------   ] 7507 of 8000 complete in 486.6 sec
[-----------------93%---------------   ] 7514 of 8000 complete in 487.2 sec
[-----------------94%---------------   ] 7521 of 8000 complete in 487.8 sec
[-----------------94%---------------   ] 7527 of 8000 complete in 488.3 sec
[-----------------94%---------------   ] 7534 of 8000 complete in 488.8 sec
[-----------------94%---------------   ] 7540 of 8000 complete in 489.3 sec
[-----------------94%---------------   ] 7547 of 8000 complete in 489.9 sec
[-----------------94%---------------   ] 7555 of 8000 complete in 490.4 sec
[-----------------94%---------------   ] 7562 of 8000 complete in 491.0 sec
[-----------------94%---------------   ] 7567 of 8000 complete in 491.5 sec
[-----------------94%---------------   ] 7573 of 8000 complete in 492.1 sec
[-----------------94%----------------  ] 7579 of 8000 complete in 492.7 sec
[-----------------94%----------------  ] 7585 of 8000 complete in 493.2 sec
[-----------------94%----------------  ] 7592 of 8000 complete in 493.7 sec
[-----------------94%----------------  ] 7598 of 8000 complete in 494.2 sec
[-----------------95%----------------  ] 7605 of 8000 complete in 494.8 sec
[-----------------95%----------------  ] 7611 of 8000 complete in 495.3 sec
[-----------------95%----------------  ] 7618 of 8000 complete in 495.8 sec
[-----------------95%----------------  ] 7625 of 8000 complete in 496.4 sec
[-----------------95%----------------  ] 7632 of 8000 complete in 497.0 sec
[-----------------95%----------------  ] 7639 of 8000 complete in 497.5 sec
[-----------------95%----------------  ] 7645 of 8000 complete in 498.1 sec
[-----------------95%----------------  ] 7650 of 8000 complete in 498.6 sec
[-----------------95%----------------  ] 7657 of 8000 complete in 499.1 sec
[-----------------95%----------------  ] 7665 of 8000 complete in 499.7 sec
[-----------------95%----------------  ] 7674 of 8000 complete in 500.2 sec
[-----------------96%----------------  ] 7683 of 8000 complete in 500.8 sec
[-----------------96%----------------  ] 7692 of 8000 complete in 501.3 sec
[-----------------96%----------------  ] 7701 of 8000 complete in 501.9 sec
[-----------------96%----------------  ] 7709 of 8000 complete in 502.4 sec
[-----------------96%----------------  ] 7718 of 8000 complete in 503.0 sec
[-----------------96%----------------  ] 7727 of 8000 complete in 503.5 sec
[-----------------96%----------------  ] 7736 of 8000 complete in 504.0 sec
[-----------------96%----------------  ] 7744 of 8000 complete in 504.5 sec
[-----------------96%----------------  ] 7753 of 8000 complete in 505.1 sec
[-----------------97%----------------  ] 7762 of 8000 complete in 505.6 sec
[-----------------97%----------------  ] 7770 of 8000 complete in 506.1 sec
[-----------------97%----------------  ] 7779 of 8000 complete in 506.6 sec
[-----------------97%----------------  ] 7788 of 8000 complete in 507.2 sec
[-----------------97%----------------- ] 7798 of 8000 complete in 507.7 sec
[-----------------97%----------------- ] 7806 of 8000 complete in 508.2 sec
[-----------------97%----------------- ] 7815 of 8000 complete in 508.8 sec
[-----------------97%----------------- ] 7823 of 8000 complete in 509.4 sec
[-----------------97%----------------- ] 7830 of 8000 complete in 509.9 sec
[-----------------97%----------------- ] 7838 of 8000 complete in 510.4 sec
[-----------------98%----------------- ] 7845 of 8000 complete in 510.9 sec
[-----------------98%----------------- ] 7852 of 8000 complete in 511.4 sec
[-----------------98%----------------- ] 7859 of 8000 complete in 512.0 sec
[-----------------98%----------------- ] 7867 of 8000 complete in 512.5 sec
[-----------------98%----------------- ] 7875 of 8000 complete in 513.0 sec
[-----------------98%----------------- ] 7883 of 8000 complete in 513.6 sec
[-----------------98%----------------- ] 7890 of 8000 complete in 514.2 sec
[-----------------98%----------------- ] 7897 of 8000 complete in 514.7 sec
[-----------------98%----------------- ] 7905 of 8000 complete in 515.3 sec
[-----------------98%----------------- ] 7912 of 8000 complete in 515.8 sec
[-----------------98%----------------- ] 7919 of 8000 complete in 516.3 sec
[-----------------88%-------------     ] 7088 of 8000 complete in 459.9 sec
[-----------------88%-------------     ] 7096 of 8000 complete in 460.5 sec
[-----------------88%-------------     ] 7104 of 8000 complete in 461.0 sec
[-----------------88%-------------     ] 7112 of 8000 complete in 461.5 sec
[-----------------89%-------------     ] 7120 of 8000 complete in 462.1 sec
[-----------------89%-------------     ] 7128 of 8000 complete in 462.6 sec
[-----------------89%-------------     ] 7136 of 8000 complete in 463.1 sec
[-----------------89%-------------     ] 7144 of 8000 complete in 463.7 sec
[-----------------89%-------------     ] 7152 of 8000 complete in 464.2 sec
[-----------------89%--------------    ] 7160 of 8000 complete in 464.7 sec
[-----------------89%--------------    ] 7168 of 8000 complete in 465.3 sec
[-----------------89%--------------    ] 7175 of 8000 complete in 465.8 sec
[-----------------89%--------------    ] 7183 of 8000 complete in 466.3 sec
[-----------------89%--------------    ] 7191 of 8000 complete in 466.8 sec
[-----------------89%--------------    ] 7199 of 8000 complete in 467.3 sec
[-----------------90%--------------    ] 7207 of 8000 complete in 467.9 sec
[-----------------90%--------------    ] 7215 of 8000 complete in 468.4 sec
[-----------------90%--------------    ] 7223 of 8000 complete in 468.9 sec
[-----------------90%--------------    ] 7230 of 8000 complete in 469.5 sec
[-----------------90%--------------    ] 7237 of 8000 complete in 470.1 sec
[-----------------90%--------------    ] 7244 of 8000 complete in 470.6 sec
[-----------------90%--------------    ] 7251 of 8000 complete in 471.1 sec
[-----------------90%--------------    ] 7258 of 8000 complete in 471.6 sec
[-----------------90%--------------    ] 7266 of 8000 complete in 472.1 sec
[-----------------90%--------------    ] 7275 of 8000 complete in 472.7 sec
[-----------------91%--------------    ] 7284 of 8000 complete in 473.2 sec
[-----------------91%--------------    ] 7293 of 8000 complete in 473.7 sec
[-----------------91%--------------    ] 7303 of 8000 complete in 474.3 sec
[-----------------91%--------------    ] 7312 of 8000 complete in 474.9 sec
[-----------------91%--------------    ] 7321 of 8000 complete in 475.4 sec
[-----------------91%--------------    ] 7330 of 8000 complete in 476.0 sec
[-----------------91%--------------    ] 7338 of 8000 complete in 476.5 sec
[-----------------91%--------------    ] 7347 of 8000 complete in 477.0 sec
[-----------------91%--------------    ] 7356 of 8000 complete in 477.6 sec
[-----------------92%--------------    ] 7364 of 8000 complete in 478.1 sec
[-----------------92%---------------   ] 7372 of 8000 complete in 478.6 sec
[-----------------92%---------------   ] 7379 of 8000 complete in 479.1 sec
[-----------------92%---------------   ] 7386 of 8000 complete in 479.7 sec
[-----------------92%---------------   ] 7393 of 8000 complete in 480.2 sec
[-----------------92%---------------   ] 7400 of 8000 complete in 480.8 sec
[-----------------92%---------------   ] 7407 of 8000 complete in 481.3 sec
[-----------------92%---------------   ] 7414 of 8000 complete in 481.8 sec
[-----------------92%---------------   ] 7422 of 8000 complete in 482.4 sec
[-----------------92%---------------   ] 7430 of 8000 complete in 482.9 sec
[-----------------92%---------------   ] 7437 of 8000 complete in 483.5 sec
[-----------------93%---------------   ] 7444 of 8000 complete in 484.0 sec
[-----------------93%---------------   ] 7451 of 8000 complete in 484.6 sec
[-----------------93%---------------   ] 7458 of 8000 complete in 485.1 sec
[-----------------93%---------------   ] 7465 of 8000 complete in 485.6 sec
[-----------------93%---------------   ] 7472 of 8000 complete in 486.1 sec
[-----------------93%---------------   ] 7479 of 8000 complete in 486.7 sec
[-----------------93%---------------   ] 7486 of 8000 complete in 487.2 sec
[-----------------93%---------------   ] 7492 of 8000 complete in 487.7 sec
[-----------------93%---------------   ] 7498 of 8000 complete in 488.2 sec
[-----------------93%---------------   ] 7505 of 8000 complete in 488.8 sec
[-----------------93%---------------   ] 7512 of 8000 complete in 489.3 sec
[-----------------93%---------------   ] 7519 of 8000 complete in 489.9 sec
[-----------------94%---------------   ] 7526 of 8000 complete in 490.4 sec
[-----------------94%---------------   ] 7533 of 8000 complete in 491.0 sec
[-----------------94%---------------   ] 7539 of 8000 complete in 491.5 sec
[-----------------94%---------------   ] 7544 of 8000 complete in 492.0 sec
[-----------------94%---------------   ] 7550 of 8000 complete in 492.6 sec
[-----------------94%---------------   ] 7556 of 8000 complete in 493.1 sec
[-----------------94%---------------   ] 7562 of 8000 complete in 493.6 sec
[-----------------94%---------------   ] 7568 of 8000 complete in 494.1 sec
[-----------------94%---------------   ] 7575 of 8000 complete in 494.7 sec
[-----------------94%----------------  ] 7582 of 8000 complete in 495.2 sec
[-----------------94%----------------  ] 7589 of 8000 complete in 495.8 sec
[-----------------94%----------------  ] 7596 of 8000 complete in 496.3 sec
[-----------------95%----------------  ] 7602 of 8000 complete in 496.8 sec
[-----------------95%----------------  ] 7608 of 8000 complete in 497.3 sec
[-----------------95%----------------  ] 7614 of 8000 complete in 497.9 sec
[-----------------95%----------------  ] 7619 of 8000 complete in 498.4 sec
[-----------------95%----------------  ] 7625 of 8000 complete in 498.9 sec
[-----------------95%----------------  ] 7632 of 8000 complete in 499.5 sec
[-----------------95%----------------  ] 7641 of 8000 complete in 500.0 sec
[-----------------95%----------------  ] 7650 of 8000 complete in 500.5 sec
[-----------------95%----------------  ] 7659 of 8000 complete in 501.0 sec
[-----------------95%----------------  ] 7667 of 8000 complete in 501.5 sec
[-----------------95%----------------  ] 7675 of 8000 complete in 502.1 sec
[-----------------96%----------------  ] 7683 of 8000 complete in 502.6 sec
[-----------------96%----------------  ] 7691 of 8000 complete in 503.1 sec
[-----------------96%----------------  ] 7700 of 8000 complete in 503.6 sec
[-----------------96%----------------  ] 7709 of 8000 complete in 504.2 sec
[-----------------96%----------------  ] 7717 of 8000 complete in 504.7 sec
[-----------------96%----------------  ] 7726 of 8000 complete in 505.2 sec
[-----------------96%----------------  ] 7735 of 8000 complete in 505.7 sec
[-----------------96%----------------  ] 7744 of 8000 complete in 506.3 sec
[-----------------96%----------------  ] 7753 of 8000 complete in 506.8 sec
[-----------------97%----------------  ] 7762 of 8000 complete in 507.3 sec
[-----------------97%----------------  ] 7771 of 8000 complete in 507.9 sec
[-----------------97%----------------  ] 7780 of 8000 complete in 508.4 sec
[-----------------97%----------------  ] 7789 of 8000 complete in 508.9 sec
[-----------------97%----------------- ] 7797 of 8000 complete in 509.5 sec
[-----------------97%----------------- ] 7804 of 8000 complete in 510.0 sec
[-----------------97%----------------- ] 7812 of 8000 complete in 510.5 sec
[-----------------97%----------------- ] 7820 of 8000 complete in 511.0 sec
[-----------------97%----------------- ] 7828 of 8000 complete in 511.6 sec
[-----------------97%----------------- ] 7835 of 8000 complete in 512.1 sec
[-----------------98%----------------- ] 7843 of 8000 complete in 512.7 sec
[-----------------98%----------------- ] 7851 of 8000 complete in 513.2 sec
[-----------------98%----------------- ] 7859 of 8000 complete in 513.8 sec
[-----------------98%----------------- ] 7866 of 8000 complete in 514.3 sec
[-----------------98%----------------- ] 7874 of 8000 complete in 514.9 sec
[-----------------98%----------------- ] 7882 of 8000 complete in 515.5 sec
[-----------------98%----------------- ] 7890 of 8000 complete in 516.0 sec
[-----------------98%----------------- ] 7897 of 8000 complete in 516.6 sec
[-----------------87%-------------     ] 6998 of 8000 complete in 460.2 sec
[-----------------87%-------------     ] 7006 of 8000 complete in 460.8 sec
[-----------------87%-------------     ] 7015 of 8000 complete in 461.3 sec
[-----------------87%-------------     ] 7023 of 8000 complete in 461.9 sec
[-----------------87%-------------     ] 7031 of 8000 complete in 462.4 sec
[-----------------87%-------------     ] 7039 of 8000 complete in 463.0 sec
[-----------------88%-------------     ] 7047 of 8000 complete in 463.5 sec
[-----------------88%-------------     ] 7055 of 8000 complete in 464.1 sec
[-----------------88%-------------     ] 7063 of 8000 complete in 464.6 sec
[-----------------88%-------------     ] 7071 of 8000 complete in 465.1 sec
[-----------------88%-------------     ] 7079 of 8000 complete in 465.6 sec
[-----------------88%-------------     ] 7087 of 8000 complete in 466.2 sec
[-----------------88%-------------     ] 7094 of 8000 complete in 466.7 sec
[-----------------88%-------------     ] 7102 of 8000 complete in 467.2 sec
[-----------------88%-------------     ] 7110 of 8000 complete in 467.8 sec
[-----------------88%-------------     ] 7118 of 8000 complete in 468.4 sec
[-----------------89%-------------     ] 7125 of 8000 complete in 468.9 sec
[-----------------89%-------------     ] 7132 of 8000 complete in 469.4 sec
[-----------------89%-------------     ] 7139 of 8000 complete in 470.1 sec
[-----------------89%-------------     ] 7146 of 8000 complete in 470.6 sec
[-----------------89%-------------     ] 7154 of 8000 complete in 471.1 sec
[-----------------89%--------------    ] 7161 of 8000 complete in 471.6 sec
[-----------------89%--------------    ] 7170 of 8000 complete in 472.2 sec
[-----------------89%--------------    ] 7178 of 8000 complete in 472.7 sec
[-----------------89%--------------    ] 7187 of 8000 complete in 473.2 sec
[-----------------89%--------------    ] 7195 of 8000 complete in 473.7 sec
[-----------------90%--------------    ] 7204 of 8000 complete in 474.3 sec
[-----------------90%--------------    ] 7212 of 8000 complete in 474.8 sec
[-----------------90%--------------    ] 7220 of 8000 complete in 475.3 sec
[-----------------90%--------------    ] 7228 of 8000 complete in 475.8 sec
[-----------------90%--------------    ] 7237 of 8000 complete in 476.4 sec
[-----------------90%--------------    ] 7245 of 8000 complete in 476.9 sec
[-----------------90%--------------    ] 7254 of 8000 complete in 477.4 sec
[-----------------90%--------------    ] 7262 of 8000 complete in 478.0 sec
[-----------------90%--------------    ] 7270 of 8000 complete in 478.5 sec
[-----------------90%--------------    ] 7278 of 8000 complete in 479.0 sec
[-----------------91%--------------    ] 7284 of 8000 complete in 479.6 sec
[-----------------91%--------------    ] 7291 of 8000 complete in 480.1 sec
[-----------------91%--------------    ] 7298 of 8000 complete in 480.6 sec
[-----------------91%--------------    ] 7305 of 8000 complete in 481.2 sec
[-----------------91%--------------    ] 7312 of 8000 complete in 481.7 sec
[-----------------91%--------------    ] 7320 of 8000 complete in 482.3 sec
[-----------------91%--------------    ] 7327 of 8000 complete in 482.8 sec
[-----------------91%--------------    ] 7334 of 8000 complete in 483.3 sec
[-----------------91%--------------    ] 7341 of 8000 complete in 483.9 sec
[-----------------91%--------------    ] 7348 of 8000 complete in 484.4 sec
[-----------------91%--------------    ] 7355 of 8000 complete in 485.0 sec
[-----------------92%--------------    ] 7362 of 8000 complete in 485.5 sec
[-----------------92%--------------    ] 7368 of 8000 complete in 486.0 sec
[-----------------92%---------------   ] 7375 of 8000 complete in 486.6 sec
[-----------------92%---------------   ] 7382 of 8000 complete in 487.2 sec
[-----------------92%---------------   ] 7389 of 8000 complete in 487.7 sec
[-----------------92%---------------   ] 7395 of 8000 complete in 488.2 sec
[-----------------92%---------------   ] 7402 of 8000 complete in 488.8 sec
[-----------------92%---------------   ] 7408 of 8000 complete in 489.3 sec
[-----------------92%---------------   ] 7415 of 8000 complete in 489.8 sec
[-----------------92%---------------   ] 7422 of 8000 complete in 490.4 sec
[-----------------92%---------------   ] 7429 of 8000 complete in 491.0 sec
[-----------------92%---------------   ] 7435 of 8000 complete in 491.5 sec
[-----------------93%---------------   ] 7441 of 8000 complete in 492.1 sec
[-----------------93%---------------   ] 7447 of 8000 complete in 492.6 sec
[-----------------93%---------------   ] 7454 of 8000 complete in 493.2 sec
[-----------------93%---------------   ] 7461 of 8000 complete in 493.8 sec
[-----------------93%---------------   ] 7467 of 8000 complete in 494.3 sec
[-----------------93%---------------   ] 7474 of 8000 complete in 494.9 sec
[-----------------93%---------------   ] 7480 of 8000 complete in 495.4 sec
[-----------------93%---------------   ] 7487 of 8000 complete in 496.0 sec
[-----------------93%---------------   ] 7493 of 8000 complete in 496.5 sec
[-----------------93%---------------   ] 7500 of 8000 complete in 497.0 sec
[-----------------93%---------------   ] 7507 of 8000 complete in 497.6 sec
[-----------------93%---------------   ] 7513 of 8000 complete in 498.2 sec
[-----------------93%---------------   ] 7518 of 8000 complete in 498.7 sec
[-----------------94%---------------   ] 7524 of 8000 complete in 499.3 sec
[-----------------94%---------------   ] 7532 of 8000 complete in 499.8 sec
[-----------------94%---------------   ] 7541 of 8000 complete in 500.3 sec
[-----------------94%---------------   ] 7550 of 8000 complete in 500.9 sec
[-----------------94%---------------   ] 7559 of 8000 complete in 501.4 sec
[-----------------94%---------------   ] 7568 of 8000 complete in 502.0 sec
[-----------------94%---------------   ] 7576 of 8000 complete in 502.5 sec
[-----------------94%----------------  ] 7584 of 8000 complete in 503.0 sec
[-----------------94%----------------  ] 7593 of 8000 complete in 503.6 sec
[-----------------95%----------------  ] 7601 of 8000 complete in 504.1 sec
[-----------------95%----------------  ] 7609 of 8000 complete in 504.6 sec
[-----------------95%----------------  ] 7619 of 8000 complete in 505.2 sec
[-----------------95%----------------  ] 7628 of 8000 complete in 505.7 sec
[-----------------95%----------------  ] 7637 of 8000 complete in 506.2 sec
[-----------------95%----------------  ] 7646 of 8000 complete in 506.8 sec
[-----------------95%----------------  ] 7655 of 8000 complete in 507.3 sec
[-----------------95%----------------  ] 7664 of 8000 complete in 507.8 sec
[-----------------95%----------------  ] 7673 of 8000 complete in 508.3 sec
[-----------------96%----------------  ] 7681 of 8000 complete in 508.8 sec
[-----------------96%----------------  ] 7689 of 8000 complete in 509.4 sec
[-----------------96%----------------  ] 7696 of 8000 complete in 509.9 sec
[-----------------96%----------------  ] 7704 of 8000 complete in 510.5 sec
[-----------------96%----------------  ] 7712 of 8000 complete in 511.0 sec
[-----------------96%----------------  ] 7720 of 8000 complete in 511.6 sec
[-----------------96%----------------  ] 7727 of 8000 complete in 512.1 sec
[-----------------96%----------------  ] 7735 of 8000 complete in 512.7 sec
[-----------------96%----------------  ] 7743 of 8000 complete in 513.2 sec
[-----------------96%----------------  ] 7750 of 8000 complete in 513.7 sec
[-----------------96%----------------  ] 7757 of 8000 complete in 514.3 sec
[-----------------97%----------------  ] 7764 of 8000 complete in 514.8 sec
[-----------------97%----------------  ] 7771 of 8000 complete in 515.3 sec
[-----------------97%----------------  ] 7779 of 8000 complete in 515.8 sec
[-----------------97%----------------  ] 7786 of 8000 complete in 516.4 sec
[-----------------97%----------------- ] 7793 of 8000 complete in 516.9 sec
[-----------------97%----------------- ] 7800 of 8000 complete in 517.4 sec
hddm sampling elpased time:  543.463 s
Start converting to InferenceData...
[chains] 完成 g6_refit（9.1 分钟；迹线 idiata.posterior）
[-----------------99%----------------- ] 7939 of 8000 complete in 516.4 sec
[-----------------99%----------------- ] 7946 of 8000 complete in 516.9 sec
[-----------------99%----------------- ] 7954 of 8000 complete in 517.4 sec
[-----------------99%----------------- ] 7963 of 8000 complete in 518.0 sec
[-----------------99%----------------- ] 7972 of 8000 complete in 518.5 sec
[-----------------99%----------------- ] 7980 of 8000 complete in 519.0 sec
[-----------------99%----------------- ] 7989 of 8000 complete in 519.5 sec
[-----------------99%----------------- ] 7998 of 8000 complete in 520.1 sec
[-----------------100%-----------------] 8000 of 8000 complete in 520.3 sec
hddm sampling elpased time:  520.426 s
[-----------------99%----------------- ] 7926 of 8000 complete in 516.8 sec
[-----------------99%----------------- ] 7933 of 8000 complete in 517.3 sec
[-----------------99%----------------- ] 7941 of 8000 complete in 517.8 sec
[-----------------99%----------------- ] 7950 of 8000 complete in 518.4 sec
[-----------------99%----------------- ] 7959 of 8000 complete in 518.9 sec
[-----------------99%----------------- ] 7968 of 8000 complete in 519.5 sec
[-----------------99%----------------- ] 7976 of 8000 complete in 520.0 sec
[-----------------99%----------------- ] 7983 of 8000 complete in 520.5 sec
[-----------------99%----------------- ] 7992 of 8000 complete in 521.1 sec
[-----------------100%-----------------] 8001 of 8000 complete in 521.6 sec
hddm sampling elpased time:  521.742 s
[-----------------98%----------------- ] 7905 of 8000 complete in 517.1 sec
[-----------------98%----------------- ] 7913 of 8000 complete in 517.7 sec
[-----------------99%----------------- ] 7922 of 8000 complete in 518.2 sec
[-----------------99%----------------- ] 7930 of 8000 complete in 518.7 sec
[-----------------99%----------------- ] 7938 of 8000 complete in 519.3 sec
[-----------------99%----------------- ] 7947 of 8000 complete in 519.8 sec
[-----------------99%----------------- ] 7956 of 8000 complete in 520.4 sec
[-----------------99%----------------- ] 7964 of 8000 complete in 520.9 sec
[-----------------99%----------------- ] 7972 of 8000 complete in 521.4 sec
[-----------------99%----------------- ] 7980 of 8000 complete in 521.9 sec
[-----------------99%----------------- ] 7989 of 8000 complete in 522.4 sec
[-----------------99%----------------- ] 7998 of 8000 complete in 523.0 sec
[-----------------100%-----------------] 8000 of 8000 complete in 523.1 sec
hddm sampling elpased time:  523.268 s
[-----------------97%----------------- ] 7808 of 8000 complete in 518.0 sec
[-----------------97%----------------- ] 7817 of 8000 complete in 518.5 sec
[-----------------97%----------------- ] 7826 of 8000 complete in 519.0 sec
[-----------------97%----------------- ] 7835 of 8000 complete in 519.6 sec
[-----------------98%----------------- ] 7843 of 8000 complete in 520.1 sec
[-----------------98%----------------- ] 7851 of 8000 complete in 520.7 sec
[-----------------98%----------------- ] 7860 of 8000 complete in 521.2 sec
[-----------------98%----------------- ] 7868 of 8000 complete in 521.8 sec
[-----------------98%----------------- ] 7877 of 8000 complete in 522.3 sec
[-----------------98%----------------- ] 7887 of 8000 complete in 522.9 sec
[-----------------98%----------------- ] 7897 of 8000 complete in 523.4 sec
[-----------------98%----------------- ] 7907 of 8000 complete in 524.0 sec
[-----------------98%----------------- ] 7916 of 8000 complete in 524.5 sec
[-----------------99%----------------- ] 7926 of 8000 complete in 525.0 sec
[-----------------99%----------------- ] 7936 of 8000 complete in 525.5 sec
[-----------------99%----------------- ] 7945 of 8000 complete in 526.0 sec
[-----------------99%----------------- ] 7955 of 8000 complete in 526.5 sec
[-----------------99%----------------- ] 7965 of 8000 complete in 527.1 sec
[-----------------99%----------------- ] 7975 of 8000 complete in 527.6 sec
[-----------------99%----------------- ] 7985 of 8000 complete in 528.1 sec
[-----------------99%----------------- ] 7994 of 8000 complete in 528.7 sec
[-----------------100%-----------------] 8000 of 8000 complete in 529.0 sec
hddm sampling elpased time:  529.104 s
