[chains] g7_refit: 12 被试 / 3120 试次 / chains=4 draws=8000 burn=2000 p_outlier=0.0
[chains] 设置 z 默认值失败（忽略）：'z'
No model attribute --> setting up standard HDDM
Set model to ddm
/opt/conda/lib/python3.9/site-packages/scipy/optimize/_optimize.py:2309: RuntimeWarning: invalid value encountered in double_scalars
  tmp2 = (x - v) * (fx - fw)
/opt/conda/lib/python3.9/site-packages/scipy/optimize/_optimize.py:2310: RuntimeWarning: invalid value encountered in double_scalars
  p = (x - v) * tmp2 - (x - w) * tmp1
/opt/conda/lib/python3.9/site-packages/scipy/optimize/_optimize.py:2309: RuntimeWarning: invalid value encountered in double_scalars
  tmp2 = (x - v) * (fx - fw)
/opt/conda/lib/python3.9/site-packages/scipy/optimize/_optimize.py:2310: RuntimeWarning: invalid value encountered in double_scalars
  p = (x - v) * tmp2 - (x - w) * tmp1
/opt/conda/lib/python3.9/site-packages/scipy/optimize/_optimize.py:2309: RuntimeWarning: invalid value encountered in double_scalars
  tmp2 = (x - v) * (fx - fw)
/opt/conda/lib/python3.9/site-packages/scipy/optimize/_optimize.py:2310: RuntimeWarning: invalid value encountered in double_scalars
  p = (x - v) * tmp2 - (x - w) * tmp1
/opt/conda/lib/python3.9/site-packages/scipy/optimize/_optimize.py:2309: RuntimeWarning: invalid value encountered in double_scalars
  tmp2 = (x - v) * (fx - fw)
/opt/conda/lib/python3.9/site-packages/scipy/optimize/_optimize.py:2310: RuntimeWarning: invalid value encountered in double_scalars
  p = (x - v) * tmp2 - (x - w) * tmp1
[                  0%                  ] 9 of 8000 complete in 0.5 sec
[                  0%                  ] 17 of 8000 complete in 1.1 sec
[                  0%                  ] 26 of 8000 complete in 1.6 sec
[                  0%                  ] 34 of 8000 complete in 2.1 sec
[                  0%                  ] 42 of 8000 complete in 2.6 sec
[                  0%                  ] 51 of 8000 complete in 3.1 sec
[                  0%                  ] 58 of 8000 complete in 3.7 sec
[                  0%                  ] 66 of 8000 complete in 4.2 sec
[                  0%                  ] 74 of 8000 complete in 4.7 sec
[                  1%                  ] 82 of 8000 complete in 5.3 sec
[                  1%                  ] 90 of 8000 complete in 5.8 sec
[                  1%                  ] 96 of 8000 complete in 6.3 sec
[                  1%                  ] 102 of 8000 complete in 6.9 sec
[                  1%                  ] 108 of 8000 complete in 7.4 sec
[                  1%                  ] 114 of 8000 complete in 7.9 sec
[                  1%                  ] 120 of 8000 complete in 8.5 sec
[                  1%                  ] 126 of 8000 complete in 9.0 sec
[                  1%                  ] 132 of 8000 complete in 9.5 sec
[                  1%                  ] 138 of 8000 complete in 10.1 sec
[                  1%                  ] 145 of 8000 complete in 10.7 sec
[                  1%                  ] 151 of 8000 complete in 11.2 sec
[                  1%                  ] 158 of 8000 complete in 11.8 sec
[                  2%                  ] 165 of 8000 complete in 12.3 sec
[                  2%                  ] 171 of 8000 complete in 12.8 sec
[                  2%                  ] 178 of 8000 complete in 13.3 sec
[                  2%                  ] 185 of 8000 complete in 13.9 sec
[                  2%                  ] 191 of 8000 complete in 14.4 sec
[                  2%                  ] 198 of 8000 complete in 15.0 sec
[                  2%                  ] 205 of 8000 complete in 15.5 sec
[-                 2%                  ] 211 of 8000 complete in 16.0 sec
[-                 2%                  ] 217 of 8000 complete in 16.6 sec
[-                 2%                  ] 223 of 8000 complete in 17.1 sec
[-                 2%                  ] 229 of 8000 complete in 17.7 sec
[-                 2%                  ] 235 of 8000 complete in 18.2 sec
[-                 3%                  ] 241 of 8000 complete in 18.7 sec
[-                 3%                  ] 247 of 8000 complete in 19.3 sec
[-                 3%                  ] 253 of 8000 complete in 19.8 sec
[-                 3%                  ] 259 of 8000 complete in 20.3 sec
[-                 3%                  ] 265 of 8000 complete in 20.8 sec
[-                 3%                  ] 272 of 8000 complete in 21.4 sec
[-                 3%                  ] 278 of 8000 complete in 21.9 sec
[-                 3%                  ] 284 of 8000 complete in 22.4 sec
[-                 3%                  ] 290 of 8000 complete in 23.0 sec
[-                 3%                  ] 296 of 8000 complete in 23.5 sec
[-                 3%                  ] 303 of 8000 complete in 24.0 sec
[-                 3%                  ] 310 of 8000 complete in 24.5 sec
[-                 3%                  ] 317 of 8000 complete in 25.1 sec
[-                 4%                  ] 324 of 8000 complete in 25.6 sec
[-                 4%                  ] 331 of 8000 complete in 26.2 sec
[-                 4%                  ] 338 of 8000 complete in 26.7 sec
[-                 4%                  ] 345 of 8000 complete in 27.3 sec
[-                 4%                  ] 352 of 8000 complete in 27.8 sec
[-                 4%                  ] 359 of 8000 complete in 28.4 sec
[-                 4%                  ] 366 of 8000 complete in 29.0 sec
[-                 4%                  ] 374 of 8000 complete in 29.5 sec
[-                 4%                  ] 381 of 8000 complete in 30.1 sec
[-                 4%                  ] 388 of 8000 complete in 30.6 sec
[-                 4%                  ] 395 of 8000 complete in 31.1 sec
[-                 5%                  ] 402 of 8000 complete in 31.7 sec
[-                 5%                  ] 409 of 8000 complete in 32.2 sec
[-                 5%                  ] 416 of 8000 complete in 32.8 sec
[--                5%                  ] 423 of 8000 complete in 33.3 sec
[--                5%                  ] 430 of 8000 complete in 33.9 sec
[--                5%                  ] 437 of 8000 complete in 34.4 sec
[--                5%                  ] 444 of 8000 complete in 34.9 sec
[--                5%                  ] 451 of 8000 complete in 35.5 sec
[--                5%                  ] 458 of 8000 complete in 36.0 sec
[--                5%                  ] 465 of 8000 complete in 36.5 sec
[--                5%                  ] 472 of 8000 complete in 37.1 sec
[--                5%                  ] 479 of 8000 complete in 37.6 sec
[--                6%                  ] 486 of 8000 complete in 38.2 sec
[--                6%                  ] 493 of 8000 complete in 38.7 sec
[--                6%                  ] 500 of 8000 complete in 39.3 sec
[--                6%                  ] 507 of 8000 complete in 39.8 sec
[--                6%                  ] 514 of 8000 complete in 40.4 sec
[--                6%                  ] 521 of 8000 complete in 40.9 sec
[--                6%                  ] 527 of 8000 complete in 41.4 sec
[--                6%                  ] 534 of 8000 complete in 41.9 sec
[--                6%                  ] 542 of 8000 complete in 42.5 sec
[--                6%                  ] 548 of 8000 complete in 43.0 sec
[--                6%                  ] 554 of 8000 complete in 43.5 sec
[--                7%                  ] 560 of 8000 complete in 44.1 sec
[--                7%                  ] 566 of 8000 complete in 44.7 sec
[--                7%                  ] 573 of 8000 complete in 45.2 sec
[--                7%                  ] 580 of 8000 complete in 45.8 sec
[--                7%                  ] 586 of 8000 complete in 46.4 sec
[--                7%                  ] 592 of 8000 complete in 46.9 sec
[--                7%                  ] 598 of 8000 complete in 47.5 sec
[--                7%                  ] 605 of 8000 complete in 48.0 sec
[--                7%                  ] 611 of 8000 complete in 48.6 sec
[--                7%                  ] 617 of 8000 complete in 49.1 sec
[--                7%                  ] 623 of 8000 complete in 49.7 sec
[--                7%                  ] 629 of 8000 complete in 50.3 sec
[---               7%                  ] 635 of 8000 complete in 50.8 sec
[---               8%                  ] 641 of 8000 complete in 51.4 sec
[---               8%                  ] 648 of 8000 complete in 51.9 sec
[---               8%                  ] 655 of 8000 complete in 52.4 sec
[---               8%                  ] 663 of 8000 complete in 53.0 sec
[---               8%                  ] 670 of 8000 complete in 53.5 sec
[---               8%                  ] 677 of 8000 complete in 54.1 sec
[---               8%                  ] 684 of 8000 complete in 54.7 sec
[---               8%                  ] 691 of 8000 complete in 55.3 sec
[---               8%                  ] 698 of 8000 complete in 55.8 sec
[---               8%                  ] 705 of 8000 complete in 56.4 sec
[---               8%                  ] 712 of 8000 complete in 56.9 sec
[---               8%                  ] 719 of 8000 complete in 57.4 sec
[---               9%                  ] 726 of 8000 complete in 58.0 sec
[---               9%                  ] 733 of 8000 complete in 58.5 sec
[---               9%                  ] 740 of 8000 complete in 59.0 sec
[---               9%                  ] 747 of 8000 complete in 59.5 sec
[---               9%                  ] 754 of 8000 complete in 60.1 sec
[                  0%                  ] 10 of 8000 complete in 0.5 sec
[                  0%                  ] 19 of 8000 complete in 1.1 sec
[                  0%                  ] 28 of 8000 complete in 1.6 sec
[                  0%                  ] 37 of 8000 complete in 2.2 sec
[                  0%                  ] 46 of 8000 complete in 2.7 sec
[                  0%                  ] 56 of 8000 complete in 3.3 sec
[                  0%                  ] 64 of 8000 complete in 3.8 sec
[                  0%                  ] 72 of 8000 complete in 4.3 sec
[                  1%                  ] 80 of 8000 complete in 4.9 sec
[                  1%                  ] 88 of 8000 complete in 5.4 sec
[                  1%                  ] 96 of 8000 complete in 5.9 sec
[                  1%                  ] 102 of 8000 complete in 6.5 sec
[                  1%                  ] 109 of 8000 complete in 7.0 sec
[                  1%                  ] 115 of 8000 complete in 7.5 sec
[                  1%                  ] 121 of 8000 complete in 8.1 sec
[                  1%                  ] 128 of 8000 complete in 8.6 sec
[                  1%                  ] 134 of 8000 complete in 9.2 sec
[                  1%                  ] 140 of 8000 complete in 9.7 sec
[                  1%                  ] 146 of 8000 complete in 10.3 sec
[                  1%                  ] 152 of 8000 complete in 10.8 sec
[                  1%                  ] 159 of 8000 complete in 11.3 sec
[                  2%                  ] 166 of 8000 complete in 11.9 sec
[                  2%                  ] 173 of 8000 complete in 12.4 sec
[                  2%                  ] 180 of 8000 complete in 12.9 sec
[                  2%                  ] 188 of 8000 complete in 13.5 sec
[                  2%                  ] 195 of 8000 complete in 14.1 sec
[                  2%                  ] 201 of 8000 complete in 14.6 sec
[                  2%                  ] 208 of 8000 complete in 15.2 sec
[-                 2%                  ] 214 of 8000 complete in 15.7 sec
[-                 2%                  ] 220 of 8000 complete in 16.3 sec
[-                 2%                  ] 226 of 8000 complete in 16.9 sec
[-                 2%                  ] 232 of 8000 complete in 17.4 sec
[-                 2%                  ] 238 of 8000 complete in 17.9 sec
[-                 3%                  ] 244 of 8000 complete in 18.5 sec
[-                 3%                  ] 250 of 8000 complete in 19.0 sec
[-                 3%                  ] 256 of 8000 complete in 19.6 sec
[-                 3%                  ] 262 of 8000 complete in 20.1 sec
[-                 3%                  ] 269 of 8000 complete in 20.6 sec
[-                 3%                  ] 275 of 8000 complete in 21.1 sec
[-                 3%                  ] 281 of 8000 complete in 21.7 sec
[-                 3%                  ] 287 of 8000 complete in 22.2 sec
[-                 3%                  ] 293 of 8000 complete in 22.7 sec
[-                 3%                  ] 299 of 8000 complete in 23.3 sec
[-                 3%                  ] 306 of 8000 complete in 23.8 sec
[-                 3%                  ] 313 of 8000 complete in 24.3 sec
[-                 4%                  ] 320 of 8000 complete in 24.8 sec
[-                 4%                  ] 328 of 8000 complete in 25.4 sec
[-                 4%                  ] 336 of 8000 complete in 25.9 sec
[-                 4%                  ] 343 of 8000 complete in 26.5 sec
[-                 4%                  ] 350 of 8000 complete in 27.0 sec
[-                 4%                  ] 357 of 8000 complete in 27.6 sec
[-                 4%                  ] 364 of 8000 complete in 28.2 sec
[-                 4%                  ] 371 of 8000 complete in 28.7 sec
[-                 4%                  ] 378 of 8000 complete in 29.2 sec
[-                 4%                  ] 385 of 8000 complete in 29.7 sec
[-                 4%                  ] 392 of 8000 complete in 30.2 sec
[-                 4%                  ] 399 of 8000 complete in 30.7 sec
[-                 5%                  ] 406 of 8000 complete in 31.3 sec
[-                 5%                  ] 413 of 8000 complete in 31.8 sec
[-                 5%                  ] 420 of 8000 complete in 32.4 sec
[--                5%                  ] 426 of 8000 complete in 32.9 sec
[--                5%                  ] 433 of 8000 complete in 33.5 sec
[--                5%                  ] 440 of 8000 complete in 34.0 sec
[--                5%                  ] 448 of 8000 complete in 34.6 sec
[--                5%                  ] 456 of 8000 complete in 35.1 sec
[--                5%                  ] 464 of 8000 complete in 35.7 sec
[--                5%                  ] 470 of 8000 complete in 36.2 sec
[--                5%                  ] 477 of 8000 complete in 36.8 sec
[--                6%                  ] 484 of 8000 complete in 37.3 sec
[--                6%                  ] 491 of 8000 complete in 37.8 sec
[--                6%                  ] 498 of 8000 complete in 38.3 sec
[--                6%                  ] 505 of 8000 complete in 38.9 sec
[--                6%                  ] 512 of 8000 complete in 39.5 sec
[--                6%                  ] 519 of 8000 complete in 40.0 sec
[--                6%                  ] 526 of 8000 complete in 40.5 sec
[--                6%                  ] 534 of 8000 complete in 41.1 sec
[--                6%                  ] 541 of 8000 complete in 41.6 sec
[--                6%                  ] 548 of 8000 complete in 42.1 sec
[--                6%                  ] 554 of 8000 complete in 42.6 sec
[--                7%                  ] 560 of 8000 complete in 43.2 sec
[--                7%                  ] 566 of 8000 complete in 43.7 sec
[--                7%                  ] 571 of 8000 complete in 44.3 sec
[--                7%                  ] 576 of 8000 complete in 44.8 sec
[--                7%                  ] 582 of 8000 complete in 45.3 sec
[--                7%                  ] 588 of 8000 complete in 45.8 sec
[--                7%                  ] 594 of 8000 complete in 46.4 sec
[--                7%                  ] 600 of 8000 complete in 47.0 sec
[--                7%                  ] 607 of 8000 complete in 47.5 sec
[--                7%                  ] 614 of 8000 complete in 48.1 sec
[--                7%                  ] 620 of 8000 complete in 48.6 sec
[--                7%                  ] 626 of 8000 complete in 49.2 sec
[---               7%                  ] 632 of 8000 complete in 49.7 sec
[---               7%                  ] 638 of 8000 complete in 50.3 sec
[---               8%                  ] 644 of 8000 complete in 50.9 sec
[---               8%                  ] 650 of 8000 complete in 51.4 sec
[---               8%                  ] 657 of 8000 complete in 52.0 sec
[---               8%                  ] 665 of 8000 complete in 52.6 sec
[---               8%                  ] 672 of 8000 complete in 53.1 sec
[---               8%                  ] 679 of 8000 complete in 53.6 sec
[---               8%                  ] 686 of 8000 complete in 54.2 sec
[---               8%                  ] 692 of 8000 complete in 54.8 sec
[---               8%                  ] 699 of 8000 complete in 55.3 sec
[---               8%                  ] 706 of 8000 complete in 55.8 sec
[---               8%                  ] 712 of 8000 complete in 56.3 sec
[---               8%                  ] 719 of 8000 complete in 56.9 sec
[---               9%                  ] 726 of 8000 complete in 57.4 sec
[---               9%                  ] 733 of 8000 complete in 58.0 sec
[---               9%                  ] 740 of 8000 complete in 58.5 sec
[---               9%                  ] 747 of 8000 complete in 59.0 sec
[---               9%                  ] 754 of 8000 complete in 59.6 sec
[---               9%                  ] 761 of 8000 complete in 60.1 sec
[                  0%                  ] 10 of 8000 complete in 0.5 sec
[                  0%                  ] 18 of 8000 complete in 1.1 sec
[                  0%                  ] 27 of 8000 complete in 1.6 sec
[                  0%                  ] 36 of 8000 complete in 2.2 sec
[                  0%                  ] 45 of 8000 complete in 2.7 sec
[                  0%                  ] 54 of 8000 complete in 3.2 sec
[                  0%                  ] 62 of 8000 complete in 3.8 sec
[                  0%                  ] 70 of 8000 complete in 4.3 sec
[                  0%                  ] 78 of 8000 complete in 4.8 sec
[                  1%                  ] 87 of 8000 complete in 5.4 sec
[                  1%                  ] 95 of 8000 complete in 5.9 sec
[                  1%                  ] 101 of 8000 complete in 6.5 sec
[                  1%                  ] 107 of 8000 complete in 7.0 sec
[                  1%                  ] 113 of 8000 complete in 7.5 sec
[                  1%                  ] 119 of 8000 complete in 8.0 sec
[                  1%                  ] 126 of 8000 complete in 8.6 sec
[                  1%                  ] 132 of 8000 complete in 9.1 sec
[                  1%                  ] 138 of 8000 complete in 9.7 sec
[                  1%                  ] 144 of 8000 complete in 10.3 sec
[                  1%                  ] 150 of 8000 complete in 10.8 sec
[                  1%                  ] 157 of 8000 complete in 11.3 sec
[                  2%                  ] 164 of 8000 complete in 11.9 sec
[                  2%                  ] 171 of 8000 complete in 12.4 sec
[                  2%                  ] 178 of 8000 complete in 12.9 sec
[                  2%                  ] 185 of 8000 complete in 13.4 sec
[                  2%                  ] 192 of 8000 complete in 14.0 sec
[                  2%                  ] 198 of 8000 complete in 14.5 sec
[                  2%                  ] 205 of 8000 complete in 15.1 sec
[-                 2%                  ] 212 of 8000 complete in 15.7 sec
[-                 2%                  ] 217 of 8000 complete in 16.2 sec
[-                 2%                  ] 223 of 8000 complete in 16.7 sec
[-                 2%                  ] 229 of 8000 complete in 17.3 sec
[-                 2%                  ] 236 of 8000 complete in 17.9 sec
[-                 3%                  ] 242 of 8000 complete in 18.4 sec
[-                 3%                  ] 248 of 8000 complete in 18.9 sec
[-                 3%                  ] 254 of 8000 complete in 19.4 sec
[-                 3%                  ] 260 of 8000 complete in 20.0 sec
[-                 3%                  ] 266 of 8000 complete in 20.5 sec
[-                 3%                  ] 273 of 8000 complete in 21.0 sec
[-                 3%                  ] 279 of 8000 complete in 21.6 sec
[-                 3%                  ] 285 of 8000 complete in 22.1 sec
[-                 3%                  ] 292 of 8000 complete in 22.7 sec
[-                 3%                  ] 298 of 8000 complete in 23.2 sec
[-                 3%                  ] 305 of 8000 complete in 23.7 sec
[-                 3%                  ] 312 of 8000 complete in 24.2 sec
[-                 3%                  ] 319 of 8000 complete in 24.8 sec
[-                 4%                  ] 326 of 8000 complete in 25.3 sec
[-                 4%                  ] 333 of 8000 complete in 25.8 sec
[-                 4%                  ] 340 of 8000 complete in 26.3 sec
[-                 4%                  ] 347 of 8000 complete in 26.9 sec
[-                 4%                  ] 354 of 8000 complete in 27.4 sec
[-                 4%                  ] 361 of 8000 complete in 28.0 sec
[-                 4%                  ] 368 of 8000 complete in 28.5 sec
[-                 4%                  ] 376 of 8000 complete in 29.1 sec
[-                 4%                  ] 383 of 8000 complete in 29.6 sec
[-                 4%                  ] 390 of 8000 complete in 30.1 sec
[-                 4%                  ] 397 of 8000 complete in 30.7 sec
[-                 5%                  ] 405 of 8000 complete in 31.2 sec
[-                 5%                  ] 412 of 8000 complete in 31.8 sec
[-                 5%                  ] 419 of 8000 complete in 32.3 sec
[--                5%                  ] 425 of 8000 complete in 32.8 sec
[--                5%                  ] 432 of 8000 complete in 33.4 sec
[--                5%                  ] 440 of 8000 complete in 33.9 sec
[--                5%                  ] 447 of 8000 complete in 34.5 sec
[--                5%                  ] 454 of 8000 complete in 35.0 sec
[--                5%                  ] 461 of 8000 complete in 35.5 sec
[--                5%                  ] 468 of 8000 complete in 36.0 sec
[--                5%                  ] 475 of 8000 complete in 36.6 sec
[--                6%                  ] 482 of 8000 complete in 37.1 sec
[--                6%                  ] 489 of 8000 complete in 37.6 sec
[--                6%                  ] 496 of 8000 complete in 38.2 sec
[--                6%                  ] 503 of 8000 complete in 38.7 sec
[--                6%                  ] 509 of 8000 complete in 39.2 sec
[--                6%                  ] 516 of 8000 complete in 39.7 sec
[--                6%                  ] 523 of 8000 complete in 40.3 sec
[--                6%                  ] 530 of 8000 complete in 40.8 sec
[--                6%                  ] 536 of 8000 complete in 41.3 sec
[--                6%                  ] 543 of 8000 complete in 41.8 sec
[--                6%                  ] 550 of 8000 complete in 42.3 sec
[--                6%                  ] 556 of 8000 complete in 42.8 sec
[--                7%                  ] 562 of 8000 complete in 43.4 sec
[--                7%                  ] 568 of 8000 complete in 44.0 sec
[--                7%                  ] 574 of 8000 complete in 44.6 sec
[--                7%                  ] 580 of 8000 complete in 45.1 sec
[--                7%                  ] 587 of 8000 complete in 45.7 sec
[--                7%                  ] 592 of 8000 complete in 46.2 sec
[--                7%                  ] 598 of 8000 complete in 46.8 sec
[--                7%                  ] 604 of 8000 complete in 47.3 sec
[--                7%                  ] 611 of 8000 complete in 47.8 sec
[--                7%                  ] 618 of 8000 complete in 48.4 sec
[--                7%                  ] 624 of 8000 complete in 48.9 sec
[--                7%                  ] 630 of 8000 complete in 49.5 sec
[---               7%                  ] 636 of 8000 complete in 50.0 sec
[---               8%                  ] 642 of 8000 complete in 50.6 sec
[---               8%                  ] 648 of 8000 complete in 51.1 sec
[---               8%                  ] 655 of 8000 complete in 51.7 sec
[---               8%                  ] 662 of 8000 complete in 52.3 sec
[---               8%                  ] 669 of 8000 complete in 52.8 sec
[---               8%                  ] 676 of 8000 complete in 53.4 sec
[---               8%                  ] 683 of 8000 complete in 53.9 sec
[---               8%                  ] 690 of 8000 complete in 54.5 sec
[---               8%                  ] 697 of 8000 complete in 55.0 sec
[---               8%                  ] 704 of 8000 complete in 55.6 sec
[---               8%                  ] 711 of 8000 complete in 56.1 sec
[---               8%                  ] 718 of 8000 complete in 56.7 sec
[---               9%                  ] 725 of 8000 complete in 57.2 sec
[---               9%                  ] 732 of 8000 complete in 57.8 sec
[---               9%                  ] 739 of 8000 complete in 58.3 sec
[---               9%                  ] 746 of 8000 complete in 58.8 sec
[---               9%                  ] 753 of 8000 complete in 59.4 sec
[---               9%                  ] 760 of 8000 complete in 59.9 sec
[                  0%                  ] 9 of 8000 complete in 0.5 sec
[                  0%                  ] 17 of 8000 complete in 1.0 sec
[                  0%                  ] 25 of 8000 complete in 1.6 sec
[                  0%                  ] 33 of 8000 complete in 2.1 sec
[                  0%                  ] 41 of 8000 complete in 2.6 sec
[                  0%                  ] 50 of 8000 complete in 3.2 sec
[                  0%                  ] 58 of 8000 complete in 3.7 sec
[                  0%                  ] 66 of 8000 complete in 4.2 sec
[                  0%                  ] 74 of 8000 complete in 4.8 sec
[                  1%                  ] 82 of 8000 complete in 5.3 sec
[                  1%                  ] 89 of 8000 complete in 5.8 sec
[                  1%                  ] 95 of 8000 complete in 6.4 sec
[                  1%                  ] 101 of 8000 complete in 6.9 sec
[                  1%                  ] 107 of 8000 complete in 7.5 sec
[                  1%                  ] 113 of 8000 complete in 8.0 sec
[                  1%                  ] 119 of 8000 complete in 8.5 sec
[                  1%                  ] 125 of 8000 complete in 9.1 sec
[                  1%                  ] 131 of 8000 complete in 9.7 sec
[                  1%                  ] 137 of 8000 complete in 10.2 sec
[                  1%                  ] 143 of 8000 complete in 10.8 sec
[                  1%                  ] 149 of 8000 complete in 11.3 sec
[                  1%                  ] 156 of 8000 complete in 11.8 sec
[                  2%                  ] 163 of 8000 complete in 12.3 sec
[                  2%                  ] 170 of 8000 complete in 12.9 sec
[                  2%                  ] 177 of 8000 complete in 13.4 sec
[                  2%                  ] 184 of 8000 complete in 13.9 sec
[                  2%                  ] 190 of 8000 complete in 14.4 sec
[                  2%                  ] 196 of 8000 complete in 15.0 sec
[                  2%                  ] 203 of 8000 complete in 15.5 sec
[                  2%                  ] 209 of 8000 complete in 16.1 sec
[-                 2%                  ] 215 of 8000 complete in 16.7 sec
[-                 2%                  ] 221 of 8000 complete in 17.2 sec
[-                 2%                  ] 227 of 8000 complete in 17.7 sec
[-                 2%                  ] 232 of 8000 complete in 18.2 sec
[-                 2%                  ] 238 of 8000 complete in 18.8 sec
[-                 3%                  ] 244 of 8000 complete in 19.3 sec
[-                 3%                  ] 250 of 8000 complete in 19.8 sec
[-                 3%                  ] 257 of 8000 complete in 20.3 sec
[-                 3%                  ] 263 of 8000 complete in 20.9 sec
[-                 3%                  ] 270 of 8000 complete in 21.5 sec
[-                 3%                  ] 276 of 8000 complete in 22.0 sec
[-                 3%                  ] 283 of 8000 complete in 22.6 sec
[-                 3%                  ] 290 of 8000 complete in 23.2 sec
[-                 3%                  ] 297 of 8000 complete in 23.8 sec
[-                 3%                  ] 304 of 8000 complete in 24.3 sec
[-                 3%                  ] 312 of 8000 complete in 24.9 sec
[-                 3%                  ] 319 of 8000 complete in 25.4 sec
[-                 4%                  ] 326 of 8000 complete in 25.9 sec
[-                 4%                  ] 333 of 8000 complete in 26.5 sec
[-                 4%                  ] 340 of 8000 complete in 27.0 sec
[-                 4%                  ] 346 of 8000 complete in 27.5 sec
[-                 4%                  ] 353 of 8000 complete in 28.1 sec
[-                 4%                  ] 360 of 8000 complete in 28.7 sec
[-                 4%                  ] 367 of 8000 complete in 29.2 sec
[-                 4%                  ] 374 of 8000 complete in 29.7 sec
[-                 4%                  ] 381 of 8000 complete in 30.3 sec
[-                 4%                  ] 388 of 8000 complete in 30.8 sec
[-                 4%                  ] 395 of 8000 complete in 31.4 sec
[-                 5%                  ] 402 of 8000 complete in 31.9 sec
[-                 5%                  ] 408 of 8000 complete in 32.5 sec
[-                 5%                  ] 414 of 8000 complete in 33.0 sec
[-                 5%                  ] 421 of 8000 complete in 33.5 sec
[--                5%                  ] 428 of 8000 complete in 34.0 sec
[--                5%                  ] 435 of 8000 complete in 34.6 sec
[--                5%                  ] 442 of 8000 complete in 35.1 sec
[--                5%                  ] 449 of 8000 complete in 35.6 sec
[--                5%                  ] 456 of 8000 complete in 36.2 sec
[--                5%                  ] 463 of 8000 complete in 36.7 sec
[--                5%                  ] 470 of 8000 complete in 37.2 sec
[--                5%                  ] 477 of 8000 complete in 37.8 sec
[--                6%                  ] 484 of 8000 complete in 38.3 sec
[--                6%                  ] 491 of 8000 complete in 38.9 sec
[--                6%                  ] 498 of 8000 complete in 39.4 sec
[--                6%                  ] 505 of 8000 complete in 40.0 sec
[--                6%                  ] 512 of 8000 complete in 40.5 sec
[--                6%                  ] 519 of 8000 complete in 41.1 sec
[--                6%                  ] 526 of 8000 complete in 41.6 sec
[--                6%                  ] 533 of 8000 complete in 42.2 sec
[--                6%                  ] 540 of 8000 complete in 42.7 sec
[--                6%                  ] 546 of 8000 complete in 43.3 sec
[--                6%                  ] 552 of 8000 complete in 43.9 sec
[--                6%                  ] 557 of 8000 complete in 44.4 sec
[--                7%                  ] 563 of 8000 complete in 44.9 sec
[--                7%                  ] 569 of 8000 complete in 45.5 sec
[--                7%                  ] 575 of 8000 complete in 46.0 sec
[--                7%                  ] 581 of 8000 complete in 46.5 sec
[--                7%                  ] 587 of 8000 complete in 47.1 sec
[--                7%                  ] 593 of 8000 complete in 47.6 sec
[--                7%                  ] 599 of 8000 complete in 48.1 sec
[--                7%                  ] 605 of 8000 complete in 48.6 sec
[--                7%                  ] 611 of 8000 complete in 49.2 sec
[--                7%                  ] 617 of 8000 complete in 49.7 sec
[--                7%                  ] 622 of 8000 complete in 50.3 sec
[--                7%                  ] 628 of 8000 complete in 50.8 sec
[---               7%                  ] 634 of 8000 complete in 51.4 sec
[---               8%                  ] 641 of 8000 complete in 52.0 sec
[---               8%                  ] 648 of 8000 complete in 52.5 sec
[---               8%                  ] 655 of 8000 complete in 53.0 sec
[---               8%                  ] 662 of 8000 complete in 53.6 sec
[---               8%                  ] 669 of 8000 complete in 54.2 sec
[---               8%                  ] 675 of 8000 complete in 54.7 sec
[---               8%                  ] 682 of 8000 complete in 55.2 sec
[---               8%                  ] 689 of 8000 complete in 55.8 sec
[---               8%                  ] 695 of 8000 complete in 56.3 sec
[---               8%                  ] 702 of 8000 complete in 56.8 sec
[---               8%                  ] 709 of 8000 complete in 57.4 sec
[---               8%                  ] 716 of 8000 complete in 57.9 sec
[---               9%                  ] 723 of 8000 complete in 58.5 sec
[---               9%                  ] 730 of 8000 complete in 59.0 sec
[---               9%                  ] 737 of 8000 complete in 59.5 sec
[---               9%                  ] 744 of 8000 complete in 60.1 sec
[---               9%                  ] 760 of 8000 complete in 60.6 sec
[---               9%                  ] 766 of 8000 complete in 61.2 sec
[---               9%                  ] 772 of 8000 complete in 61.7 sec
[---               9%                  ] 779 of 8000 complete in 62.3 sec
[---               9%                  ] 786 of 8000 complete in 62.8 sec
[---               9%                  ] 793 of 8000 complete in 63.3 sec
[---              10%                  ] 801 of 8000 complete in 63.9 sec
[---              10%                  ] 808 of 8000 complete in 64.4 sec
[---              10%                  ] 815 of 8000 complete in 65.0 sec
[---              10%                  ] 822 of 8000 complete in 65.5 sec
[---              10%                  ] 829 of 8000 complete in 66.0 sec
[---              10%                  ] 835 of 8000 complete in 66.6 sec
[---              10%                  ] 842 of 8000 complete in 67.1 sec
[----             10%                  ] 849 of 8000 complete in 67.6 sec
[----             10%                  ] 856 of 8000 complete in 68.2 sec
[----             10%                  ] 863 of 8000 complete in 68.7 sec
[----             10%                  ] 870 of 8000 complete in 69.3 sec
[----             10%                  ] 877 of 8000 complete in 69.8 sec
[----             11%                  ] 884 of 8000 complete in 70.3 sec
[----             11%                  ] 892 of 8000 complete in 70.9 sec
[----             11%                  ] 899 of 8000 complete in 71.5 sec
[----             11%                  ] 905 of 8000 complete in 72.0 sec
[----             11%                  ] 911 of 8000 complete in 72.5 sec
[----             11%                  ] 918 of 8000 complete in 73.1 sec
[----             11%                  ] 925 of 8000 complete in 73.6 sec
[----             11%                  ] 931 of 8000 complete in 74.1 sec
[----             11%                  ] 937 of 8000 complete in 74.7 sec
[----             11%                  ] 943 of 8000 complete in 75.3 sec
[----             11%                  ] 950 of 8000 complete in 75.8 sec
[----             11%                  ] 956 of 8000 complete in 76.4 sec
[----             12%                  ] 962 of 8000 complete in 76.9 sec
[----             12%                  ] 968 of 8000 complete in 77.4 sec
[----             12%                  ] 974 of 8000 complete in 77.9 sec
[----             12%                  ] 980 of 8000 complete in 78.4 sec
[----             12%                  ] 986 of 8000 complete in 79.0 sec
[----             12%                  ] 992 of 8000 complete in 79.5 sec
[----             12%                  ] 998 of 8000 complete in 80.1 sec
[----             12%                  ] 1005 of 8000 complete in 80.6 sec
[----             12%                  ] 1012 of 8000 complete in 81.2 sec
[----             12%                  ] 1018 of 8000 complete in 81.7 sec
[----             12%                  ] 1025 of 8000 complete in 82.2 sec
[----             12%                  ] 1032 of 8000 complete in 82.8 sec
[----             12%                  ] 1039 of 8000 complete in 83.3 sec
[----             13%                  ] 1046 of 8000 complete in 83.8 sec
[-----            13%                  ] 1053 of 8000 complete in 84.3 sec
[-----            13%                  ] 1061 of 8000 complete in 84.9 sec
[-----            13%                  ] 1068 of 8000 complete in 85.4 sec
[-----            13%                  ] 1075 of 8000 complete in 86.0 sec
[-----            13%                  ] 1081 of 8000 complete in 86.5 sec
[-----            13%                  ] 1088 of 8000 complete in 87.1 sec
[-----            13%                  ] 1094 of 8000 complete in 87.6 sec
[-----            13%                  ] 1101 of 8000 complete in 88.2 sec
[-----            13%                  ] 1108 of 8000 complete in 88.7 sec
[-----            13%                  ] 1114 of 8000 complete in 89.2 sec
[-----            14%                  ] 1121 of 8000 complete in 89.7 sec
[-----            14%                  ] 1128 of 8000 complete in 90.3 sec
[-----            14%                  ] 1135 of 8000 complete in 90.8 sec
[-----            14%                  ] 1142 of 8000 complete in 91.3 sec
[-----            14%                  ] 1149 of 8000 complete in 91.8 sec
[-----            14%                  ] 1156 of 8000 complete in 92.4 sec
[-----            14%                  ] 1163 of 8000 complete in 92.9 sec
[-----            14%                  ] 1170 of 8000 complete in 93.4 sec
[-----            14%                  ] 1177 of 8000 complete in 94.0 sec
[-----            14%                  ] 1184 of 8000 complete in 94.5 sec
[-----            14%                  ] 1191 of 8000 complete in 95.1 sec
[-----            14%                  ] 1198 of 8000 complete in 95.6 sec
[-----            15%                  ] 1205 of 8000 complete in 96.1 sec
[-----            15%                  ] 1211 of 8000 complete in 96.6 sec
[-----            15%                  ] 1219 of 8000 complete in 97.2 sec
[-----            15%                  ] 1226 of 8000 complete in 97.7 sec
[-----            15%                  ] 1233 of 8000 complete in 98.2 sec
[-----            15%                  ] 1240 of 8000 complete in 98.7 sec
[-----            15%                  ] 1247 of 8000 complete in 99.2 sec
[-----            15%                  ] 1253 of 8000 complete in 99.8 sec
[-----            15%                  ] 1260 of 8000 complete in 100.3 sec
[------           15%                  ] 1267 of 8000 complete in 100.8 sec
[------           15%                  ] 1274 of 8000 complete in 101.4 sec
[------           16%                  ] 1281 of 8000 complete in 101.9 sec
[------           16%                  ] 1287 of 8000 complete in 102.5 sec
[------           16%                  ] 1293 of 8000 complete in 103.0 sec
[------           16%                  ] 1300 of 8000 complete in 103.5 sec
[------           16%                  ] 1307 of 8000 complete in 104.0 sec
[------           16%                  ] 1313 of 8000 complete in 104.6 sec
[------           16%                  ] 1319 of 8000 complete in 105.2 sec
[------           16%                  ] 1325 of 8000 complete in 105.7 sec
[------           16%                  ] 1331 of 8000 complete in 106.2 sec
[------           16%                  ] 1337 of 8000 complete in 106.8 sec
[------           16%                  ] 1343 of 8000 complete in 107.3 sec
[------           16%                  ] 1349 of 8000 complete in 107.9 sec
[------           16%                  ] 1356 of 8000 complete in 108.4 sec
[------           17%                  ] 1363 of 8000 complete in 109.0 sec
[------           17%                  ] 1370 of 8000 complete in 109.6 sec
[------           17%                  ] 1376 of 8000 complete in 110.1 sec
[------           17%                  ] 1383 of 8000 complete in 110.7 sec
[------           17%                  ] 1390 of 8000 complete in 111.2 sec
[------           17%                  ] 1396 of 8000 complete in 111.7 sec
[------           17%                  ] 1402 of 8000 complete in 112.3 sec
[------           17%                  ] 1409 of 8000 complete in 112.8 sec
[------           17%                  ] 1416 of 8000 complete in 113.4 sec
[------           17%                  ] 1422 of 8000 complete in 113.9 sec
[------           17%                  ] 1429 of 8000 complete in 114.5 sec
[------           17%                  ] 1436 of 8000 complete in 115.0 sec
[------           18%                  ] 1443 of 8000 complete in 115.6 sec
[------           18%                  ] 1449 of 8000 complete in 116.1 sec
[------           18%                  ] 1455 of 8000 complete in 116.7 sec
[------           18%                  ] 1461 of 8000 complete in 117.2 sec
[------           18%                  ] 1468 of 8000 complete in 117.7 sec
[-------          18%                  ] 1475 of 8000 complete in 118.3 sec
[-------          18%                  ] 1481 of 8000 complete in 118.8 sec
[---               9%                  ] 767 of 8000 complete in 60.6 sec
[---               9%                  ] 773 of 8000 complete in 61.2 sec
[---               9%                  ] 779 of 8000 complete in 61.7 sec
[---               9%                  ] 786 of 8000 complete in 62.2 sec
[---               9%                  ] 793 of 8000 complete in 62.8 sec
[---              10%                  ] 800 of 8000 complete in 63.3 sec
[---              10%                  ] 806 of 8000 complete in 63.8 sec
[---              10%                  ] 813 of 8000 complete in 64.3 sec
[---              10%                  ] 820 of 8000 complete in 64.9 sec
[---              10%                  ] 827 of 8000 complete in 65.4 sec
[---              10%                  ] 835 of 8000 complete in 65.9 sec
[---              10%                  ] 842 of 8000 complete in 66.5 sec
[----             10%                  ] 850 of 8000 complete in 67.1 sec
[----             10%                  ] 857 of 8000 complete in 67.6 sec
[----             10%                  ] 864 of 8000 complete in 68.2 sec
[----             10%                  ] 871 of 8000 complete in 68.7 sec
[----             10%                  ] 878 of 8000 complete in 69.2 sec
[----             11%                  ] 885 of 8000 complete in 69.8 sec
[----             11%                  ] 893 of 8000 complete in 70.3 sec
[----             11%                  ] 900 of 8000 complete in 70.8 sec
[----             11%                  ] 907 of 8000 complete in 71.4 sec
[----             11%                  ] 913 of 8000 complete in 71.9 sec
[----             11%                  ] 919 of 8000 complete in 72.4 sec
[----             11%                  ] 927 of 8000 complete in 73.0 sec
[----             11%                  ] 934 of 8000 complete in 73.6 sec
[----             11%                  ] 941 of 8000 complete in 74.1 sec
[----             11%                  ] 947 of 8000 complete in 74.7 sec
[----             11%                  ] 953 of 8000 complete in 75.2 sec
[----             12%                  ] 960 of 8000 complete in 75.8 sec
[----             12%                  ] 966 of 8000 complete in 76.3 sec
[----             12%                  ] 972 of 8000 complete in 76.9 sec
[----             12%                  ] 978 of 8000 complete in 77.4 sec
[----             12%                  ] 984 of 8000 complete in 77.9 sec
[----             12%                  ] 990 of 8000 complete in 78.5 sec
[----             12%                  ] 996 of 8000 complete in 79.0 sec
[----             12%                  ] 1003 of 8000 complete in 79.6 sec
[----             12%                  ] 1010 of 8000 complete in 80.2 sec
[----             12%                  ] 1017 of 8000 complete in 80.8 sec
[----             12%                  ] 1024 of 8000 complete in 81.3 sec
[----             12%                  ] 1030 of 8000 complete in 81.8 sec
[----             12%                  ] 1037 of 8000 complete in 82.3 sec
[----             13%                  ] 1044 of 8000 complete in 82.9 sec
[----             13%                  ] 1050 of 8000 complete in 83.4 sec
[-----            13%                  ] 1057 of 8000 complete in 83.9 sec
[-----            13%                  ] 1064 of 8000 complete in 84.4 sec
[-----            13%                  ] 1071 of 8000 complete in 85.0 sec
[-----            13%                  ] 1078 of 8000 complete in 85.5 sec
[-----            13%                  ] 1085 of 8000 complete in 86.1 sec
[-----            13%                  ] 1091 of 8000 complete in 86.6 sec
[-----            13%                  ] 1098 of 8000 complete in 87.2 sec
[-----            13%                  ] 1105 of 8000 complete in 87.7 sec
[-----            13%                  ] 1112 of 8000 complete in 88.3 sec
[-----            13%                  ] 1118 of 8000 complete in 88.8 sec
[-----            14%                  ] 1125 of 8000 complete in 89.3 sec
[-----            14%                  ] 1132 of 8000 complete in 89.8 sec
[-----            14%                  ] 1139 of 8000 complete in 90.4 sec
[-----            14%                  ] 1146 of 8000 complete in 90.9 sec
[-----            14%                  ] 1153 of 8000 complete in 91.4 sec
[-----            14%                  ] 1160 of 8000 complete in 92.0 sec
[-----            14%                  ] 1167 of 8000 complete in 92.6 sec
[-----            14%                  ] 1174 of 8000 complete in 93.1 sec
[-----            14%                  ] 1180 of 8000 complete in 93.6 sec
[-----            14%                  ] 1187 of 8000 complete in 94.1 sec
[-----            14%                  ] 1194 of 8000 complete in 94.7 sec
[-----            15%                  ] 1201 of 8000 complete in 95.2 sec
[-----            15%                  ] 1208 of 8000 complete in 95.7 sec
[-----            15%                  ] 1215 of 8000 complete in 96.3 sec
[-----            15%                  ] 1223 of 8000 complete in 96.8 sec
[-----            15%                  ] 1230 of 8000 complete in 97.4 sec
[-----            15%                  ] 1237 of 8000 complete in 98.0 sec
[-----            15%                  ] 1244 of 8000 complete in 98.5 sec
[-----            15%                  ] 1251 of 8000 complete in 99.0 sec
[-----            15%                  ] 1258 of 8000 complete in 99.6 sec
[------           15%                  ] 1265 of 8000 complete in 100.2 sec
[------           15%                  ] 1272 of 8000 complete in 100.8 sec
[------           15%                  ] 1278 of 8000 complete in 101.3 sec
[------           16%                  ] 1285 of 8000 complete in 101.8 sec
[------           16%                  ] 1292 of 8000 complete in 102.4 sec
[------           16%                  ] 1299 of 8000 complete in 102.9 sec
[------           16%                  ] 1305 of 8000 complete in 103.4 sec
[------           16%                  ] 1312 of 8000 complete in 104.0 sec
[------           16%                  ] 1318 of 8000 complete in 104.5 sec
[------           16%                  ] 1324 of 8000 complete in 105.1 sec
[------           16%                  ] 1330 of 8000 complete in 105.6 sec
[------           16%                  ] 1336 of 8000 complete in 106.2 sec
[------           16%                  ] 1341 of 8000 complete in 106.7 sec
[------           16%                  ] 1347 of 8000 complete in 107.3 sec
[------           16%                  ] 1353 of 8000 complete in 107.8 sec
[------           17%                  ] 1360 of 8000 complete in 108.4 sec
[------           17%                  ] 1366 of 8000 complete in 108.9 sec
[------           17%                  ] 1372 of 8000 complete in 109.4 sec
[------           17%                  ] 1378 of 8000 complete in 109.9 sec
[------           17%                  ] 1385 of 8000 complete in 110.5 sec
[------           17%                  ] 1391 of 8000 complete in 111.0 sec
[------           17%                  ] 1398 of 8000 complete in 111.5 sec
[------           17%                  ] 1404 of 8000 complete in 112.1 sec
[------           17%                  ] 1411 of 8000 complete in 112.6 sec
[------           17%                  ] 1418 of 8000 complete in 113.2 sec
[------           17%                  ] 1424 of 8000 complete in 113.7 sec
[------           17%                  ] 1431 of 8000 complete in 114.3 sec
[------           17%                  ] 1438 of 8000 complete in 114.8 sec
[------           18%                  ] 1445 of 8000 complete in 115.4 sec
[------           18%                  ] 1451 of 8000 complete in 115.9 sec
[------           18%                  ] 1456 of 8000 complete in 116.4 sec
[------           18%                  ] 1463 of 8000 complete in 116.9 sec
[------           18%                  ] 1470 of 8000 complete in 117.5 sec
[-------          18%                  ] 1477 of 8000 complete in 118.0 sec
[-------          18%                  ] 1484 of 8000 complete in 118.5 sec
[-------          18%                  ] 1491 of 8000 complete in 119.0 sec
[---               9%                  ] 766 of 8000 complete in 60.5 sec
[---               9%                  ] 772 of 8000 complete in 61.1 sec
[---               9%                  ] 778 of 8000 complete in 61.6 sec
[---               9%                  ] 785 of 8000 complete in 62.2 sec
[---               9%                  ] 792 of 8000 complete in 62.7 sec
[---               9%                  ] 799 of 8000 complete in 63.3 sec
[---              10%                  ] 806 of 8000 complete in 63.8 sec
[---              10%                  ] 813 of 8000 complete in 64.3 sec
[---              10%                  ] 820 of 8000 complete in 64.9 sec
[---              10%                  ] 827 of 8000 complete in 65.4 sec
[---              10%                  ] 834 of 8000 complete in 65.9 sec
[---              10%                  ] 840 of 8000 complete in 66.4 sec
[----             10%                  ] 847 of 8000 complete in 67.0 sec
[----             10%                  ] 855 of 8000 complete in 67.5 sec
[----             10%                  ] 862 of 8000 complete in 68.0 sec
[----             10%                  ] 869 of 8000 complete in 68.6 sec
[----             10%                  ] 877 of 8000 complete in 69.1 sec
[----             11%                  ] 884 of 8000 complete in 69.7 sec
[----             11%                  ] 891 of 8000 complete in 70.2 sec
[----             11%                  ] 898 of 8000 complete in 70.7 sec
[----             11%                  ] 905 of 8000 complete in 71.2 sec
[----             11%                  ] 911 of 8000 complete in 71.8 sec
[----             11%                  ] 917 of 8000 complete in 72.3 sec
[----             11%                  ] 924 of 8000 complete in 72.8 sec
[----             11%                  ] 931 of 8000 complete in 73.4 sec
[----             11%                  ] 938 of 8000 complete in 73.9 sec
[----             11%                  ] 944 of 8000 complete in 74.5 sec
[----             11%                  ] 950 of 8000 complete in 75.0 sec
[----             11%                  ] 957 of 8000 complete in 75.6 sec
[----             12%                  ] 963 of 8000 complete in 76.1 sec
[----             12%                  ] 969 of 8000 complete in 76.7 sec
[----             12%                  ] 975 of 8000 complete in 77.2 sec
[----             12%                  ] 981 of 8000 complete in 77.7 sec
[----             12%                  ] 987 of 8000 complete in 78.3 sec
[----             12%                  ] 993 of 8000 complete in 78.8 sec
[----             12%                  ] 999 of 8000 complete in 79.3 sec
[----             12%                  ] 1005 of 8000 complete in 79.9 sec
[----             12%                  ] 1012 of 8000 complete in 80.4 sec
[----             12%                  ] 1019 of 8000 complete in 81.0 sec
[----             12%                  ] 1025 of 8000 complete in 81.5 sec
[----             12%                  ] 1032 of 8000 complete in 82.0 sec
[----             12%                  ] 1039 of 8000 complete in 82.6 sec
[----             13%                  ] 1046 of 8000 complete in 83.1 sec
[-----            13%                  ] 1053 of 8000 complete in 83.6 sec
[-----            13%                  ] 1060 of 8000 complete in 84.2 sec
[-----            13%                  ] 1067 of 8000 complete in 84.7 sec
[-----            13%                  ] 1074 of 8000 complete in 85.2 sec
[-----            13%                  ] 1081 of 8000 complete in 85.8 sec
[-----            13%                  ] 1087 of 8000 complete in 86.3 sec
[-----            13%                  ] 1094 of 8000 complete in 86.9 sec
[-----            13%                  ] 1100 of 8000 complete in 87.4 sec
[-----            13%                  ] 1108 of 8000 complete in 88.0 sec
[-----            13%                  ] 1115 of 8000 complete in 88.6 sec
[-----            14%                  ] 1122 of 8000 complete in 89.1 sec
[-----            14%                  ] 1129 of 8000 complete in 89.6 sec
[-----            14%                  ] 1136 of 8000 complete in 90.2 sec
[-----            14%                  ] 1143 of 8000 complete in 90.7 sec
[-----            14%                  ] 1150 of 8000 complete in 91.2 sec
[-----            14%                  ] 1157 of 8000 complete in 91.7 sec
[-----            14%                  ] 1164 of 8000 complete in 92.3 sec
[-----            14%                  ] 1171 of 8000 complete in 92.8 sec
[-----            14%                  ] 1178 of 8000 complete in 93.4 sec
[-----            14%                  ] 1185 of 8000 complete in 93.9 sec
[-----            14%                  ] 1192 of 8000 complete in 94.5 sec
[-----            14%                  ] 1199 of 8000 complete in 95.0 sec
[-----            15%                  ] 1206 of 8000 complete in 95.5 sec
[-----            15%                  ] 1214 of 8000 complete in 96.1 sec
[-----            15%                  ] 1221 of 8000 complete in 96.7 sec
[-----            15%                  ] 1228 of 8000 complete in 97.3 sec
[-----            15%                  ] 1235 of 8000 complete in 97.8 sec
[-----            15%                  ] 1242 of 8000 complete in 98.3 sec
[-----            15%                  ] 1249 of 8000 complete in 98.8 sec
[-----            15%                  ] 1256 of 8000 complete in 99.4 sec
[-----            15%                  ] 1262 of 8000 complete in 99.9 sec
[------           15%                  ] 1269 of 8000 complete in 100.5 sec
[------           15%                  ] 1276 of 8000 complete in 101.0 sec
[------           16%                  ] 1283 of 8000 complete in 101.6 sec
[------           16%                  ] 1290 of 8000 complete in 102.1 sec
[------           16%                  ] 1297 of 8000 complete in 102.7 sec
[------           16%                  ] 1304 of 8000 complete in 103.2 sec
[------           16%                  ] 1311 of 8000 complete in 103.8 sec
[------           16%                  ] 1317 of 8000 complete in 104.3 sec
[------           16%                  ] 1323 of 8000 complete in 104.9 sec
[------           16%                  ] 1329 of 8000 complete in 105.5 sec
[------           16%                  ] 1335 of 8000 complete in 106.0 sec
[------           16%                  ] 1340 of 8000 complete in 106.5 sec
[------           16%                  ] 1346 of 8000 complete in 107.1 sec
[------           16%                  ] 1352 of 8000 complete in 107.6 sec
[------           16%                  ] 1358 of 8000 complete in 108.1 sec
[------           17%                  ] 1365 of 8000 complete in 108.7 sec
[------           17%                  ] 1371 of 8000 complete in 109.2 sec
[------           17%                  ] 1377 of 8000 complete in 109.7 sec
[------           17%                  ] 1384 of 8000 complete in 110.3 sec
[------           17%                  ] 1391 of 8000 complete in 110.8 sec
[------           17%                  ] 1398 of 8000 complete in 111.4 sec
[------           17%                  ] 1404 of 8000 complete in 111.9 sec
[------           17%                  ] 1411 of 8000 complete in 112.5 sec
[------           17%                  ] 1418 of 8000 complete in 113.0 sec
[------           17%                  ] 1425 of 8000 complete in 113.6 sec
[------           17%                  ] 1432 of 8000 complete in 114.2 sec
[------           17%                  ] 1439 of 8000 complete in 114.7 sec
[------           18%                  ] 1446 of 8000 complete in 115.3 sec
[------           18%                  ] 1452 of 8000 complete in 115.8 sec
[------           18%                  ] 1458 of 8000 complete in 116.3 sec
[------           18%                  ] 1465 of 8000 complete in 116.9 sec
[------           18%                  ] 1472 of 8000 complete in 117.5 sec
[-------          18%                  ] 1479 of 8000 complete in 118.0 sec
[-------          18%                  ] 1486 of 8000 complete in 118.6 sec
[-------          18%                  ] 1493 of 8000 complete in 119.1 sec
[---               9%                  ] 750 of 8000 complete in 60.7 sec
[---               9%                  ] 756 of 8000 complete in 61.2 sec
[---               9%                  ] 762 of 8000 complete in 61.8 sec
[---               9%                  ] 769 of 8000 complete in 62.3 sec
[---               9%                  ] 776 of 8000 complete in 62.9 sec
[---               9%                  ] 783 of 8000 complete in 63.4 sec
[---               9%                  ] 790 of 8000 complete in 63.9 sec
[---               9%                  ] 797 of 8000 complete in 64.5 sec
[---              10%                  ] 804 of 8000 complete in 65.0 sec
[---              10%                  ] 811 of 8000 complete in 65.5 sec
[---              10%                  ] 817 of 8000 complete in 66.0 sec
[---              10%                  ] 824 of 8000 complete in 66.6 sec
[---              10%                  ] 831 of 8000 complete in 67.2 sec
[---              10%                  ] 838 of 8000 complete in 67.7 sec
[----             10%                  ] 845 of 8000 complete in 68.3 sec
[----             10%                  ] 852 of 8000 complete in 68.8 sec
[----             10%                  ] 859 of 8000 complete in 69.3 sec
[----             10%                  ] 866 of 8000 complete in 69.9 sec
[----             10%                  ] 873 of 8000 complete in 70.4 sec
[----             11%                  ] 880 of 8000 complete in 70.9 sec
[----             11%                  ] 886 of 8000 complete in 71.4 sec
[----             11%                  ] 892 of 8000 complete in 72.0 sec
[----             11%                  ] 899 of 8000 complete in 72.5 sec
[----             11%                  ] 906 of 8000 complete in 73.1 sec
[----             11%                  ] 913 of 8000 complete in 73.6 sec
[----             11%                  ] 919 of 8000 complete in 74.2 sec
[----             11%                  ] 924 of 8000 complete in 74.7 sec
[----             11%                  ] 930 of 8000 complete in 75.2 sec
[----             11%                  ] 937 of 8000 complete in 75.8 sec
[----             11%                  ] 943 of 8000 complete in 76.3 sec
[----             11%                  ] 949 of 8000 complete in 76.8 sec
[----             11%                  ] 955 of 8000 complete in 77.4 sec
[----             12%                  ] 961 of 8000 complete in 77.9 sec
[----             12%                  ] 966 of 8000 complete in 78.4 sec
[----             12%                  ] 971 of 8000 complete in 78.9 sec
[----             12%                  ] 977 of 8000 complete in 79.5 sec
[----             12%                  ] 983 of 8000 complete in 80.0 sec
[----             12%                  ] 990 of 8000 complete in 80.6 sec
[----             12%                  ] 997 of 8000 complete in 81.1 sec
[----             12%                  ] 1004 of 8000 complete in 81.7 sec
[----             12%                  ] 1011 of 8000 complete in 82.2 sec
[----             12%                  ] 1018 of 8000 complete in 82.8 sec
[----             12%                  ] 1025 of 8000 complete in 83.3 sec
[----             12%                  ] 1032 of 8000 complete in 83.9 sec
[----             12%                  ] 1039 of 8000 complete in 84.4 sec
[----             13%                  ] 1046 of 8000 complete in 84.9 sec
[-----            13%                  ] 1053 of 8000 complete in 85.5 sec
[-----            13%                  ] 1060 of 8000 complete in 86.1 sec
[-----            13%                  ] 1066 of 8000 complete in 86.6 sec
[-----            13%                  ] 1072 of 8000 complete in 87.1 sec
[-----            13%                  ] 1078 of 8000 complete in 87.6 sec
[-----            13%                  ] 1084 of 8000 complete in 88.1 sec
[-----            13%                  ] 1090 of 8000 complete in 88.6 sec
[-----            13%                  ] 1097 of 8000 complete in 89.2 sec
[-----            13%                  ] 1104 of 8000 complete in 89.7 sec
[-----            13%                  ] 1111 of 8000 complete in 90.3 sec
[-----            13%                  ] 1118 of 8000 complete in 90.8 sec
[-----            14%                  ] 1125 of 8000 complete in 91.4 sec
[-----            14%                  ] 1132 of 8000 complete in 91.9 sec
[-----            14%                  ] 1139 of 8000 complete in 92.4 sec
[-----            14%                  ] 1146 of 8000 complete in 92.9 sec
[-----            14%                  ] 1153 of 8000 complete in 93.5 sec
[-----            14%                  ] 1160 of 8000 complete in 94.1 sec
[-----            14%                  ] 1167 of 8000 complete in 94.6 sec
[-----            14%                  ] 1175 of 8000 complete in 95.2 sec
[-----            14%                  ] 1182 of 8000 complete in 95.7 sec
[-----            14%                  ] 1189 of 8000 complete in 96.2 sec
[-----            14%                  ] 1196 of 8000 complete in 96.7 sec
[-----            15%                  ] 1203 of 8000 complete in 97.3 sec
[-----            15%                  ] 1210 of 8000 complete in 97.9 sec
[-----            15%                  ] 1217 of 8000 complete in 98.4 sec
[-----            15%                  ] 1225 of 8000 complete in 99.0 sec
[-----            15%                  ] 1232 of 8000 complete in 99.6 sec
[-----            15%                  ] 1238 of 8000 complete in 100.1 sec
[-----            15%                  ] 1245 of 8000 complete in 100.6 sec
[-----            15%                  ] 1252 of 8000 complete in 101.1 sec
[-----            15%                  ] 1259 of 8000 complete in 101.7 sec
[------           15%                  ] 1266 of 8000 complete in 102.3 sec
[------           15%                  ] 1273 of 8000 complete in 102.8 sec
[------           16%                  ] 1280 of 8000 complete in 103.4 sec
[------           16%                  ] 1287 of 8000 complete in 103.9 sec
[------           16%                  ] 1293 of 8000 complete in 104.5 sec
[------           16%                  ] 1298 of 8000 complete in 105.0 sec
[------           16%                  ] 1304 of 8000 complete in 105.6 sec
[------           16%                  ] 1310 of 8000 complete in 106.2 sec
[------           16%                  ] 1315 of 8000 complete in 106.7 sec
[------           16%                  ] 1321 of 8000 complete in 107.3 sec
[------           16%                  ] 1328 of 8000 complete in 107.8 sec
[------           16%                  ] 1335 of 8000 complete in 108.4 sec
[------           16%                  ] 1342 of 8000 complete in 109.0 sec
[------           16%                  ] 1349 of 8000 complete in 109.5 sec
[------           16%                  ] 1356 of 8000 complete in 110.1 sec
[------           17%                  ] 1363 of 8000 complete in 110.7 sec
[------           17%                  ] 1370 of 8000 complete in 111.3 sec
[------           17%                  ] 1376 of 8000 complete in 111.8 sec
[------           17%                  ] 1383 of 8000 complete in 112.4 sec
[------           17%                  ] 1390 of 8000 complete in 112.9 sec
[------           17%                  ] 1397 of 8000 complete in 113.5 sec
[------           17%                  ] 1403 of 8000 complete in 114.0 sec
[------           17%                  ] 1410 of 8000 complete in 114.6 sec
[------           17%                  ] 1417 of 8000 complete in 115.1 sec
[------           17%                  ] 1423 of 8000 complete in 115.6 sec
[------           17%                  ] 1429 of 8000 complete in 116.1 sec
[------           17%                  ] 1435 of 8000 complete in 116.7 sec
[------           18%                  ] 1442 of 8000 complete in 117.2 sec
[------           18%                  ] 1449 of 8000 complete in 117.7 sec
[------           18%                  ] 1456 of 8000 complete in 118.2 sec
[------           18%                  ] 1463 of 8000 complete in 118.8 sec
[------           18%                  ] 1470 of 8000 complete in 119.3 sec
[-------          18%                  ] 1499 of 8000 complete in 119.6 sec
[-------          18%                  ] 1506 of 8000 complete in 120.1 sec
[-------          18%                  ] 1513 of 8000 complete in 120.6 sec
[-------          18%                  ] 1519 of 8000 complete in 121.2 sec
[-------          19%                  ] 1526 of 8000 complete in 121.7 sec
[-------          19%                  ] 1533 of 8000 complete in 122.3 sec
[-------          19%                  ] 1540 of 8000 complete in 122.8 sec
[-------          19%                  ] 1547 of 8000 complete in 123.3 sec
[-------          19%                  ] 1554 of 8000 complete in 123.9 sec
[-------          19%                  ] 1561 of 8000 complete in 124.4 sec
[-------          19%                  ] 1568 of 8000 complete in 125.0 sec
[-------          19%                  ] 1575 of 8000 complete in 125.5 sec
[-------          19%                  ] 1582 of 8000 complete in 126.0 sec
[-------          19%                  ] 1588 of 8000 complete in 126.5 sec
[-------          19%                  ] 1594 of 8000 complete in 127.0 sec
[-------          20%                  ] 1600 of 8000 complete in 127.5 sec
[-------          20%                  ] 1606 of 8000 complete in 128.0 sec
[-------          20%                  ] 1613 of 8000 complete in 128.6 sec
[-------          20%                  ] 1619 of 8000 complete in 129.1 sec
[-------          20%                  ] 1625 of 8000 complete in 129.6 sec
[-------          20%                  ] 1631 of 8000 complete in 130.2 sec
[-------          20%                  ] 1638 of 8000 complete in 130.7 sec
[-------          20%                  ] 1644 of 8000 complete in 131.2 sec
[-------          20%                  ] 1651 of 8000 complete in 131.8 sec
[-------          20%                  ] 1658 of 8000 complete in 132.3 sec
[-------          20%                  ] 1665 of 8000 complete in 132.8 sec
[-------          20%                  ] 1672 of 8000 complete in 133.4 sec
[-------          20%                  ] 1678 of 8000 complete in 134.0 sec
[-------          21%                  ] 1683 of 8000 complete in 134.5 sec
[--------         21%                  ] 1688 of 8000 complete in 135.0 sec
[--------         21%                  ] 1694 of 8000 complete in 135.5 sec
[--------         21%                  ] 1701 of 8000 complete in 136.1 sec
[--------         21%                  ] 1707 of 8000 complete in 136.6 sec
[--------         21%                  ] 1713 of 8000 complete in 137.1 sec
[--------         21%                  ] 1719 of 8000 complete in 137.7 sec
[--------         21%                  ] 1725 of 8000 complete in 138.2 sec
[--------         21%                  ] 1731 of 8000 complete in 138.8 sec
[--------         21%                  ] 1737 of 8000 complete in 139.3 sec
[--------         21%                  ] 1743 of 8000 complete in 139.8 sec
[--------         21%                  ] 1749 of 8000 complete in 140.3 sec
[--------         21%                  ] 1756 of 8000 complete in 140.9 sec
[--------         22%                  ] 1762 of 8000 complete in 141.4 sec
[--------         22%                  ] 1768 of 8000 complete in 141.9 sec
[--------         22%                  ] 1775 of 8000 complete in 142.5 sec
[--------         22%                  ] 1781 of 8000 complete in 143.0 sec
[--------         22%                  ] 1788 of 8000 complete in 143.5 sec
[--------         22%                  ] 1795 of 8000 complete in 144.1 sec
[--------         22%                  ] 1800 of 8000 complete in 144.6 sec
[--------         22%                  ] 1806 of 8000 complete in 145.1 sec
[--------         22%                  ] 1813 of 8000 complete in 145.7 sec
[--------         22%                  ] 1819 of 8000 complete in 146.2 sec
[--------         22%                  ] 1825 of 8000 complete in 146.7 sec
[--------         22%                  ] 1832 of 8000 complete in 147.3 sec
[--------         22%                  ] 1839 of 8000 complete in 147.9 sec
[--------         23%                  ] 1846 of 8000 complete in 148.4 sec
[--------         23%                  ] 1853 of 8000 complete in 149.0 sec
[--------         23%                  ] 1860 of 8000 complete in 149.5 sec
[--------         23%                  ] 1867 of 8000 complete in 150.0 sec
[--------         23%                  ] 1874 of 8000 complete in 150.6 sec
[--------         23%                  ] 1881 of 8000 complete in 151.1 sec
[--------         23%                  ] 1888 of 8000 complete in 151.6 sec
[---------        23%                  ] 1895 of 8000 complete in 152.2 sec
[---------        23%                  ] 1902 of 8000 complete in 152.7 sec
[---------        23%                  ] 1909 of 8000 complete in 153.2 sec
[---------        23%                  ] 1916 of 8000 complete in 153.8 sec
[---------        24%                  ] 1923 of 8000 complete in 154.3 sec
[---------        24%                  ] 1930 of 8000 complete in 154.8 sec
[---------        24%                  ] 1937 of 8000 complete in 155.4 sec
[---------        24%                  ] 1943 of 8000 complete in 155.9 sec
[---------        24%                  ] 1950 of 8000 complete in 156.5 sec
[---------        24%                  ] 1957 of 8000 complete in 157.0 sec
[---------        24%                  ] 1963 of 8000 complete in 157.5 sec
[---------        24%                  ] 1970 of 8000 complete in 158.1 sec
[---------        24%                  ] 1977 of 8000 complete in 158.7 sec
[---------        24%                  ] 1984 of 8000 complete in 159.2 sec
[---------        24%                  ] 1991 of 8000 complete in 159.7 sec
[---------        24%                  ] 1997 of 8000 complete in 160.2 sec
[---------        25%                  ] 2003 of 8000 complete in 160.8 sec
[---------        25%                  ] 2009 of 8000 complete in 161.3 sec
[---------        25%                  ] 2016 of 8000 complete in 161.8 sec
[---------        25%                  ] 2022 of 8000 complete in 162.3 sec
[---------        25%                  ] 2028 of 8000 complete in 162.9 sec
[---------        25%                  ] 2034 of 8000 complete in 163.4 sec
[---------        25%                  ] 2041 of 8000 complete in 163.9 sec
[---------        25%                  ] 2047 of 8000 complete in 164.5 sec
[---------        25%                  ] 2053 of 8000 complete in 165.0 sec
[---------        25%                  ] 2059 of 8000 complete in 165.5 sec
[---------        25%                  ] 2066 of 8000 complete in 166.1 sec
[---------        25%                  ] 2072 of 8000 complete in 166.6 sec
[---------        25%                  ] 2078 of 8000 complete in 167.1 sec
[---------        26%                  ] 2084 of 8000 complete in 167.7 sec
[---------        26%                  ] 2091 of 8000 complete in 168.2 sec
[---------        26%                  ] 2097 of 8000 complete in 168.8 sec
[---------        26%                  ] 2104 of 8000 complete in 169.4 sec
[----------       26%                  ] 2110 of 8000 complete in 169.9 sec
[----------       26%                  ] 2116 of 8000 complete in 170.4 sec
[----------       26%                  ] 2122 of 8000 complete in 170.9 sec
[----------       26%                  ] 2128 of 8000 complete in 171.4 sec
[----------       26%                  ] 2134 of 8000 complete in 172.0 sec
[----------       26%                  ] 2139 of 8000 complete in 172.5 sec
[----------       26%                  ] 2146 of 8000 complete in 173.1 sec
[----------       26%                  ] 2153 of 8000 complete in 173.6 sec
[----------       27%                  ] 2160 of 8000 complete in 174.1 sec
[----------       27%                  ] 2167 of 8000 complete in 174.7 sec
[----------       27%                  ] 2174 of 8000 complete in 175.2 sec
[----------       27%                  ] 2181 of 8000 complete in 175.8 sec
[----------       27%                  ] 2188 of 8000 complete in 176.3 sec
[-------          18%                  ] 1488 of 8000 complete in 119.3 sec
[-------          18%                  ] 1495 of 8000 complete in 119.8 sec
[-------          18%                  ] 1502 of 8000 complete in 120.4 sec
[-------          18%                  ] 1509 of 8000 complete in 120.9 sec
[-------          18%                  ] 1515 of 8000 complete in 121.4 sec
[-------          19%                  ] 1522 of 8000 complete in 122.0 sec
[-------          19%                  ] 1529 of 8000 complete in 122.5 sec
[-------          19%                  ] 1536 of 8000 complete in 123.0 sec
[-------          19%                  ] 1543 of 8000 complete in 123.6 sec
[-------          19%                  ] 1550 of 8000 complete in 124.1 sec
[-------          19%                  ] 1557 of 8000 complete in 124.7 sec
[-------          19%                  ] 1564 of 8000 complete in 125.2 sec
[-------          19%                  ] 1571 of 8000 complete in 125.7 sec
[-------          19%                  ] 1578 of 8000 complete in 126.3 sec
[-------          19%                  ] 1584 of 8000 complete in 126.8 sec
[-------          19%                  ] 1590 of 8000 complete in 127.3 sec
[-------          19%                  ] 1596 of 8000 complete in 127.8 sec
[-------          20%                  ] 1603 of 8000 complete in 128.4 sec
[-------          20%                  ] 1609 of 8000 complete in 128.9 sec
[-------          20%                  ] 1615 of 8000 complete in 129.4 sec
[-------          20%                  ] 1621 of 8000 complete in 130.0 sec
[-------          20%                  ] 1628 of 8000 complete in 130.5 sec
[-------          20%                  ] 1634 of 8000 complete in 131.0 sec
[-------          20%                  ] 1641 of 8000 complete in 131.6 sec
[-------          20%                  ] 1648 of 8000 complete in 132.1 sec
[-------          20%                  ] 1655 of 8000 complete in 132.7 sec
[-------          20%                  ] 1661 of 8000 complete in 133.2 sec
[-------          20%                  ] 1668 of 8000 complete in 133.8 sec
[-------          20%                  ] 1674 of 8000 complete in 134.3 sec
[-------          21%                  ] 1680 of 8000 complete in 134.9 sec
[--------         21%                  ] 1687 of 8000 complete in 135.5 sec
[--------         21%                  ] 1694 of 8000 complete in 136.0 sec
[--------         21%                  ] 1700 of 8000 complete in 136.6 sec
[--------         21%                  ] 1707 of 8000 complete in 137.2 sec
[--------         21%                  ] 1713 of 8000 complete in 137.7 sec
[--------         21%                  ] 1719 of 8000 complete in 138.3 sec
[--------         21%                  ] 1725 of 8000 complete in 138.8 sec
[--------         21%                  ] 1732 of 8000 complete in 139.4 sec
[--------         21%                  ] 1738 of 8000 complete in 139.9 sec
[--------         21%                  ] 1745 of 8000 complete in 140.4 sec
[--------         21%                  ] 1751 of 8000 complete in 140.9 sec
[--------         21%                  ] 1757 of 8000 complete in 141.4 sec
[--------         22%                  ] 1764 of 8000 complete in 142.0 sec
[--------         22%                  ] 1770 of 8000 complete in 142.5 sec
[--------         22%                  ] 1777 of 8000 complete in 143.0 sec
[--------         22%                  ] 1784 of 8000 complete in 143.6 sec
[--------         22%                  ] 1790 of 8000 complete in 144.1 sec
[--------         22%                  ] 1796 of 8000 complete in 144.7 sec
[--------         22%                  ] 1803 of 8000 complete in 145.3 sec
[--------         22%                  ] 1809 of 8000 complete in 145.8 sec
[--------         22%                  ] 1815 of 8000 complete in 146.3 sec
[--------         22%                  ] 1821 of 8000 complete in 146.9 sec
[--------         22%                  ] 1828 of 8000 complete in 147.5 sec
[--------         22%                  ] 1835 of 8000 complete in 148.0 sec
[--------         23%                  ] 1842 of 8000 complete in 148.6 sec
[--------         23%                  ] 1849 of 8000 complete in 149.2 sec
[--------         23%                  ] 1855 of 8000 complete in 149.7 sec
[--------         23%                  ] 1862 of 8000 complete in 150.3 sec
[--------         23%                  ] 1869 of 8000 complete in 150.8 sec
[--------         23%                  ] 1876 of 8000 complete in 151.3 sec
[--------         23%                  ] 1883 of 8000 complete in 151.8 sec
[--------         23%                  ] 1890 of 8000 complete in 152.4 sec
[---------        23%                  ] 1897 of 8000 complete in 152.9 sec
[---------        23%                  ] 1904 of 8000 complete in 153.5 sec
[---------        23%                  ] 1911 of 8000 complete in 154.0 sec
[---------        23%                  ] 1918 of 8000 complete in 154.6 sec
[---------        24%                  ] 1925 of 8000 complete in 155.1 sec
[---------        24%                  ] 1932 of 8000 complete in 155.7 sec
[---------        24%                  ] 1938 of 8000 complete in 156.2 sec
[---------        24%                  ] 1945 of 8000 complete in 156.8 sec
[---------        24%                  ] 1952 of 8000 complete in 157.3 sec
[---------        24%                  ] 1958 of 8000 complete in 157.8 sec
[---------        24%                  ] 1964 of 8000 complete in 158.3 sec
[---------        24%                  ] 1970 of 8000 complete in 158.9 sec
[---------        24%                  ] 1977 of 8000 complete in 159.4 sec
[---------        24%                  ] 1984 of 8000 complete in 160.0 sec
[---------        24%                  ] 1991 of 8000 complete in 160.5 sec
[---------        24%                  ] 1998 of 8000 complete in 161.1 sec
[---------        25%                  ] 2005 of 8000 complete in 161.7 sec
[---------        25%                  ] 2012 of 8000 complete in 162.2 sec
[---------        25%                  ] 2018 of 8000 complete in 162.7 sec
[---------        25%                  ] 2025 of 8000 complete in 163.3 sec
[---------        25%                  ] 2032 of 8000 complete in 163.9 sec
[---------        25%                  ] 2039 of 8000 complete in 164.4 sec
[---------        25%                  ] 2045 of 8000 complete in 165.0 sec
[---------        25%                  ] 2052 of 8000 complete in 165.5 sec
[---------        25%                  ] 2059 of 8000 complete in 166.1 sec
[---------        25%                  ] 2065 of 8000 complete in 166.6 sec
[---------        25%                  ] 2072 of 8000 complete in 167.2 sec
[---------        25%                  ] 2078 of 8000 complete in 167.7 sec
[---------        26%                  ] 2085 of 8000 complete in 168.3 sec
[---------        26%                  ] 2091 of 8000 complete in 168.8 sec
[---------        26%                  ] 2097 of 8000 complete in 169.4 sec
[---------        26%                  ] 2103 of 8000 complete in 169.9 sec
[----------       26%                  ] 2110 of 8000 complete in 170.4 sec
[----------       26%                  ] 2116 of 8000 complete in 171.0 sec
[----------       26%                  ] 2122 of 8000 complete in 171.5 sec
[----------       26%                  ] 2128 of 8000 complete in 172.1 sec
[----------       26%                  ] 2134 of 8000 complete in 172.6 sec
[----------       26%                  ] 2141 of 8000 complete in 173.2 sec
[----------       26%                  ] 2148 of 8000 complete in 173.7 sec
[----------       26%                  ] 2155 of 8000 complete in 174.3 sec
[----------       27%                  ] 2162 of 8000 complete in 174.8 sec
[----------       27%                  ] 2169 of 8000 complete in 175.4 sec
[----------       27%                  ] 2176 of 8000 complete in 175.9 sec
[----------       27%                  ] 2182 of 8000 complete in 176.4 sec
[----------       27%                  ] 2189 of 8000 complete in 177.0 sec
[-------          18%                  ] 1498 of 8000 complete in 119.6 sec
[-------          18%                  ] 1505 of 8000 complete in 120.1 sec
[-------          18%                  ] 1513 of 8000 complete in 120.7 sec
[-------          19%                  ] 1520 of 8000 complete in 121.2 sec
[-------          19%                  ] 1527 of 8000 complete in 121.8 sec
[-------          19%                  ] 1534 of 8000 complete in 122.3 sec
[-------          19%                  ] 1541 of 8000 complete in 122.8 sec
[-------          19%                  ] 1548 of 8000 complete in 123.4 sec
[-------          19%                  ] 1555 of 8000 complete in 123.9 sec
[-------          19%                  ] 1562 of 8000 complete in 124.4 sec
[-------          19%                  ] 1569 of 8000 complete in 125.0 sec
[-------          19%                  ] 1577 of 8000 complete in 125.5 sec
[-------          19%                  ] 1584 of 8000 complete in 126.1 sec
[-------          19%                  ] 1590 of 8000 complete in 126.6 sec
[-------          19%                  ] 1597 of 8000 complete in 127.2 sec
[-------          20%                  ] 1603 of 8000 complete in 127.7 sec
[-------          20%                  ] 1609 of 8000 complete in 128.2 sec
[-------          20%                  ] 1616 of 8000 complete in 128.8 sec
[-------          20%                  ] 1622 of 8000 complete in 129.3 sec
[-------          20%                  ] 1628 of 8000 complete in 129.9 sec
[-------          20%                  ] 1634 of 8000 complete in 130.4 sec
[-------          20%                  ] 1641 of 8000 complete in 130.9 sec
[-------          20%                  ] 1648 of 8000 complete in 131.5 sec
[-------          20%                  ] 1655 of 8000 complete in 132.0 sec
[-------          20%                  ] 1662 of 8000 complete in 132.6 sec
[-------          20%                  ] 1669 of 8000 complete in 133.1 sec
[-------          20%                  ] 1676 of 8000 complete in 133.7 sec
[-------          21%                  ] 1682 of 8000 complete in 134.2 sec
[--------         21%                  ] 1687 of 8000 complete in 134.8 sec
[--------         21%                  ] 1693 of 8000 complete in 135.3 sec
[--------         21%                  ] 1700 of 8000 complete in 135.9 sec
[--------         21%                  ] 1706 of 8000 complete in 136.4 sec
[--------         21%                  ] 1713 of 8000 complete in 137.0 sec
[--------         21%                  ] 1719 of 8000 complete in 137.5 sec
[--------         21%                  ] 1725 of 8000 complete in 138.0 sec
[--------         21%                  ] 1732 of 8000 complete in 138.6 sec
[--------         21%                  ] 1738 of 8000 complete in 139.1 sec
[--------         21%                  ] 1745 of 8000 complete in 139.7 sec
[--------         21%                  ] 1751 of 8000 complete in 140.2 sec
[--------         21%                  ] 1758 of 8000 complete in 140.8 sec
[--------         22%                  ] 1765 of 8000 complete in 141.3 sec
[--------         22%                  ] 1772 of 8000 complete in 141.9 sec
[--------         22%                  ] 1779 of 8000 complete in 142.5 sec
[--------         22%                  ] 1786 of 8000 complete in 143.0 sec
[--------         22%                  ] 1793 of 8000 complete in 143.6 sec
[--------         22%                  ] 1800 of 8000 complete in 144.1 sec
[--------         22%                  ] 1806 of 8000 complete in 144.7 sec
[--------         22%                  ] 1813 of 8000 complete in 145.3 sec
[--------         22%                  ] 1820 of 8000 complete in 145.9 sec
[--------         22%                  ] 1826 of 8000 complete in 146.4 sec
[--------         22%                  ] 1832 of 8000 complete in 146.9 sec
[--------         22%                  ] 1838 of 8000 complete in 147.5 sec
[--------         23%                  ] 1845 of 8000 complete in 148.0 sec
[--------         23%                  ] 1852 of 8000 complete in 148.6 sec
[--------         23%                  ] 1859 of 8000 complete in 149.1 sec
[--------         23%                  ] 1866 of 8000 complete in 149.7 sec
[--------         23%                  ] 1873 of 8000 complete in 150.2 sec
[--------         23%                  ] 1880 of 8000 complete in 150.8 sec
[--------         23%                  ] 1887 of 8000 complete in 151.3 sec
[--------         23%                  ] 1894 of 8000 complete in 151.8 sec
[---------        23%                  ] 1901 of 8000 complete in 152.4 sec
[---------        23%                  ] 1908 of 8000 complete in 152.9 sec
[---------        23%                  ] 1915 of 8000 complete in 153.4 sec
[---------        24%                  ] 1922 of 8000 complete in 153.9 sec
[---------        24%                  ] 1929 of 8000 complete in 154.4 sec
[---------        24%                  ] 1936 of 8000 complete in 154.9 sec
[---------        24%                  ] 1943 of 8000 complete in 155.5 sec
[---------        24%                  ] 1949 of 8000 complete in 156.0 sec
[---------        24%                  ] 1956 of 8000 complete in 156.5 sec
[---------        24%                  ] 1963 of 8000 complete in 157.1 sec
[---------        24%                  ] 1970 of 8000 complete in 157.7 sec
[---------        24%                  ] 1976 of 8000 complete in 158.2 sec
[---------        24%                  ] 1983 of 8000 complete in 158.8 sec
[---------        24%                  ] 1990 of 8000 complete in 159.3 sec
[---------        24%                  ] 1996 of 8000 complete in 159.8 sec
[---------        25%                  ] 2003 of 8000 complete in 160.4 sec
[---------        25%                  ] 2010 of 8000 complete in 160.9 sec
[---------        25%                  ] 2017 of 8000 complete in 161.5 sec
[---------        25%                  ] 2024 of 8000 complete in 162.0 sec
[---------        25%                  ] 2030 of 8000 complete in 162.6 sec
[---------        25%                  ] 2036 of 8000 complete in 163.1 sec
[---------        25%                  ] 2043 of 8000 complete in 163.7 sec
[---------        25%                  ] 2049 of 8000 complete in 164.2 sec
[---------        25%                  ] 2055 of 8000 complete in 164.7 sec
[---------        25%                  ] 2061 of 8000 complete in 165.2 sec
[---------        25%                  ] 2068 of 8000 complete in 165.8 sec
[---------        25%                  ] 2074 of 8000 complete in 166.3 sec
[---------        26%                  ] 2081 of 8000 complete in 166.9 sec
[---------        26%                  ] 2087 of 8000 complete in 167.4 sec
[---------        26%                  ] 2093 of 8000 complete in 167.9 sec
[---------        26%                  ] 2100 of 8000 complete in 168.5 sec
[----------       26%                  ] 2106 of 8000 complete in 169.1 sec
[----------       26%                  ] 2113 of 8000 complete in 169.6 sec
[----------       26%                  ] 2120 of 8000 complete in 170.2 sec
[----------       26%                  ] 2126 of 8000 complete in 170.7 sec
[----------       26%                  ] 2132 of 8000 complete in 171.2 sec
[----------       26%                  ] 2138 of 8000 complete in 171.8 sec
[----------       26%                  ] 2144 of 8000 complete in 172.3 sec
[----------       26%                  ] 2151 of 8000 complete in 172.9 sec
[----------       26%                  ] 2158 of 8000 complete in 173.5 sec
[----------       27%                  ] 2165 of 8000 complete in 174.0 sec
[----------       27%                  ] 2172 of 8000 complete in 174.5 sec
[----------       27%                  ] 2179 of 8000 complete in 175.0 sec
[----------       27%                  ] 2186 of 8000 complete in 175.6 sec
[----------       27%                  ] 2193 of 8000 complete in 176.1 sec
[----------       27%                  ] 2200 of 8000 complete in 176.6 sec
[----------       27%                  ] 2207 of 8000 complete in 177.1 sec
[-------          18%                  ] 1477 of 8000 complete in 119.9 sec
[-------          18%                  ] 1484 of 8000 complete in 120.4 sec
[-------          18%                  ] 1491 of 8000 complete in 121.0 sec
[-------          18%                  ] 1497 of 8000 complete in 121.5 sec
[-------          18%                  ] 1503 of 8000 complete in 122.0 sec
[-------          18%                  ] 1510 of 8000 complete in 122.5 sec
[-------          18%                  ] 1517 of 8000 complete in 123.0 sec
[-------          19%                  ] 1524 of 8000 complete in 123.6 sec
[-------          19%                  ] 1531 of 8000 complete in 124.1 sec
[-------          19%                  ] 1538 of 8000 complete in 124.7 sec
[-------          19%                  ] 1545 of 8000 complete in 125.2 sec
[-------          19%                  ] 1552 of 8000 complete in 125.8 sec
[-------          19%                  ] 1558 of 8000 complete in 126.3 sec
[-------          19%                  ] 1565 of 8000 complete in 126.9 sec
[-------          19%                  ] 1572 of 8000 complete in 127.4 sec
[-------          19%                  ] 1578 of 8000 complete in 127.9 sec
[-------          19%                  ] 1585 of 8000 complete in 128.5 sec
[-------          19%                  ] 1591 of 8000 complete in 129.0 sec
[-------          19%                  ] 1597 of 8000 complete in 129.6 sec
[-------          20%                  ] 1603 of 8000 complete in 130.1 sec
[-------          20%                  ] 1610 of 8000 complete in 130.7 sec
[-------          20%                  ] 1616 of 8000 complete in 131.2 sec
[-------          20%                  ] 1623 of 8000 complete in 131.7 sec
[-------          20%                  ] 1630 of 8000 complete in 132.3 sec
[-------          20%                  ] 1637 of 8000 complete in 132.8 sec
[-------          20%                  ] 1644 of 8000 complete in 133.4 sec
[-------          20%                  ] 1651 of 8000 complete in 133.9 sec
[-------          20%                  ] 1656 of 8000 complete in 134.4 sec
[-------          20%                  ] 1661 of 8000 complete in 135.0 sec
[-------          20%                  ] 1668 of 8000 complete in 135.5 sec
[-------          20%                  ] 1675 of 8000 complete in 136.1 sec
[-------          21%                  ] 1681 of 8000 complete in 136.7 sec
[--------         21%                  ] 1687 of 8000 complete in 137.2 sec
[--------         21%                  ] 1693 of 8000 complete in 137.8 sec
[--------         21%                  ] 1699 of 8000 complete in 138.3 sec
[--------         21%                  ] 1705 of 8000 complete in 138.8 sec
[--------         21%                  ] 1712 of 8000 complete in 139.4 sec
[--------         21%                  ] 1718 of 8000 complete in 139.9 sec
[--------         21%                  ] 1724 of 8000 complete in 140.4 sec
[--------         21%                  ] 1730 of 8000 complete in 140.9 sec
[--------         21%                  ] 1737 of 8000 complete in 141.5 sec
[--------         21%                  ] 1743 of 8000 complete in 142.0 sec
[--------         21%                  ] 1750 of 8000 complete in 142.5 sec
[--------         21%                  ] 1757 of 8000 complete in 143.1 sec
[--------         22%                  ] 1763 of 8000 complete in 143.6 sec
[--------         22%                  ] 1769 of 8000 complete in 144.2 sec
[--------         22%                  ] 1775 of 8000 complete in 144.8 sec
[--------         22%                  ] 1781 of 8000 complete in 145.3 sec
[--------         22%                  ] 1788 of 8000 complete in 145.8 sec
[--------         22%                  ] 1794 of 8000 complete in 146.4 sec
[--------         22%                  ] 1800 of 8000 complete in 146.9 sec
[--------         22%                  ] 1806 of 8000 complete in 147.4 sec
[--------         22%                  ] 1813 of 8000 complete in 148.0 sec
[--------         22%                  ] 1820 of 8000 complete in 148.5 sec
[--------         22%                  ] 1827 of 8000 complete in 149.1 sec
[--------         22%                  ] 1834 of 8000 complete in 149.6 sec
[--------         23%                  ] 1841 of 8000 complete in 150.2 sec
[--------         23%                  ] 1848 of 8000 complete in 150.7 sec
[--------         23%                  ] 1855 of 8000 complete in 151.3 sec
[--------         23%                  ] 1862 of 8000 complete in 151.8 sec
[--------         23%                  ] 1869 of 8000 complete in 152.3 sec
[--------         23%                  ] 1876 of 8000 complete in 152.9 sec
[--------         23%                  ] 1884 of 8000 complete in 153.4 sec
[--------         23%                  ] 1891 of 8000 complete in 153.9 sec
[---------        23%                  ] 1898 of 8000 complete in 154.5 sec
[---------        23%                  ] 1905 of 8000 complete in 155.0 sec
[---------        23%                  ] 1912 of 8000 complete in 155.6 sec
[---------        23%                  ] 1918 of 8000 complete in 156.1 sec
[---------        24%                  ] 1925 of 8000 complete in 156.6 sec
[---------        24%                  ] 1932 of 8000 complete in 157.2 sec
[---------        24%                  ] 1938 of 8000 complete in 157.7 sec
[---------        24%                  ] 1945 of 8000 complete in 158.3 sec
[---------        24%                  ] 1951 of 8000 complete in 158.8 sec
[---------        24%                  ] 1957 of 8000 complete in 159.3 sec
[---------        24%                  ] 1964 of 8000 complete in 159.9 sec
[---------        24%                  ] 1971 of 8000 complete in 160.4 sec
[---------        24%                  ] 1978 of 8000 complete in 161.0 sec
[---------        24%                  ] 1985 of 8000 complete in 161.6 sec
[---------        24%                  ] 1992 of 8000 complete in 162.1 sec
[---------        24%                  ] 1998 of 8000 complete in 162.6 sec
[---------        25%                  ] 2005 of 8000 complete in 163.2 sec
[---------        25%                  ] 2012 of 8000 complete in 163.7 sec
[---------        25%                  ] 2018 of 8000 complete in 164.2 sec
[---------        25%                  ] 2024 of 8000 complete in 164.8 sec
[---------        25%                  ] 2031 of 8000 complete in 165.4 sec
[---------        25%                  ] 2038 of 8000 complete in 166.0 sec
[---------        25%                  ] 2044 of 8000 complete in 166.5 sec
[---------        25%                  ] 2051 of 8000 complete in 167.1 sec
[---------        25%                  ] 2058 of 8000 complete in 167.7 sec
[---------        25%                  ] 2064 of 8000 complete in 168.2 sec
[---------        25%                  ] 2070 of 8000 complete in 168.7 sec
[---------        25%                  ] 2076 of 8000 complete in 169.2 sec
[---------        26%                  ] 2083 of 8000 complete in 169.8 sec
[---------        26%                  ] 2089 of 8000 complete in 170.3 sec
[---------        26%                  ] 2095 of 8000 complete in 170.8 sec
[---------        26%                  ] 2101 of 8000 complete in 171.3 sec
[----------       26%                  ] 2107 of 8000 complete in 171.9 sec
[----------       26%                  ] 2113 of 8000 complete in 172.5 sec
[----------       26%                  ] 2120 of 8000 complete in 173.0 sec
[----------       26%                  ] 2127 of 8000 complete in 173.6 sec
[----------       26%                  ] 2134 of 8000 complete in 174.1 sec
[----------       26%                  ] 2141 of 8000 complete in 174.6 sec
[----------       26%                  ] 2148 of 8000 complete in 175.2 sec
[----------       26%                  ] 2155 of 8000 complete in 175.7 sec
[----------       27%                  ] 2162 of 8000 complete in 176.3 sec
[----------       27%                  ] 2169 of 8000 complete in 176.9 sec
[----------       27%                  ] 2176 of 8000 complete in 177.4 sec
[----------       27%                  ] 2195 of 8000 complete in 176.8 sec
[----------       27%                  ] 2202 of 8000 complete in 177.4 sec
[----------       27%                  ] 2209 of 8000 complete in 177.9 sec
[----------       27%                  ] 2216 of 8000 complete in 178.4 sec
[----------       27%                  ] 2223 of 8000 complete in 178.9 sec
[----------       27%                  ] 2230 of 8000 complete in 179.4 sec
[----------       27%                  ] 2237 of 8000 complete in 180.0 sec
[----------       28%                  ] 2244 of 8000 complete in 180.5 sec
[----------       28%                  ] 2251 of 8000 complete in 181.1 sec
[----------       28%                  ] 2258 of 8000 complete in 181.7 sec
[----------       28%                  ] 2264 of 8000 complete in 182.2 sec
[----------       28%                  ] 2271 of 8000 complete in 182.7 sec
[----------       28%                  ] 2278 of 8000 complete in 183.3 sec
[----------       28%                  ] 2284 of 8000 complete in 183.8 sec
[----------       28%                  ] 2291 of 8000 complete in 184.3 sec
[----------       28%                  ] 2298 of 8000 complete in 184.9 sec
[----------       28%                  ] 2305 of 8000 complete in 185.4 sec
[----------       28%                  ] 2312 of 8000 complete in 186.0 sec
[-----------      28%                  ] 2318 of 8000 complete in 186.5 sec
[-----------      29%                  ] 2325 of 8000 complete in 187.1 sec
[-----------      29%                  ] 2332 of 8000 complete in 187.7 sec
[-----------      29%                  ] 2339 of 8000 complete in 188.2 sec
[-----------      29%                  ] 2345 of 8000 complete in 188.7 sec
[-----------      29%                  ] 2352 of 8000 complete in 189.3 sec
[-----------      29%                  ] 2358 of 8000 complete in 189.8 sec
[-----------      29%                  ] 2364 of 8000 complete in 190.4 sec
[-----------      29%                  ] 2370 of 8000 complete in 190.9 sec
[-----------      29%                  ] 2377 of 8000 complete in 191.5 sec
[-----------      29%                  ] 2384 of 8000 complete in 192.0 sec
[-----------      29%                  ] 2391 of 8000 complete in 192.5 sec
[-----------      29%                  ] 2398 of 8000 complete in 193.1 sec
[-----------      30%                  ] 2405 of 8000 complete in 193.6 sec
[-----------      30%                  ] 2412 of 8000 complete in 194.2 sec
[-----------      30%                  ] 2418 of 8000 complete in 194.7 sec
[-----------      30%                  ] 2425 of 8000 complete in 195.2 sec
[-----------      30%                  ] 2431 of 8000 complete in 195.8 sec
[-----------      30%                  ] 2437 of 8000 complete in 196.3 sec
[-----------      30%                  ] 2443 of 8000 complete in 196.8 sec
[-----------      30%                  ] 2450 of 8000 complete in 197.4 sec
[-----------      30%                  ] 2456 of 8000 complete in 197.9 sec
[-----------      30%                  ] 2462 of 8000 complete in 198.4 sec
[-----------      30%                  ] 2468 of 8000 complete in 198.9 sec
[-----------      30%                  ] 2475 of 8000 complete in 199.5 sec
[-----------      31%                  ] 2481 of 8000 complete in 200.1 sec
[-----------      31%                  ] 2487 of 8000 complete in 200.6 sec
[-----------      31%                  ] 2493 of 8000 complete in 201.1 sec
[-----------      31%                  ] 2500 of 8000 complete in 201.7 sec
[-----------      31%                  ] 2507 of 8000 complete in 202.3 sec
[-----------      31%                  ] 2514 of 8000 complete in 202.8 sec
[-----------      31%                  ] 2521 of 8000 complete in 203.4 sec
[------------     31%                  ] 2528 of 8000 complete in 203.9 sec
[------------     31%                  ] 2535 of 8000 complete in 204.5 sec
[------------     31%                  ] 2542 of 8000 complete in 205.0 sec
[------------     31%                  ] 2549 of 8000 complete in 205.5 sec
[------------     31%                  ] 2556 of 8000 complete in 206.0 sec
[------------     32%                  ] 2562 of 8000 complete in 206.6 sec
[------------     32%                  ] 2569 of 8000 complete in 207.1 sec
[------------     32%                  ] 2576 of 8000 complete in 207.7 sec
[------------     32%                  ] 2583 of 8000 complete in 208.3 sec
[------------     32%                  ] 2590 of 8000 complete in 208.8 sec
[------------     32%                  ] 2597 of 8000 complete in 209.4 sec
[------------     32%                  ] 2604 of 8000 complete in 209.9 sec
[------------     32%                  ] 2611 of 8000 complete in 210.4 sec
[------------     32%                  ] 2618 of 8000 complete in 211.0 sec
[------------     32%                  ] 2625 of 8000 complete in 211.6 sec
[------------     32%                  ] 2631 of 8000 complete in 212.1 sec
[------------     32%                  ] 2638 of 8000 complete in 212.6 sec
[------------     33%                  ] 2645 of 8000 complete in 213.2 sec
[------------     33%                  ] 2652 of 8000 complete in 213.7 sec
[------------     33%                  ] 2658 of 8000 complete in 214.3 sec
[------------     33%                  ] 2665 of 8000 complete in 214.8 sec
[------------     33%                  ] 2671 of 8000 complete in 215.3 sec
[------------     33%                  ] 2677 of 8000 complete in 215.8 sec
[------------     33%                  ] 2683 of 8000 complete in 216.4 sec
[------------     33%                  ] 2690 of 8000 complete in 216.9 sec
[------------     33%                  ] 2696 of 8000 complete in 217.4 sec
[------------     33%                  ] 2702 of 8000 complete in 218.0 sec
[------------     33%                  ] 2708 of 8000 complete in 218.5 sec
[------------     33%                  ] 2715 of 8000 complete in 219.0 sec
[------------     34%                  ] 2721 of 8000 complete in 219.5 sec
[------------     34%                  ] 2728 of 8000 complete in 220.1 sec
[------------     34%                  ] 2735 of 8000 complete in 220.6 sec
[-------------    34%                  ] 2742 of 8000 complete in 221.1 sec
[-------------    34%                  ] 2749 of 8000 complete in 221.7 sec
[-------------    34%                  ] 2756 of 8000 complete in 222.2 sec
[-------------    34%                  ] 2763 of 8000 complete in 222.7 sec
[-------------    34%                  ] 2770 of 8000 complete in 223.3 sec
[-------------    34%                  ] 2777 of 8000 complete in 223.8 sec
[-------------    34%                  ] 2783 of 8000 complete in 224.4 sec
[-------------    34%                  ] 2789 of 8000 complete in 225.0 sec
[-------------    34%                  ] 2795 of 8000 complete in 225.5 sec
[-------------    35%                  ] 2801 of 8000 complete in 226.0 sec
[-------------    35%                  ] 2807 of 8000 complete in 226.6 sec
[-------------    35%                  ] 2814 of 8000 complete in 227.1 sec
[-------------    35%                  ] 2820 of 8000 complete in 227.7 sec
[-------------    35%                  ] 2826 of 8000 complete in 228.2 sec
[-------------    35%                  ] 2832 of 8000 complete in 228.8 sec
[-------------    35%                  ] 2838 of 8000 complete in 229.3 sec
[-------------    35%                  ] 2845 of 8000 complete in 229.8 sec
[-------------    35%                  ] 2851 of 8000 complete in 230.3 sec
[-------------    35%                  ] 2858 of 8000 complete in 230.9 sec
[-------------    35%                  ] 2865 of 8000 complete in 231.5 sec
[-------------    35%                  ] 2872 of 8000 complete in 232.0 sec
[-------------    35%                  ] 2878 of 8000 complete in 232.5 sec
[-------------    36%                  ] 2884 of 8000 complete in 233.0 sec
[-------------    36%                  ] 2890 of 8000 complete in 233.5 sec
[-------------    36%                  ] 2897 of 8000 complete in 234.1 sec
[----------       27%                  ] 2196 of 8000 complete in 177.5 sec
[----------       27%                  ] 2203 of 8000 complete in 178.0 sec
[----------       27%                  ] 2210 of 8000 complete in 178.5 sec
[----------       27%                  ] 2217 of 8000 complete in 179.0 sec
[----------       27%                  ] 2224 of 8000 complete in 179.6 sec
[----------       27%                  ] 2231 of 8000 complete in 180.1 sec
[----------       27%                  ] 2238 of 8000 complete in 180.7 sec
[----------       28%                  ] 2244 of 8000 complete in 181.2 sec
[----------       28%                  ] 2250 of 8000 complete in 181.7 sec
[----------       28%                  ] 2256 of 8000 complete in 182.2 sec
[----------       28%                  ] 2263 of 8000 complete in 182.8 sec
[----------       28%                  ] 2270 of 8000 complete in 183.3 sec
[----------       28%                  ] 2276 of 8000 complete in 183.8 sec
[----------       28%                  ] 2283 of 8000 complete in 184.4 sec
[----------       28%                  ] 2290 of 8000 complete in 184.9 sec
[----------       28%                  ] 2297 of 8000 complete in 185.5 sec
[----------       28%                  ] 2303 of 8000 complete in 186.0 sec
[----------       28%                  ] 2309 of 8000 complete in 186.5 sec
[-----------      28%                  ] 2316 of 8000 complete in 187.1 sec
[-----------      29%                  ] 2323 of 8000 complete in 187.7 sec
[-----------      29%                  ] 2330 of 8000 complete in 188.2 sec
[-----------      29%                  ] 2337 of 8000 complete in 188.7 sec
[-----------      29%                  ] 2344 of 8000 complete in 189.3 sec
[-----------      29%                  ] 2350 of 8000 complete in 189.8 sec
[-----------      29%                  ] 2356 of 8000 complete in 190.4 sec
[-----------      29%                  ] 2362 of 8000 complete in 191.0 sec
[-----------      29%                  ] 2369 of 8000 complete in 191.6 sec
[-----------      29%                  ] 2376 of 8000 complete in 192.1 sec
[-----------      29%                  ] 2383 of 8000 complete in 192.6 sec
[-----------      29%                  ] 2390 of 8000 complete in 193.2 sec
[-----------      29%                  ] 2397 of 8000 complete in 193.7 sec
[-----------      30%                  ] 2404 of 8000 complete in 194.3 sec
[-----------      30%                  ] 2410 of 8000 complete in 194.8 sec
[-----------      30%                  ] 2417 of 8000 complete in 195.4 sec
[-----------      30%                  ] 2424 of 8000 complete in 195.9 sec
[-----------      30%                  ] 2430 of 8000 complete in 196.5 sec
[-----------      30%                  ] 2436 of 8000 complete in 197.0 sec
[-----------      30%                  ] 2442 of 8000 complete in 197.5 sec
[-----------      30%                  ] 2448 of 8000 complete in 198.0 sec
[-----------      30%                  ] 2454 of 8000 complete in 198.5 sec
[-----------      30%                  ] 2460 of 8000 complete in 199.0 sec
[-----------      30%                  ] 2467 of 8000 complete in 199.6 sec
[-----------      30%                  ] 2472 of 8000 complete in 200.1 sec
[-----------      30%                  ] 2478 of 8000 complete in 200.6 sec
[-----------      31%                  ] 2485 of 8000 complete in 201.2 sec
[-----------      31%                  ] 2491 of 8000 complete in 201.7 sec
[-----------      31%                  ] 2498 of 8000 complete in 202.3 sec
[-----------      31%                  ] 2506 of 8000 complete in 202.8 sec
[-----------      31%                  ] 2513 of 8000 complete in 203.3 sec
[-----------      31%                  ] 2520 of 8000 complete in 203.9 sec
[------------     31%                  ] 2527 of 8000 complete in 204.4 sec
[------------     31%                  ] 2534 of 8000 complete in 205.0 sec
[------------     31%                  ] 2541 of 8000 complete in 205.5 sec
[------------     31%                  ] 2548 of 8000 complete in 206.0 sec
[------------     31%                  ] 2554 of 8000 complete in 206.5 sec
[------------     32%                  ] 2561 of 8000 complete in 207.1 sec
[------------     32%                  ] 2568 of 8000 complete in 207.6 sec
[------------     32%                  ] 2574 of 8000 complete in 208.1 sec
[------------     32%                  ] 2581 of 8000 complete in 208.7 sec
[------------     32%                  ] 2588 of 8000 complete in 209.2 sec
[------------     32%                  ] 2595 of 8000 complete in 209.8 sec
[------------     32%                  ] 2602 of 8000 complete in 210.3 sec
[------------     32%                  ] 2609 of 8000 complete in 210.8 sec
[------------     32%                  ] 2616 of 8000 complete in 211.4 sec
[------------     32%                  ] 2623 of 8000 complete in 212.0 sec
[------------     32%                  ] 2630 of 8000 complete in 212.5 sec
[------------     32%                  ] 2637 of 8000 complete in 213.1 sec
[------------     33%                  ] 2644 of 8000 complete in 213.7 sec
[------------     33%                  ] 2650 of 8000 complete in 214.2 sec
[------------     33%                  ] 2656 of 8000 complete in 214.7 sec
[------------     33%                  ] 2662 of 8000 complete in 215.2 sec
[------------     33%                  ] 2669 of 8000 complete in 215.8 sec
[------------     33%                  ] 2676 of 8000 complete in 216.3 sec
[------------     33%                  ] 2682 of 8000 complete in 216.9 sec
[------------     33%                  ] 2688 of 8000 complete in 217.4 sec
[------------     33%                  ] 2695 of 8000 complete in 218.0 sec
[------------     33%                  ] 2701 of 8000 complete in 218.5 sec
[------------     33%                  ] 2707 of 8000 complete in 219.0 sec
[------------     33%                  ] 2714 of 8000 complete in 219.6 sec
[------------     34%                  ] 2721 of 8000 complete in 220.1 sec
[------------     34%                  ] 2728 of 8000 complete in 220.6 sec
[------------     34%                  ] 2735 of 8000 complete in 221.1 sec
[-------------    34%                  ] 2743 of 8000 complete in 221.7 sec
[-------------    34%                  ] 2750 of 8000 complete in 222.2 sec
[-------------    34%                  ] 2757 of 8000 complete in 222.8 sec
[-------------    34%                  ] 2764 of 8000 complete in 223.3 sec
[-------------    34%                  ] 2771 of 8000 complete in 223.8 sec
[-------------    34%                  ] 2777 of 8000 complete in 224.4 sec
[-------------    34%                  ] 2782 of 8000 complete in 224.9 sec
[-------------    34%                  ] 2788 of 8000 complete in 225.4 sec
[-------------    34%                  ] 2794 of 8000 complete in 225.9 sec
[-------------    35%                  ] 2800 of 8000 complete in 226.5 sec
[-------------    35%                  ] 2807 of 8000 complete in 227.0 sec
[-------------    35%                  ] 2814 of 8000 complete in 227.6 sec
[-------------    35%                  ] 2820 of 8000 complete in 228.1 sec
[-------------    35%                  ] 2825 of 8000 complete in 228.6 sec
[-------------    35%                  ] 2831 of 8000 complete in 229.2 sec
[-------------    35%                  ] 2838 of 8000 complete in 229.7 sec
[-------------    35%                  ] 2844 of 8000 complete in 230.2 sec
[-------------    35%                  ] 2851 of 8000 complete in 230.8 sec
[-------------    35%                  ] 2858 of 8000 complete in 231.4 sec
[-------------    35%                  ] 2865 of 8000 complete in 231.9 sec
[-------------    35%                  ] 2872 of 8000 complete in 232.5 sec
[-------------    35%                  ] 2878 of 8000 complete in 233.0 sec
[-------------    36%                  ] 2884 of 8000 complete in 233.5 sec
[-------------    36%                  ] 2891 of 8000 complete in 234.1 sec
[-------------    36%                  ] 2898 of 8000 complete in 234.6 sec
[----------       27%                  ] 2214 of 8000 complete in 177.6 sec
[----------       27%                  ] 2221 of 8000 complete in 178.2 sec
[----------       27%                  ] 2228 of 8000 complete in 178.7 sec
[----------       27%                  ] 2235 of 8000 complete in 179.2 sec
[----------       28%                  ] 2242 of 8000 complete in 179.7 sec
[----------       28%                  ] 2249 of 8000 complete in 180.3 sec
[----------       28%                  ] 2256 of 8000 complete in 180.8 sec
[----------       28%                  ] 2263 of 8000 complete in 181.3 sec
[----------       28%                  ] 2269 of 8000 complete in 181.9 sec
[----------       28%                  ] 2276 of 8000 complete in 182.4 sec
[----------       28%                  ] 2284 of 8000 complete in 183.0 sec
[----------       28%                  ] 2291 of 8000 complete in 183.6 sec
[----------       28%                  ] 2297 of 8000 complete in 184.1 sec
[----------       28%                  ] 2304 of 8000 complete in 184.6 sec
[----------       28%                  ] 2311 of 8000 complete in 185.2 sec
[-----------      28%                  ] 2318 of 8000 complete in 185.7 sec
[-----------      29%                  ] 2325 of 8000 complete in 186.3 sec
[-----------      29%                  ] 2332 of 8000 complete in 186.9 sec
[-----------      29%                  ] 2339 of 8000 complete in 187.4 sec
[-----------      29%                  ] 2346 of 8000 complete in 188.0 sec
[-----------      29%                  ] 2353 of 8000 complete in 188.5 sec
[-----------      29%                  ] 2360 of 8000 complete in 189.1 sec
[-----------      29%                  ] 2367 of 8000 complete in 189.6 sec
[-----------      29%                  ] 2373 of 8000 complete in 190.2 sec
[-----------      29%                  ] 2379 of 8000 complete in 190.8 sec
[-----------      29%                  ] 2386 of 8000 complete in 191.3 sec
[-----------      29%                  ] 2393 of 8000 complete in 191.8 sec
[-----------      30%                  ] 2400 of 8000 complete in 192.4 sec
[-----------      30%                  ] 2407 of 8000 complete in 192.9 sec
[-----------      30%                  ] 2414 of 8000 complete in 193.4 sec
[-----------      30%                  ] 2421 of 8000 complete in 194.0 sec
[-----------      30%                  ] 2428 of 8000 complete in 194.6 sec
[-----------      30%                  ] 2434 of 8000 complete in 195.1 sec
[-----------      30%                  ] 2441 of 8000 complete in 195.7 sec
[-----------      30%                  ] 2448 of 8000 complete in 196.2 sec
[-----------      30%                  ] 2454 of 8000 complete in 196.8 sec
[-----------      30%                  ] 2461 of 8000 complete in 197.3 sec
[-----------      30%                  ] 2467 of 8000 complete in 197.8 sec
[-----------      30%                  ] 2474 of 8000 complete in 198.4 sec
[-----------      31%                  ] 2481 of 8000 complete in 199.0 sec
[-----------      31%                  ] 2487 of 8000 complete in 199.5 sec
[-----------      31%                  ] 2492 of 8000 complete in 200.0 sec
[-----------      31%                  ] 2498 of 8000 complete in 200.6 sec
[-----------      31%                  ] 2504 of 8000 complete in 201.1 sec
[-----------      31%                  ] 2510 of 8000 complete in 201.6 sec
[-----------      31%                  ] 2517 of 8000 complete in 202.1 sec
[-----------      31%                  ] 2524 of 8000 complete in 202.7 sec
[------------     31%                  ] 2531 of 8000 complete in 203.2 sec
[------------     31%                  ] 2538 of 8000 complete in 203.7 sec
[------------     31%                  ] 2546 of 8000 complete in 204.3 sec
[------------     31%                  ] 2553 of 8000 complete in 204.8 sec
[------------     32%                  ] 2560 of 8000 complete in 205.3 sec
[------------     32%                  ] 2568 of 8000 complete in 205.9 sec
[------------     32%                  ] 2574 of 8000 complete in 206.4 sec
[------------     32%                  ] 2581 of 8000 complete in 206.9 sec
[------------     32%                  ] 2588 of 8000 complete in 207.5 sec
[------------     32%                  ] 2594 of 8000 complete in 208.0 sec
[------------     32%                  ] 2601 of 8000 complete in 208.5 sec
[------------     32%                  ] 2608 of 8000 complete in 209.1 sec
[------------     32%                  ] 2615 of 8000 complete in 209.6 sec
[------------     32%                  ] 2622 of 8000 complete in 210.2 sec
[------------     32%                  ] 2629 of 8000 complete in 210.7 sec
[------------     32%                  ] 2636 of 8000 complete in 211.2 sec
[------------     33%                  ] 2643 of 8000 complete in 211.8 sec
[------------     33%                  ] 2650 of 8000 complete in 212.4 sec
[------------     33%                  ] 2657 of 8000 complete in 212.9 sec
[------------     33%                  ] 2664 of 8000 complete in 213.4 sec
[------------     33%                  ] 2671 of 8000 complete in 213.9 sec
[------------     33%                  ] 2677 of 8000 complete in 214.5 sec
[------------     33%                  ] 2683 of 8000 complete in 215.0 sec
[------------     33%                  ] 2690 of 8000 complete in 215.6 sec
[------------     33%                  ] 2697 of 8000 complete in 216.1 sec
[------------     33%                  ] 2703 of 8000 complete in 216.6 sec
[------------     33%                  ] 2710 of 8000 complete in 217.2 sec
[------------     33%                  ] 2717 of 8000 complete in 217.7 sec
[------------     34%                  ] 2723 of 8000 complete in 218.3 sec
[------------     34%                  ] 2729 of 8000 complete in 218.8 sec
[------------     34%                  ] 2736 of 8000 complete in 219.4 sec
[-------------    34%                  ] 2743 of 8000 complete in 219.9 sec
[-------------    34%                  ] 2750 of 8000 complete in 220.5 sec
[-------------    34%                  ] 2757 of 8000 complete in 221.0 sec
[-------------    34%                  ] 2764 of 8000 complete in 221.5 sec
[-------------    34%                  ] 2772 of 8000 complete in 222.1 sec
[-------------    34%                  ] 2779 of 8000 complete in 222.6 sec
[-------------    34%                  ] 2786 of 8000 complete in 223.1 sec
[-------------    34%                  ] 2793 of 8000 complete in 223.6 sec
[-------------    34%                  ] 2799 of 8000 complete in 224.1 sec
[-------------    35%                  ] 2805 of 8000 complete in 224.7 sec
[-------------    35%                  ] 2811 of 8000 complete in 225.2 sec
[-------------    35%                  ] 2817 of 8000 complete in 225.7 sec
[-------------    35%                  ] 2824 of 8000 complete in 226.3 sec
[-------------    35%                  ] 2830 of 8000 complete in 226.8 sec
[-------------    35%                  ] 2837 of 8000 complete in 227.4 sec
[-------------    35%                  ] 2843 of 8000 complete in 227.9 sec
[-------------    35%                  ] 2848 of 8000 complete in 228.4 sec
[-------------    35%                  ] 2854 of 8000 complete in 229.0 sec
[-------------    35%                  ] 2861 of 8000 complete in 229.5 sec
[-------------    35%                  ] 2868 of 8000 complete in 230.1 sec
[-------------    35%                  ] 2874 of 8000 complete in 230.6 sec
[-------------    36%                  ] 2881 of 8000 complete in 231.2 sec
[-------------    36%                  ] 2888 of 8000 complete in 231.7 sec
[-------------    36%                  ] 2895 of 8000 complete in 232.2 sec
[-------------    36%                  ] 2902 of 8000 complete in 232.8 sec
[-------------    36%                  ] 2909 of 8000 complete in 233.4 sec
[-------------    36%                  ] 2916 of 8000 complete in 233.9 sec
[-------------    36%                  ] 2923 of 8000 complete in 234.4 sec
[-------------    36%                  ] 2931 of 8000 complete in 235.0 sec
[----------       27%                  ] 2183 of 8000 complete in 177.9 sec
[----------       27%                  ] 2190 of 8000 complete in 178.5 sec
[----------       27%                  ] 2197 of 8000 complete in 179.0 sec
[----------       27%                  ] 2204 of 8000 complete in 179.6 sec
[----------       27%                  ] 2211 of 8000 complete in 180.1 sec
[----------       27%                  ] 2217 of 8000 complete in 180.6 sec
[----------       27%                  ] 2223 of 8000 complete in 181.1 sec
[----------       27%                  ] 2229 of 8000 complete in 181.7 sec
[----------       27%                  ] 2235 of 8000 complete in 182.2 sec
[----------       28%                  ] 2242 of 8000 complete in 182.8 sec
[----------       28%                  ] 2249 of 8000 complete in 183.3 sec
[----------       28%                  ] 2255 of 8000 complete in 183.8 sec
[----------       28%                  ] 2262 of 8000 complete in 184.4 sec
[----------       28%                  ] 2269 of 8000 complete in 184.9 sec
[----------       28%                  ] 2276 of 8000 complete in 185.5 sec
[----------       28%                  ] 2283 of 8000 complete in 186.0 sec
[----------       28%                  ] 2289 of 8000 complete in 186.5 sec
[----------       28%                  ] 2296 of 8000 complete in 187.1 sec
[----------       28%                  ] 2303 of 8000 complete in 187.6 sec
[----------       28%                  ] 2310 of 8000 complete in 188.2 sec
[-----------      28%                  ] 2317 of 8000 complete in 188.7 sec
[-----------      29%                  ] 2324 of 8000 complete in 189.2 sec
[-----------      29%                  ] 2330 of 8000 complete in 189.8 sec
[-----------      29%                  ] 2336 of 8000 complete in 190.4 sec
[-----------      29%                  ] 2342 of 8000 complete in 190.9 sec
[-----------      29%                  ] 2348 of 8000 complete in 191.4 sec
[-----------      29%                  ] 2355 of 8000 complete in 191.9 sec
[-----------      29%                  ] 2361 of 8000 complete in 192.5 sec
[-----------      29%                  ] 2367 of 8000 complete in 193.0 sec
[-----------      29%                  ] 2374 of 8000 complete in 193.5 sec
[-----------      29%                  ] 2380 of 8000 complete in 194.0 sec
[-----------      29%                  ] 2386 of 8000 complete in 194.6 sec
[-----------      29%                  ] 2392 of 8000 complete in 195.1 sec
[-----------      29%                  ] 2399 of 8000 complete in 195.7 sec
[-----------      30%                  ] 2405 of 8000 complete in 196.3 sec
[-----------      30%                  ] 2411 of 8000 complete in 196.8 sec
[-----------      30%                  ] 2418 of 8000 complete in 197.4 sec
[-----------      30%                  ] 2425 of 8000 complete in 197.9 sec
[-----------      30%                  ] 2431 of 8000 complete in 198.4 sec
[-----------      30%                  ] 2438 of 8000 complete in 199.0 sec
[-----------      30%                  ] 2445 of 8000 complete in 199.6 sec
[-----------      30%                  ] 2451 of 8000 complete in 200.2 sec
[-----------      30%                  ] 2457 of 8000 complete in 200.7 sec
[-----------      30%                  ] 2463 of 8000 complete in 201.3 sec
[-----------      30%                  ] 2470 of 8000 complete in 201.8 sec
[-----------      30%                  ] 2477 of 8000 complete in 202.3 sec
[-----------      31%                  ] 2484 of 8000 complete in 202.9 sec
[-----------      31%                  ] 2491 of 8000 complete in 203.4 sec
[-----------      31%                  ] 2498 of 8000 complete in 204.0 sec
[-----------      31%                  ] 2505 of 8000 complete in 204.6 sec
[-----------      31%                  ] 2512 of 8000 complete in 205.1 sec
[-----------      31%                  ] 2519 of 8000 complete in 205.7 sec
[-----------      31%                  ] 2526 of 8000 complete in 206.2 sec
[------------     31%                  ] 2532 of 8000 complete in 206.7 sec
[------------     31%                  ] 2539 of 8000 complete in 207.3 sec
[------------     31%                  ] 2545 of 8000 complete in 207.8 sec
[------------     31%                  ] 2552 of 8000 complete in 208.4 sec
[------------     32%                  ] 2560 of 8000 complete in 209.0 sec
[------------     32%                  ] 2567 of 8000 complete in 209.5 sec
[------------     32%                  ] 2574 of 8000 complete in 210.1 sec
[------------     32%                  ] 2581 of 8000 complete in 210.6 sec
[------------     32%                  ] 2588 of 8000 complete in 211.2 sec
[------------     32%                  ] 2595 of 8000 complete in 211.7 sec
[------------     32%                  ] 2602 of 8000 complete in 212.3 sec
[------------     32%                  ] 2609 of 8000 complete in 212.9 sec
[------------     32%                  ] 2616 of 8000 complete in 213.4 sec
[------------     32%                  ] 2623 of 8000 complete in 214.0 sec
[------------     32%                  ] 2629 of 8000 complete in 214.5 sec
[------------     32%                  ] 2635 of 8000 complete in 215.0 sec
[------------     33%                  ] 2641 of 8000 complete in 215.5 sec
[------------     33%                  ] 2648 of 8000 complete in 216.0 sec
[------------     33%                  ] 2654 of 8000 complete in 216.5 sec
[------------     33%                  ] 2661 of 8000 complete in 217.1 sec
[------------     33%                  ] 2667 of 8000 complete in 217.6 sec
[------------     33%                  ] 2673 of 8000 complete in 218.2 sec
[------------     33%                  ] 2679 of 8000 complete in 218.7 sec
[------------     33%                  ] 2685 of 8000 complete in 219.2 sec
[------------     33%                  ] 2692 of 8000 complete in 219.7 sec
[------------     33%                  ] 2699 of 8000 complete in 220.3 sec
[------------     33%                  ] 2707 of 8000 complete in 220.8 sec
[------------     33%                  ] 2715 of 8000 complete in 221.4 sec
[------------     34%                  ] 2722 of 8000 complete in 221.9 sec
[------------     34%                  ] 2730 of 8000 complete in 222.5 sec
[-------------    34%                  ] 2737 of 8000 complete in 223.0 sec
[-------------    34%                  ] 2743 of 8000 complete in 223.5 sec
[-------------    34%                  ] 2749 of 8000 complete in 224.1 sec
[-------------    34%                  ] 2755 of 8000 complete in 224.6 sec
[-------------    34%                  ] 2760 of 8000 complete in 225.1 sec
[-------------    34%                  ] 2766 of 8000 complete in 225.6 sec
[-------------    34%                  ] 2772 of 8000 complete in 226.2 sec
[-------------    34%                  ] 2778 of 8000 complete in 226.7 sec
[-------------    34%                  ] 2785 of 8000 complete in 227.2 sec
[-------------    34%                  ] 2791 of 8000 complete in 227.8 sec
[-------------    34%                  ] 2797 of 8000 complete in 228.4 sec
[-------------    35%                  ] 2803 of 8000 complete in 228.9 sec
[-------------    35%                  ] 2810 of 8000 complete in 229.5 sec
[-------------    35%                  ] 2817 of 8000 complete in 230.1 sec
[-------------    35%                  ] 2824 of 8000 complete in 230.6 sec
[-------------    35%                  ] 2831 of 8000 complete in 231.2 sec
[-------------    35%                  ] 2838 of 8000 complete in 231.8 sec
[-------------    35%                  ] 2845 of 8000 complete in 232.3 sec
[-------------    35%                  ] 2851 of 8000 complete in 232.8 sec
[-------------    35%                  ] 2858 of 8000 complete in 233.4 sec
[-------------    35%                  ] 2864 of 8000 complete in 233.9 sec
[-------------    35%                  ] 2871 of 8000 complete in 234.4 sec
[-------------    35%                  ] 2878 of 8000 complete in 234.9 sec
[-------------    36%                  ] 2885 of 8000 complete in 235.5 sec
[-------------    36%                  ] 2904 of 8000 complete in 234.6 sec
[-------------    36%                  ] 2911 of 8000 complete in 235.1 sec
[-------------    36%                  ] 2918 of 8000 complete in 235.7 sec
[-------------    36%                  ] 2924 of 8000 complete in 236.2 sec
[-------------    36%                  ] 2930 of 8000 complete in 236.8 sec
[-------------    36%                  ] 2937 of 8000 complete in 237.3 sec
[-------------    36%                  ] 2944 of 8000 complete in 237.8 sec
[--------------   36%                  ] 2951 of 8000 complete in 238.4 sec
[--------------   36%                  ] 2958 of 8000 complete in 238.9 sec
[--------------   37%                  ] 2965 of 8000 complete in 239.5 sec
[--------------   37%                  ] 2972 of 8000 complete in 240.0 sec
[--------------   37%                  ] 2979 of 8000 complete in 240.6 sec
[--------------   37%                  ] 2985 of 8000 complete in 241.1 sec
[--------------   37%                  ] 2992 of 8000 complete in 241.7 sec
[--------------   37%                  ] 2998 of 8000 complete in 242.2 sec
[--------------   37%                  ] 3004 of 8000 complete in 242.7 sec
[--------------   37%                  ] 3010 of 8000 complete in 243.3 sec
[--------------   37%                  ] 3017 of 8000 complete in 243.8 sec
[--------------   37%                  ] 3024 of 8000 complete in 244.4 sec
[--------------   37%                  ] 3031 of 8000 complete in 244.9 sec
[--------------   37%                  ] 3037 of 8000 complete in 245.4 sec
[--------------   38%                  ] 3044 of 8000 complete in 246.0 sec
[--------------   38%                  ] 3050 of 8000 complete in 246.5 sec
[--------------   38%                  ] 3056 of 8000 complete in 247.1 sec
[--------------   38%                  ] 3062 of 8000 complete in 247.6 sec
[--------------   38%                  ] 3069 of 8000 complete in 248.1 sec
[--------------   38%                  ] 3076 of 8000 complete in 248.7 sec
[--------------   38%                  ] 3083 of 8000 complete in 249.2 sec
[--------------   38%                  ] 3090 of 8000 complete in 249.7 sec
[--------------   38%                  ] 3097 of 8000 complete in 250.2 sec
[--------------   38%                  ] 3103 of 8000 complete in 250.7 sec
[--------------   38%                  ] 3110 of 8000 complete in 251.3 sec
[--------------   38%                  ] 3117 of 8000 complete in 251.9 sec
[--------------   39%                  ] 3124 of 8000 complete in 252.4 sec
[--------------   39%                  ] 3131 of 8000 complete in 253.0 sec
[--------------   39%                  ] 3138 of 8000 complete in 253.5 sec
[--------------   39%                  ] 3145 of 8000 complete in 254.0 sec
[--------------   39%                  ] 3151 of 8000 complete in 254.6 sec
[--------------   39%                  ] 3157 of 8000 complete in 255.1 sec
[---------------  39%                  ] 3164 of 8000 complete in 255.7 sec
[---------------  39%                  ] 3170 of 8000 complete in 256.2 sec
[---------------  39%                  ] 3175 of 8000 complete in 256.8 sec
[---------------  39%                  ] 3181 of 8000 complete in 257.3 sec
[---------------  39%                  ] 3187 of 8000 complete in 257.8 sec
[---------------  39%                  ] 3193 of 8000 complete in 258.3 sec
[---------------  39%                  ] 3199 of 8000 complete in 258.9 sec
[---------------  40%                  ] 3205 of 8000 complete in 259.4 sec
[---------------  40%                  ] 3211 of 8000 complete in 260.0 sec
[---------------  40%                  ] 3217 of 8000 complete in 260.5 sec
[---------------  40%                  ] 3224 of 8000 complete in 261.0 sec
[---------------  40%                  ] 3231 of 8000 complete in 261.6 sec
[---------------  40%                  ] 3238 of 8000 complete in 262.1 sec
[---------------  40%                  ] 3244 of 8000 complete in 262.6 sec
[---------------  40%                  ] 3251 of 8000 complete in 263.2 sec
[---------------  40%                  ] 3258 of 8000 complete in 263.7 sec
[---------------  40%                  ] 3265 of 8000 complete in 264.3 sec
[---------------  40%                  ] 3272 of 8000 complete in 264.8 sec
[---------------  40%                  ] 3279 of 8000 complete in 265.3 sec
[---------------  41%                  ] 3286 of 8000 complete in 265.9 sec
[---------------  41%                  ] 3293 of 8000 complete in 266.5 sec
[---------------  41%                  ] 3300 of 8000 complete in 267.0 sec
[---------------  41%                  ] 3307 of 8000 complete in 267.6 sec
[---------------  41%                  ] 3312 of 8000 complete in 268.1 sec
[---------------  41%                  ] 3318 of 8000 complete in 268.6 sec
[---------------  41%                  ] 3324 of 8000 complete in 269.2 sec
[---------------  41%                  ] 3330 of 8000 complete in 269.8 sec
[---------------  41%                  ] 3336 of 8000 complete in 270.3 sec
[---------------  41%                  ] 3342 of 8000 complete in 270.8 sec
[---------------  41%                  ] 3349 of 8000 complete in 271.3 sec
[---------------  41%                  ] 3356 of 8000 complete in 271.9 sec
[---------------  42%                  ] 3363 of 8000 complete in 272.5 sec
[---------------- 42%                  ] 3370 of 8000 complete in 273.0 sec
[---------------- 42%                  ] 3377 of 8000 complete in 273.6 sec
[---------------- 42%                  ] 3384 of 8000 complete in 274.1 sec
[---------------- 42%                  ] 3390 of 8000 complete in 274.7 sec
[---------------- 42%                  ] 3396 of 8000 complete in 275.2 sec
[---------------- 42%                  ] 3403 of 8000 complete in 275.7 sec
[---------------- 42%                  ] 3410 of 8000 complete in 276.3 sec
[---------------- 42%                  ] 3416 of 8000 complete in 276.8 sec
[---------------- 42%                  ] 3423 of 8000 complete in 277.4 sec
[---------------- 42%                  ] 3430 of 8000 complete in 278.0 sec
[---------------- 42%                  ] 3437 of 8000 complete in 278.5 sec
[---------------- 43%                  ] 3445 of 8000 complete in 279.1 sec
[---------------- 43%                  ] 3452 of 8000 complete in 279.6 sec
[---------------- 43%                  ] 3459 of 8000 complete in 280.2 sec
[---------------- 43%                  ] 3465 of 8000 complete in 280.7 sec
[---------------- 43%                  ] 3472 of 8000 complete in 281.3 sec
[---------------- 43%                  ] 3479 of 8000 complete in 281.8 sec
[---------------- 43%                  ] 3486 of 8000 complete in 282.3 sec
[---------------- 43%                  ] 3493 of 8000 complete in 282.8 sec
[---------------- 43%                  ] 3500 of 8000 complete in 283.4 sec
[---------------- 43%                  ] 3507 of 8000 complete in 283.9 sec
[---------------- 43%                  ] 3513 of 8000 complete in 284.5 sec
[---------------- 43%                  ] 3519 of 8000 complete in 285.0 sec
[---------------- 44%                  ] 3526 of 8000 complete in 285.6 sec
[---------------- 44%                  ] 3532 of 8000 complete in 286.1 sec
[---------------- 44%                  ] 3538 of 8000 complete in 286.7 sec
[---------------- 44%                  ] 3544 of 8000 complete in 287.3 sec
[---------------- 44%                  ] 3550 of 8000 complete in 287.8 sec
[---------------- 44%                  ] 3556 of 8000 complete in 288.4 sec
[---------------- 44%                  ] 3562 of 8000 complete in 288.9 sec
[---------------- 44%                  ] 3568 of 8000 complete in 289.4 sec
[---------------- 44%                  ] 3574 of 8000 complete in 290.0 sec
[-----------------44%                  ] 3580 of 8000 complete in 290.5 sec
[-----------------44%                  ] 3586 of 8000 complete in 291.1 sec
[-----------------44%                  ] 3592 of 8000 complete in 291.7 sec
[-----------------44%                  ] 3598 of 8000 complete in 292.2 sec
[-------------    36%                  ] 2905 of 8000 complete in 235.1 sec
[-------------    36%                  ] 2912 of 8000 complete in 235.6 sec
[-------------    36%                  ] 2919 of 8000 complete in 236.2 sec
[-------------    36%                  ] 2925 of 8000 complete in 236.7 sec
[-------------    36%                  ] 2932 of 8000 complete in 237.3 sec
[-------------    36%                  ] 2939 of 8000 complete in 237.8 sec
[-------------    36%                  ] 2946 of 8000 complete in 238.4 sec
[--------------   36%                  ] 2953 of 8000 complete in 238.9 sec
[--------------   37%                  ] 2960 of 8000 complete in 239.5 sec
[--------------   37%                  ] 2967 of 8000 complete in 240.1 sec
[--------------   37%                  ] 2973 of 8000 complete in 240.6 sec
[--------------   37%                  ] 2980 of 8000 complete in 241.1 sec
[--------------   37%                  ] 2987 of 8000 complete in 241.7 sec
[--------------   37%                  ] 2994 of 8000 complete in 242.3 sec
[--------------   37%                  ] 3000 of 8000 complete in 242.8 sec
[--------------   37%                  ] 3006 of 8000 complete in 243.4 sec
[--------------   37%                  ] 3013 of 8000 complete in 243.9 sec
[--------------   37%                  ] 3020 of 8000 complete in 244.4 sec
[--------------   37%                  ] 3027 of 8000 complete in 245.0 sec
[--------------   37%                  ] 3034 of 8000 complete in 245.5 sec
[--------------   38%                  ] 3041 of 8000 complete in 246.1 sec
[--------------   38%                  ] 3047 of 8000 complete in 246.6 sec
[--------------   38%                  ] 3053 of 8000 complete in 247.2 sec
[--------------   38%                  ] 3059 of 8000 complete in 247.7 sec
[--------------   38%                  ] 3066 of 8000 complete in 248.3 sec
[--------------   38%                  ] 3073 of 8000 complete in 248.8 sec
[--------------   38%                  ] 3080 of 8000 complete in 249.3 sec
[--------------   38%                  ] 3087 of 8000 complete in 249.9 sec
[--------------   38%                  ] 3094 of 8000 complete in 250.4 sec
[--------------   38%                  ] 3100 of 8000 complete in 250.9 sec
[--------------   38%                  ] 3107 of 8000 complete in 251.5 sec
[--------------   38%                  ] 3114 of 8000 complete in 252.0 sec
[--------------   39%                  ] 3121 of 8000 complete in 252.6 sec
[--------------   39%                  ] 3128 of 8000 complete in 253.1 sec
[--------------   39%                  ] 3135 of 8000 complete in 253.6 sec
[--------------   39%                  ] 3142 of 8000 complete in 254.2 sec
[--------------   39%                  ] 3148 of 8000 complete in 254.8 sec
[--------------   39%                  ] 3155 of 8000 complete in 255.3 sec
[---------------  39%                  ] 3161 of 8000 complete in 255.8 sec
[---------------  39%                  ] 3167 of 8000 complete in 256.4 sec
[---------------  39%                  ] 3172 of 8000 complete in 256.9 sec
[---------------  39%                  ] 3178 of 8000 complete in 257.4 sec
[---------------  39%                  ] 3184 of 8000 complete in 257.9 sec
[---------------  39%                  ] 3190 of 8000 complete in 258.5 sec
[---------------  39%                  ] 3196 of 8000 complete in 259.1 sec
[---------------  40%                  ] 3203 of 8000 complete in 259.6 sec
[---------------  40%                  ] 3209 of 8000 complete in 260.2 sec
[---------------  40%                  ] 3215 of 8000 complete in 260.7 sec
[---------------  40%                  ] 3221 of 8000 complete in 261.2 sec
[---------------  40%                  ] 3228 of 8000 complete in 261.7 sec
[---------------  40%                  ] 3235 of 8000 complete in 262.3 sec
[---------------  40%                  ] 3242 of 8000 complete in 262.8 sec
[---------------  40%                  ] 3249 of 8000 complete in 263.4 sec
[---------------  40%                  ] 3256 of 8000 complete in 263.9 sec
[---------------  40%                  ] 3263 of 8000 complete in 264.4 sec
[---------------  40%                  ] 3270 of 8000 complete in 265.0 sec
[---------------  40%                  ] 3277 of 8000 complete in 265.5 sec
[---------------  41%                  ] 3284 of 8000 complete in 266.0 sec
[---------------  41%                  ] 3290 of 8000 complete in 266.5 sec
[---------------  41%                  ] 3297 of 8000 complete in 267.0 sec
[---------------  41%                  ] 3303 of 8000 complete in 267.5 sec
[---------------  41%                  ] 3309 of 8000 complete in 268.1 sec
[---------------  41%                  ] 3315 of 8000 complete in 268.7 sec
[---------------  41%                  ] 3320 of 8000 complete in 269.2 sec
[---------------  41%                  ] 3326 of 8000 complete in 269.8 sec
[---------------  41%                  ] 3332 of 8000 complete in 270.3 sec
[---------------  41%                  ] 3338 of 8000 complete in 270.8 sec
[---------------  41%                  ] 3345 of 8000 complete in 271.4 sec
[---------------  41%                  ] 3352 of 8000 complete in 271.9 sec
[---------------  41%                  ] 3359 of 8000 complete in 272.5 sec
[---------------  42%                  ] 3366 of 8000 complete in 273.0 sec
[---------------- 42%                  ] 3373 of 8000 complete in 273.6 sec
[---------------- 42%                  ] 3379 of 8000 complete in 274.1 sec
[---------------- 42%                  ] 3385 of 8000 complete in 274.6 sec
[---------------- 42%                  ] 3391 of 8000 complete in 275.2 sec
[---------------- 42%                  ] 3398 of 8000 complete in 275.7 sec
[---------------- 42%                  ] 3405 of 8000 complete in 276.2 sec
[---------------- 42%                  ] 3411 of 8000 complete in 276.8 sec
[---------------- 42%                  ] 3418 of 8000 complete in 277.3 sec
[---------------- 42%                  ] 3425 of 8000 complete in 277.9 sec
[---------------- 42%                  ] 3432 of 8000 complete in 278.4 sec
[---------------- 43%                  ] 3440 of 8000 complete in 279.0 sec
[---------------- 43%                  ] 3447 of 8000 complete in 279.6 sec
[---------------- 43%                  ] 3454 of 8000 complete in 280.1 sec
[---------------- 43%                  ] 3460 of 8000 complete in 280.6 sec
[---------------- 43%                  ] 3466 of 8000 complete in 281.1 sec
[---------------- 43%                  ] 3473 of 8000 complete in 281.6 sec
[---------------- 43%                  ] 3480 of 8000 complete in 282.1 sec
[---------------- 43%                  ] 3487 of 8000 complete in 282.7 sec
[---------------- 43%                  ] 3494 of 8000 complete in 283.2 sec
[---------------- 43%                  ] 3501 of 8000 complete in 283.7 sec
[---------------- 43%                  ] 3507 of 8000 complete in 284.2 sec
[---------------- 43%                  ] 3512 of 8000 complete in 284.8 sec
[---------------- 43%                  ] 3518 of 8000 complete in 285.3 sec
[---------------- 44%                  ] 3525 of 8000 complete in 285.9 sec
[---------------- 44%                  ] 3532 of 8000 complete in 286.5 sec
[---------------- 44%                  ] 3538 of 8000 complete in 287.0 sec
[---------------- 44%                  ] 3544 of 8000 complete in 287.6 sec
[---------------- 44%                  ] 3550 of 8000 complete in 288.1 sec
[---------------- 44%                  ] 3556 of 8000 complete in 288.6 sec
[---------------- 44%                  ] 3562 of 8000 complete in 289.2 sec
[---------------- 44%                  ] 3568 of 8000 complete in 289.7 sec
[---------------- 44%                  ] 3574 of 8000 complete in 290.3 sec
[-----------------44%                  ] 3580 of 8000 complete in 290.8 sec
[-----------------44%                  ] 3586 of 8000 complete in 291.4 sec
[-----------------44%                  ] 3592 of 8000 complete in 291.9 sec
[-----------------44%                  ] 3598 of 8000 complete in 292.5 sec
[-------------    36%                  ] 2938 of 8000 complete in 235.5 sec
[-------------    36%                  ] 2945 of 8000 complete in 236.1 sec
[--------------   36%                  ] 2951 of 8000 complete in 236.6 sec
[--------------   36%                  ] 2958 of 8000 complete in 237.2 sec
[--------------   37%                  ] 2965 of 8000 complete in 237.7 sec
[--------------   37%                  ] 2972 of 8000 complete in 238.2 sec
[--------------   37%                  ] 2979 of 8000 complete in 238.8 sec
[--------------   37%                  ] 2986 of 8000 complete in 239.3 sec
[--------------   37%                  ] 2993 of 8000 complete in 239.9 sec
[--------------   37%                  ] 3000 of 8000 complete in 240.5 sec
[--------------   37%                  ] 3007 of 8000 complete in 241.0 sec
[--------------   37%                  ] 3014 of 8000 complete in 241.6 sec
[--------------   37%                  ] 3021 of 8000 complete in 242.2 sec
[--------------   37%                  ] 3027 of 8000 complete in 242.7 sec
[--------------   37%                  ] 3033 of 8000 complete in 243.2 sec
[--------------   38%                  ] 3040 of 8000 complete in 243.8 sec
[--------------   38%                  ] 3047 of 8000 complete in 244.3 sec
[--------------   38%                  ] 3054 of 8000 complete in 244.9 sec
[--------------   38%                  ] 3060 of 8000 complete in 245.4 sec
[--------------   38%                  ] 3067 of 8000 complete in 246.0 sec
[--------------   38%                  ] 3073 of 8000 complete in 246.5 sec
[--------------   38%                  ] 3079 of 8000 complete in 247.0 sec
[--------------   38%                  ] 3086 of 8000 complete in 247.6 sec
[--------------   38%                  ] 3092 of 8000 complete in 248.1 sec
[--------------   38%                  ] 3099 of 8000 complete in 248.6 sec
[--------------   38%                  ] 3106 of 8000 complete in 249.1 sec
[--------------   38%                  ] 3113 of 8000 complete in 249.7 sec
[--------------   39%                  ] 3120 of 8000 complete in 250.2 sec
[--------------   39%                  ] 3127 of 8000 complete in 250.8 sec
[--------------   39%                  ] 3134 of 8000 complete in 251.3 sec
[--------------   39%                  ] 3141 of 8000 complete in 251.9 sec
[--------------   39%                  ] 3148 of 8000 complete in 252.4 sec
[--------------   39%                  ] 3155 of 8000 complete in 252.9 sec
[---------------  39%                  ] 3162 of 8000 complete in 253.5 sec
[---------------  39%                  ] 3169 of 8000 complete in 254.0 sec
[---------------  39%                  ] 3175 of 8000 complete in 254.5 sec
[---------------  39%                  ] 3181 of 8000 complete in 255.0 sec
[---------------  39%                  ] 3188 of 8000 complete in 255.5 sec
[---------------  39%                  ] 3194 of 8000 complete in 256.0 sec
[---------------  39%                  ] 3199 of 8000 complete in 256.5 sec
[---------------  40%                  ] 3205 of 8000 complete in 257.0 sec
[---------------  40%                  ] 3211 of 8000 complete in 257.5 sec
[---------------  40%                  ] 3217 of 8000 complete in 258.1 sec
[---------------  40%                  ] 3223 of 8000 complete in 258.6 sec
[---------------  40%                  ] 3230 of 8000 complete in 259.1 sec
[---------------  40%                  ] 3236 of 8000 complete in 259.7 sec
[---------------  40%                  ] 3243 of 8000 complete in 260.2 sec
[---------------  40%                  ] 3250 of 8000 complete in 260.8 sec
[---------------  40%                  ] 3256 of 8000 complete in 261.3 sec
[---------------  40%                  ] 3263 of 8000 complete in 261.8 sec
[---------------  40%                  ] 3270 of 8000 complete in 262.3 sec
[---------------  40%                  ] 3277 of 8000 complete in 262.8 sec
[---------------  41%                  ] 3284 of 8000 complete in 263.4 sec
[---------------  41%                  ] 3291 of 8000 complete in 263.9 sec
[---------------  41%                  ] 3298 of 8000 complete in 264.4 sec
[---------------  41%                  ] 3305 of 8000 complete in 264.9 sec
[---------------  41%                  ] 3312 of 8000 complete in 265.4 sec
[---------------  41%                  ] 3320 of 8000 complete in 266.0 sec
[---------------  41%                  ] 3327 of 8000 complete in 266.6 sec
[---------------  41%                  ] 3334 of 8000 complete in 267.1 sec
[---------------  41%                  ] 3341 of 8000 complete in 267.6 sec
[---------------  41%                  ] 3346 of 8000 complete in 268.2 sec
[---------------  41%                  ] 3352 of 8000 complete in 268.7 sec
[---------------  41%                  ] 3357 of 8000 complete in 269.2 sec
[---------------  42%                  ] 3363 of 8000 complete in 269.8 sec
[---------------- 42%                  ] 3369 of 8000 complete in 270.3 sec
[---------------- 42%                  ] 3376 of 8000 complete in 270.9 sec
[---------------- 42%                  ] 3383 of 8000 complete in 271.5 sec
[---------------- 42%                  ] 3390 of 8000 complete in 272.0 sec
[---------------- 42%                  ] 3397 of 8000 complete in 272.6 sec
[---------------- 42%                  ] 3403 of 8000 complete in 273.1 sec
[---------------- 42%                  ] 3410 of 8000 complete in 273.6 sec
[---------------- 42%                  ] 3417 of 8000 complete in 274.2 sec
[---------------- 42%                  ] 3423 of 8000 complete in 274.7 sec
[---------------- 42%                  ] 3429 of 8000 complete in 275.2 sec
[---------------- 42%                  ] 3435 of 8000 complete in 275.7 sec
[---------------- 43%                  ] 3442 of 8000 complete in 276.2 sec
[---------------- 43%                  ] 3448 of 8000 complete in 276.7 sec
[---------------- 43%                  ] 3455 of 8000 complete in 277.3 sec
[---------------- 43%                  ] 3462 of 8000 complete in 277.9 sec
[---------------- 43%                  ] 3468 of 8000 complete in 278.4 sec
[---------------- 43%                  ] 3475 of 8000 complete in 278.9 sec
[---------------- 43%                  ] 3482 of 8000 complete in 279.4 sec
[---------------- 43%                  ] 3490 of 8000 complete in 279.9 sec
[---------------- 43%                  ] 3497 of 8000 complete in 280.5 sec
[---------------- 43%                  ] 3503 of 8000 complete in 281.0 sec
[---------------- 43%                  ] 3509 of 8000 complete in 281.5 sec
[---------------- 43%                  ] 3517 of 8000 complete in 282.1 sec
[---------------- 44%                  ] 3524 of 8000 complete in 282.6 sec
[---------------- 44%                  ] 3531 of 8000 complete in 283.1 sec
[---------------- 44%                  ] 3538 of 8000 complete in 283.7 sec
[---------------- 44%                  ] 3544 of 8000 complete in 284.2 sec
[---------------- 44%                  ] 3549 of 8000 complete in 284.7 sec
[---------------- 44%                  ] 3556 of 8000 complete in 285.3 sec
[---------------- 44%                  ] 3563 of 8000 complete in 285.8 sec
[---------------- 44%                  ] 3570 of 8000 complete in 286.4 sec
[---------------- 44%                  ] 3576 of 8000 complete in 286.9 sec
[-----------------44%                  ] 3582 of 8000 complete in 287.5 sec
[-----------------44%                  ] 3588 of 8000 complete in 288.1 sec
[-----------------44%                  ] 3594 of 8000 complete in 288.6 sec
[-----------------45%                  ] 3601 of 8000 complete in 289.2 sec
[-----------------45%                  ] 3607 of 8000 complete in 289.8 sec
[-----------------45%                  ] 3613 of 8000 complete in 290.3 sec
[-----------------45%                  ] 3619 of 8000 complete in 290.9 sec
[-----------------45%                  ] 3625 of 8000 complete in 291.4 sec
[-----------------45%                  ] 3631 of 8000 complete in 292.0 sec
[-----------------45%                  ] 3637 of 8000 complete in 292.5 sec
[-------------    36%                  ] 2892 of 8000 complete in 236.0 sec
[-------------    36%                  ] 2898 of 8000 complete in 236.5 sec
[-------------    36%                  ] 2904 of 8000 complete in 237.0 sec
[-------------    36%                  ] 2911 of 8000 complete in 237.5 sec
[-------------    36%                  ] 2918 of 8000 complete in 238.0 sec
[-------------    36%                  ] 2925 of 8000 complete in 238.6 sec
[-------------    36%                  ] 2932 of 8000 complete in 239.2 sec
[-------------    36%                  ] 2939 of 8000 complete in 239.7 sec
[-------------    36%                  ] 2946 of 8000 complete in 240.3 sec
[--------------   36%                  ] 2952 of 8000 complete in 240.8 sec
[--------------   36%                  ] 2958 of 8000 complete in 241.3 sec
[--------------   37%                  ] 2965 of 8000 complete in 241.9 sec
[--------------   37%                  ] 2971 of 8000 complete in 242.4 sec
[--------------   37%                  ] 2977 of 8000 complete in 242.9 sec
[--------------   37%                  ] 2984 of 8000 complete in 243.5 sec
[--------------   37%                  ] 2991 of 8000 complete in 244.1 sec
[--------------   37%                  ] 2998 of 8000 complete in 244.6 sec
[--------------   37%                  ] 3005 of 8000 complete in 245.2 sec
[--------------   37%                  ] 3012 of 8000 complete in 245.7 sec
[--------------   37%                  ] 3018 of 8000 complete in 246.3 sec
[--------------   37%                  ] 3024 of 8000 complete in 246.8 sec
[--------------   37%                  ] 3030 of 8000 complete in 247.3 sec
[--------------   37%                  ] 3036 of 8000 complete in 247.8 sec
[--------------   38%                  ] 3043 of 8000 complete in 248.4 sec
[--------------   38%                  ] 3049 of 8000 complete in 248.9 sec
[--------------   38%                  ] 3056 of 8000 complete in 249.5 sec
[--------------   38%                  ] 3063 of 8000 complete in 250.0 sec
[--------------   38%                  ] 3070 of 8000 complete in 250.6 sec
[--------------   38%                  ] 3076 of 8000 complete in 251.1 sec
[--------------   38%                  ] 3083 of 8000 complete in 251.7 sec
[--------------   38%                  ] 3090 of 8000 complete in 252.2 sec
[--------------   38%                  ] 3097 of 8000 complete in 252.7 sec
[--------------   38%                  ] 3104 of 8000 complete in 253.3 sec
[--------------   38%                  ] 3111 of 8000 complete in 253.9 sec
[--------------   38%                  ] 3117 of 8000 complete in 254.4 sec
[--------------   39%                  ] 3123 of 8000 complete in 254.9 sec
[--------------   39%                  ] 3130 of 8000 complete in 255.5 sec
[--------------   39%                  ] 3136 of 8000 complete in 256.0 sec
[--------------   39%                  ] 3141 of 8000 complete in 256.5 sec
[--------------   39%                  ] 3147 of 8000 complete in 257.1 sec
[--------------   39%                  ] 3154 of 8000 complete in 257.7 sec
[---------------  39%                  ] 3160 of 8000 complete in 258.2 sec
[---------------  39%                  ] 3166 of 8000 complete in 258.7 sec
[---------------  39%                  ] 3172 of 8000 complete in 259.2 sec
[---------------  39%                  ] 3179 of 8000 complete in 259.8 sec
[---------------  39%                  ] 3185 of 8000 complete in 260.3 sec
[---------------  39%                  ] 3192 of 8000 complete in 260.9 sec
[---------------  39%                  ] 3199 of 8000 complete in 261.5 sec
[---------------  40%                  ] 3206 of 8000 complete in 262.0 sec
[---------------  40%                  ] 3213 of 8000 complete in 262.5 sec
[---------------  40%                  ] 3220 of 8000 complete in 263.1 sec
[---------------  40%                  ] 3227 of 8000 complete in 263.6 sec
[---------------  40%                  ] 3234 of 8000 complete in 264.2 sec
[---------------  40%                  ] 3241 of 8000 complete in 264.7 sec
[---------------  40%                  ] 3248 of 8000 complete in 265.2 sec
[---------------  40%                  ] 3255 of 8000 complete in 265.7 sec
[---------------  40%                  ] 3262 of 8000 complete in 266.3 sec
[---------------  40%                  ] 3269 of 8000 complete in 266.8 sec
[---------------  40%                  ] 3276 of 8000 complete in 267.4 sec
[---------------  41%                  ] 3282 of 8000 complete in 268.0 sec
[---------------  41%                  ] 3288 of 8000 complete in 268.6 sec
[---------------  41%                  ] 3294 of 8000 complete in 269.2 sec
[---------------  41%                  ] 3300 of 8000 complete in 269.8 sec
[---------------  41%                  ] 3306 of 8000 complete in 270.4 sec
[---------------  41%                  ] 3312 of 8000 complete in 270.9 sec
[---------------  41%                  ] 3319 of 8000 complete in 271.4 sec
[---------------  41%                  ] 3326 of 8000 complete in 271.9 sec
[---------------  41%                  ] 3333 of 8000 complete in 272.5 sec
[---------------  41%                  ] 3340 of 8000 complete in 273.0 sec
[---------------  41%                  ] 3347 of 8000 complete in 273.6 sec
[---------------  41%                  ] 3354 of 8000 complete in 274.2 sec
[---------------  42%                  ] 3360 of 8000 complete in 274.7 sec
[---------------  42%                  ] 3366 of 8000 complete in 275.2 sec
[---------------- 42%                  ] 3372 of 8000 complete in 275.7 sec
[---------------- 42%                  ] 3379 of 8000 complete in 276.3 sec
[---------------- 42%                  ] 3385 of 8000 complete in 276.8 sec
[---------------- 42%                  ] 3391 of 8000 complete in 277.3 sec
[---------------- 42%                  ] 3398 of 8000 complete in 277.9 sec
[---------------- 42%                  ] 3404 of 8000 complete in 278.4 sec
[---------------- 42%                  ] 3411 of 8000 complete in 278.9 sec
[---------------- 42%                  ] 3418 of 8000 complete in 279.4 sec
[---------------- 42%                  ] 3425 of 8000 complete in 280.0 sec
[---------------- 42%                  ] 3432 of 8000 complete in 280.6 sec
[---------------- 42%                  ] 3438 of 8000 complete in 281.1 sec
[---------------- 43%                  ] 3445 of 8000 complete in 281.7 sec
[---------------- 43%                  ] 3452 of 8000 complete in 282.2 sec
[---------------- 43%                  ] 3459 of 8000 complete in 282.7 sec
[---------------- 43%                  ] 3466 of 8000 complete in 283.3 sec
[---------------- 43%                  ] 3473 of 8000 complete in 283.8 sec
[---------------- 43%                  ] 3479 of 8000 complete in 284.3 sec
[---------------- 43%                  ] 3484 of 8000 complete in 284.8 sec
[---------------- 43%                  ] 3490 of 8000 complete in 285.4 sec
[---------------- 43%                  ] 3497 of 8000 complete in 285.9 sec
[---------------- 43%                  ] 3503 of 8000 complete in 286.5 sec
[---------------- 43%                  ] 3509 of 8000 complete in 287.0 sec
[---------------- 43%                  ] 3515 of 8000 complete in 287.5 sec
[---------------- 44%                  ] 3521 of 8000 complete in 288.1 sec
[---------------- 44%                  ] 3527 of 8000 complete in 288.7 sec
[---------------- 44%                  ] 3533 of 8000 complete in 289.2 sec
[---------------- 44%                  ] 3539 of 8000 complete in 289.8 sec
[---------------- 44%                  ] 3545 of 8000 complete in 290.4 sec
[---------------- 44%                  ] 3551 of 8000 complete in 290.9 sec
[---------------- 44%                  ] 3557 of 8000 complete in 291.5 sec
[---------------- 44%                  ] 3563 of 8000 complete in 292.1 sec
[---------------- 44%                  ] 3569 of 8000 complete in 292.6 sec
[---------------- 44%                  ] 3576 of 8000 complete in 293.2 sec
[-----------------44%                  ] 3583 of 8000 complete in 293.7 sec
[-----------------45%                  ] 3605 of 8000 complete in 292.8 sec
[-----------------45%                  ] 3612 of 8000 complete in 293.3 sec
[-----------------45%                  ] 3619 of 8000 complete in 293.8 sec
[-----------------45%                  ] 3626 of 8000 complete in 294.4 sec
[-----------------45%                  ] 3633 of 8000 complete in 294.9 sec
[-----------------45%                  ] 3640 of 8000 complete in 295.5 sec
[-----------------45%                  ] 3646 of 8000 complete in 296.0 sec
[-----------------45%                  ] 3652 of 8000 complete in 296.6 sec
[-----------------45%                  ] 3658 of 8000 complete in 297.1 sec
[-----------------45%                  ] 3664 of 8000 complete in 297.7 sec
[-----------------45%                  ] 3670 of 8000 complete in 298.2 sec
[-----------------45%                  ] 3676 of 8000 complete in 298.8 sec
[-----------------46%                  ] 3683 of 8000 complete in 299.3 sec
[-----------------46%                  ] 3690 of 8000 complete in 299.8 sec
[-----------------46%                  ] 3697 of 8000 complete in 300.3 sec
[-----------------46%                  ] 3704 of 8000 complete in 300.9 sec
[-----------------46%                  ] 3711 of 8000 complete in 301.4 sec
[-----------------46%                  ] 3718 of 8000 complete in 302.0 sec
[-----------------46%                  ] 3724 of 8000 complete in 302.5 sec
[-----------------46%                  ] 3729 of 8000 complete in 303.0 sec
[-----------------46%                  ] 3736 of 8000 complete in 303.6 sec
[-----------------46%                  ] 3743 of 8000 complete in 304.1 sec
[-----------------46%                  ] 3750 of 8000 complete in 304.7 sec
[-----------------46%                  ] 3757 of 8000 complete in 305.2 sec
[-----------------47%                  ] 3764 of 8000 complete in 305.8 sec
[-----------------47%                  ] 3771 of 8000 complete in 306.3 sec
[-----------------47%                  ] 3778 of 8000 complete in 306.9 sec
[-----------------47%                  ] 3785 of 8000 complete in 307.4 sec
[-----------------47%                  ] 3792 of 8000 complete in 307.9 sec
[-----------------47%                  ] 3799 of 8000 complete in 308.4 sec
[-----------------47%                  ] 3806 of 8000 complete in 309.0 sec
[-----------------47%                  ] 3813 of 8000 complete in 309.5 sec
[-----------------47%                  ] 3820 of 8000 complete in 310.0 sec
[-----------------47%                  ] 3827 of 8000 complete in 310.6 sec
[-----------------47%                  ] 3834 of 8000 complete in 311.1 sec
[-----------------48%                  ] 3841 of 8000 complete in 311.7 sec
[-----------------48%                  ] 3848 of 8000 complete in 312.2 sec
[-----------------48%                  ] 3854 of 8000 complete in 312.7 sec
[-----------------48%                  ] 3861 of 8000 complete in 313.3 sec
[-----------------48%                  ] 3867 of 8000 complete in 313.8 sec
[-----------------48%                  ] 3873 of 8000 complete in 314.4 sec
[-----------------48%                  ] 3879 of 8000 complete in 314.9 sec
[-----------------48%                  ] 3886 of 8000 complete in 315.4 sec
[-----------------48%                  ] 3893 of 8000 complete in 316.0 sec
[-----------------48%                  ] 3899 of 8000 complete in 316.5 sec
[-----------------48%                  ] 3905 of 8000 complete in 317.0 sec
[-----------------48%                  ] 3911 of 8000 complete in 317.5 sec
[-----------------48%                  ] 3917 of 8000 complete in 318.0 sec
[-----------------49%                  ] 3924 of 8000 complete in 318.6 sec
[-----------------49%                  ] 3931 of 8000 complete in 319.1 sec
[-----------------49%                  ] 3938 of 8000 complete in 319.7 sec
[-----------------49%                  ] 3945 of 8000 complete in 320.3 sec
[-----------------49%                  ] 3951 of 8000 complete in 320.8 sec
[-----------------49%                  ] 3957 of 8000 complete in 321.3 sec
[-----------------49%                  ] 3963 of 8000 complete in 321.8 sec
[-----------------49%                  ] 3970 of 8000 complete in 322.4 sec
[-----------------49%                  ] 3978 of 8000 complete in 322.9 sec
[-----------------49%                  ] 3985 of 8000 complete in 323.5 sec
[-----------------49%                  ] 3992 of 8000 complete in 324.1 sec
[-----------------49%                  ] 3999 of 8000 complete in 324.6 sec
[-----------------50%                  ] 4005 of 8000 complete in 325.1 sec
[-----------------50%                  ] 4012 of 8000 complete in 325.7 sec
[-----------------50%                  ] 4018 of 8000 complete in 326.2 sec
[-----------------50%                  ] 4024 of 8000 complete in 326.7 sec
[-----------------50%                  ] 4030 of 8000 complete in 327.2 sec
[-----------------50%                  ] 4036 of 8000 complete in 327.8 sec
[-----------------50%                  ] 4042 of 8000 complete in 328.4 sec
[-----------------50%                  ] 4048 of 8000 complete in 329.0 sec
[-----------------50%                  ] 4054 of 8000 complete in 329.5 sec
[-----------------50%                  ] 4060 of 8000 complete in 330.0 sec
[-----------------50%                  ] 4066 of 8000 complete in 330.5 sec
[-----------------50%                  ] 4072 of 8000 complete in 331.1 sec
[-----------------50%                  ] 4078 of 8000 complete in 331.6 sec
[-----------------51%                  ] 4085 of 8000 complete in 332.1 sec
[-----------------51%                  ] 4092 of 8000 complete in 332.7 sec
[-----------------51%                  ] 4099 of 8000 complete in 333.2 sec
[-----------------51%                  ] 4106 of 8000 complete in 333.7 sec
[-----------------51%                  ] 4113 of 8000 complete in 334.3 sec
[-----------------51%                  ] 4120 of 8000 complete in 334.8 sec
[-----------------51%                  ] 4127 of 8000 complete in 335.3 sec
[-----------------51%                  ] 4134 of 8000 complete in 335.9 sec
[-----------------51%                  ] 4140 of 8000 complete in 336.4 sec
[-----------------51%                  ] 4147 of 8000 complete in 337.0 sec
[-----------------51%                  ] 4154 of 8000 complete in 337.5 sec
[-----------------52%                  ] 4161 of 8000 complete in 338.0 sec
[-----------------52%                  ] 4167 of 8000 complete in 338.6 sec
[-----------------52%                  ] 4174 of 8000 complete in 339.1 sec
[-----------------52%                  ] 4181 of 8000 complete in 339.7 sec
[-----------------52%                  ] 4187 of 8000 complete in 340.3 sec
[-----------------52%                  ] 4193 of 8000 complete in 340.9 sec
[-----------------52%                  ] 4199 of 8000 complete in 341.4 sec
[-----------------52%                  ] 4206 of 8000 complete in 341.9 sec
[-----------------52%                  ] 4213 of 8000 complete in 342.5 sec
[-----------------52%                  ] 4220 of 8000 complete in 343.0 sec
[-----------------52%                  ] 4227 of 8000 complete in 343.5 sec
[-----------------52%                  ] 4234 of 8000 complete in 344.1 sec
[-----------------53%                  ] 4240 of 8000 complete in 344.6 sec
[-----------------53%                  ] 4247 of 8000 complete in 345.2 sec
[-----------------53%                  ] 4253 of 8000 complete in 345.7 sec
[-----------------53%                  ] 4259 of 8000 complete in 346.3 sec
[-----------------53%                  ] 4264 of 8000 complete in 346.8 sec
[-----------------53%                  ] 4270 of 8000 complete in 347.4 sec
[-----------------53%                  ] 4276 of 8000 complete in 347.9 sec
[-----------------53%                  ] 4282 of 8000 complete in 348.5 sec
[-----------------53%                  ] 4288 of 8000 complete in 349.0 sec
[-----------------53%                  ] 4294 of 8000 complete in 349.6 sec
[-----------------53%                  ] 4300 of 8000 complete in 350.1 sec
[-----------------45%                  ] 3644 of 8000 complete in 293.0 sec
[-----------------45%                  ] 3651 of 8000 complete in 293.6 sec
[-----------------45%                  ] 3658 of 8000 complete in 294.1 sec
[-----------------45%                  ] 3665 of 8000 complete in 294.7 sec
[-----------------45%                  ] 3672 of 8000 complete in 295.2 sec
[-----------------45%                  ] 3679 of 8000 complete in 295.8 sec
[-----------------46%                  ] 3685 of 8000 complete in 296.3 sec
[-----------------46%                  ] 3691 of 8000 complete in 296.8 sec
[-----------------46%                  ] 3697 of 8000 complete in 297.4 sec
[-----------------46%                  ] 3703 of 8000 complete in 297.9 sec
[-----------------46%                  ] 3710 of 8000 complete in 298.5 sec
[-----------------46%                  ] 3717 of 8000 complete in 299.1 sec
[-----------------46%                  ] 3724 of 8000 complete in 299.6 sec
[-----------------46%                  ] 3731 of 8000 complete in 300.1 sec
[-----------------46%                  ] 3738 of 8000 complete in 300.7 sec
[-----------------46%                  ] 3745 of 8000 complete in 301.2 sec
[-----------------46%                  ] 3752 of 8000 complete in 301.8 sec
[-----------------46%                  ] 3759 of 8000 complete in 302.3 sec
[-----------------47%                  ] 3765 of 8000 complete in 302.8 sec
[-----------------47%                  ] 3771 of 8000 complete in 303.4 sec
[-----------------47%                  ] 3778 of 8000 complete in 304.0 sec
[-----------------47%                  ] 3786 of 8000 complete in 304.5 sec
[-----------------47%                  ] 3793 of 8000 complete in 305.0 sec
[-----------------47%                  ] 3800 of 8000 complete in 305.6 sec
[-----------------47%                  ] 3807 of 8000 complete in 306.1 sec
[-----------------47%                  ] 3814 of 8000 complete in 306.6 sec
[-----------------47%                  ] 3821 of 8000 complete in 307.2 sec
[-----------------47%                  ] 3828 of 8000 complete in 307.7 sec
[-----------------47%                  ] 3835 of 8000 complete in 308.2 sec
[-----------------48%                  ] 3842 of 8000 complete in 308.7 sec
[-----------------48%                  ] 3850 of 8000 complete in 309.3 sec
[-----------------48%                  ] 3858 of 8000 complete in 309.8 sec
[-----------------48%                  ] 3865 of 8000 complete in 310.4 sec
[-----------------48%                  ] 3872 of 8000 complete in 311.0 sec
[-----------------48%                  ] 3878 of 8000 complete in 311.5 sec
[-----------------48%                  ] 3885 of 8000 complete in 312.0 sec
[-----------------48%                  ] 3892 of 8000 complete in 312.6 sec
[-----------------48%                  ] 3899 of 8000 complete in 313.1 sec
[-----------------48%                  ] 3906 of 8000 complete in 313.7 sec
[-----------------48%                  ] 3912 of 8000 complete in 314.2 sec
[-----------------48%                  ] 3918 of 8000 complete in 314.7 sec
[-----------------49%                  ] 3925 of 8000 complete in 315.3 sec
[-----------------49%                  ] 3931 of 8000 complete in 315.8 sec
[-----------------49%                  ] 3938 of 8000 complete in 316.4 sec
[-----------------49%                  ] 3944 of 8000 complete in 316.9 sec
[-----------------49%                  ] 3951 of 8000 complete in 317.4 sec
[-----------------49%                  ] 3958 of 8000 complete in 318.0 sec
[-----------------49%                  ] 3965 of 8000 complete in 318.6 sec
[-----------------49%                  ] 3972 of 8000 complete in 319.2 sec
[-----------------49%                  ] 3978 of 8000 complete in 319.7 sec
[-----------------49%                  ] 3984 of 8000 complete in 320.2 sec
[-----------------49%                  ] 3991 of 8000 complete in 320.8 sec
[-----------------49%                  ] 3997 of 8000 complete in 321.3 sec
[-----------------50%                  ] 4003 of 8000 complete in 321.8 sec
[-----------------50%                  ] 4010 of 8000 complete in 322.4 sec
[-----------------50%                  ] 4017 of 8000 complete in 322.9 sec
[-----------------50%                  ] 4025 of 8000 complete in 323.5 sec
[-----------------50%                  ] 4031 of 8000 complete in 324.0 sec
[-----------------50%                  ] 4038 of 8000 complete in 324.5 sec
[-----------------50%                  ] 4044 of 8000 complete in 325.0 sec
[-----------------50%                  ] 4051 of 8000 complete in 325.6 sec
[-----------------50%                  ] 4058 of 8000 complete in 326.1 sec
[-----------------50%                  ] 4064 of 8000 complete in 326.7 sec
[-----------------50%                  ] 4070 of 8000 complete in 327.2 sec
[-----------------50%                  ] 4076 of 8000 complete in 327.7 sec
[-----------------51%                  ] 4082 of 8000 complete in 328.3 sec
[-----------------51%                  ] 4087 of 8000 complete in 328.8 sec
[-----------------51%                  ] 4093 of 8000 complete in 329.4 sec
[-----------------51%                  ] 4099 of 8000 complete in 329.9 sec
[-----------------51%                  ] 4105 of 8000 complete in 330.4 sec
[-----------------51%                  ] 4111 of 8000 complete in 331.0 sec
[-----------------51%                  ] 4118 of 8000 complete in 331.5 sec
[-----------------51%                  ] 4125 of 8000 complete in 332.1 sec
[-----------------51%                  ] 4132 of 8000 complete in 332.6 sec
[-----------------51%                  ] 4139 of 8000 complete in 333.2 sec
[-----------------51%                  ] 4146 of 8000 complete in 333.7 sec
[-----------------51%                  ] 4153 of 8000 complete in 334.2 sec
[-----------------52%                  ] 4160 of 8000 complete in 334.7 sec
[-----------------52%                  ] 4167 of 8000 complete in 335.2 sec
[-----------------52%                  ] 4174 of 8000 complete in 335.8 sec
[-----------------52%                  ] 4180 of 8000 complete in 336.3 sec
[-----------------52%                  ] 4187 of 8000 complete in 336.9 sec
[-----------------52%                  ] 4194 of 8000 complete in 337.4 sec
[-----------------52%                  ] 4201 of 8000 complete in 338.0 sec
[-----------------52%                  ] 4208 of 8000 complete in 338.5 sec
[-----------------52%                  ] 4215 of 8000 complete in 339.0 sec
[-----------------52%                  ] 4222 of 8000 complete in 339.5 sec
[-----------------52%                  ] 4228 of 8000 complete in 340.0 sec
[-----------------52%                  ] 4234 of 8000 complete in 340.7 sec
[-----------------53%                  ] 4241 of 8000 complete in 341.2 sec
[-----------------53%                  ] 4248 of 8000 complete in 341.8 sec
[-----------------53%                  ] 4255 of 8000 complete in 342.3 sec
[-----------------53%                  ] 4262 of 8000 complete in 342.9 sec
[-----------------53%                  ] 4270 of 8000 complete in 343.4 sec
[-----------------53%                  ] 4277 of 8000 complete in 343.9 sec
[-----------------53%                  ] 4283 of 8000 complete in 344.4 sec
[-----------------53%                  ] 4289 of 8000 complete in 344.9 sec
[-----------------53%                  ] 4295 of 8000 complete in 345.4 sec
[-----------------53%                  ] 4301 of 8000 complete in 346.0 sec
[-----------------53%                  ] 4307 of 8000 complete in 346.6 sec
[-----------------53%                  ] 4312 of 8000 complete in 347.1 sec
[-----------------53%                  ] 4318 of 8000 complete in 347.6 sec
[-----------------54%                  ] 4324 of 8000 complete in 348.2 sec
[-----------------54%                  ] 4330 of 8000 complete in 348.7 sec
[-----------------54%                  ] 4336 of 8000 complete in 349.3 sec
[-----------------54%                  ] 4342 of 8000 complete in 349.8 sec
[-----------------54%                  ] 4348 of 8000 complete in 350.3 sec
[-----------------45%                  ] 3605 of 8000 complete in 293.0 sec
[-----------------45%                  ] 3612 of 8000 complete in 293.6 sec
[-----------------45%                  ] 3619 of 8000 complete in 294.1 sec
[-----------------45%                  ] 3626 of 8000 complete in 294.7 sec
[-----------------45%                  ] 3633 of 8000 complete in 295.2 sec
[-----------------45%                  ] 3640 of 8000 complete in 295.8 sec
[-----------------45%                  ] 3646 of 8000 complete in 296.3 sec
[-----------------45%                  ] 3652 of 8000 complete in 296.9 sec
[-----------------45%                  ] 3658 of 8000 complete in 297.4 sec
[-----------------45%                  ] 3664 of 8000 complete in 298.0 sec
[-----------------45%                  ] 3670 of 8000 complete in 298.5 sec
[-----------------45%                  ] 3676 of 8000 complete in 299.0 sec
[-----------------46%                  ] 3683 of 8000 complete in 299.6 sec
[-----------------46%                  ] 3690 of 8000 complete in 300.1 sec
[-----------------46%                  ] 3697 of 8000 complete in 300.6 sec
[-----------------46%                  ] 3704 of 8000 complete in 301.2 sec
[-----------------46%                  ] 3711 of 8000 complete in 301.7 sec
[-----------------46%                  ] 3718 of 8000 complete in 302.2 sec
[-----------------46%                  ] 3724 of 8000 complete in 302.8 sec
[-----------------46%                  ] 3730 of 8000 complete in 303.4 sec
[-----------------46%                  ] 3737 of 8000 complete in 303.9 sec
[-----------------46%                  ] 3744 of 8000 complete in 304.5 sec
[-----------------46%                  ] 3751 of 8000 complete in 305.0 sec
[-----------------46%                  ] 3758 of 8000 complete in 305.5 sec
[-----------------47%                  ] 3765 of 8000 complete in 306.1 sec
[-----------------47%                  ] 3771 of 8000 complete in 306.6 sec
[-----------------47%                  ] 3778 of 8000 complete in 307.1 sec
[-----------------47%                  ] 3786 of 8000 complete in 307.7 sec
[-----------------47%                  ] 3793 of 8000 complete in 308.2 sec
[-----------------47%                  ] 3800 of 8000 complete in 308.7 sec
[-----------------47%                  ] 3807 of 8000 complete in 309.3 sec
[-----------------47%                  ] 3814 of 8000 complete in 309.8 sec
[-----------------47%                  ] 3820 of 8000 complete in 310.3 sec
[-----------------47%                  ] 3827 of 8000 complete in 310.8 sec
[-----------------47%                  ] 3834 of 8000 complete in 311.4 sec
[-----------------48%                  ] 3840 of 8000 complete in 311.9 sec
[-----------------48%                  ] 3846 of 8000 complete in 312.4 sec
[-----------------48%                  ] 3853 of 8000 complete in 313.0 sec
[-----------------48%                  ] 3860 of 8000 complete in 313.6 sec
[-----------------48%                  ] 3867 of 8000 complete in 314.2 sec
[-----------------48%                  ] 3873 of 8000 complete in 314.7 sec
[-----------------48%                  ] 3880 of 8000 complete in 315.2 sec
[-----------------48%                  ] 3887 of 8000 complete in 315.8 sec
[-----------------48%                  ] 3894 of 8000 complete in 316.3 sec
[-----------------48%                  ] 3900 of 8000 complete in 316.9 sec
[-----------------48%                  ] 3907 of 8000 complete in 317.5 sec
[-----------------48%                  ] 3913 of 8000 complete in 318.0 sec
[-----------------48%                  ] 3919 of 8000 complete in 318.5 sec
[-----------------49%                  ] 3926 of 8000 complete in 319.1 sec
[-----------------49%                  ] 3933 of 8000 complete in 319.6 sec
[-----------------49%                  ] 3940 of 8000 complete in 320.2 sec
[-----------------49%                  ] 3946 of 8000 complete in 320.7 sec
[-----------------49%                  ] 3953 of 8000 complete in 321.3 sec
[-----------------49%                  ] 3959 of 8000 complete in 321.8 sec
[-----------------49%                  ] 3966 of 8000 complete in 322.4 sec
[-----------------49%                  ] 3973 of 8000 complete in 322.9 sec
[-----------------49%                  ] 3980 of 8000 complete in 323.4 sec
[-----------------49%                  ] 3987 of 8000 complete in 324.0 sec
[-----------------49%                  ] 3994 of 8000 complete in 324.5 sec
[-----------------50%                  ] 4001 of 8000 complete in 325.1 sec
[-----------------50%                  ] 4007 of 8000 complete in 325.6 sec
[-----------------50%                  ] 4014 of 8000 complete in 326.2 sec
[-----------------50%                  ] 4021 of 8000 complete in 326.8 sec
[-----------------50%                  ] 4027 of 8000 complete in 327.3 sec
[-----------------50%                  ] 4033 of 8000 complete in 327.9 sec
[-----------------50%                  ] 4039 of 8000 complete in 328.5 sec
[-----------------50%                  ] 4045 of 8000 complete in 329.0 sec
[-----------------50%                  ] 4051 of 8000 complete in 329.6 sec
[-----------------50%                  ] 4057 of 8000 complete in 330.1 sec
[-----------------50%                  ] 4064 of 8000 complete in 330.7 sec
[-----------------50%                  ] 4070 of 8000 complete in 331.2 sec
[-----------------50%                  ] 4076 of 8000 complete in 331.7 sec
[-----------------51%                  ] 4082 of 8000 complete in 332.2 sec
[-----------------51%                  ] 4089 of 8000 complete in 332.8 sec
[-----------------51%                  ] 4096 of 8000 complete in 333.3 sec
[-----------------51%                  ] 4103 of 8000 complete in 333.9 sec
[-----------------51%                  ] 4110 of 8000 complete in 334.4 sec
[-----------------51%                  ] 4117 of 8000 complete in 334.9 sec
[-----------------51%                  ] 4124 of 8000 complete in 335.4 sec
[-----------------51%                  ] 4131 of 8000 complete in 336.0 sec
[-----------------51%                  ] 4137 of 8000 complete in 336.5 sec
[-----------------51%                  ] 4144 of 8000 complete in 337.1 sec
[-----------------51%                  ] 4151 of 8000 complete in 337.6 sec
[-----------------51%                  ] 4159 of 8000 complete in 338.2 sec
[-----------------52%                  ] 4165 of 8000 complete in 338.7 sec
[-----------------52%                  ] 4172 of 8000 complete in 339.2 sec
[-----------------52%                  ] 4178 of 8000 complete in 339.7 sec
[-----------------52%                  ] 4184 of 8000 complete in 340.3 sec
[-----------------52%                  ] 4189 of 8000 complete in 340.8 sec
[-----------------52%                  ] 4195 of 8000 complete in 341.3 sec
[-----------------52%                  ] 4201 of 8000 complete in 341.8 sec
[-----------------52%                  ] 4208 of 8000 complete in 342.3 sec
[-----------------52%                  ] 4215 of 8000 complete in 342.8 sec
[-----------------52%                  ] 4223 of 8000 complete in 343.4 sec
[-----------------52%                  ] 4230 of 8000 complete in 343.9 sec
[-----------------52%                  ] 4236 of 8000 complete in 344.4 sec
[-----------------53%                  ] 4242 of 8000 complete in 345.0 sec
[-----------------53%                  ] 4249 of 8000 complete in 345.6 sec
[-----------------53%                  ] 4255 of 8000 complete in 346.1 sec
[-----------------53%                  ] 4261 of 8000 complete in 346.7 sec
[-----------------53%                  ] 4267 of 8000 complete in 347.2 sec
[-----------------53%                  ] 4273 of 8000 complete in 347.8 sec
[-----------------53%                  ] 4278 of 8000 complete in 348.3 sec
[-----------------53%                  ] 4284 of 8000 complete in 348.8 sec
[-----------------53%                  ] 4290 of 8000 complete in 349.4 sec
[-----------------53%                  ] 4296 of 8000 complete in 350.0 sec
[-----------------53%                  ] 4302 of 8000 complete in 350.5 sec
[-----------------44%                  ] 3590 of 8000 complete in 294.3 sec
[-----------------44%                  ] 3596 of 8000 complete in 294.8 sec
[-----------------45%                  ] 3603 of 8000 complete in 295.3 sec
[-----------------45%                  ] 3610 of 8000 complete in 295.9 sec
[-----------------45%                  ] 3615 of 8000 complete in 296.4 sec
[-----------------45%                  ] 3621 of 8000 complete in 297.0 sec
[-----------------45%                  ] 3627 of 8000 complete in 297.5 sec
[-----------------45%                  ] 3633 of 8000 complete in 298.1 sec
[-----------------45%                  ] 3639 of 8000 complete in 298.6 sec
[-----------------45%                  ] 3646 of 8000 complete in 299.1 sec
[-----------------45%                  ] 3653 of 8000 complete in 299.6 sec
[-----------------45%                  ] 3660 of 8000 complete in 300.2 sec
[-----------------45%                  ] 3667 of 8000 complete in 300.7 sec
[-----------------45%                  ] 3674 of 8000 complete in 301.2 sec
[-----------------46%                  ] 3681 of 8000 complete in 301.8 sec
[-----------------46%                  ] 3688 of 8000 complete in 302.4 sec
[-----------------46%                  ] 3694 of 8000 complete in 302.9 sec
[-----------------46%                  ] 3700 of 8000 complete in 303.4 sec
[-----------------46%                  ] 3707 of 8000 complete in 304.0 sec
[-----------------46%                  ] 3715 of 8000 complete in 304.6 sec
[-----------------46%                  ] 3722 of 8000 complete in 305.1 sec
[-----------------46%                  ] 3729 of 8000 complete in 305.6 sec
[-----------------46%                  ] 3736 of 8000 complete in 306.2 sec
[-----------------46%                  ] 3743 of 8000 complete in 306.7 sec
[-----------------46%                  ] 3751 of 8000 complete in 307.3 sec
[-----------------46%                  ] 3758 of 8000 complete in 307.8 sec
[-----------------47%                  ] 3765 of 8000 complete in 308.4 sec
[-----------------47%                  ] 3772 of 8000 complete in 308.9 sec
[-----------------47%                  ] 3779 of 8000 complete in 309.4 sec
[-----------------47%                  ] 3786 of 8000 complete in 309.9 sec
[-----------------47%                  ] 3793 of 8000 complete in 310.5 sec
[-----------------47%                  ] 3799 of 8000 complete in 311.0 sec
[-----------------47%                  ] 3805 of 8000 complete in 311.5 sec
[-----------------47%                  ] 3812 of 8000 complete in 312.1 sec
[-----------------47%                  ] 3819 of 8000 complete in 312.6 sec
[-----------------47%                  ] 3826 of 8000 complete in 313.2 sec
[-----------------47%                  ] 3832 of 8000 complete in 313.7 sec
[-----------------47%                  ] 3838 of 8000 complete in 314.2 sec
[-----------------48%                  ] 3844 of 8000 complete in 314.8 sec
[-----------------48%                  ] 3851 of 8000 complete in 315.3 sec
[-----------------48%                  ] 3857 of 8000 complete in 315.8 sec
[-----------------48%                  ] 3863 of 8000 complete in 316.4 sec
[-----------------48%                  ] 3869 of 8000 complete in 316.9 sec
[-----------------48%                  ] 3876 of 8000 complete in 317.4 sec
[-----------------48%                  ] 3882 of 8000 complete in 318.0 sec
[-----------------48%                  ] 3889 of 8000 complete in 318.5 sec
[-----------------48%                  ] 3896 of 8000 complete in 319.1 sec
[-----------------48%                  ] 3902 of 8000 complete in 319.6 sec
[-----------------48%                  ] 3908 of 8000 complete in 320.1 sec
[-----------------48%                  ] 3915 of 8000 complete in 320.7 sec
[-----------------49%                  ] 3922 of 8000 complete in 321.3 sec
[-----------------49%                  ] 3927 of 8000 complete in 321.8 sec
[-----------------49%                  ] 3934 of 8000 complete in 322.3 sec
[-----------------49%                  ] 3941 of 8000 complete in 322.8 sec
[-----------------49%                  ] 3948 of 8000 complete in 323.4 sec
[-----------------49%                  ] 3954 of 8000 complete in 323.9 sec
[-----------------49%                  ] 3961 of 8000 complete in 324.5 sec
[-----------------49%                  ] 3968 of 8000 complete in 325.0 sec
[-----------------49%                  ] 3975 of 8000 complete in 325.6 sec
[-----------------49%                  ] 3982 of 8000 complete in 326.1 sec
[-----------------49%                  ] 3988 of 8000 complete in 326.7 sec
[-----------------49%                  ] 3995 of 8000 complete in 327.3 sec
[-----------------50%                  ] 4001 of 8000 complete in 327.9 sec
[-----------------50%                  ] 4006 of 8000 complete in 328.4 sec
[-----------------50%                  ] 4012 of 8000 complete in 329.0 sec
[-----------------50%                  ] 4018 of 8000 complete in 329.5 sec
[-----------------50%                  ] 4024 of 8000 complete in 330.0 sec
[-----------------50%                  ] 4031 of 8000 complete in 330.6 sec
[-----------------50%                  ] 4037 of 8000 complete in 331.2 sec
[-----------------50%                  ] 4043 of 8000 complete in 331.7 sec
[-----------------50%                  ] 4050 of 8000 complete in 332.2 sec
[-----------------50%                  ] 4057 of 8000 complete in 332.7 sec
[-----------------50%                  ] 4064 of 8000 complete in 333.3 sec
[-----------------50%                  ] 4071 of 8000 complete in 333.8 sec
[-----------------50%                  ] 4078 of 8000 complete in 334.4 sec
[-----------------51%                  ] 4085 of 8000 complete in 334.9 sec
[-----------------51%                  ] 4092 of 8000 complete in 335.4 sec
[-----------------51%                  ] 4099 of 8000 complete in 336.0 sec
[-----------------51%                  ] 4105 of 8000 complete in 336.5 sec
[-----------------51%                  ] 4112 of 8000 complete in 337.1 sec
[-----------------51%                  ] 4119 of 8000 complete in 337.6 sec
[-----------------51%                  ] 4126 of 8000 complete in 338.1 sec
[-----------------51%                  ] 4133 of 8000 complete in 338.7 sec
[-----------------51%                  ] 4140 of 8000 complete in 339.2 sec
[-----------------51%                  ] 4146 of 8000 complete in 339.7 sec
[-----------------51%                  ] 4152 of 8000 complete in 340.3 sec
[-----------------51%                  ] 4157 of 8000 complete in 340.8 sec
[-----------------52%                  ] 4163 of 8000 complete in 341.3 sec
[-----------------52%                  ] 4169 of 8000 complete in 341.8 sec
[-----------------52%                  ] 4176 of 8000 complete in 342.4 sec
[-----------------52%                  ] 4183 of 8000 complete in 342.9 sec
[-----------------52%                  ] 4190 of 8000 complete in 343.4 sec
[-----------------52%                  ] 4197 of 8000 complete in 344.0 sec
[-----------------52%                  ] 4203 of 8000 complete in 344.5 sec
[-----------------52%                  ] 4210 of 8000 complete in 345.1 sec
[-----------------52%                  ] 4216 of 8000 complete in 345.6 sec
[-----------------52%                  ] 4222 of 8000 complete in 346.1 sec
[-----------------52%                  ] 4227 of 8000 complete in 346.6 sec
[-----------------52%                  ] 4233 of 8000 complete in 347.3 sec
[-----------------52%                  ] 4239 of 8000 complete in 347.8 sec
[-----------------53%                  ] 4245 of 8000 complete in 348.4 sec
[-----------------53%                  ] 4251 of 8000 complete in 348.9 sec
[-----------------53%                  ] 4257 of 8000 complete in 349.5 sec
[-----------------53%                  ] 4263 of 8000 complete in 350.1 sec
[-----------------53%                  ] 4269 of 8000 complete in 350.7 sec
[-----------------53%                  ] 4275 of 8000 complete in 351.2 sec
[-----------------53%                  ] 4281 of 8000 complete in 351.8 sec
[-----------------54%                  ] 4354 of 8000 complete in 350.9 sec
[-----------------54%                  ] 4360 of 8000 complete in 351.5 sec
[-----------------54%                  ] 4366 of 8000 complete in 352.0 sec
[-----------------54%                  ] 4372 of 8000 complete in 352.6 sec
[-----------------54%                  ] 4378 of 8000 complete in 353.2 sec
[-----------------54%                  ] 4384 of 8000 complete in 353.7 sec
[-----------------54%                  ] 4390 of 8000 complete in 354.2 sec
[-----------------54%                  ] 4396 of 8000 complete in 354.7 sec
[-----------------55%                  ] 4403 of 8000 complete in 355.3 sec
[-----------------55%                  ] 4410 of 8000 complete in 355.9 sec
[-----------------55%                  ] 4417 of 8000 complete in 356.4 sec
[-----------------55%-                 ] 4424 of 8000 complete in 357.0 sec
[-----------------55%-                 ] 4431 of 8000 complete in 357.5 sec
[-----------------55%-                 ] 4437 of 8000 complete in 358.0 sec
[-----------------55%-                 ] 4443 of 8000 complete in 358.5 sec
[-----------------55%-                 ] 4449 of 8000 complete in 359.0 sec
[-----------------55%-                 ] 4456 of 8000 complete in 359.6 sec
[-----------------55%-                 ] 4463 of 8000 complete in 360.1 sec
[-----------------55%-                 ] 4470 of 8000 complete in 360.7 sec
[-----------------55%-                 ] 4477 of 8000 complete in 361.2 sec
[-----------------56%-                 ] 4484 of 8000 complete in 361.7 sec
[-----------------56%-                 ] 4492 of 8000 complete in 362.2 sec
[-----------------56%-                 ] 4499 of 8000 complete in 362.8 sec
[-----------------56%-                 ] 4506 of 8000 complete in 363.3 sec
[-----------------56%-                 ] 4513 of 8000 complete in 363.8 sec
[-----------------56%-                 ] 4520 of 8000 complete in 364.4 sec
[-----------------56%-                 ] 4526 of 8000 complete in 364.9 sec
[-----------------56%-                 ] 4533 of 8000 complete in 365.4 sec
[-----------------56%-                 ] 4539 of 8000 complete in 365.9 sec
[-----------------56%-                 ] 4545 of 8000 complete in 366.5 sec
[-----------------56%-                 ] 4551 of 8000 complete in 367.0 sec
[-----------------56%-                 ] 4558 of 8000 complete in 367.5 sec
[-----------------57%-                 ] 4564 of 8000 complete in 368.0 sec
[-----------------57%-                 ] 4570 of 8000 complete in 368.6 sec
[-----------------57%-                 ] 4575 of 8000 complete in 369.1 sec
[-----------------57%-                 ] 4581 of 8000 complete in 369.7 sec
[-----------------57%-                 ] 4587 of 8000 complete in 370.2 sec
[-----------------57%-                 ] 4594 of 8000 complete in 370.7 sec
[-----------------57%-                 ] 4600 of 8000 complete in 371.3 sec
[-----------------57%-                 ] 4607 of 8000 complete in 371.8 sec
[-----------------57%-                 ] 4613 of 8000 complete in 372.3 sec
[-----------------57%-                 ] 4619 of 8000 complete in 372.9 sec
[-----------------57%-                 ] 4625 of 8000 complete in 373.4 sec
[-----------------57%--                ] 4632 of 8000 complete in 373.9 sec
[-----------------57%--                ] 4637 of 8000 complete in 374.4 sec
[-----------------58%--                ] 4643 of 8000 complete in 375.0 sec
[-----------------58%--                ] 4649 of 8000 complete in 375.6 sec
[-----------------58%--                ] 4655 of 8000 complete in 376.1 sec
[-----------------58%--                ] 4661 of 8000 complete in 376.6 sec
[-----------------58%--                ] 4667 of 8000 complete in 377.2 sec
[-----------------58%--                ] 4673 of 8000 complete in 377.7 sec
[-----------------58%--                ] 4679 of 8000 complete in 378.3 sec
[-----------------58%--                ] 4685 of 8000 complete in 378.9 sec
[-----------------58%--                ] 4691 of 8000 complete in 379.4 sec
[-----------------58%--                ] 4696 of 8000 complete in 379.9 sec
[-----------------58%--                ] 4700 of 8000 complete in 380.5 sec
[-----------------58%--                ] 4704 of 8000 complete in 381.0 sec
[-----------------58%--                ] 4709 of 8000 complete in 381.6 sec
[-----------------58%--                ] 4714 of 8000 complete in 382.1 sec
[-----------------58%--                ] 4719 of 8000 complete in 382.7 sec
[-----------------59%--                ] 4725 of 8000 complete in 383.2 sec
[-----------------59%--                ] 4732 of 8000 complete in 383.7 sec
[-----------------59%--                ] 4739 of 8000 complete in 384.2 sec
[-----------------59%--                ] 4746 of 8000 complete in 384.7 sec
[-----------------59%--                ] 4753 of 8000 complete in 385.3 sec
[-----------------59%--                ] 4760 of 8000 complete in 385.8 sec
[-----------------59%--                ] 4766 of 8000 complete in 386.3 sec
[-----------------59%--                ] 4772 of 8000 complete in 386.8 sec
[-----------------59%--                ] 4779 of 8000 complete in 387.3 sec
[-----------------59%--                ] 4786 of 8000 complete in 387.9 sec
[-----------------59%--                ] 4793 of 8000 complete in 388.4 sec
[-----------------60%--                ] 4800 of 8000 complete in 388.9 sec
[-----------------60%--                ] 4808 of 8000 complete in 389.5 sec
[-----------------60%--                ] 4816 of 8000 complete in 390.0 sec
[-----------------60%--                ] 4823 of 8000 complete in 390.5 sec
[-----------------60%--                ] 4830 of 8000 complete in 391.1 sec
[-----------------60%--                ] 4837 of 8000 complete in 391.6 sec
[-----------------60%---               ] 4844 of 8000 complete in 392.2 sec
[-----------------60%---               ] 4851 of 8000 complete in 392.7 sec
[-----------------60%---               ] 4858 of 8000 complete in 393.2 sec
[-----------------60%---               ] 4865 of 8000 complete in 393.7 sec
[-----------------60%---               ] 4872 of 8000 complete in 394.2 sec
[-----------------60%---               ] 4879 of 8000 complete in 394.7 sec
[-----------------61%---               ] 4886 of 8000 complete in 395.3 sec
[-----------------61%---               ] 4893 of 8000 complete in 395.8 sec
[-----------------61%---               ] 4901 of 8000 complete in 396.4 sec
[-----------------61%---               ] 4907 of 8000 complete in 396.9 sec
[-----------------61%---               ] 4913 of 8000 complete in 397.4 sec
[-----------------61%---               ] 4920 of 8000 complete in 397.9 sec
[-----------------61%---               ] 4928 of 8000 complete in 398.5 sec
[-----------------61%---               ] 4935 of 8000 complete in 399.1 sec
[-----------------61%---               ] 4942 of 8000 complete in 399.6 sec
[-----------------61%---               ] 4949 of 8000 complete in 400.1 sec
[-----------------61%---               ] 4956 of 8000 complete in 400.7 sec
[-----------------62%---               ] 4963 of 8000 complete in 401.2 sec
[-----------------62%---               ] 4970 of 8000 complete in 401.7 sec
[-----------------62%---               ] 4977 of 8000 complete in 402.3 sec
[-----------------62%---               ] 4983 of 8000 complete in 402.8 sec
[-----------------62%---               ] 4990 of 8000 complete in 403.4 sec
[-----------------62%---               ] 4997 of 8000 complete in 403.9 sec
[-----------------62%---               ] 5003 of 8000 complete in 404.4 sec
[-----------------62%---               ] 5010 of 8000 complete in 405.0 sec
[-----------------62%---               ] 5017 of 8000 complete in 405.6 sec
[-----------------62%---               ] 5024 of 8000 complete in 406.1 sec
[-----------------62%---               ] 5030 of 8000 complete in 406.6 sec
[-----------------62%---               ] 5037 of 8000 complete in 407.2 sec
[-----------------63%---               ] 5044 of 8000 complete in 407.8 sec
[-----------------53%                  ] 4306 of 8000 complete in 350.7 sec
[-----------------53%                  ] 4312 of 8000 complete in 351.3 sec
[-----------------53%                  ] 4318 of 8000 complete in 351.8 sec
[-----------------54%                  ] 4324 of 8000 complete in 352.4 sec
[-----------------54%                  ] 4331 of 8000 complete in 353.0 sec
[-----------------54%                  ] 4337 of 8000 complete in 353.5 sec
[-----------------54%                  ] 4343 of 8000 complete in 354.0 sec
[-----------------54%                  ] 4349 of 8000 complete in 354.6 sec
[-----------------54%                  ] 4355 of 8000 complete in 355.1 sec
[-----------------54%                  ] 4362 of 8000 complete in 355.6 sec
[-----------------54%                  ] 4369 of 8000 complete in 356.1 sec
[-----------------54%                  ] 4376 of 8000 complete in 356.7 sec
[-----------------54%                  ] 4383 of 8000 complete in 357.2 sec
[-----------------54%                  ] 4389 of 8000 complete in 357.7 sec
[-----------------54%                  ] 4396 of 8000 complete in 358.3 sec
[-----------------55%                  ] 4403 of 8000 complete in 358.9 sec
[-----------------55%                  ] 4409 of 8000 complete in 359.4 sec
[-----------------55%                  ] 4416 of 8000 complete in 360.0 sec
[-----------------55%-                 ] 4423 of 8000 complete in 360.5 sec
[-----------------55%-                 ] 4431 of 8000 complete in 361.1 sec
[-----------------55%-                 ] 4438 of 8000 complete in 361.6 sec
[-----------------55%-                 ] 4445 of 8000 complete in 362.1 sec
[-----------------55%-                 ] 4451 of 8000 complete in 362.6 sec
[-----------------55%-                 ] 4458 of 8000 complete in 363.1 sec
[-----------------55%-                 ] 4465 of 8000 complete in 363.7 sec
[-----------------55%-                 ] 4472 of 8000 complete in 364.2 sec
[-----------------55%-                 ] 4479 of 8000 complete in 364.7 sec
[-----------------56%-                 ] 4485 of 8000 complete in 365.3 sec
[-----------------56%-                 ] 4491 of 8000 complete in 365.8 sec
[-----------------56%-                 ] 4497 of 8000 complete in 366.3 sec
[-----------------56%-                 ] 4503 of 8000 complete in 366.8 sec
[-----------------56%-                 ] 4510 of 8000 complete in 367.4 sec
[-----------------56%-                 ] 4516 of 8000 complete in 367.9 sec
[-----------------56%-                 ] 4522 of 8000 complete in 368.5 sec
[-----------------56%-                 ] 4527 of 8000 complete in 369.0 sec
[-----------------56%-                 ] 4533 of 8000 complete in 369.5 sec
[-----------------56%-                 ] 4539 of 8000 complete in 370.1 sec
[-----------------56%-                 ] 4546 of 8000 complete in 370.6 sec
[-----------------56%-                 ] 4553 of 8000 complete in 371.1 sec
[-----------------57%-                 ] 4560 of 8000 complete in 371.7 sec
[-----------------57%-                 ] 4567 of 8000 complete in 372.3 sec
[-----------------57%-                 ] 4574 of 8000 complete in 372.8 sec
[-----------------57%-                 ] 4581 of 8000 complete in 373.4 sec
[-----------------57%-                 ] 4587 of 8000 complete in 373.9 sec
[-----------------57%-                 ] 4593 of 8000 complete in 374.5 sec
[-----------------57%-                 ] 4599 of 8000 complete in 375.1 sec
[-----------------57%-                 ] 4605 of 8000 complete in 375.6 sec
[-----------------57%-                 ] 4611 of 8000 complete in 376.1 sec
[-----------------57%-                 ] 4616 of 8000 complete in 376.6 sec
[-----------------57%-                 ] 4622 of 8000 complete in 377.2 sec
[-----------------57%-                 ] 4628 of 8000 complete in 377.7 sec
[-----------------57%--                ] 4634 of 8000 complete in 378.3 sec
[-----------------58%--                ] 4640 of 8000 complete in 378.8 sec
[-----------------58%--                ] 4646 of 8000 complete in 379.3 sec
[-----------------58%--                ] 4651 of 8000 complete in 379.9 sec
[-----------------58%--                ] 4656 of 8000 complete in 380.5 sec
[-----------------58%--                ] 4660 of 8000 complete in 381.0 sec
[-----------------58%--                ] 4665 of 8000 complete in 381.6 sec
[-----------------58%--                ] 4670 of 8000 complete in 382.1 sec
[-----------------58%--                ] 4675 of 8000 complete in 382.7 sec
[-----------------58%--                ] 4682 of 8000 complete in 383.2 sec
[-----------------58%--                ] 4689 of 8000 complete in 383.7 sec
[-----------------58%--                ] 4697 of 8000 complete in 384.3 sec
[-----------------58%--                ] 4704 of 8000 complete in 384.8 sec
[-----------------58%--                ] 4711 of 8000 complete in 385.3 sec
[-----------------58%--                ] 4718 of 8000 complete in 385.8 sec
[-----------------59%--                ] 4725 of 8000 complete in 386.4 sec
[-----------------59%--                ] 4731 of 8000 complete in 386.9 sec
[-----------------59%--                ] 4738 of 8000 complete in 387.5 sec
[-----------------59%--                ] 4745 of 8000 complete in 388.0 sec
[-----------------59%--                ] 4752 of 8000 complete in 388.6 sec
[-----------------59%--                ] 4759 of 8000 complete in 389.1 sec
[-----------------59%--                ] 4766 of 8000 complete in 389.6 sec
[-----------------59%--                ] 4774 of 8000 complete in 390.1 sec
[-----------------59%--                ] 4781 of 8000 complete in 390.7 sec
[-----------------59%--                ] 4788 of 8000 complete in 391.2 sec
[-----------------59%--                ] 4795 of 8000 complete in 391.8 sec
[-----------------60%--                ] 4802 of 8000 complete in 392.3 sec
[-----------------60%--                ] 4809 of 8000 complete in 392.8 sec
[-----------------60%--                ] 4816 of 8000 complete in 393.3 sec
[-----------------60%--                ] 4823 of 8000 complete in 393.9 sec
[-----------------60%--                ] 4830 of 8000 complete in 394.4 sec
[-----------------60%--                ] 4837 of 8000 complete in 394.9 sec
[-----------------60%---               ] 4844 of 8000 complete in 395.4 sec
[-----------------60%---               ] 4851 of 8000 complete in 396.0 sec
[-----------------60%---               ] 4857 of 8000 complete in 396.5 sec
[-----------------60%---               ] 4863 of 8000 complete in 397.0 sec
[-----------------60%---               ] 4870 of 8000 complete in 397.6 sec
[-----------------60%---               ] 4877 of 8000 complete in 398.1 sec
[-----------------61%---               ] 4884 of 8000 complete in 398.7 sec
[-----------------61%---               ] 4891 of 8000 complete in 399.2 sec
[-----------------61%---               ] 4898 of 8000 complete in 399.8 sec
[-----------------61%---               ] 4905 of 8000 complete in 400.3 sec
[-----------------61%---               ] 4912 of 8000 complete in 400.8 sec
[-----------------61%---               ] 4919 of 8000 complete in 401.4 sec
[-----------------61%---               ] 4926 of 8000 complete in 401.9 sec
[-----------------61%---               ] 4932 of 8000 complete in 402.5 sec
[-----------------61%---               ] 4938 of 8000 complete in 403.0 sec
[-----------------61%---               ] 4945 of 8000 complete in 403.5 sec
[-----------------61%---               ] 4952 of 8000 complete in 404.1 sec
[-----------------61%---               ] 4958 of 8000 complete in 404.6 sec
[-----------------62%---               ] 4965 of 8000 complete in 405.2 sec
[-----------------62%---               ] 4971 of 8000 complete in 405.7 sec
[-----------------62%---               ] 4978 of 8000 complete in 406.2 sec
[-----------------62%---               ] 4984 of 8000 complete in 406.8 sec
[-----------------62%---               ] 4990 of 8000 complete in 407.3 sec
[-----------------62%---               ] 4996 of 8000 complete in 407.8 sec
[-----------------53%                  ] 4307 of 8000 complete in 351.0 sec
[-----------------53%                  ] 4313 of 8000 complete in 351.6 sec
[-----------------53%                  ] 4319 of 8000 complete in 352.2 sec
[-----------------54%                  ] 4325 of 8000 complete in 352.7 sec
[-----------------54%                  ] 4331 of 8000 complete in 353.2 sec
[-----------------54%                  ] 4337 of 8000 complete in 353.7 sec
[-----------------54%                  ] 4343 of 8000 complete in 354.3 sec
[-----------------54%                  ] 4349 of 8000 complete in 354.9 sec
[-----------------54%                  ] 4356 of 8000 complete in 355.4 sec
[-----------------54%                  ] 4364 of 8000 complete in 356.0 sec
[-----------------54%                  ] 4371 of 8000 complete in 356.6 sec
[-----------------54%                  ] 4378 of 8000 complete in 357.1 sec
[-----------------54%                  ] 4385 of 8000 complete in 357.6 sec
[-----------------54%                  ] 4392 of 8000 complete in 358.2 sec
[-----------------54%                  ] 4398 of 8000 complete in 358.7 sec
[-----------------55%                  ] 4404 of 8000 complete in 359.3 sec
[-----------------55%                  ] 4411 of 8000 complete in 359.8 sec
[-----------------55%                  ] 4418 of 8000 complete in 360.3 sec
[-----------------55%-                 ] 4425 of 8000 complete in 360.9 sec
[-----------------55%-                 ] 4432 of 8000 complete in 361.4 sec
[-----------------55%-                 ] 4439 of 8000 complete in 361.9 sec
[-----------------55%-                 ] 4447 of 8000 complete in 362.5 sec
[-----------------55%-                 ] 4454 of 8000 complete in 363.1 sec
[-----------------55%-                 ] 4462 of 8000 complete in 363.6 sec
[-----------------55%-                 ] 4470 of 8000 complete in 364.2 sec
[-----------------55%-                 ] 4476 of 8000 complete in 364.7 sec
[-----------------56%-                 ] 4482 of 8000 complete in 365.2 sec
[-----------------56%-                 ] 4488 of 8000 complete in 365.8 sec
[-----------------56%-                 ] 4495 of 8000 complete in 366.3 sec
[-----------------56%-                 ] 4501 of 8000 complete in 366.8 sec
[-----------------56%-                 ] 4508 of 8000 complete in 367.4 sec
[-----------------56%-                 ] 4515 of 8000 complete in 368.0 sec
[-----------------56%-                 ] 4521 of 8000 complete in 368.5 sec
[-----------------56%-                 ] 4526 of 8000 complete in 369.1 sec
[-----------------56%-                 ] 4532 of 8000 complete in 369.6 sec
[-----------------56%-                 ] 4538 of 8000 complete in 370.1 sec
[-----------------56%-                 ] 4545 of 8000 complete in 370.7 sec
[-----------------56%-                 ] 4552 of 8000 complete in 371.3 sec
[-----------------56%-                 ] 4558 of 8000 complete in 371.8 sec
[-----------------57%-                 ] 4565 of 8000 complete in 372.4 sec
[-----------------57%-                 ] 4572 of 8000 complete in 372.9 sec
[-----------------57%-                 ] 4578 of 8000 complete in 373.5 sec
[-----------------57%-                 ] 4585 of 8000 complete in 374.0 sec
[-----------------57%-                 ] 4591 of 8000 complete in 374.6 sec
[-----------------57%-                 ] 4597 of 8000 complete in 375.2 sec
[-----------------57%-                 ] 4603 of 8000 complete in 375.7 sec
[-----------------57%-                 ] 4609 of 8000 complete in 376.2 sec
[-----------------57%-                 ] 4615 of 8000 complete in 376.8 sec
[-----------------57%-                 ] 4621 of 8000 complete in 377.3 sec
[-----------------57%-                 ] 4627 of 8000 complete in 377.8 sec
[-----------------57%--                ] 4633 of 8000 complete in 378.4 sec
[-----------------57%--                ] 4639 of 8000 complete in 378.9 sec
[-----------------58%--                ] 4645 of 8000 complete in 379.5 sec
[-----------------58%--                ] 4650 of 8000 complete in 380.0 sec
[-----------------58%--                ] 4655 of 8000 complete in 380.6 sec
[-----------------58%--                ] 4659 of 8000 complete in 381.1 sec
[-----------------58%--                ] 4664 of 8000 complete in 381.7 sec
[-----------------58%--                ] 4669 of 8000 complete in 382.2 sec
[-----------------58%--                ] 4674 of 8000 complete in 382.8 sec
[-----------------58%--                ] 4681 of 8000 complete in 383.4 sec
[-----------------58%--                ] 4688 of 8000 complete in 383.9 sec
[-----------------58%--                ] 4696 of 8000 complete in 384.5 sec
[-----------------58%--                ] 4703 of 8000 complete in 385.0 sec
[-----------------58%--                ] 4710 of 8000 complete in 385.5 sec
[-----------------58%--                ] 4717 of 8000 complete in 386.0 sec
[-----------------59%--                ] 4724 of 8000 complete in 386.6 sec
[-----------------59%--                ] 4730 of 8000 complete in 387.1 sec
[-----------------59%--                ] 4737 of 8000 complete in 387.7 sec
[-----------------59%--                ] 4744 of 8000 complete in 388.2 sec
[-----------------59%--                ] 4751 of 8000 complete in 388.7 sec
[-----------------59%--                ] 4758 of 8000 complete in 389.2 sec
[-----------------59%--                ] 4765 of 8000 complete in 389.7 sec
[-----------------59%--                ] 4773 of 8000 complete in 390.3 sec
[-----------------59%--                ] 4780 of 8000 complete in 390.8 sec
[-----------------59%--                ] 4787 of 8000 complete in 391.4 sec
[-----------------59%--                ] 4794 of 8000 complete in 391.9 sec
[-----------------60%--                ] 4801 of 8000 complete in 392.4 sec
[-----------------60%--                ] 4808 of 8000 complete in 392.9 sec
[-----------------60%--                ] 4815 of 8000 complete in 393.4 sec
[-----------------60%--                ] 4822 of 8000 complete in 394.0 sec
[-----------------60%--                ] 4829 of 8000 complete in 394.5 sec
[-----------------60%--                ] 4836 of 8000 complete in 395.1 sec
[-----------------60%---               ] 4844 of 8000 complete in 395.6 sec
[-----------------60%---               ] 4851 of 8000 complete in 396.1 sec
[-----------------60%---               ] 4857 of 8000 complete in 396.7 sec
[-----------------60%---               ] 4863 of 8000 complete in 397.2 sec
[-----------------60%---               ] 4870 of 8000 complete in 397.8 sec
[-----------------60%---               ] 4877 of 8000 complete in 398.3 sec
[-----------------61%---               ] 4884 of 8000 complete in 398.8 sec
[-----------------61%---               ] 4891 of 8000 complete in 399.4 sec
[-----------------61%---               ] 4898 of 8000 complete in 399.9 sec
[-----------------61%---               ] 4905 of 8000 complete in 400.4 sec
[-----------------61%---               ] 4912 of 8000 complete in 400.9 sec
[-----------------61%---               ] 4920 of 8000 complete in 401.5 sec
[-----------------61%---               ] 4927 of 8000 complete in 402.1 sec
[-----------------61%---               ] 4934 of 8000 complete in 402.6 sec
[-----------------61%---               ] 4940 of 8000 complete in 403.1 sec
[-----------------61%---               ] 4947 of 8000 complete in 403.7 sec
[-----------------61%---               ] 4954 of 8000 complete in 404.2 sec
[-----------------62%---               ] 4960 of 8000 complete in 404.8 sec
[-----------------62%---               ] 4966 of 8000 complete in 405.3 sec
[-----------------62%---               ] 4973 of 8000 complete in 405.8 sec
[-----------------62%---               ] 4980 of 8000 complete in 406.4 sec
[-----------------62%---               ] 4986 of 8000 complete in 406.9 sec
[-----------------62%---               ] 4993 of 8000 complete in 407.4 sec
[-----------------62%---               ] 4999 of 8000 complete in 407.9 sec
[-----------------62%---               ] 5005 of 8000 complete in 408.5 sec
[-----------------53%                  ] 4286 of 8000 complete in 352.3 sec
[-----------------53%                  ] 4292 of 8000 complete in 352.8 sec
[-----------------53%                  ] 4298 of 8000 complete in 353.3 sec
[-----------------53%                  ] 4304 of 8000 complete in 353.9 sec
[-----------------53%                  ] 4310 of 8000 complete in 354.4 sec
[-----------------53%                  ] 4316 of 8000 complete in 354.9 sec
[-----------------54%                  ] 4323 of 8000 complete in 355.5 sec
[-----------------54%                  ] 4330 of 8000 complete in 356.0 sec
[-----------------54%                  ] 4336 of 8000 complete in 356.5 sec
[-----------------54%                  ] 4343 of 8000 complete in 357.1 sec
[-----------------54%                  ] 4349 of 8000 complete in 357.6 sec
[-----------------54%                  ] 4356 of 8000 complete in 358.2 sec
[-----------------54%                  ] 4362 of 8000 complete in 358.7 sec
[-----------------54%                  ] 4368 of 8000 complete in 359.3 sec
[-----------------54%                  ] 4375 of 8000 complete in 359.8 sec
[-----------------54%                  ] 4382 of 8000 complete in 360.3 sec
[-----------------54%                  ] 4389 of 8000 complete in 360.8 sec
[-----------------54%                  ] 4396 of 8000 complete in 361.4 sec
[-----------------55%                  ] 4404 of 8000 complete in 361.9 sec
[-----------------55%                  ] 4411 of 8000 complete in 362.5 sec
[-----------------55%                  ] 4418 of 8000 complete in 363.0 sec
[-----------------55%-                 ] 4424 of 8000 complete in 363.5 sec
[-----------------55%-                 ] 4431 of 8000 complete in 364.0 sec
[-----------------55%-                 ] 4438 of 8000 complete in 364.6 sec
[-----------------55%-                 ] 4445 of 8000 complete in 365.2 sec
[-----------------55%-                 ] 4451 of 8000 complete in 365.7 sec
[-----------------55%-                 ] 4457 of 8000 complete in 366.2 sec
[-----------------55%-                 ] 4463 of 8000 complete in 366.7 sec
[-----------------55%-                 ] 4470 of 8000 complete in 367.3 sec
[-----------------55%-                 ] 4476 of 8000 complete in 367.8 sec
[-----------------56%-                 ] 4483 of 8000 complete in 368.4 sec
[-----------------56%-                 ] 4488 of 8000 complete in 368.9 sec
[-----------------56%-                 ] 4494 of 8000 complete in 369.5 sec
[-----------------56%-                 ] 4500 of 8000 complete in 370.0 sec
[-----------------56%-                 ] 4506 of 8000 complete in 370.5 sec
[-----------------56%-                 ] 4513 of 8000 complete in 371.1 sec
[-----------------56%-                 ] 4519 of 8000 complete in 371.6 sec
[-----------------56%-                 ] 4526 of 8000 complete in 372.2 sec
[-----------------56%-                 ] 4533 of 8000 complete in 372.8 sec
[-----------------56%-                 ] 4539 of 8000 complete in 373.3 sec
[-----------------56%-                 ] 4545 of 8000 complete in 373.8 sec
[-----------------56%-                 ] 4551 of 8000 complete in 374.4 sec
[-----------------56%-                 ] 4557 of 8000 complete in 375.0 sec
[-----------------57%-                 ] 4563 of 8000 complete in 375.5 sec
[-----------------57%-                 ] 4569 of 8000 complete in 376.1 sec
[-----------------57%-                 ] 4575 of 8000 complete in 376.7 sec
[-----------------57%-                 ] 4582 of 8000 complete in 377.2 sec
[-----------------57%-                 ] 4588 of 8000 complete in 377.8 sec
[-----------------57%-                 ] 4593 of 8000 complete in 378.3 sec
[-----------------57%-                 ] 4599 of 8000 complete in 378.8 sec
[-----------------57%-                 ] 4605 of 8000 complete in 379.4 sec
[-----------------57%-                 ] 4610 of 8000 complete in 379.9 sec
[-----------------57%-                 ] 4614 of 8000 complete in 380.5 sec
[-----------------57%-                 ] 4619 of 8000 complete in 381.1 sec
[-----------------57%-                 ] 4624 of 8000 complete in 381.7 sec
[-----------------57%-                 ] 4629 of 8000 complete in 382.3 sec
[-----------------57%--                ] 4634 of 8000 complete in 382.9 sec
[-----------------58%--                ] 4641 of 8000 complete in 383.4 sec
[-----------------58%--                ] 4648 of 8000 complete in 383.9 sec
[-----------------58%--                ] 4655 of 8000 complete in 384.4 sec
[-----------------58%--                ] 4663 of 8000 complete in 385.0 sec
[-----------------58%--                ] 4670 of 8000 complete in 385.5 sec
[-----------------58%--                ] 4677 of 8000 complete in 386.1 sec
[-----------------58%--                ] 4683 of 8000 complete in 386.6 sec
[-----------------58%--                ] 4690 of 8000 complete in 387.1 sec
[-----------------58%--                ] 4696 of 8000 complete in 387.6 sec
[-----------------58%--                ] 4703 of 8000 complete in 388.1 sec
[-----------------58%--                ] 4710 of 8000 complete in 388.7 sec
[-----------------58%--                ] 4717 of 8000 complete in 389.2 sec
[-----------------59%--                ] 4724 of 8000 complete in 389.7 sec
[-----------------59%--                ] 4731 of 8000 complete in 390.2 sec
[-----------------59%--                ] 4738 of 8000 complete in 390.7 sec
[-----------------59%--                ] 4745 of 8000 complete in 391.3 sec
[-----------------59%--                ] 4752 of 8000 complete in 391.8 sec
[-----------------59%--                ] 4759 of 8000 complete in 392.4 sec
[-----------------59%--                ] 4766 of 8000 complete in 392.9 sec
[-----------------59%--                ] 4773 of 8000 complete in 393.4 sec
[-----------------59%--                ] 4780 of 8000 complete in 394.0 sec
[-----------------59%--                ] 4787 of 8000 complete in 394.5 sec
[-----------------59%--                ] 4794 of 8000 complete in 395.0 sec
[-----------------60%--                ] 4802 of 8000 complete in 395.6 sec
[-----------------60%--                ] 4809 of 8000 complete in 396.1 sec
[-----------------60%--                ] 4815 of 8000 complete in 396.6 sec
[-----------------60%--                ] 4821 of 8000 complete in 397.1 sec
[-----------------60%--                ] 4828 of 8000 complete in 397.7 sec
[-----------------60%--                ] 4835 of 8000 complete in 398.2 sec
[-----------------60%--                ] 4842 of 8000 complete in 398.8 sec
[-----------------60%---               ] 4849 of 8000 complete in 399.3 sec
[-----------------60%---               ] 4856 of 8000 complete in 399.9 sec
[-----------------60%---               ] 4863 of 8000 complete in 400.4 sec
[-----------------60%---               ] 4870 of 8000 complete in 401.0 sec
[-----------------60%---               ] 4877 of 8000 complete in 401.5 sec
[-----------------61%---               ] 4883 of 8000 complete in 402.0 sec
[-----------------61%---               ] 4890 of 8000 complete in 402.6 sec
[-----------------61%---               ] 4896 of 8000 complete in 403.1 sec
[-----------------61%---               ] 4903 of 8000 complete in 403.6 sec
[-----------------61%---               ] 4909 of 8000 complete in 404.1 sec
[-----------------61%---               ] 4916 of 8000 complete in 404.7 sec
[-----------------61%---               ] 4922 of 8000 complete in 405.2 sec
[-----------------61%---               ] 4929 of 8000 complete in 405.8 sec
[-----------------61%---               ] 4936 of 8000 complete in 406.3 sec
[-----------------61%---               ] 4942 of 8000 complete in 406.9 sec
[-----------------61%---               ] 4949 of 8000 complete in 407.4 sec
[-----------------61%---               ] 4955 of 8000 complete in 407.9 sec
[-----------------62%---               ] 4961 of 8000 complete in 408.5 sec
[-----------------62%---               ] 4967 of 8000 complete in 409.0 sec
[-----------------62%---               ] 4973 of 8000 complete in 409.5 sec
[-----------------63%---               ] 5049 of 8000 complete in 408.3 sec
[-----------------63%----              ] 5055 of 8000 complete in 408.8 sec
[-----------------63%----              ] 5062 of 8000 complete in 409.3 sec
[-----------------63%----              ] 5068 of 8000 complete in 409.9 sec
[-----------------63%----              ] 5074 of 8000 complete in 410.4 sec
[-----------------63%----              ] 5080 of 8000 complete in 410.9 sec
[-----------------63%----              ] 5086 of 8000 complete in 411.4 sec
[-----------------63%----              ] 5092 of 8000 complete in 411.9 sec
[-----------------63%----              ] 5100 of 8000 complete in 412.5 sec
[-----------------63%----              ] 5106 of 8000 complete in 413.0 sec
[-----------------63%----              ] 5112 of 8000 complete in 413.5 sec
[-----------------63%----              ] 5119 of 8000 complete in 414.1 sec
[-----------------64%----              ] 5125 of 8000 complete in 414.6 sec
[-----------------64%----              ] 5132 of 8000 complete in 415.2 sec
[-----------------64%----              ] 5138 of 8000 complete in 415.7 sec
[-----------------64%----              ] 5145 of 8000 complete in 416.3 sec
[-----------------64%----              ] 5152 of 8000 complete in 416.8 sec
[-----------------64%----              ] 5159 of 8000 complete in 417.3 sec
[-----------------64%----              ] 5166 of 8000 complete in 417.9 sec
[-----------------64%----              ] 5172 of 8000 complete in 418.4 sec
[-----------------64%----              ] 5179 of 8000 complete in 418.9 sec
[-----------------64%----              ] 5186 of 8000 complete in 419.5 sec
[-----------------64%----              ] 5192 of 8000 complete in 420.0 sec
[-----------------64%----              ] 5198 of 8000 complete in 420.5 sec
[-----------------65%----              ] 5205 of 8000 complete in 421.1 sec
[-----------------65%----              ] 5212 of 8000 complete in 421.6 sec
[-----------------65%----              ] 5219 of 8000 complete in 422.2 sec
[-----------------65%----              ] 5226 of 8000 complete in 422.8 sec
[-----------------65%----              ] 5233 of 8000 complete in 423.3 sec
[-----------------65%----              ] 5240 of 8000 complete in 423.9 sec
[-----------------65%----              ] 5246 of 8000 complete in 424.5 sec
[-----------------65%----              ] 5251 of 8000 complete in 425.0 sec
[-----------------65%----              ] 5257 of 8000 complete in 425.5 sec
[-----------------65%----              ] 5263 of 8000 complete in 426.1 sec
[-----------------65%-----             ] 5269 of 8000 complete in 426.6 sec
[-----------------65%-----             ] 5277 of 8000 complete in 427.1 sec
[-----------------66%-----             ] 5284 of 8000 complete in 427.7 sec
[-----------------66%-----             ] 5291 of 8000 complete in 428.2 sec
[-----------------66%-----             ] 5298 of 8000 complete in 428.7 sec
[-----------------66%-----             ] 5305 of 8000 complete in 429.2 sec
[-----------------66%-----             ] 5312 of 8000 complete in 429.7 sec
[-----------------66%-----             ] 5319 of 8000 complete in 430.2 sec
[-----------------66%-----             ] 5326 of 8000 complete in 430.8 sec
[-----------------66%-----             ] 5333 of 8000 complete in 431.3 sec
[-----------------66%-----             ] 5340 of 8000 complete in 431.8 sec
[-----------------66%-----             ] 5347 of 8000 complete in 432.3 sec
[-----------------66%-----             ] 5354 of 8000 complete in 432.8 sec
[-----------------67%-----             ] 5361 of 8000 complete in 433.4 sec
[-----------------67%-----             ] 5368 of 8000 complete in 433.9 sec
[-----------------67%-----             ] 5374 of 8000 complete in 434.5 sec
[-----------------67%-----             ] 5380 of 8000 complete in 435.1 sec
[-----------------67%-----             ] 5386 of 8000 complete in 435.6 sec
[-----------------67%-----             ] 5392 of 8000 complete in 436.2 sec
[-----------------67%-----             ] 5398 of 8000 complete in 436.8 sec
[-----------------67%-----             ] 5405 of 8000 complete in 437.3 sec
[-----------------67%-----             ] 5411 of 8000 complete in 437.8 sec
[-----------------67%-----             ] 5417 of 8000 complete in 438.4 sec
[-----------------67%-----             ] 5423 of 8000 complete in 439.0 sec
[-----------------67%-----             ] 5428 of 8000 complete in 439.5 sec
[-----------------67%-----             ] 5434 of 8000 complete in 440.0 sec
[-----------------68%-----             ] 5440 of 8000 complete in 440.6 sec
[-----------------68%-----             ] 5445 of 8000 complete in 441.1 sec
[-----------------68%-----             ] 5451 of 8000 complete in 441.7 sec
[-----------------68%-----             ] 5456 of 8000 complete in 442.2 sec
[-----------------68%-----             ] 5462 of 8000 complete in 442.8 sec
[-----------------68%-----             ] 5467 of 8000 complete in 443.3 sec
[-----------------68%-----             ] 5473 of 8000 complete in 443.8 sec
[-----------------68%------            ] 5479 of 8000 complete in 444.4 sec
[-----------------68%------            ] 5485 of 8000 complete in 445.0 sec
[-----------------68%------            ] 5491 of 8000 complete in 445.6 sec
[-----------------68%------            ] 5496 of 8000 complete in 446.1 sec
[-----------------68%------            ] 5501 of 8000 complete in 446.8 sec
[-----------------68%------            ] 5506 of 8000 complete in 447.3 sec
[-----------------68%------            ] 5511 of 8000 complete in 447.8 sec
[-----------------68%------            ] 5517 of 8000 complete in 448.4 sec
[-----------------69%------            ] 5522 of 8000 complete in 449.0 sec
[-----------------69%------            ] 5528 of 8000 complete in 449.5 sec
[-----------------69%------            ] 5533 of 8000 complete in 450.1 sec
[-----------------69%------            ] 5538 of 8000 complete in 450.6 sec
[-----------------69%------            ] 5543 of 8000 complete in 451.1 sec
[-----------------69%------            ] 5548 of 8000 complete in 451.6 sec
[-----------------69%------            ] 5553 of 8000 complete in 452.1 sec
[-----------------69%------            ] 5558 of 8000 complete in 452.7 sec
[-----------------69%------            ] 5563 of 8000 complete in 453.3 sec
[-----------------69%------            ] 5568 of 8000 complete in 453.8 sec
[-----------------69%------            ] 5573 of 8000 complete in 454.3 sec
[-----------------69%------            ] 5580 of 8000 complete in 454.9 sec
[-----------------69%------            ] 5588 of 8000 complete in 455.4 sec
[-----------------69%------            ] 5596 of 8000 complete in 456.0 sec
[-----------------70%------            ] 5603 of 8000 complete in 456.5 sec
[-----------------70%------            ] 5610 of 8000 complete in 457.0 sec
[-----------------70%------            ] 5617 of 8000 complete in 457.6 sec
[-----------------70%------            ] 5624 of 8000 complete in 458.1 sec
[-----------------70%------            ] 5631 of 8000 complete in 458.7 sec
[-----------------70%------            ] 5638 of 8000 complete in 459.2 sec
[-----------------70%------            ] 5645 of 8000 complete in 459.8 sec
[-----------------70%------            ] 5653 of 8000 complete in 460.3 sec
[-----------------70%------            ] 5661 of 8000 complete in 460.9 sec
[-----------------70%------            ] 5669 of 8000 complete in 461.4 sec
[-----------------70%------            ] 5676 of 8000 complete in 461.9 sec
[-----------------71%------            ] 5684 of 8000 complete in 462.5 sec
[-----------------71%-------           ] 5691 of 8000 complete in 463.0 sec
[-----------------71%-------           ] 5699 of 8000 complete in 463.6 sec
[-----------------71%-------           ] 5706 of 8000 complete in 464.1 sec
[-----------------71%-------           ] 5712 of 8000 complete in 464.7 sec
[-----------------71%-------           ] 5719 of 8000 complete in 465.2 sec
[-----------------71%-------           ] 5726 of 8000 complete in 465.7 sec
[-----------------62%---               ] 5001 of 8000 complete in 408.3 sec
[-----------------62%---               ] 5008 of 8000 complete in 408.9 sec
[-----------------62%---               ] 5014 of 8000 complete in 409.4 sec
[-----------------62%---               ] 5020 of 8000 complete in 409.9 sec
[-----------------62%---               ] 5026 of 8000 complete in 410.5 sec
[-----------------62%---               ] 5032 of 8000 complete in 411.0 sec
[-----------------62%---               ] 5039 of 8000 complete in 411.6 sec
[-----------------63%---               ] 5046 of 8000 complete in 412.1 sec
[-----------------63%----              ] 5053 of 8000 complete in 412.7 sec
[-----------------63%----              ] 5060 of 8000 complete in 413.2 sec
[-----------------63%----              ] 5066 of 8000 complete in 413.8 sec
[-----------------63%----              ] 5073 of 8000 complete in 414.3 sec
[-----------------63%----              ] 5079 of 8000 complete in 414.9 sec
[-----------------63%----              ] 5086 of 8000 complete in 415.5 sec
[-----------------63%----              ] 5093 of 8000 complete in 416.0 sec
[-----------------63%----              ] 5100 of 8000 complete in 416.5 sec
[-----------------63%----              ] 5107 of 8000 complete in 417.1 sec
[-----------------63%----              ] 5113 of 8000 complete in 417.6 sec
[-----------------63%----              ] 5119 of 8000 complete in 418.1 sec
[-----------------64%----              ] 5125 of 8000 complete in 418.6 sec
[-----------------64%----              ] 5132 of 8000 complete in 419.2 sec
[-----------------64%----              ] 5139 of 8000 complete in 419.8 sec
[-----------------64%----              ] 5145 of 8000 complete in 420.3 sec
[-----------------64%----              ] 5151 of 8000 complete in 420.8 sec
[-----------------64%----              ] 5157 of 8000 complete in 421.3 sec
[-----------------64%----              ] 5164 of 8000 complete in 421.9 sec
[-----------------64%----              ] 5170 of 8000 complete in 422.4 sec
[-----------------64%----              ] 5177 of 8000 complete in 423.0 sec
[-----------------64%----              ] 5184 of 8000 complete in 423.5 sec
[-----------------64%----              ] 5190 of 8000 complete in 424.0 sec
[-----------------64%----              ] 5196 of 8000 complete in 424.6 sec
[-----------------65%----              ] 5201 of 8000 complete in 425.1 sec
[-----------------65%----              ] 5207 of 8000 complete in 425.7 sec
[-----------------65%----              ] 5213 of 8000 complete in 426.2 sec
[-----------------65%----              ] 5219 of 8000 complete in 426.7 sec
[-----------------65%----              ] 5226 of 8000 complete in 427.2 sec
[-----------------65%----              ] 5233 of 8000 complete in 427.8 sec
[-----------------65%----              ] 5240 of 8000 complete in 428.3 sec
[-----------------65%----              ] 5247 of 8000 complete in 428.8 sec
[-----------------65%----              ] 5255 of 8000 complete in 429.4 sec
[-----------------65%----              ] 5262 of 8000 complete in 429.9 sec
[-----------------65%-----             ] 5269 of 8000 complete in 430.4 sec
[-----------------65%-----             ] 5276 of 8000 complete in 430.9 sec
[-----------------66%-----             ] 5283 of 8000 complete in 431.5 sec
[-----------------66%-----             ] 5290 of 8000 complete in 432.0 sec
[-----------------66%-----             ] 5297 of 8000 complete in 432.5 sec
[-----------------66%-----             ] 5304 of 8000 complete in 433.0 sec
[-----------------66%-----             ] 5310 of 8000 complete in 433.6 sec
[-----------------66%-----             ] 5316 of 8000 complete in 434.1 sec
[-----------------66%-----             ] 5322 of 8000 complete in 434.7 sec
[-----------------66%-----             ] 5328 of 8000 complete in 435.3 sec
[-----------------66%-----             ] 5334 of 8000 complete in 435.8 sec
[-----------------66%-----             ] 5340 of 8000 complete in 436.4 sec
[-----------------66%-----             ] 5347 of 8000 complete in 437.0 sec
[-----------------66%-----             ] 5353 of 8000 complete in 437.5 sec
[-----------------66%-----             ] 5359 of 8000 complete in 438.0 sec
[-----------------67%-----             ] 5365 of 8000 complete in 438.6 sec
[-----------------67%-----             ] 5371 of 8000 complete in 439.1 sec
[-----------------67%-----             ] 5376 of 8000 complete in 439.6 sec
[-----------------67%-----             ] 5382 of 8000 complete in 440.2 sec
[-----------------67%-----             ] 5388 of 8000 complete in 440.8 sec
[-----------------67%-----             ] 5393 of 8000 complete in 441.3 sec
[-----------------67%-----             ] 5399 of 8000 complete in 441.9 sec
[-----------------67%-----             ] 5404 of 8000 complete in 442.4 sec
[-----------------67%-----             ] 5409 of 8000 complete in 442.9 sec
[-----------------67%-----             ] 5414 of 8000 complete in 443.4 sec
[-----------------67%-----             ] 5420 of 8000 complete in 443.9 sec
[-----------------67%-----             ] 5426 of 8000 complete in 444.5 sec
[-----------------67%-----             ] 5431 of 8000 complete in 445.0 sec
[-----------------67%-----             ] 5437 of 8000 complete in 445.6 sec
[-----------------68%-----             ] 5443 of 8000 complete in 446.2 sec
[-----------------68%-----             ] 5447 of 8000 complete in 446.7 sec
[-----------------68%-----             ] 5452 of 8000 complete in 447.3 sec
[-----------------68%-----             ] 5457 of 8000 complete in 447.8 sec
[-----------------68%-----             ] 5462 of 8000 complete in 448.4 sec
[-----------------68%-----             ] 5467 of 8000 complete in 448.9 sec
[-----------------68%-----             ] 5473 of 8000 complete in 449.4 sec
[-----------------68%------            ] 5479 of 8000 complete in 450.0 sec
[-----------------68%------            ] 5484 of 8000 complete in 450.5 sec
[-----------------68%------            ] 5490 of 8000 complete in 451.1 sec
[-----------------68%------            ] 5496 of 8000 complete in 451.7 sec
[-----------------68%------            ] 5501 of 8000 complete in 452.2 sec
[-----------------68%------            ] 5506 of 8000 complete in 452.7 sec
[-----------------68%------            ] 5510 of 8000 complete in 453.2 sec
[-----------------68%------            ] 5515 of 8000 complete in 453.8 sec
[-----------------69%------            ] 5520 of 8000 complete in 454.3 sec
[-----------------69%------            ] 5527 of 8000 complete in 454.8 sec
[-----------------69%------            ] 5534 of 8000 complete in 455.3 sec
[-----------------69%------            ] 5541 of 8000 complete in 455.9 sec
[-----------------69%------            ] 5548 of 8000 complete in 456.4 sec
[-----------------69%------            ] 5555 of 8000 complete in 456.9 sec
[-----------------69%------            ] 5562 of 8000 complete in 457.4 sec
[-----------------69%------            ] 5569 of 8000 complete in 458.0 sec
[-----------------69%------            ] 5577 of 8000 complete in 458.5 sec
[-----------------69%------            ] 5585 of 8000 complete in 459.1 sec
[-----------------69%------            ] 5592 of 8000 complete in 459.6 sec
[-----------------69%------            ] 5599 of 8000 complete in 460.1 sec
[-----------------70%------            ] 5607 of 8000 complete in 460.7 sec
[-----------------70%------            ] 5614 of 8000 complete in 461.2 sec
[-----------------70%------            ] 5622 of 8000 complete in 461.8 sec
[-----------------70%------            ] 5630 of 8000 complete in 462.3 sec
[-----------------70%------            ] 5637 of 8000 complete in 462.8 sec
[-----------------70%------            ] 5644 of 8000 complete in 463.4 sec
[-----------------70%------            ] 5651 of 8000 complete in 464.0 sec
[-----------------70%------            ] 5657 of 8000 complete in 464.5 sec
[-----------------70%------            ] 5664 of 8000 complete in 465.1 sec
[-----------------70%------            ] 5671 of 8000 complete in 465.6 sec
[-----------------62%---               ] 5012 of 8000 complete in 409.1 sec
[-----------------62%---               ] 5018 of 8000 complete in 409.6 sec
[-----------------62%---               ] 5024 of 8000 complete in 410.1 sec
[-----------------62%---               ] 5030 of 8000 complete in 410.6 sec
[-----------------62%---               ] 5036 of 8000 complete in 411.2 sec
[-----------------63%---               ] 5043 of 8000 complete in 411.7 sec
[-----------------63%---               ] 5050 of 8000 complete in 412.3 sec
[-----------------63%----              ] 5057 of 8000 complete in 412.9 sec
[-----------------63%----              ] 5064 of 8000 complete in 413.4 sec
[-----------------63%----              ] 5071 of 8000 complete in 414.0 sec
[-----------------63%----              ] 5078 of 8000 complete in 414.6 sec
[-----------------63%----              ] 5084 of 8000 complete in 415.1 sec
[-----------------63%----              ] 5090 of 8000 complete in 415.7 sec
[-----------------63%----              ] 5097 of 8000 complete in 416.2 sec
[-----------------63%----              ] 5103 of 8000 complete in 416.7 sec
[-----------------63%----              ] 5110 of 8000 complete in 417.3 sec
[-----------------63%----              ] 5116 of 8000 complete in 417.8 sec
[-----------------64%----              ] 5122 of 8000 complete in 418.3 sec
[-----------------64%----              ] 5128 of 8000 complete in 418.9 sec
[-----------------64%----              ] 5135 of 8000 complete in 419.4 sec
[-----------------64%----              ] 5141 of 8000 complete in 420.0 sec
[-----------------64%----              ] 5148 of 8000 complete in 420.5 sec
[-----------------64%----              ] 5155 of 8000 complete in 421.1 sec
[-----------------64%----              ] 5162 of 8000 complete in 421.6 sec
[-----------------64%----              ] 5169 of 8000 complete in 422.2 sec
[-----------------64%----              ] 5175 of 8000 complete in 422.7 sec
[-----------------64%----              ] 5181 of 8000 complete in 423.2 sec
[-----------------64%----              ] 5187 of 8000 complete in 423.7 sec
[-----------------64%----              ] 5193 of 8000 complete in 424.3 sec
[-----------------64%----              ] 5199 of 8000 complete in 424.8 sec
[-----------------65%----              ] 5205 of 8000 complete in 425.4 sec
[-----------------65%----              ] 5211 of 8000 complete in 426.0 sec
[-----------------65%----              ] 5218 of 8000 complete in 426.5 sec
[-----------------65%----              ] 5225 of 8000 complete in 427.1 sec
[-----------------65%----              ] 5232 of 8000 complete in 427.6 sec
[-----------------65%----              ] 5239 of 8000 complete in 428.2 sec
[-----------------65%----              ] 5247 of 8000 complete in 428.8 sec
[-----------------65%----              ] 5254 of 8000 complete in 429.3 sec
[-----------------65%----              ] 5262 of 8000 complete in 429.9 sec
[-----------------65%-----             ] 5269 of 8000 complete in 430.4 sec
[-----------------65%-----             ] 5276 of 8000 complete in 430.9 sec
[-----------------66%-----             ] 5283 of 8000 complete in 431.4 sec
[-----------------66%-----             ] 5290 of 8000 complete in 432.0 sec
[-----------------66%-----             ] 5297 of 8000 complete in 432.5 sec
[-----------------66%-----             ] 5304 of 8000 complete in 433.1 sec
[-----------------66%-----             ] 5310 of 8000 complete in 433.6 sec
[-----------------66%-----             ] 5316 of 8000 complete in 434.1 sec
[-----------------66%-----             ] 5321 of 8000 complete in 434.6 sec
[-----------------66%-----             ] 5327 of 8000 complete in 435.1 sec
[-----------------66%-----             ] 5333 of 8000 complete in 435.7 sec
[-----------------66%-----             ] 5339 of 8000 complete in 436.3 sec
[-----------------66%-----             ] 5345 of 8000 complete in 436.8 sec
[-----------------66%-----             ] 5352 of 8000 complete in 437.4 sec
[-----------------66%-----             ] 5358 of 8000 complete in 437.9 sec
[-----------------67%-----             ] 5363 of 8000 complete in 438.4 sec
[-----------------67%-----             ] 5369 of 8000 complete in 439.0 sec
[-----------------67%-----             ] 5374 of 8000 complete in 439.5 sec
[-----------------67%-----             ] 5380 of 8000 complete in 440.0 sec
[-----------------67%-----             ] 5386 of 8000 complete in 440.6 sec
[-----------------67%-----             ] 5392 of 8000 complete in 441.2 sec
[-----------------67%-----             ] 5398 of 8000 complete in 441.7 sec
[-----------------67%-----             ] 5404 of 8000 complete in 442.3 sec
[-----------------67%-----             ] 5410 of 8000 complete in 442.9 sec
[-----------------67%-----             ] 5415 of 8000 complete in 443.5 sec
[-----------------67%-----             ] 5421 of 8000 complete in 444.0 sec
[-----------------67%-----             ] 5426 of 8000 complete in 444.5 sec
[-----------------67%-----             ] 5432 of 8000 complete in 445.1 sec
[-----------------67%-----             ] 5437 of 8000 complete in 445.6 sec
[-----------------68%-----             ] 5443 of 8000 complete in 446.2 sec
[-----------------68%-----             ] 5448 of 8000 complete in 446.7 sec
[-----------------68%-----             ] 5453 of 8000 complete in 447.3 sec
[-----------------68%-----             ] 5458 of 8000 complete in 447.9 sec
[-----------------68%-----             ] 5464 of 8000 complete in 448.5 sec
[-----------------68%-----             ] 5469 of 8000 complete in 449.0 sec
[-----------------68%------            ] 5474 of 8000 complete in 449.5 sec
[-----------------68%------            ] 5480 of 8000 complete in 450.1 sec
[-----------------68%------            ] 5485 of 8000 complete in 450.6 sec
[-----------------68%------            ] 5490 of 8000 complete in 451.1 sec
[-----------------68%------            ] 5495 of 8000 complete in 451.7 sec
[-----------------68%------            ] 5500 of 8000 complete in 452.2 sec
[-----------------68%------            ] 5505 of 8000 complete in 452.7 sec
[-----------------68%------            ] 5510 of 8000 complete in 453.2 sec
[-----------------68%------            ] 5515 of 8000 complete in 453.8 sec
[-----------------69%------            ] 5520 of 8000 complete in 454.3 sec
[-----------------69%------            ] 5526 of 8000 complete in 454.8 sec
[-----------------69%------            ] 5533 of 8000 complete in 455.3 sec
[-----------------69%------            ] 5541 of 8000 complete in 455.9 sec
[-----------------69%------            ] 5548 of 8000 complete in 456.4 sec
[-----------------69%------            ] 5555 of 8000 complete in 456.9 sec
[-----------------69%------            ] 5563 of 8000 complete in 457.5 sec
[-----------------69%------            ] 5570 of 8000 complete in 458.0 sec
[-----------------69%------            ] 5578 of 8000 complete in 458.6 sec
[-----------------69%------            ] 5585 of 8000 complete in 459.1 sec
[-----------------69%------            ] 5592 of 8000 complete in 459.7 sec
[-----------------69%------            ] 5599 of 8000 complete in 460.2 sec
[-----------------70%------            ] 5606 of 8000 complete in 460.7 sec
[-----------------70%------            ] 5614 of 8000 complete in 461.3 sec
[-----------------70%------            ] 5622 of 8000 complete in 461.9 sec
[-----------------70%------            ] 5629 of 8000 complete in 462.4 sec
[-----------------70%------            ] 5636 of 8000 complete in 462.9 sec
[-----------------70%------            ] 5643 of 8000 complete in 463.5 sec
[-----------------70%------            ] 5650 of 8000 complete in 464.0 sec
[-----------------70%------            ] 5656 of 8000 complete in 464.5 sec
[-----------------70%------            ] 5663 of 8000 complete in 465.1 sec
[-----------------70%------            ] 5669 of 8000 complete in 465.6 sec
[-----------------70%------            ] 5675 of 8000 complete in 466.1 sec
[-----------------71%------            ] 5681 of 8000 complete in 466.6 sec
[-----------------62%---               ] 4979 of 8000 complete in 410.0 sec
[-----------------62%---               ] 4985 of 8000 complete in 410.6 sec
[-----------------62%---               ] 4991 of 8000 complete in 411.1 sec
[-----------------62%---               ] 4997 of 8000 complete in 411.6 sec
[-----------------62%---               ] 5004 of 8000 complete in 412.1 sec
[-----------------62%---               ] 5011 of 8000 complete in 412.7 sec
[-----------------62%---               ] 5017 of 8000 complete in 413.2 sec
[-----------------62%---               ] 5023 of 8000 complete in 413.7 sec
[-----------------62%---               ] 5030 of 8000 complete in 414.3 sec
[-----------------62%---               ] 5036 of 8000 complete in 414.8 sec
[-----------------63%---               ] 5042 of 8000 complete in 415.3 sec
[-----------------63%---               ] 5049 of 8000 complete in 415.9 sec
[-----------------63%----              ] 5056 of 8000 complete in 416.5 sec
[-----------------63%----              ] 5063 of 8000 complete in 417.1 sec
[-----------------63%----              ] 5069 of 8000 complete in 417.6 sec
[-----------------63%----              ] 5075 of 8000 complete in 418.1 sec
[-----------------63%----              ] 5082 of 8000 complete in 418.7 sec
[-----------------63%----              ] 5089 of 8000 complete in 419.3 sec
[-----------------63%----              ] 5096 of 8000 complete in 419.8 sec
[-----------------63%----              ] 5102 of 8000 complete in 420.3 sec
[-----------------63%----              ] 5108 of 8000 complete in 420.8 sec
[-----------------63%----              ] 5114 of 8000 complete in 421.4 sec
[-----------------64%----              ] 5121 of 8000 complete in 421.9 sec
[-----------------64%----              ] 5127 of 8000 complete in 422.5 sec
[-----------------64%----              ] 5133 of 8000 complete in 423.0 sec
[-----------------64%----              ] 5139 of 8000 complete in 423.5 sec
[-----------------64%----              ] 5146 of 8000 complete in 424.1 sec
[-----------------64%----              ] 5152 of 8000 complete in 424.6 sec
[-----------------64%----              ] 5157 of 8000 complete in 425.1 sec
[-----------------64%----              ] 5163 of 8000 complete in 425.7 sec
[-----------------64%----              ] 5169 of 8000 complete in 426.2 sec
[-----------------64%----              ] 5175 of 8000 complete in 426.7 sec
[-----------------64%----              ] 5182 of 8000 complete in 427.2 sec
[-----------------64%----              ] 5190 of 8000 complete in 427.8 sec
[-----------------64%----              ] 5197 of 8000 complete in 428.3 sec
[-----------------65%----              ] 5204 of 8000 complete in 428.8 sec
[-----------------65%----              ] 5212 of 8000 complete in 429.4 sec
[-----------------65%----              ] 5219 of 8000 complete in 429.9 sec
[-----------------65%----              ] 5226 of 8000 complete in 430.5 sec
[-----------------65%----              ] 5233 of 8000 complete in 431.0 sec
[-----------------65%----              ] 5240 of 8000 complete in 431.5 sec
[-----------------65%----              ] 5248 of 8000 complete in 432.1 sec
[-----------------65%----              ] 5255 of 8000 complete in 432.6 sec
[-----------------65%----              ] 5261 of 8000 complete in 433.1 sec
[-----------------65%-----             ] 5267 of 8000 complete in 433.6 sec
[-----------------65%-----             ] 5273 of 8000 complete in 434.1 sec
[-----------------65%-----             ] 5278 of 8000 complete in 434.7 sec
[-----------------66%-----             ] 5284 of 8000 complete in 435.2 sec
[-----------------66%-----             ] 5289 of 8000 complete in 435.8 sec
[-----------------66%-----             ] 5295 of 8000 complete in 436.3 sec
[-----------------66%-----             ] 5301 of 8000 complete in 436.9 sec
[-----------------66%-----             ] 5308 of 8000 complete in 437.4 sec
[-----------------66%-----             ] 5314 of 8000 complete in 437.9 sec
[-----------------66%-----             ] 5320 of 8000 complete in 438.5 sec
[-----------------66%-----             ] 5326 of 8000 complete in 439.1 sec
[-----------------66%-----             ] 5332 of 8000 complete in 439.6 sec
[-----------------66%-----             ] 5338 of 8000 complete in 440.2 sec
[-----------------66%-----             ] 5344 of 8000 complete in 440.8 sec
[-----------------66%-----             ] 5349 of 8000 complete in 441.3 sec
[-----------------66%-----             ] 5355 of 8000 complete in 441.8 sec
[-----------------67%-----             ] 5361 of 8000 complete in 442.4 sec
[-----------------67%-----             ] 5366 of 8000 complete in 442.9 sec
[-----------------67%-----             ] 5371 of 8000 complete in 443.5 sec
[-----------------67%-----             ] 5377 of 8000 complete in 444.0 sec
[-----------------67%-----             ] 5383 of 8000 complete in 444.6 sec
[-----------------67%-----             ] 5388 of 8000 complete in 445.2 sec
[-----------------67%-----             ] 5393 of 8000 complete in 445.7 sec
[-----------------67%-----             ] 5399 of 8000 complete in 446.3 sec
[-----------------67%-----             ] 5403 of 8000 complete in 446.8 sec
[-----------------67%-----             ] 5408 of 8000 complete in 447.4 sec
[-----------------67%-----             ] 5413 of 8000 complete in 447.9 sec
[-----------------67%-----             ] 5418 of 8000 complete in 448.4 sec
[-----------------67%-----             ] 5423 of 8000 complete in 448.9 sec
[-----------------67%-----             ] 5428 of 8000 complete in 449.4 sec
[-----------------67%-----             ] 5434 of 8000 complete in 450.0 sec
[-----------------67%-----             ] 5439 of 8000 complete in 450.5 sec
[-----------------68%-----             ] 5445 of 8000 complete in 451.1 sec
[-----------------68%-----             ] 5450 of 8000 complete in 451.6 sec
[-----------------68%-----             ] 5456 of 8000 complete in 452.2 sec
[-----------------68%-----             ] 5461 of 8000 complete in 452.7 sec
[-----------------68%-----             ] 5465 of 8000 complete in 453.2 sec
[-----------------68%-----             ] 5470 of 8000 complete in 453.8 sec
[-----------------68%------            ] 5475 of 8000 complete in 454.3 sec
[-----------------68%------            ] 5482 of 8000 complete in 454.8 sec
[-----------------68%------            ] 5490 of 8000 complete in 455.4 sec
[-----------------68%------            ] 5497 of 8000 complete in 455.9 sec
[-----------------68%------            ] 5504 of 8000 complete in 456.5 sec
[-----------------68%------            ] 5511 of 8000 complete in 457.0 sec
[-----------------68%------            ] 5518 of 8000 complete in 457.6 sec
[-----------------69%------            ] 5525 of 8000 complete in 458.1 sec
[-----------------69%------            ] 5532 of 8000 complete in 458.6 sec
[-----------------69%------            ] 5539 of 8000 complete in 459.2 sec
[-----------------69%------            ] 5546 of 8000 complete in 459.7 sec
[-----------------69%------            ] 5553 of 8000 complete in 460.2 sec
[-----------------69%------            ] 5561 of 8000 complete in 460.7 sec
[-----------------69%------            ] 5568 of 8000 complete in 461.3 sec
[-----------------69%------            ] 5575 of 8000 complete in 461.8 sec
[-----------------69%------            ] 5582 of 8000 complete in 462.3 sec
[-----------------69%------            ] 5590 of 8000 complete in 462.9 sec
[-----------------69%------            ] 5597 of 8000 complete in 463.4 sec
[-----------------70%------            ] 5605 of 8000 complete in 464.0 sec
[-----------------70%------            ] 5611 of 8000 complete in 464.5 sec
[-----------------70%------            ] 5617 of 8000 complete in 465.0 sec
[-----------------70%------            ] 5623 of 8000 complete in 465.5 sec
[-----------------70%------            ] 5629 of 8000 complete in 466.1 sec
[-----------------70%------            ] 5635 of 8000 complete in 466.6 sec
[-----------------70%------            ] 5641 of 8000 complete in 467.1 sec
[-----------------70%------            ] 5677 of 8000 complete in 466.2 sec
[-----------------71%------            ] 5683 of 8000 complete in 466.7 sec
[-----------------71%-------           ] 5690 of 8000 complete in 467.3 sec
[-----------------71%-------           ] 5697 of 8000 complete in 467.8 sec
[-----------------71%-------           ] 5703 of 8000 complete in 468.4 sec
[-----------------71%-------           ] 5709 of 8000 complete in 468.9 sec
[-----------------71%-------           ] 5715 of 8000 complete in 469.4 sec
[-----------------71%-------           ] 5721 of 8000 complete in 470.0 sec
[-----------------71%-------           ] 5727 of 8000 complete in 470.5 sec
[-----------------71%-------           ] 5733 of 8000 complete in 471.0 sec
[-----------------71%-------           ] 5739 of 8000 complete in 471.6 sec
[-----------------71%-------           ] 5746 of 8000 complete in 472.1 sec
[-----------------71%-------           ] 5753 of 8000 complete in 472.7 sec
[-----------------72%-------           ] 5760 of 8000 complete in 473.2 sec
[-----------------72%-------           ] 5767 of 8000 complete in 473.8 sec
[-----------------72%-------           ] 5774 of 8000 complete in 474.3 sec
[-----------------72%-------           ] 5781 of 8000 complete in 474.8 sec
[-----------------72%-------           ] 5788 of 8000 complete in 475.4 sec
[-----------------72%-------           ] 5795 of 8000 complete in 475.9 sec
[-----------------72%-------           ] 5802 of 8000 complete in 476.5 sec
[-----------------72%-------           ] 5809 of 8000 complete in 477.0 sec
[-----------------72%-------           ] 5817 of 8000 complete in 477.6 sec
[-----------------72%-------           ] 5825 of 8000 complete in 478.1 sec
[-----------------72%-------           ] 5833 of 8000 complete in 478.6 sec
[-----------------73%-------           ] 5840 of 8000 complete in 479.2 sec
[-----------------73%-------           ] 5848 of 8000 complete in 479.7 sec
[-----------------73%-------           ] 5857 of 8000 complete in 480.2 sec
[-----------------73%-------           ] 5865 of 8000 complete in 480.8 sec
[-----------------73%-------           ] 5873 of 8000 complete in 481.3 sec
[-----------------73%-------           ] 5882 of 8000 complete in 481.9 sec
[-----------------73%-------           ] 5890 of 8000 complete in 482.4 sec
[-----------------73%--------          ] 5898 of 8000 complete in 482.9 sec
[-----------------73%--------          ] 5907 of 8000 complete in 483.5 sec
[-----------------73%--------          ] 5915 of 8000 complete in 484.0 sec
[-----------------74%--------          ] 5922 of 8000 complete in 484.5 sec
[-----------------74%--------          ] 5930 of 8000 complete in 485.1 sec
[-----------------74%--------          ] 5938 of 8000 complete in 485.6 sec
[-----------------74%--------          ] 5946 of 8000 complete in 486.1 sec
[-----------------74%--------          ] 5953 of 8000 complete in 486.7 sec
[-----------------74%--------          ] 5961 of 8000 complete in 487.2 sec
[-----------------74%--------          ] 5969 of 8000 complete in 487.7 sec
[-----------------74%--------          ] 5977 of 8000 complete in 488.2 sec
[-----------------74%--------          ] 5984 of 8000 complete in 488.8 sec
[-----------------74%--------          ] 5991 of 8000 complete in 489.4 sec
[-----------------74%--------          ] 5999 of 8000 complete in 489.9 sec
[-----------------75%--------          ] 6007 of 8000 complete in 490.4 sec
[-----------------75%--------          ] 6014 of 8000 complete in 490.9 sec
[-----------------75%--------          ] 6022 of 8000 complete in 491.4 sec
[-----------------75%--------          ] 6031 of 8000 complete in 492.0 sec
[-----------------75%--------          ] 6039 of 8000 complete in 492.5 sec
[-----------------75%--------          ] 6048 of 8000 complete in 493.1 sec
[-----------------75%--------          ] 6057 of 8000 complete in 493.6 sec
[-----------------75%--------          ] 6064 of 8000 complete in 494.2 sec
[-----------------75%--------          ] 6069 of 8000 complete in 494.7 sec
[-----------------75%--------          ] 6074 of 8000 complete in 495.3 sec
[-----------------76%--------          ] 6080 of 8000 complete in 495.8 sec
[-----------------76%--------          ] 6086 of 8000 complete in 496.3 sec
[-----------------76%--------          ] 6092 of 8000 complete in 496.8 sec
[-----------------76%--------          ] 6098 of 8000 complete in 497.4 sec
[-----------------76%--------          ] 6104 of 8000 complete in 497.9 sec
[-----------------76%---------         ] 6112 of 8000 complete in 498.5 sec
[-----------------76%---------         ] 6120 of 8000 complete in 499.0 sec
[-----------------76%---------         ] 6127 of 8000 complete in 499.5 sec
[-----------------76%---------         ] 6135 of 8000 complete in 500.1 sec
[-----------------76%---------         ] 6144 of 8000 complete in 500.6 sec
[-----------------76%---------         ] 6153 of 8000 complete in 501.1 sec
[-----------------77%---------         ] 6161 of 8000 complete in 501.6 sec
[-----------------77%---------         ] 6170 of 8000 complete in 502.2 sec
[-----------------77%---------         ] 6179 of 8000 complete in 502.7 sec
[-----------------77%---------         ] 6188 of 8000 complete in 503.2 sec
[-----------------77%---------         ] 6198 of 8000 complete in 503.7 sec
[-----------------77%---------         ] 6207 of 8000 complete in 504.3 sec
[-----------------77%---------         ] 6217 of 8000 complete in 504.8 sec
[-----------------77%---------         ] 6226 of 8000 complete in 505.3 sec
[-----------------77%---------         ] 6235 of 8000 complete in 505.9 sec
[-----------------78%---------         ] 6244 of 8000 complete in 506.4 sec
[-----------------78%---------         ] 6254 of 8000 complete in 507.0 sec
[-----------------78%---------         ] 6264 of 8000 complete in 507.5 sec
[-----------------78%---------         ] 6273 of 8000 complete in 508.1 sec
[-----------------78%---------         ] 6281 of 8000 complete in 508.6 sec
[-----------------78%---------         ] 6290 of 8000 complete in 509.2 sec
[-----------------78%---------         ] 6299 of 8000 complete in 509.7 sec
[-----------------78%---------         ] 6308 of 8000 complete in 510.2 sec
[-----------------78%----------        ] 6317 of 8000 complete in 510.7 sec
[-----------------79%----------        ] 6326 of 8000 complete in 511.2 sec
[-----------------79%----------        ] 6335 of 8000 complete in 511.7 sec
[-----------------79%----------        ] 6344 of 8000 complete in 512.3 sec
[-----------------79%----------        ] 6353 of 8000 complete in 512.8 sec
[-----------------79%----------        ] 6363 of 8000 complete in 513.3 sec
[-----------------79%----------        ] 6371 of 8000 complete in 513.9 sec
[-----------------79%----------        ] 6380 of 8000 complete in 514.4 sec
[-----------------79%----------        ] 6389 of 8000 complete in 514.9 sec
[-----------------79%----------        ] 6398 of 8000 complete in 515.4 sec
[-----------------80%----------        ] 6408 of 8000 complete in 516.0 sec
[-----------------80%----------        ] 6416 of 8000 complete in 516.5 sec
[-----------------80%----------        ] 6426 of 8000 complete in 517.0 sec
[-----------------80%----------        ] 6436 of 8000 complete in 517.6 sec
[-----------------80%----------        ] 6446 of 8000 complete in 518.1 sec
[-----------------80%----------        ] 6455 of 8000 complete in 518.7 sec
[-----------------80%----------        ] 6464 of 8000 complete in 519.2 sec
[-----------------80%----------        ] 6472 of 8000 complete in 519.7 sec
[-----------------81%----------        ] 6481 of 8000 complete in 520.2 sec
[-----------------81%----------        ] 6491 of 8000 complete in 520.8 sec
[-----------------81%----------        ] 6501 of 8000 complete in 521.3 sec
[-----------------81%----------        ] 6510 of 8000 complete in 521.9 sec
[-----------------81%----------        ] 6519 of 8000 complete in 522.4 sec
[-----------------81%-----------       ] 6528 of 8000 complete in 522.9 sec
[-----------------71%-------           ] 5732 of 8000 complete in 466.2 sec
[-----------------71%-------           ] 5738 of 8000 complete in 466.8 sec
[-----------------71%-------           ] 5744 of 8000 complete in 467.3 sec
[-----------------71%-------           ] 5751 of 8000 complete in 467.9 sec
[-----------------71%-------           ] 5758 of 8000 complete in 468.5 sec
[-----------------72%-------           ] 5764 of 8000 complete in 469.0 sec
[-----------------72%-------           ] 5770 of 8000 complete in 469.5 sec
[-----------------72%-------           ] 5776 of 8000 complete in 470.1 sec
[-----------------72%-------           ] 5782 of 8000 complete in 470.6 sec
[-----------------72%-------           ] 5788 of 8000 complete in 471.1 sec
[-----------------72%-------           ] 5794 of 8000 complete in 471.7 sec
[-----------------72%-------           ] 5801 of 8000 complete in 472.2 sec
[-----------------72%-------           ] 5808 of 8000 complete in 472.8 sec
[-----------------72%-------           ] 5815 of 8000 complete in 473.3 sec
[-----------------72%-------           ] 5822 of 8000 complete in 473.8 sec
[-----------------72%-------           ] 5830 of 8000 complete in 474.4 sec
[-----------------72%-------           ] 5838 of 8000 complete in 475.0 sec
[-----------------73%-------           ] 5845 of 8000 complete in 475.5 sec
[-----------------73%-------           ] 5852 of 8000 complete in 476.0 sec
[-----------------73%-------           ] 5859 of 8000 complete in 476.5 sec
[-----------------73%-------           ] 5866 of 8000 complete in 477.1 sec
[-----------------73%-------           ] 5874 of 8000 complete in 477.6 sec
[-----------------73%-------           ] 5882 of 8000 complete in 478.2 sec
[-----------------73%-------           ] 5891 of 8000 complete in 478.7 sec
[-----------------73%--------          ] 5899 of 8000 complete in 479.2 sec
[-----------------73%--------          ] 5908 of 8000 complete in 479.8 sec
[-----------------73%--------          ] 5916 of 8000 complete in 480.3 sec
[-----------------74%--------          ] 5924 of 8000 complete in 480.8 sec
[-----------------74%--------          ] 5932 of 8000 complete in 481.3 sec
[-----------------74%--------          ] 5940 of 8000 complete in 481.9 sec
[-----------------74%--------          ] 5949 of 8000 complete in 482.4 sec
[-----------------74%--------          ] 5957 of 8000 complete in 482.9 sec
[-----------------74%--------          ] 5965 of 8000 complete in 483.4 sec
[-----------------74%--------          ] 5973 of 8000 complete in 484.0 sec
[-----------------74%--------          ] 5981 of 8000 complete in 484.5 sec
[-----------------74%--------          ] 5989 of 8000 complete in 485.1 sec
[-----------------74%--------          ] 5996 of 8000 complete in 485.6 sec
[-----------------75%--------          ] 6004 of 8000 complete in 486.2 sec
[-----------------75%--------          ] 6011 of 8000 complete in 486.7 sec
[-----------------75%--------          ] 6020 of 8000 complete in 487.2 sec
[-----------------75%--------          ] 6028 of 8000 complete in 487.7 sec
[-----------------75%--------          ] 6036 of 8000 complete in 488.3 sec
[-----------------75%--------          ] 6044 of 8000 complete in 488.8 sec
[-----------------75%--------          ] 6051 of 8000 complete in 489.4 sec
[-----------------75%--------          ] 6059 of 8000 complete in 490.0 sec
[-----------------75%--------          ] 6067 of 8000 complete in 490.5 sec
[-----------------75%--------          ] 6075 of 8000 complete in 491.1 sec
[-----------------76%--------          ] 6084 of 8000 complete in 491.6 sec
[-----------------76%--------          ] 6093 of 8000 complete in 492.1 sec
[-----------------76%--------          ] 6101 of 8000 complete in 492.6 sec
[-----------------76%---------         ] 6110 of 8000 complete in 493.1 sec
[-----------------76%---------         ] 6119 of 8000 complete in 493.7 sec
[-----------------76%---------         ] 6126 of 8000 complete in 494.3 sec
[-----------------76%---------         ] 6131 of 8000 complete in 494.8 sec
[-----------------76%---------         ] 6136 of 8000 complete in 495.4 sec
[-----------------76%---------         ] 6143 of 8000 complete in 496.0 sec
[-----------------76%---------         ] 6150 of 8000 complete in 496.6 sec
[-----------------76%---------         ] 6157 of 8000 complete in 497.1 sec
[-----------------77%---------         ] 6163 of 8000 complete in 497.7 sec
[-----------------77%---------         ] 6169 of 8000 complete in 498.2 sec
[-----------------77%---------         ] 6177 of 8000 complete in 498.7 sec
[-----------------77%---------         ] 6185 of 8000 complete in 499.3 sec
[-----------------77%---------         ] 6193 of 8000 complete in 499.8 sec
[-----------------77%---------         ] 6201 of 8000 complete in 500.3 sec
[-----------------77%---------         ] 6211 of 8000 complete in 500.9 sec
[-----------------77%---------         ] 6219 of 8000 complete in 501.4 sec
[-----------------77%---------         ] 6227 of 8000 complete in 501.9 sec
[-----------------77%---------         ] 6236 of 8000 complete in 502.4 sec
[-----------------78%---------         ] 6246 of 8000 complete in 503.0 sec
[-----------------78%---------         ] 6255 of 8000 complete in 503.5 sec
[-----------------78%---------         ] 6265 of 8000 complete in 504.0 sec
[-----------------78%---------         ] 6274 of 8000 complete in 504.5 sec
[-----------------78%---------         ] 6283 of 8000 complete in 505.0 sec
[-----------------78%---------         ] 6293 of 8000 complete in 505.6 sec
[-----------------78%---------         ] 6303 of 8000 complete in 506.1 sec
[-----------------78%---------         ] 6312 of 8000 complete in 506.7 sec
[-----------------79%----------        ] 6322 of 8000 complete in 507.2 sec
[-----------------79%----------        ] 6332 of 8000 complete in 507.7 sec
[-----------------79%----------        ] 6342 of 8000 complete in 508.3 sec
[-----------------79%----------        ] 6350 of 8000 complete in 508.8 sec
[-----------------79%----------        ] 6360 of 8000 complete in 509.4 sec
[-----------------79%----------        ] 6370 of 8000 complete in 509.9 sec
[-----------------79%----------        ] 6380 of 8000 complete in 510.4 sec
[-----------------79%----------        ] 6389 of 8000 complete in 510.9 sec
[-----------------79%----------        ] 6399 of 8000 complete in 511.5 sec
[-----------------80%----------        ] 6408 of 8000 complete in 512.0 sec
[-----------------80%----------        ] 6417 of 8000 complete in 512.5 sec
[-----------------80%----------        ] 6426 of 8000 complete in 513.0 sec
[-----------------80%----------        ] 6435 of 8000 complete in 513.6 sec
[-----------------80%----------        ] 6443 of 8000 complete in 514.1 sec
[-----------------80%----------        ] 6453 of 8000 complete in 514.6 sec
[-----------------80%----------        ] 6464 of 8000 complete in 515.2 sec
[-----------------80%----------        ] 6474 of 8000 complete in 515.7 sec
[-----------------81%----------        ] 6483 of 8000 complete in 516.2 sec
[-----------------81%----------        ] 6491 of 8000 complete in 516.7 sec
[-----------------81%----------        ] 6500 of 8000 complete in 517.3 sec
[-----------------81%----------        ] 6509 of 8000 complete in 517.8 sec
[-----------------81%----------        ] 6519 of 8000 complete in 518.3 sec
[-----------------81%-----------       ] 6528 of 8000 complete in 518.8 sec
[-----------------81%-----------       ] 6537 of 8000 complete in 519.4 sec
[-----------------81%-----------       ] 6546 of 8000 complete in 519.9 sec
[-----------------81%-----------       ] 6556 of 8000 complete in 520.5 sec
[-----------------82%-----------       ] 6566 of 8000 complete in 521.0 sec
[-----------------82%-----------       ] 6575 of 8000 complete in 521.5 sec
[-----------------82%-----------       ] 6583 of 8000 complete in 522.0 sec
[-----------------82%-----------       ] 6592 of 8000 complete in 522.6 sec
[-----------------82%-----------       ] 6601 of 8000 complete in 523.1 sec
[-----------------71%-------           ] 5687 of 8000 complete in 467.2 sec
[-----------------71%-------           ] 5694 of 8000 complete in 467.7 sec
[-----------------71%-------           ] 5700 of 8000 complete in 468.3 sec
[-----------------71%-------           ] 5706 of 8000 complete in 468.8 sec
[-----------------71%-------           ] 5712 of 8000 complete in 469.3 sec
[-----------------71%-------           ] 5718 of 8000 complete in 469.8 sec
[-----------------71%-------           ] 5725 of 8000 complete in 470.5 sec
[-----------------71%-------           ] 5731 of 8000 complete in 471.0 sec
[-----------------71%-------           ] 5737 of 8000 complete in 471.5 sec
[-----------------71%-------           ] 5743 of 8000 complete in 472.0 sec
[-----------------71%-------           ] 5749 of 8000 complete in 472.5 sec
[-----------------71%-------           ] 5756 of 8000 complete in 473.1 sec
[-----------------72%-------           ] 5763 of 8000 complete in 473.6 sec
[-----------------72%-------           ] 5770 of 8000 complete in 474.1 sec
[-----------------72%-------           ] 5777 of 8000 complete in 474.6 sec
[-----------------72%-------           ] 5784 of 8000 complete in 475.2 sec
[-----------------72%-------           ] 5791 of 8000 complete in 475.7 sec
[-----------------72%-------           ] 5799 of 8000 complete in 476.3 sec
[-----------------72%-------           ] 5806 of 8000 complete in 476.8 sec
[-----------------72%-------           ] 5814 of 8000 complete in 477.4 sec
[-----------------72%-------           ] 5822 of 8000 complete in 477.9 sec
[-----------------72%-------           ] 5830 of 8000 complete in 478.5 sec
[-----------------72%-------           ] 5839 of 8000 complete in 479.0 sec
[-----------------73%-------           ] 5847 of 8000 complete in 479.6 sec
[-----------------73%-------           ] 5855 of 8000 complete in 480.1 sec
[-----------------73%-------           ] 5863 of 8000 complete in 480.6 sec
[-----------------73%-------           ] 5871 of 8000 complete in 481.1 sec
[-----------------73%-------           ] 5879 of 8000 complete in 481.7 sec
[-----------------73%-------           ] 5887 of 8000 complete in 482.2 sec
[-----------------73%--------          ] 5895 of 8000 complete in 482.7 sec
[-----------------73%--------          ] 5903 of 8000 complete in 483.3 sec
[-----------------73%--------          ] 5911 of 8000 complete in 483.8 sec
[-----------------73%--------          ] 5919 of 8000 complete in 484.3 sec
[-----------------74%--------          ] 5927 of 8000 complete in 484.9 sec
[-----------------74%--------          ] 5934 of 8000 complete in 485.4 sec
[-----------------74%--------          ] 5942 of 8000 complete in 485.9 sec
[-----------------74%--------          ] 5950 of 8000 complete in 486.4 sec
[-----------------74%--------          ] 5957 of 8000 complete in 486.9 sec
[-----------------74%--------          ] 5966 of 8000 complete in 487.5 sec
[-----------------74%--------          ] 5974 of 8000 complete in 488.0 sec
[-----------------74%--------          ] 5982 of 8000 complete in 488.6 sec
[-----------------74%--------          ] 5989 of 8000 complete in 489.1 sec
[-----------------74%--------          ] 5995 of 8000 complete in 489.6 sec
[-----------------75%--------          ] 6003 of 8000 complete in 490.2 sec
[-----------------75%--------          ] 6011 of 8000 complete in 490.8 sec
[-----------------75%--------          ] 6019 of 8000 complete in 491.3 sec
[-----------------75%--------          ] 6029 of 8000 complete in 491.9 sec
[-----------------75%--------          ] 6037 of 8000 complete in 492.4 sec
[-----------------75%--------          ] 6045 of 8000 complete in 492.9 sec
[-----------------75%--------          ] 6054 of 8000 complete in 493.5 sec
[-----------------75%--------          ] 6062 of 8000 complete in 494.0 sec
[-----------------75%--------          ] 6068 of 8000 complete in 494.6 sec
[-----------------75%--------          ] 6073 of 8000 complete in 495.2 sec
[-----------------75%--------          ] 6079 of 8000 complete in 495.7 sec
[-----------------76%--------          ] 6085 of 8000 complete in 496.2 sec
[-----------------76%--------          ] 6091 of 8000 complete in 496.8 sec
[-----------------76%--------          ] 6097 of 8000 complete in 497.3 sec
[-----------------76%--------          ] 6103 of 8000 complete in 497.8 sec
[-----------------76%---------         ] 6110 of 8000 complete in 498.4 sec
[-----------------76%---------         ] 6118 of 8000 complete in 499.0 sec
[-----------------76%---------         ] 6125 of 8000 complete in 499.5 sec
[-----------------76%---------         ] 6133 of 8000 complete in 500.0 sec
[-----------------76%---------         ] 6142 of 8000 complete in 500.5 sec
[-----------------76%---------         ] 6151 of 8000 complete in 501.0 sec
[-----------------76%---------         ] 6159 of 8000 complete in 501.6 sec
[-----------------77%---------         ] 6168 of 8000 complete in 502.1 sec
[-----------------77%---------         ] 6177 of 8000 complete in 502.6 sec
[-----------------77%---------         ] 6187 of 8000 complete in 503.2 sec
[-----------------77%---------         ] 6197 of 8000 complete in 503.7 sec
[-----------------77%---------         ] 6207 of 8000 complete in 504.2 sec
[-----------------77%---------         ] 6217 of 8000 complete in 504.7 sec
[-----------------77%---------         ] 6226 of 8000 complete in 505.3 sec
[-----------------77%---------         ] 6235 of 8000 complete in 505.8 sec
[-----------------78%---------         ] 6245 of 8000 complete in 506.4 sec
[-----------------78%---------         ] 6254 of 8000 complete in 506.9 sec
[-----------------78%---------         ] 6264 of 8000 complete in 507.4 sec
[-----------------78%---------         ] 6274 of 8000 complete in 508.0 sec
[-----------------78%---------         ] 6283 of 8000 complete in 508.5 sec
[-----------------78%---------         ] 6292 of 8000 complete in 509.0 sec
[-----------------78%---------         ] 6300 of 8000 complete in 509.5 sec
[-----------------78%---------         ] 6310 of 8000 complete in 510.0 sec
[-----------------78%----------        ] 6319 of 8000 complete in 510.6 sec
[-----------------79%----------        ] 6328 of 8000 complete in 511.1 sec
[-----------------79%----------        ] 6337 of 8000 complete in 511.6 sec
[-----------------79%----------        ] 6347 of 8000 complete in 512.1 sec
[-----------------79%----------        ] 6356 of 8000 complete in 512.7 sec
[-----------------79%----------        ] 6366 of 8000 complete in 513.2 sec
[-----------------79%----------        ] 6375 of 8000 complete in 513.7 sec
[-----------------79%----------        ] 6383 of 8000 complete in 514.2 sec
[-----------------79%----------        ] 6392 of 8000 complete in 514.8 sec
[-----------------80%----------        ] 6402 of 8000 complete in 515.3 sec
[-----------------80%----------        ] 6411 of 8000 complete in 515.9 sec
[-----------------80%----------        ] 6420 of 8000 complete in 516.4 sec
[-----------------80%----------        ] 6429 of 8000 complete in 516.9 sec
[-----------------80%----------        ] 6438 of 8000 complete in 517.4 sec
[-----------------80%----------        ] 6448 of 8000 complete in 518.0 sec
[-----------------80%----------        ] 6458 of 8000 complete in 518.5 sec
[-----------------80%----------        ] 6467 of 8000 complete in 519.1 sec
[-----------------80%----------        ] 6475 of 8000 complete in 519.6 sec
[-----------------81%----------        ] 6484 of 8000 complete in 520.1 sec
[-----------------81%----------        ] 6493 of 8000 complete in 520.7 sec
[-----------------81%----------        ] 6502 of 8000 complete in 521.2 sec
[-----------------81%----------        ] 6510 of 8000 complete in 521.7 sec
[-----------------81%----------        ] 6519 of 8000 complete in 522.3 sec
[-----------------81%-----------       ] 6529 of 8000 complete in 522.8 sec
[-----------------81%-----------       ] 6538 of 8000 complete in 523.4 sec
[-----------------81%-----------       ] 6546 of 8000 complete in 523.9 sec
[-----------------70%------            ] 5647 of 8000 complete in 467.6 sec
[-----------------70%------            ] 5653 of 8000 complete in 468.1 sec
[-----------------70%------            ] 5659 of 8000 complete in 468.7 sec
[-----------------70%------            ] 5665 of 8000 complete in 469.2 sec
[-----------------70%------            ] 5671 of 8000 complete in 469.8 sec
[-----------------70%------            ] 5677 of 8000 complete in 470.3 sec
[-----------------71%------            ] 5684 of 8000 complete in 470.9 sec
[-----------------71%-------           ] 5690 of 8000 complete in 471.4 sec
[-----------------71%-------           ] 5696 of 8000 complete in 471.9 sec
[-----------------71%-------           ] 5702 of 8000 complete in 472.4 sec
[-----------------71%-------           ] 5709 of 8000 complete in 472.9 sec
[-----------------71%-------           ] 5716 of 8000 complete in 473.4 sec
[-----------------71%-------           ] 5723 of 8000 complete in 474.0 sec
[-----------------71%-------           ] 5730 of 8000 complete in 474.5 sec
[-----------------71%-------           ] 5737 of 8000 complete in 475.0 sec
[-----------------71%-------           ] 5743 of 8000 complete in 475.5 sec
[-----------------71%-------           ] 5750 of 8000 complete in 476.0 sec
[-----------------71%-------           ] 5757 of 8000 complete in 476.6 sec
[-----------------72%-------           ] 5765 of 8000 complete in 477.2 sec
[-----------------72%-------           ] 5773 of 8000 complete in 477.7 sec
[-----------------72%-------           ] 5781 of 8000 complete in 478.2 sec
[-----------------72%-------           ] 5789 of 8000 complete in 478.8 sec
[-----------------72%-------           ] 5797 of 8000 complete in 479.3 sec
[-----------------72%-------           ] 5805 of 8000 complete in 479.8 sec
[-----------------72%-------           ] 5814 of 8000 complete in 480.4 sec
[-----------------72%-------           ] 5822 of 8000 complete in 480.9 sec
[-----------------72%-------           ] 5831 of 8000 complete in 481.5 sec
[-----------------72%-------           ] 5839 of 8000 complete in 482.0 sec
[-----------------73%-------           ] 5848 of 8000 complete in 482.5 sec
[-----------------73%-------           ] 5856 of 8000 complete in 483.0 sec
[-----------------73%-------           ] 5864 of 8000 complete in 483.6 sec
[-----------------73%-------           ] 5871 of 8000 complete in 484.1 sec
[-----------------73%-------           ] 5879 of 8000 complete in 484.6 sec
[-----------------73%-------           ] 5886 of 8000 complete in 485.2 sec
[-----------------73%-------           ] 5893 of 8000 complete in 485.7 sec
[-----------------73%--------          ] 5902 of 8000 complete in 486.2 sec
[-----------------73%--------          ] 5909 of 8000 complete in 486.8 sec
[-----------------73%--------          ] 5916 of 8000 complete in 487.3 sec
[-----------------74%--------          ] 5924 of 8000 complete in 487.8 sec
[-----------------74%--------          ] 5932 of 8000 complete in 488.4 sec
[-----------------74%--------          ] 5939 of 8000 complete in 488.9 sec
[-----------------74%--------          ] 5946 of 8000 complete in 489.5 sec
[-----------------74%--------          ] 5954 of 8000 complete in 490.1 sec
[-----------------74%--------          ] 5961 of 8000 complete in 490.6 sec
[-----------------74%--------          ] 5969 of 8000 complete in 491.2 sec
[-----------------74%--------          ] 5977 of 8000 complete in 491.7 sec
[-----------------74%--------          ] 5985 of 8000 complete in 492.2 sec
[-----------------74%--------          ] 5993 of 8000 complete in 492.7 sec
[-----------------75%--------          ] 6002 of 8000 complete in 493.2 sec
[-----------------75%--------          ] 6010 of 8000 complete in 493.8 sec
[-----------------75%--------          ] 6016 of 8000 complete in 494.3 sec
[-----------------75%--------          ] 6021 of 8000 complete in 494.9 sec
[-----------------75%--------          ] 6026 of 8000 complete in 495.4 sec
[-----------------75%--------          ] 6033 of 8000 complete in 496.0 sec
[-----------------75%--------          ] 6040 of 8000 complete in 496.6 sec
[-----------------75%--------          ] 6047 of 8000 complete in 497.2 sec
[-----------------75%--------          ] 6054 of 8000 complete in 497.8 sec
[-----------------75%--------          ] 6061 of 8000 complete in 498.3 sec
[-----------------75%--------          ] 6069 of 8000 complete in 498.8 sec
[-----------------75%--------          ] 6076 of 8000 complete in 499.4 sec
[-----------------76%--------          ] 6084 of 8000 complete in 499.9 sec
[-----------------76%--------          ] 6093 of 8000 complete in 500.5 sec
[-----------------76%--------          ] 6102 of 8000 complete in 501.0 sec
[-----------------76%---------         ] 6111 of 8000 complete in 501.5 sec
[-----------------76%---------         ] 6119 of 8000 complete in 502.0 sec
[-----------------76%---------         ] 6128 of 8000 complete in 502.5 sec
[-----------------76%---------         ] 6137 of 8000 complete in 503.0 sec
[-----------------76%---------         ] 6146 of 8000 complete in 503.6 sec
[-----------------76%---------         ] 6155 of 8000 complete in 504.1 sec
[-----------------77%---------         ] 6165 of 8000 complete in 504.6 sec
[-----------------77%---------         ] 6175 of 8000 complete in 505.1 sec
[-----------------77%---------         ] 6183 of 8000 complete in 505.7 sec
[-----------------77%---------         ] 6192 of 8000 complete in 506.2 sec
[-----------------77%---------         ] 6201 of 8000 complete in 506.7 sec
[-----------------77%---------         ] 6210 of 8000 complete in 507.2 sec
[-----------------77%---------         ] 6220 of 8000 complete in 507.8 sec
[-----------------77%---------         ] 6229 of 8000 complete in 508.3 sec
[-----------------77%---------         ] 6237 of 8000 complete in 508.8 sec
[-----------------78%---------         ] 6246 of 8000 complete in 509.4 sec
[-----------------78%---------         ] 6255 of 8000 complete in 509.9 sec
[-----------------78%---------         ] 6264 of 8000 complete in 510.4 sec
[-----------------78%---------         ] 6273 of 8000 complete in 510.9 sec
[-----------------78%---------         ] 6282 of 8000 complete in 511.4 sec
[-----------------78%---------         ] 6291 of 8000 complete in 512.0 sec
[-----------------78%---------         ] 6300 of 8000 complete in 512.5 sec
[-----------------78%---------         ] 6308 of 8000 complete in 513.0 sec
[-----------------78%----------        ] 6317 of 8000 complete in 513.6 sec
[-----------------79%----------        ] 6325 of 8000 complete in 514.1 sec
[-----------------79%----------        ] 6334 of 8000 complete in 514.6 sec
[-----------------79%----------        ] 6344 of 8000 complete in 515.1 sec
[-----------------79%----------        ] 6354 of 8000 complete in 515.7 sec
[-----------------79%----------        ] 6363 of 8000 complete in 516.2 sec
[-----------------79%----------        ] 6371 of 8000 complete in 516.7 sec
[-----------------79%----------        ] 6381 of 8000 complete in 517.3 sec
[-----------------79%----------        ] 6390 of 8000 complete in 517.8 sec
[-----------------79%----------        ] 6399 of 8000 complete in 518.3 sec
[-----------------80%----------        ] 6408 of 8000 complete in 518.9 sec
[-----------------80%----------        ] 6417 of 8000 complete in 519.4 sec
[-----------------80%----------        ] 6425 of 8000 complete in 519.9 sec
[-----------------80%----------        ] 6434 of 8000 complete in 520.5 sec
[-----------------80%----------        ] 6442 of 8000 complete in 521.0 sec
[-----------------80%----------        ] 6451 of 8000 complete in 521.5 sec
[-----------------80%----------        ] 6460 of 8000 complete in 522.0 sec
[-----------------80%----------        ] 6469 of 8000 complete in 522.5 sec
[-----------------80%----------        ] 6478 of 8000 complete in 523.1 sec
[-----------------81%----------        ] 6486 of 8000 complete in 523.6 sec
[-----------------81%----------        ] 6493 of 8000 complete in 524.2 sec
[-----------------82%-----------       ] 6609 of 8000 complete in 523.6 sec
[-----------------82%-----------       ] 6616 of 8000 complete in 524.2 sec
[-----------------82%-----------       ] 6623 of 8000 complete in 524.7 sec
[-----------------82%-----------       ] 6630 of 8000 complete in 525.2 sec
[-----------------82%-----------       ] 6638 of 8000 complete in 525.7 sec
[-----------------83%-----------       ] 6645 of 8000 complete in 526.3 sec
[-----------------83%-----------       ] 6652 of 8000 complete in 526.8 sec
[-----------------83%-----------       ] 6659 of 8000 complete in 527.3 sec
[-----------------83%-----------       ] 6667 of 8000 complete in 527.8 sec
[-----------------83%-----------       ] 6676 of 8000 complete in 528.4 sec
[-----------------83%-----------       ] 6684 of 8000 complete in 528.9 sec
[-----------------83%-----------       ] 6692 of 8000 complete in 529.5 sec
[-----------------83%-----------       ] 6701 of 8000 complete in 530.0 sec
[-----------------83%-----------       ] 6709 of 8000 complete in 530.5 sec
[-----------------83%-----------       ] 6718 of 8000 complete in 531.1 sec
[-----------------84%-----------       ] 6726 of 8000 complete in 531.6 sec
[-----------------84%-----------       ] 6734 of 8000 complete in 532.1 sec
[-----------------84%------------      ] 6744 of 8000 complete in 532.7 sec
[-----------------84%------------      ] 6754 of 8000 complete in 533.2 sec
[-----------------84%------------      ] 6764 of 8000 complete in 533.8 sec
[-----------------84%------------      ] 6774 of 8000 complete in 534.3 sec
[-----------------84%------------      ] 6783 of 8000 complete in 534.8 sec
[-----------------84%------------      ] 6792 of 8000 complete in 535.3 sec
[-----------------85%------------      ] 6802 of 8000 complete in 535.9 sec
[-----------------85%------------      ] 6810 of 8000 complete in 536.4 sec
[-----------------85%------------      ] 6818 of 8000 complete in 536.9 sec
[-----------------85%------------      ] 6828 of 8000 complete in 537.4 sec
[-----------------85%------------      ] 6837 of 8000 complete in 537.9 sec
[-----------------85%------------      ] 6847 of 8000 complete in 538.5 sec
[-----------------85%------------      ] 6857 of 8000 complete in 539.0 sec
[-----------------85%------------      ] 6866 of 8000 complete in 539.5 sec
[-----------------85%------------      ] 6875 of 8000 complete in 540.1 sec
[-----------------86%------------      ] 6884 of 8000 complete in 540.6 sec
[-----------------86%------------      ] 6894 of 8000 complete in 541.2 sec
[-----------------86%------------      ] 6904 of 8000 complete in 541.7 sec
[-----------------86%------------      ] 6913 of 8000 complete in 542.2 sec
[-----------------86%------------      ] 6922 of 8000 complete in 542.8 sec
[-----------------86%------------      ] 6932 of 8000 complete in 543.3 sec
[-----------------86%------------      ] 6941 of 8000 complete in 543.9 sec
[-----------------86%-------------     ] 6950 of 8000 complete in 544.4 sec
[-----------------86%-------------     ] 6959 of 8000 complete in 544.9 sec
[-----------------87%-------------     ] 6968 of 8000 complete in 545.4 sec
[-----------------87%-------------     ] 6977 of 8000 complete in 546.0 sec
[-----------------87%-------------     ] 6987 of 8000 complete in 546.5 sec
[-----------------87%-------------     ] 6995 of 8000 complete in 547.1 sec
[-----------------87%-------------     ] 7004 of 8000 complete in 547.6 sec
[-----------------87%-------------     ] 7014 of 8000 complete in 548.1 sec
[-----------------87%-------------     ] 7023 of 8000 complete in 548.7 sec
[-----------------87%-------------     ] 7032 of 8000 complete in 549.2 sec
[-----------------88%-------------     ] 7040 of 8000 complete in 549.7 sec
[-----------------88%-------------     ] 7049 of 8000 complete in 550.3 sec
[-----------------88%-------------     ] 7058 of 8000 complete in 550.8 sec
[-----------------88%-------------     ] 7067 of 8000 complete in 551.3 sec
[-----------------88%-------------     ] 7076 of 8000 complete in 551.9 sec
[-----------------88%-------------     ] 7085 of 8000 complete in 552.4 sec
[-----------------88%-------------     ] 7094 of 8000 complete in 552.9 sec
[-----------------88%-------------     ] 7103 of 8000 complete in 553.4 sec
[-----------------88%-------------     ] 7112 of 8000 complete in 554.0 sec
[-----------------88%-------------     ] 7118 of 8000 complete in 554.5 sec
[-----------------89%-------------     ] 7125 of 8000 complete in 555.1 sec
[-----------------89%-------------     ] 7132 of 8000 complete in 555.6 sec
[-----------------89%-------------     ] 7139 of 8000 complete in 556.1 sec
[-----------------89%-------------     ] 7146 of 8000 complete in 556.7 sec
[-----------------89%-------------     ] 7153 of 8000 complete in 557.2 sec
[-----------------89%--------------    ] 7162 of 8000 complete in 557.7 sec
[-----------------89%--------------    ] 7171 of 8000 complete in 558.3 sec
[-----------------89%--------------    ] 7180 of 8000 complete in 558.8 sec
[-----------------89%--------------    ] 7188 of 8000 complete in 559.3 sec
[-----------------89%--------------    ] 7196 of 8000 complete in 559.8 sec
[-----------------90%--------------    ] 7205 of 8000 complete in 560.3 sec
[-----------------90%--------------    ] 7213 of 8000 complete in 560.8 sec
[-----------------90%--------------    ] 7222 of 8000 complete in 561.4 sec
[-----------------90%--------------    ] 7231 of 8000 complete in 561.9 sec
[-----------------90%--------------    ] 7240 of 8000 complete in 562.4 sec
[-----------------90%--------------    ] 7249 of 8000 complete in 563.0 sec
[-----------------90%--------------    ] 7257 of 8000 complete in 563.5 sec
[-----------------90%--------------    ] 7265 of 8000 complete in 564.0 sec
[-----------------90%--------------    ] 7273 of 8000 complete in 564.6 sec
[-----------------91%--------------    ] 7280 of 8000 complete in 565.1 sec
[-----------------91%--------------    ] 7288 of 8000 complete in 565.7 sec
[-----------------91%--------------    ] 7296 of 8000 complete in 566.3 sec
[-----------------91%--------------    ] 7303 of 8000 complete in 566.8 sec
[-----------------91%--------------    ] 7311 of 8000 complete in 567.3 sec
[-----------------91%--------------    ] 7318 of 8000 complete in 567.9 sec
[-----------------91%--------------    ] 7326 of 8000 complete in 568.4 sec
[-----------------91%--------------    ] 7335 of 8000 complete in 569.0 sec
[-----------------91%--------------    ] 7343 of 8000 complete in 569.5 sec
[-----------------91%--------------    ] 7351 of 8000 complete in 570.0 sec
[-----------------91%--------------    ] 7359 of 8000 complete in 570.5 sec
[-----------------92%--------------    ] 7367 of 8000 complete in 571.0 sec
[-----------------92%---------------   ] 7375 of 8000 complete in 571.6 sec
[-----------------92%---------------   ] 7383 of 8000 complete in 572.1 sec
[-----------------92%---------------   ] 7391 of 8000 complete in 572.6 sec
[-----------------92%---------------   ] 7399 of 8000 complete in 573.2 sec
[-----------------92%---------------   ] 7408 of 8000 complete in 573.7 sec
[-----------------92%---------------   ] 7416 of 8000 complete in 574.2 sec
[-----------------92%---------------   ] 7424 of 8000 complete in 574.8 sec
[-----------------92%---------------   ] 7432 of 8000 complete in 575.3 sec
[-----------------93%---------------   ] 7440 of 8000 complete in 575.8 sec
[-----------------93%---------------   ] 7450 of 8000 complete in 576.4 sec
[-----------------93%---------------   ] 7459 of 8000 complete in 576.9 sec
[-----------------93%---------------   ] 7471 of 8000 complete in 577.4 sec
[-----------------93%---------------   ] 7482 of 8000 complete in 578.0 sec
[-----------------93%---------------   ] 7493 of 8000 complete in 578.5 sec
[-----------------93%---------------   ] 7505 of 8000 complete in 579.0 sec
[-----------------93%---------------   ] 7517 of 8000 complete in 579.5 sec
[-----------------94%---------------   ] 7528 of 8000 complete in 580.1 sec
[-----------------81%-----------       ] 6536 of 8000 complete in 523.5 sec
[-----------------81%-----------       ] 6544 of 8000 complete in 524.0 sec
[-----------------81%-----------       ] 6551 of 8000 complete in 524.6 sec
[-----------------81%-----------       ] 6558 of 8000 complete in 525.1 sec
[-----------------82%-----------       ] 6566 of 8000 complete in 525.7 sec
[-----------------82%-----------       ] 6573 of 8000 complete in 526.2 sec
[-----------------82%-----------       ] 6580 of 8000 complete in 526.7 sec
[-----------------82%-----------       ] 6587 of 8000 complete in 527.3 sec
[-----------------82%-----------       ] 6595 of 8000 complete in 527.8 sec
[-----------------82%-----------       ] 6603 of 8000 complete in 528.3 sec
[-----------------82%-----------       ] 6610 of 8000 complete in 528.9 sec
[-----------------82%-----------       ] 6618 of 8000 complete in 529.4 sec
[-----------------82%-----------       ] 6626 of 8000 complete in 529.9 sec
[-----------------82%-----------       ] 6634 of 8000 complete in 530.4 sec
[-----------------83%-----------       ] 6642 of 8000 complete in 530.9 sec
[-----------------83%-----------       ] 6651 of 8000 complete in 531.5 sec
[-----------------83%-----------       ] 6659 of 8000 complete in 532.0 sec
[-----------------83%-----------       ] 6669 of 8000 complete in 532.5 sec
[-----------------83%-----------       ] 6678 of 8000 complete in 533.0 sec
[-----------------83%-----------       ] 6687 of 8000 complete in 533.6 sec
[-----------------83%-----------       ] 6696 of 8000 complete in 534.1 sec
[-----------------83%-----------       ] 6705 of 8000 complete in 534.6 sec
[-----------------83%-----------       ] 6714 of 8000 complete in 535.2 sec
[-----------------84%-----------       ] 6723 of 8000 complete in 535.7 sec
[-----------------84%-----------       ] 6731 of 8000 complete in 536.2 sec
[-----------------84%------------      ] 6739 of 8000 complete in 536.8 sec
[-----------------84%------------      ] 6749 of 8000 complete in 537.3 sec
[-----------------84%------------      ] 6758 of 8000 complete in 537.8 sec
[-----------------84%------------      ] 6768 of 8000 complete in 538.4 sec
[-----------------84%------------      ] 6776 of 8000 complete in 538.9 sec
[-----------------84%------------      ] 6785 of 8000 complete in 539.4 sec
[-----------------84%------------      ] 6794 of 8000 complete in 539.9 sec
[-----------------85%------------      ] 6802 of 8000 complete in 540.5 sec
[-----------------85%------------      ] 6810 of 8000 complete in 541.0 sec
[-----------------85%------------      ] 6819 of 8000 complete in 541.5 sec
[-----------------85%------------      ] 6829 of 8000 complete in 542.1 sec
[-----------------85%------------      ] 6837 of 8000 complete in 542.6 sec
[-----------------85%------------      ] 6846 of 8000 complete in 543.1 sec
[-----------------85%------------      ] 6855 of 8000 complete in 543.7 sec
[-----------------85%------------      ] 6863 of 8000 complete in 544.2 sec
[-----------------85%------------      ] 6872 of 8000 complete in 544.7 sec
[-----------------86%------------      ] 6881 of 8000 complete in 545.3 sec
[-----------------86%------------      ] 6890 of 8000 complete in 545.8 sec
[-----------------86%------------      ] 6900 of 8000 complete in 546.4 sec
[-----------------86%------------      ] 6909 of 8000 complete in 546.9 sec
[-----------------86%------------      ] 6918 of 8000 complete in 547.5 sec
[-----------------86%------------      ] 6927 of 8000 complete in 548.0 sec
[-----------------86%------------      ] 6936 of 8000 complete in 548.6 sec
[-----------------86%------------      ] 6945 of 8000 complete in 549.1 sec
[-----------------86%-------------     ] 6954 of 8000 complete in 549.6 sec
[-----------------87%-------------     ] 6962 of 8000 complete in 550.1 sec
[-----------------87%-------------     ] 6970 of 8000 complete in 550.7 sec
[-----------------87%-------------     ] 6979 of 8000 complete in 551.2 sec
[-----------------87%-------------     ] 6988 of 8000 complete in 551.7 sec
[-----------------87%-------------     ] 6997 of 8000 complete in 552.2 sec
[-----------------87%-------------     ] 7006 of 8000 complete in 552.8 sec
[-----------------87%-------------     ] 7015 of 8000 complete in 553.3 sec
[-----------------87%-------------     ] 7023 of 8000 complete in 553.9 sec
[-----------------87%-------------     ] 7029 of 8000 complete in 554.5 sec
[-----------------87%-------------     ] 7035 of 8000 complete in 555.0 sec
[-----------------88%-------------     ] 7042 of 8000 complete in 555.5 sec
[-----------------88%-------------     ] 7049 of 8000 complete in 556.1 sec
[-----------------88%-------------     ] 7055 of 8000 complete in 556.6 sec
[-----------------88%-------------     ] 7062 of 8000 complete in 557.1 sec
[-----------------88%-------------     ] 7071 of 8000 complete in 557.7 sec
[-----------------88%-------------     ] 7080 of 8000 complete in 558.2 sec
[-----------------88%-------------     ] 7089 of 8000 complete in 558.8 sec
[-----------------88%-------------     ] 7098 of 8000 complete in 559.3 sec
[-----------------88%-------------     ] 7107 of 8000 complete in 559.8 sec
[-----------------88%-------------     ] 7116 of 8000 complete in 560.4 sec
[-----------------89%-------------     ] 7125 of 8000 complete in 560.9 sec
[-----------------89%-------------     ] 7133 of 8000 complete in 561.4 sec
[-----------------89%-------------     ] 7142 of 8000 complete in 562.0 sec
[-----------------89%-------------     ] 7151 of 8000 complete in 562.5 sec
[-----------------89%--------------    ] 7159 of 8000 complete in 563.0 sec
[-----------------89%--------------    ] 7167 of 8000 complete in 563.5 sec
[-----------------89%--------------    ] 7175 of 8000 complete in 564.0 sec
[-----------------89%--------------    ] 7183 of 8000 complete in 564.6 sec
[-----------------89%--------------    ] 7190 of 8000 complete in 565.1 sec
[-----------------89%--------------    ] 7197 of 8000 complete in 565.6 sec
[-----------------90%--------------    ] 7204 of 8000 complete in 566.1 sec
[-----------------90%--------------    ] 7211 of 8000 complete in 566.7 sec
[-----------------90%--------------    ] 7218 of 8000 complete in 567.2 sec
[-----------------90%--------------    ] 7226 of 8000 complete in 567.7 sec
[-----------------90%--------------    ] 7234 of 8000 complete in 568.3 sec
[-----------------90%--------------    ] 7243 of 8000 complete in 568.9 sec
[-----------------90%--------------    ] 7252 of 8000 complete in 569.4 sec
[-----------------90%--------------    ] 7260 of 8000 complete in 570.0 sec
[-----------------90%--------------    ] 7268 of 8000 complete in 570.5 sec
[-----------------90%--------------    ] 7276 of 8000 complete in 571.1 sec
[-----------------91%--------------    ] 7284 of 8000 complete in 571.6 sec
[-----------------91%--------------    ] 7293 of 8000 complete in 572.2 sec
[-----------------91%--------------    ] 7301 of 8000 complete in 572.7 sec
[-----------------91%--------------    ] 7309 of 8000 complete in 573.2 sec
[-----------------91%--------------    ] 7317 of 8000 complete in 573.7 sec
[-----------------91%--------------    ] 7324 of 8000 complete in 574.2 sec
[-----------------91%--------------    ] 7332 of 8000 complete in 574.8 sec
[-----------------91%--------------    ] 7339 of 8000 complete in 575.3 sec
[-----------------91%--------------    ] 7347 of 8000 complete in 575.9 sec
[-----------------91%--------------    ] 7357 of 8000 complete in 576.4 sec
[-----------------92%--------------    ] 7367 of 8000 complete in 577.0 sec
[-----------------92%---------------   ] 7377 of 8000 complete in 577.5 sec
[-----------------92%---------------   ] 7388 of 8000 complete in 578.0 sec
[-----------------92%---------------   ] 7398 of 8000 complete in 578.5 sec
[-----------------92%---------------   ] 7409 of 8000 complete in 579.0 sec
[-----------------92%---------------   ] 7421 of 8000 complete in 579.6 sec
[-----------------92%---------------   ] 7432 of 8000 complete in 580.1 sec
[-----------------81%-----------       ] 6553 of 8000 complete in 524.4 sec
[-----------------82%-----------       ] 6560 of 8000 complete in 524.9 sec
[-----------------82%-----------       ] 6568 of 8000 complete in 525.5 sec
[-----------------82%-----------       ] 6575 of 8000 complete in 526.1 sec
[-----------------82%-----------       ] 6582 of 8000 complete in 526.6 sec
[-----------------82%-----------       ] 6588 of 8000 complete in 527.1 sec
[-----------------82%-----------       ] 6596 of 8000 complete in 527.6 sec
[-----------------82%-----------       ] 6603 of 8000 complete in 528.1 sec
[-----------------82%-----------       ] 6611 of 8000 complete in 528.7 sec
[-----------------82%-----------       ] 6619 of 8000 complete in 529.2 sec
[-----------------82%-----------       ] 6627 of 8000 complete in 529.7 sec
[-----------------82%-----------       ] 6635 of 8000 complete in 530.3 sec
[-----------------83%-----------       ] 6643 of 8000 complete in 530.8 sec
[-----------------83%-----------       ] 6652 of 8000 complete in 531.3 sec
[-----------------83%-----------       ] 6660 of 8000 complete in 531.8 sec
[-----------------83%-----------       ] 6669 of 8000 complete in 532.3 sec
[-----------------83%-----------       ] 6678 of 8000 complete in 532.9 sec
[-----------------83%-----------       ] 6687 of 8000 complete in 533.4 sec
[-----------------83%-----------       ] 6696 of 8000 complete in 533.9 sec
[-----------------83%-----------       ] 6704 of 8000 complete in 534.4 sec
[-----------------83%-----------       ] 6713 of 8000 complete in 534.9 sec
[-----------------84%-----------       ] 6722 of 8000 complete in 535.5 sec
[-----------------84%-----------       ] 6731 of 8000 complete in 536.0 sec
[-----------------84%------------      ] 6740 of 8000 complete in 536.6 sec
[-----------------84%------------      ] 6748 of 8000 complete in 537.1 sec
[-----------------84%------------      ] 6757 of 8000 complete in 537.6 sec
[-----------------84%------------      ] 6766 of 8000 complete in 538.1 sec
[-----------------84%------------      ] 6775 of 8000 complete in 538.6 sec
[-----------------84%------------      ] 6784 of 8000 complete in 539.2 sec
[-----------------84%------------      ] 6793 of 8000 complete in 539.7 sec
[-----------------85%------------      ] 6802 of 8000 complete in 540.2 sec
[-----------------85%------------      ] 6812 of 8000 complete in 540.8 sec
[-----------------85%------------      ] 6821 of 8000 complete in 541.3 sec
[-----------------85%------------      ] 6830 of 8000 complete in 541.9 sec
[-----------------85%------------      ] 6839 of 8000 complete in 542.4 sec
[-----------------85%------------      ] 6848 of 8000 complete in 542.9 sec
[-----------------85%------------      ] 6857 of 8000 complete in 543.5 sec
[-----------------85%------------      ] 6866 of 8000 complete in 544.0 sec
[-----------------85%------------      ] 6875 of 8000 complete in 544.5 sec
[-----------------86%------------      ] 6884 of 8000 complete in 545.1 sec
[-----------------86%------------      ] 6893 of 8000 complete in 545.6 sec
[-----------------86%------------      ] 6903 of 8000 complete in 546.2 sec
[-----------------86%------------      ] 6912 of 8000 complete in 546.7 sec
[-----------------86%------------      ] 6921 of 8000 complete in 547.2 sec
[-----------------86%------------      ] 6930 of 8000 complete in 547.8 sec
[-----------------86%------------      ] 6939 of 8000 complete in 548.3 sec
[-----------------86%-------------     ] 6948 of 8000 complete in 548.9 sec
[-----------------86%-------------     ] 6956 of 8000 complete in 549.4 sec
[-----------------87%-------------     ] 6964 of 8000 complete in 549.9 sec
[-----------------87%-------------     ] 6972 of 8000 complete in 550.4 sec
[-----------------87%-------------     ] 6981 of 8000 complete in 551.0 sec
[-----------------87%-------------     ] 6991 of 8000 complete in 551.5 sec
[-----------------87%-------------     ] 7000 of 8000 complete in 552.0 sec
[-----------------87%-------------     ] 7009 of 8000 complete in 552.6 sec
[-----------------87%-------------     ] 7019 of 8000 complete in 553.1 sec
[-----------------87%-------------     ] 7028 of 8000 complete in 553.7 sec
[-----------------87%-------------     ] 7035 of 8000 complete in 554.2 sec
[-----------------88%-------------     ] 7041 of 8000 complete in 554.7 sec
[-----------------88%-------------     ] 7047 of 8000 complete in 555.2 sec
[-----------------88%-------------     ] 7055 of 8000 complete in 555.8 sec
[-----------------88%-------------     ] 7062 of 8000 complete in 556.4 sec
[-----------------88%-------------     ] 7068 of 8000 complete in 556.9 sec
[-----------------88%-------------     ] 7075 of 8000 complete in 557.4 sec
[-----------------88%-------------     ] 7084 of 8000 complete in 558.0 sec
[-----------------88%-------------     ] 7093 of 8000 complete in 558.5 sec
[-----------------88%-------------     ] 7101 of 8000 complete in 559.0 sec
[-----------------88%-------------     ] 7109 of 8000 complete in 559.5 sec
[-----------------88%-------------     ] 7118 of 8000 complete in 560.1 sec
[-----------------89%-------------     ] 7126 of 8000 complete in 560.6 sec
[-----------------89%-------------     ] 7135 of 8000 complete in 561.1 sec
[-----------------89%-------------     ] 7144 of 8000 complete in 561.7 sec
[-----------------89%-------------     ] 7153 of 8000 complete in 562.2 sec
[-----------------89%--------------    ] 7161 of 8000 complete in 562.7 sec
[-----------------89%--------------    ] 7170 of 8000 complete in 563.3 sec
[-----------------89%--------------    ] 7177 of 8000 complete in 563.8 sec
[-----------------89%--------------    ] 7186 of 8000 complete in 564.4 sec
[-----------------89%--------------    ] 7194 of 8000 complete in 564.9 sec
[-----------------90%--------------    ] 7201 of 8000 complete in 565.4 sec
[-----------------90%--------------    ] 7209 of 8000 complete in 566.0 sec
[-----------------90%--------------    ] 7217 of 8000 complete in 566.6 sec
[-----------------90%--------------    ] 7225 of 8000 complete in 567.1 sec
[-----------------90%--------------    ] 7232 of 8000 complete in 567.6 sec
[-----------------90%--------------    ] 7240 of 8000 complete in 568.2 sec
[-----------------90%--------------    ] 7248 of 8000 complete in 568.7 sec
[-----------------90%--------------    ] 7256 of 8000 complete in 569.2 sec
[-----------------90%--------------    ] 7264 of 8000 complete in 569.7 sec
[-----------------90%--------------    ] 7272 of 8000 complete in 570.3 sec
[-----------------91%--------------    ] 7280 of 8000 complete in 570.8 sec
[-----------------91%--------------    ] 7288 of 8000 complete in 571.3 sec
[-----------------91%--------------    ] 7296 of 8000 complete in 571.9 sec
[-----------------91%--------------    ] 7304 of 8000 complete in 572.4 sec
[-----------------91%--------------    ] 7312 of 8000 complete in 572.9 sec
[-----------------91%--------------    ] 7320 of 8000 complete in 573.4 sec
[-----------------91%--------------    ] 7328 of 8000 complete in 574.0 sec
[-----------------91%--------------    ] 7335 of 8000 complete in 574.5 sec
[-----------------91%--------------    ] 7342 of 8000 complete in 575.0 sec
[-----------------91%--------------    ] 7350 of 8000 complete in 575.6 sec
[-----------------91%--------------    ] 7358 of 8000 complete in 576.1 sec
[-----------------92%--------------    ] 7368 of 8000 complete in 576.6 sec
[-----------------92%---------------   ] 7377 of 8000 complete in 577.1 sec
[-----------------92%---------------   ] 7388 of 8000 complete in 577.7 sec
[-----------------92%---------------   ] 7398 of 8000 complete in 578.2 sec
[-----------------92%---------------   ] 7409 of 8000 complete in 578.7 sec
[-----------------92%---------------   ] 7420 of 8000 complete in 579.2 sec
[-----------------92%---------------   ] 7431 of 8000 complete in 579.7 sec
[-----------------93%---------------   ] 7443 of 8000 complete in 580.2 sec
[-----------------93%---------------   ] 7455 of 8000 complete in 580.8 sec
[-----------------81%----------        ] 6500 of 8000 complete in 524.7 sec
[-----------------81%----------        ] 6507 of 8000 complete in 525.2 sec
[-----------------81%----------        ] 6515 of 8000 complete in 525.8 sec
[-----------------81%----------        ] 6522 of 8000 complete in 526.3 sec
[-----------------81%-----------       ] 6528 of 8000 complete in 526.8 sec
[-----------------81%-----------       ] 6535 of 8000 complete in 527.4 sec
[-----------------81%-----------       ] 6543 of 8000 complete in 527.9 sec
[-----------------81%-----------       ] 6551 of 8000 complete in 528.5 sec
[-----------------81%-----------       ] 6558 of 8000 complete in 529.0 sec
[-----------------82%-----------       ] 6566 of 8000 complete in 529.5 sec
[-----------------82%-----------       ] 6574 of 8000 complete in 530.1 sec
[-----------------82%-----------       ] 6582 of 8000 complete in 530.6 sec
[-----------------82%-----------       ] 6590 of 8000 complete in 531.2 sec
[-----------------82%-----------       ] 6599 of 8000 complete in 531.7 sec
[-----------------82%-----------       ] 6608 of 8000 complete in 532.2 sec
[-----------------82%-----------       ] 6617 of 8000 complete in 532.8 sec
[-----------------82%-----------       ] 6627 of 8000 complete in 533.3 sec
[-----------------82%-----------       ] 6636 of 8000 complete in 533.8 sec
[-----------------83%-----------       ] 6645 of 8000 complete in 534.4 sec
[-----------------83%-----------       ] 6654 of 8000 complete in 534.9 sec
[-----------------83%-----------       ] 6663 of 8000 complete in 535.4 sec
[-----------------83%-----------       ] 6672 of 8000 complete in 535.9 sec
[-----------------83%-----------       ] 6681 of 8000 complete in 536.5 sec
[-----------------83%-----------       ] 6690 of 8000 complete in 537.0 sec
[-----------------83%-----------       ] 6699 of 8000 complete in 537.5 sec
[-----------------83%-----------       ] 6708 of 8000 complete in 538.1 sec
[-----------------83%-----------       ] 6718 of 8000 complete in 538.6 sec
[-----------------84%-----------       ] 6726 of 8000 complete in 539.1 sec
[-----------------84%-----------       ] 6735 of 8000 complete in 539.6 sec
[-----------------84%------------      ] 6744 of 8000 complete in 540.2 sec
[-----------------84%------------      ] 6753 of 8000 complete in 540.7 sec
[-----------------84%------------      ] 6762 of 8000 complete in 541.2 sec
[-----------------84%------------      ] 6770 of 8000 complete in 541.7 sec
[-----------------84%------------      ] 6779 of 8000 complete in 542.3 sec
[-----------------84%------------      ] 6788 of 8000 complete in 542.8 sec
[-----------------84%------------      ] 6797 of 8000 complete in 543.4 sec
[-----------------85%------------      ] 6805 of 8000 complete in 543.9 sec
[-----------------85%------------      ] 6814 of 8000 complete in 544.4 sec
[-----------------85%------------      ] 6823 of 8000 complete in 544.9 sec
[-----------------85%------------      ] 6832 of 8000 complete in 545.5 sec
[-----------------85%------------      ] 6841 of 8000 complete in 546.0 sec
[-----------------85%------------      ] 6851 of 8000 complete in 546.6 sec
[-----------------85%------------      ] 6860 of 8000 complete in 547.1 sec
[-----------------85%------------      ] 6869 of 8000 complete in 547.7 sec
[-----------------85%------------      ] 6878 of 8000 complete in 548.2 sec
[-----------------86%------------      ] 6886 of 8000 complete in 548.7 sec
[-----------------86%------------      ] 6894 of 8000 complete in 549.3 sec
[-----------------86%------------      ] 6902 of 8000 complete in 549.8 sec
[-----------------86%------------      ] 6910 of 8000 complete in 550.3 sec
[-----------------86%------------      ] 6918 of 8000 complete in 550.8 sec
[-----------------86%------------      ] 6927 of 8000 complete in 551.4 sec
[-----------------86%------------      ] 6936 of 8000 complete in 551.9 sec
[-----------------86%------------      ] 6946 of 8000 complete in 552.4 sec
[-----------------86%-------------     ] 6955 of 8000 complete in 553.0 sec
[-----------------87%-------------     ] 6963 of 8000 complete in 553.5 sec
[-----------------87%-------------     ] 6970 of 8000 complete in 554.0 sec
[-----------------87%-------------     ] 6975 of 8000 complete in 554.5 sec
[-----------------87%-------------     ] 6981 of 8000 complete in 555.1 sec
[-----------------87%-------------     ] 6988 of 8000 complete in 555.6 sec
[-----------------87%-------------     ] 6995 of 8000 complete in 556.1 sec
[-----------------87%-------------     ] 7001 of 8000 complete in 556.7 sec
[-----------------87%-------------     ] 7008 of 8000 complete in 557.2 sec
[-----------------87%-------------     ] 7017 of 8000 complete in 557.8 sec
[-----------------87%-------------     ] 7025 of 8000 complete in 558.3 sec
[-----------------87%-------------     ] 7033 of 8000 complete in 558.8 sec
[-----------------88%-------------     ] 7041 of 8000 complete in 559.3 sec
[-----------------88%-------------     ] 7049 of 8000 complete in 559.8 sec
[-----------------88%-------------     ] 7058 of 8000 complete in 560.3 sec
[-----------------88%-------------     ] 7066 of 8000 complete in 560.8 sec
[-----------------88%-------------     ] 7074 of 8000 complete in 561.4 sec
[-----------------88%-------------     ] 7083 of 8000 complete in 561.9 sec
[-----------------88%-------------     ] 7091 of 8000 complete in 562.4 sec
[-----------------88%-------------     ] 7100 of 8000 complete in 562.9 sec
[-----------------88%-------------     ] 7108 of 8000 complete in 563.5 sec
[-----------------88%-------------     ] 7116 of 8000 complete in 564.0 sec
[-----------------89%-------------     ] 7124 of 8000 complete in 564.6 sec
[-----------------89%-------------     ] 7131 of 8000 complete in 565.1 sec
[-----------------89%-------------     ] 7138 of 8000 complete in 565.6 sec
[-----------------89%-------------     ] 7145 of 8000 complete in 566.1 sec
[-----------------89%-------------     ] 7152 of 8000 complete in 566.7 sec
[-----------------89%--------------    ] 7160 of 8000 complete in 567.3 sec
[-----------------89%--------------    ] 7168 of 8000 complete in 567.8 sec
[-----------------89%--------------    ] 7176 of 8000 complete in 568.3 sec
[-----------------89%--------------    ] 7184 of 8000 complete in 568.9 sec
[-----------------89%--------------    ] 7192 of 8000 complete in 569.4 sec
[-----------------90%--------------    ] 7200 of 8000 complete in 569.9 sec
[-----------------90%--------------    ] 7208 of 8000 complete in 570.5 sec
[-----------------90%--------------    ] 7216 of 8000 complete in 571.0 sec
[-----------------90%--------------    ] 7224 of 8000 complete in 571.5 sec
[-----------------90%--------------    ] 7232 of 8000 complete in 572.0 sec
[-----------------90%--------------    ] 7240 of 8000 complete in 572.5 sec
[-----------------90%--------------    ] 7248 of 8000 complete in 573.1 sec
[-----------------90%--------------    ] 7256 of 8000 complete in 573.6 sec
[-----------------90%--------------    ] 7263 of 8000 complete in 574.1 sec
[-----------------90%--------------    ] 7271 of 8000 complete in 574.7 sec
[-----------------90%--------------    ] 7278 of 8000 complete in 575.2 sec
[-----------------91%--------------    ] 7286 of 8000 complete in 575.7 sec
[-----------------91%--------------    ] 7295 of 8000 complete in 576.2 sec
[-----------------91%--------------    ] 7304 of 8000 complete in 576.8 sec
[-----------------91%--------------    ] 7315 of 8000 complete in 577.3 sec
[-----------------91%--------------    ] 7326 of 8000 complete in 577.9 sec
[-----------------91%--------------    ] 7336 of 8000 complete in 578.4 sec
[-----------------91%--------------    ] 7347 of 8000 complete in 578.9 sec
[-----------------91%--------------    ] 7358 of 8000 complete in 579.4 sec
[-----------------92%---------------   ] 7369 of 8000 complete in 580.0 sec
[-----------------92%---------------   ] 7380 of 8000 complete in 580.5 sec
[-----------------92%---------------   ] 7391 of 8000 complete in 581.0 sec
hddm sampling elpased time:  621.184 s
Start converting to InferenceData...
[chains] 完成 g7_refit（10.4 分钟；迹线 idiata.posterior）
[-----------------94%---------------   ] 7539 of 8000 complete in 580.6 sec
[-----------------94%---------------   ] 7550 of 8000 complete in 581.1 sec
[-----------------94%---------------   ] 7560 of 8000 complete in 581.6 sec
[-----------------94%---------------   ] 7571 of 8000 complete in 582.1 sec
[-----------------94%----------------  ] 7583 of 8000 complete in 582.6 sec
[-----------------94%----------------  ] 7596 of 8000 complete in 583.2 sec
[-----------------95%----------------  ] 7608 of 8000 complete in 583.7 sec
[-----------------95%----------------  ] 7619 of 8000 complete in 584.2 sec
[-----------------95%----------------  ] 7628 of 8000 complete in 584.7 sec
[-----------------95%----------------  ] 7637 of 8000 complete in 585.3 sec
[-----------------95%----------------  ] 7647 of 8000 complete in 585.8 sec
[-----------------95%----------------  ] 7658 of 8000 complete in 586.3 sec
[-----------------95%----------------  ] 7669 of 8000 complete in 586.9 sec
[-----------------96%----------------  ] 7681 of 8000 complete in 587.4 sec
[-----------------96%----------------  ] 7693 of 8000 complete in 587.9 sec
[-----------------96%----------------  ] 7704 of 8000 complete in 588.4 sec
[-----------------96%----------------  ] 7715 of 8000 complete in 588.9 sec
[-----------------96%----------------  ] 7726 of 8000 complete in 589.4 sec
[-----------------96%----------------  ] 7738 of 8000 complete in 590.0 sec
[-----------------96%----------------  ] 7750 of 8000 complete in 590.5 sec
[-----------------97%----------------  ] 7762 of 8000 complete in 591.0 sec
[-----------------97%----------------  ] 7774 of 8000 complete in 591.6 sec
[-----------------97%----------------  ] 7786 of 8000 complete in 592.1 sec
[-----------------97%----------------- ] 7798 of 8000 complete in 592.6 sec
[-----------------97%----------------- ] 7810 of 8000 complete in 593.1 sec
[-----------------97%----------------- ] 7822 of 8000 complete in 593.6 sec
[-----------------97%----------------- ] 7834 of 8000 complete in 594.2 sec
[-----------------98%----------------- ] 7846 of 8000 complete in 594.7 sec
[-----------------98%----------------- ] 7859 of 8000 complete in 595.2 sec
[-----------------98%----------------- ] 7872 of 8000 complete in 595.7 sec
[-----------------98%----------------- ] 7884 of 8000 complete in 596.2 sec
[-----------------98%----------------- ] 7895 of 8000 complete in 596.7 sec
[-----------------98%----------------- ] 7907 of 8000 complete in 597.3 sec
[-----------------98%----------------- ] 7919 of 8000 complete in 597.8 sec
[-----------------99%----------------- ] 7932 of 8000 complete in 598.3 sec
[-----------------99%----------------- ] 7945 of 8000 complete in 598.8 sec
[-----------------99%----------------- ] 7958 of 8000 complete in 599.4 sec
[-----------------99%----------------- ] 7970 of 8000 complete in 599.9 sec
[-----------------99%----------------- ] 7982 of 8000 complete in 600.4 sec
[-----------------99%----------------- ] 7993 of 8000 complete in 600.9 sec
[-----------------100%-----------------] 8000 of 8000 complete in 601.2 sec
hddm sampling elpased time:  601.349 s
[-----------------93%---------------   ] 7466 of 8000 complete in 581.3 sec
[-----------------93%---------------   ] 7476 of 8000 complete in 581.8 sec
[-----------------93%---------------   ] 7487 of 8000 complete in 582.4 sec
[-----------------93%---------------   ] 7499 of 8000 complete in 582.9 sec
[-----------------93%---------------   ] 7511 of 8000 complete in 583.4 sec
[-----------------94%---------------   ] 7522 of 8000 complete in 583.9 sec
[-----------------94%---------------   ] 7533 of 8000 complete in 584.5 sec
[-----------------94%---------------   ] 7541 of 8000 complete in 585.0 sec
[-----------------94%---------------   ] 7550 of 8000 complete in 585.5 sec
[-----------------94%---------------   ] 7561 of 8000 complete in 586.0 sec
[-----------------94%---------------   ] 7572 of 8000 complete in 586.5 sec
[-----------------94%----------------  ] 7582 of 8000 complete in 587.0 sec
[-----------------94%----------------  ] 7593 of 8000 complete in 587.6 sec
[-----------------95%----------------  ] 7604 of 8000 complete in 588.1 sec
[-----------------95%----------------  ] 7615 of 8000 complete in 588.6 sec
[-----------------95%----------------  ] 7626 of 8000 complete in 589.1 sec
[-----------------95%----------------  ] 7637 of 8000 complete in 589.6 sec
[-----------------95%----------------  ] 7649 of 8000 complete in 590.2 sec
[-----------------95%----------------  ] 7661 of 8000 complete in 590.7 sec
[-----------------95%----------------  ] 7673 of 8000 complete in 591.2 sec
[-----------------96%----------------  ] 7685 of 8000 complete in 591.8 sec
[-----------------96%----------------  ] 7697 of 8000 complete in 592.3 sec
[-----------------96%----------------  ] 7709 of 8000 complete in 592.8 sec
[-----------------96%----------------  ] 7721 of 8000 complete in 593.3 sec
[-----------------96%----------------  ] 7733 of 8000 complete in 593.9 sec
[-----------------96%----------------  ] 7745 of 8000 complete in 594.4 sec
[-----------------96%----------------  ] 7758 of 8000 complete in 594.9 sec
[-----------------97%----------------  ] 7770 of 8000 complete in 595.4 sec
[-----------------97%----------------  ] 7782 of 8000 complete in 596.0 sec
[-----------------97%----------------- ] 7794 of 8000 complete in 596.5 sec
[-----------------97%----------------- ] 7805 of 8000 complete in 597.0 sec
[-----------------97%----------------- ] 7817 of 8000 complete in 597.6 sec
[-----------------97%----------------- ] 7829 of 8000 complete in 598.1 sec
[-----------------98%----------------- ] 7842 of 8000 complete in 598.6 sec
[-----------------98%----------------- ] 7854 of 8000 complete in 599.1 sec
[-----------------98%----------------- ] 7865 of 8000 complete in 599.6 sec
[-----------------98%----------------- ] 7877 of 8000 complete in 600.1 sec
[-----------------98%----------------- ] 7888 of 8000 complete in 600.7 sec
[-----------------98%----------------- ] 7900 of 8000 complete in 601.2 sec
[-----------------98%----------------- ] 7911 of 8000 complete in 601.7 sec
[-----------------99%----------------- ] 7922 of 8000 complete in 602.2 sec
[-----------------99%----------------- ] 7934 of 8000 complete in 602.7 sec
[-----------------99%----------------- ] 7947 of 8000 complete in 603.3 sec
[-----------------99%----------------- ] 7960 of 8000 complete in 603.8 sec
[-----------------99%----------------- ] 7972 of 8000 complete in 604.3 sec
[-----------------99%----------------- ] 7983 of 8000 complete in 604.8 sec
[-----------------99%----------------- ] 7995 of 8000 complete in 605.4 sec
[-----------------100%-----------------] 8000 of 8000 complete in 605.6 sec
hddm sampling elpased time:  605.737 s
[-----------------93%---------------   ] 7443 of 8000 complete in 580.6 sec
[-----------------93%---------------   ] 7453 of 8000 complete in 581.1 sec
[-----------------93%---------------   ] 7463 of 8000 complete in 581.6 sec
[-----------------93%---------------   ] 7474 of 8000 complete in 582.1 sec
[-----------------93%---------------   ] 7486 of 8000 complete in 582.7 sec
[-----------------93%---------------   ] 7497 of 8000 complete in 583.2 sec
[-----------------93%---------------   ] 7509 of 8000 complete in 583.7 sec
[-----------------94%---------------   ] 7521 of 8000 complete in 584.2 sec
[-----------------94%---------------   ] 7530 of 8000 complete in 584.8 sec
[-----------------94%---------------   ] 7539 of 8000 complete in 585.3 sec
[-----------------94%---------------   ] 7550 of 8000 complete in 585.8 sec
[-----------------94%---------------   ] 7561 of 8000 complete in 586.4 sec
[-----------------94%---------------   ] 7571 of 8000 complete in 586.9 sec
[-----------------94%----------------  ] 7582 of 8000 complete in 587.4 sec
[-----------------94%----------------  ] 7593 of 8000 complete in 587.9 sec
[-----------------95%----------------  ] 7605 of 8000 complete in 588.4 sec
[-----------------95%----------------  ] 7615 of 8000 complete in 588.9 sec
[-----------------95%----------------  ] 7626 of 8000 complete in 589.5 sec
[-----------------95%----------------  ] 7638 of 8000 complete in 590.0 sec
[-----------------95%----------------  ] 7650 of 8000 complete in 590.5 sec
[-----------------95%----------------  ] 7661 of 8000 complete in 591.0 sec
[-----------------95%----------------  ] 7673 of 8000 complete in 591.5 sec
[-----------------96%----------------  ] 7684 of 8000 complete in 592.1 sec
[-----------------96%----------------  ] 7696 of 8000 complete in 592.6 sec
[-----------------96%----------------  ] 7709 of 8000 complete in 593.1 sec
[-----------------96%----------------  ] 7721 of 8000 complete in 593.6 sec
[-----------------96%----------------  ] 7733 of 8000 complete in 594.1 sec
[-----------------96%----------------  ] 7746 of 8000 complete in 594.7 sec
[-----------------96%----------------  ] 7758 of 8000 complete in 595.2 sec
[-----------------97%----------------  ] 7770 of 8000 complete in 595.7 sec
[-----------------97%----------------  ] 7782 of 8000 complete in 596.2 sec
[-----------------97%----------------- ] 7793 of 8000 complete in 596.7 sec
[-----------------97%----------------- ] 7805 of 8000 complete in 597.2 sec
[-----------------97%----------------- ] 7817 of 8000 complete in 597.8 sec
[-----------------97%----------------- ] 7829 of 8000 complete in 598.3 sec
[-----------------98%----------------- ] 7841 of 8000 complete in 598.8 sec
[-----------------98%----------------- ] 7853 of 8000 complete in 599.3 sec
[-----------------98%----------------- ] 7865 of 8000 complete in 599.8 sec
[-----------------98%----------------- ] 7877 of 8000 complete in 600.3 sec
[-----------------98%----------------- ] 7889 of 8000 complete in 600.9 sec
[-----------------98%----------------- ] 7900 of 8000 complete in 601.4 sec
[-----------------98%----------------- ] 7911 of 8000 complete in 601.9 sec
[-----------------99%----------------- ] 7924 of 8000 complete in 602.5 sec
[-----------------99%----------------- ] 7936 of 8000 complete in 603.0 sec
[-----------------99%----------------- ] 7948 of 8000 complete in 603.5 sec
[-----------------99%----------------- ] 7960 of 8000 complete in 604.0 sec
[-----------------99%----------------- ] 7972 of 8000 complete in 604.5 sec
[-----------------99%----------------- ] 7984 of 8000 complete in 605.1 sec
[-----------------99%----------------- ] 7996 of 8000 complete in 605.6 sec
[-----------------100%-----------------] 8000 of 8000 complete in 605.8 sec
hddm sampling elpased time:  605.908 s
[-----------------92%---------------   ] 7401 of 8000 complete in 581.5 sec
[-----------------92%---------------   ] 7412 of 8000 complete in 582.1 sec
[-----------------92%---------------   ] 7423 of 8000 complete in 582.6 sec
[-----------------92%---------------   ] 7436 of 8000 complete in 583.1 sec
[-----------------93%---------------   ] 7448 of 8000 complete in 583.7 sec
[-----------------93%---------------   ] 7459 of 8000 complete in 584.2 sec
[-----------------93%---------------   ] 7469 of 8000 complete in 584.7 sec
[-----------------93%---------------   ] 7478 of 8000 complete in 585.2 sec
[-----------------93%---------------   ] 7488 of 8000 complete in 585.8 sec
[-----------------93%---------------   ] 7498 of 8000 complete in 586.3 sec
[-----------------93%---------------   ] 7509 of 8000 complete in 586.8 sec
[-----------------94%---------------   ] 7520 of 8000 complete in 587.4 sec
[-----------------94%---------------   ] 7531 of 8000 complete in 587.9 sec
[-----------------94%---------------   ] 7542 of 8000 complete in 588.4 sec
[-----------------94%---------------   ] 7552 of 8000 complete in 588.9 sec
[-----------------94%---------------   ] 7563 of 8000 complete in 589.4 sec
[-----------------94%---------------   ] 7574 of 8000 complete in 589.9 sec
[-----------------94%----------------  ] 7585 of 8000 complete in 590.4 sec
[-----------------94%----------------  ] 7596 of 8000 complete in 591.0 sec
[-----------------95%----------------  ] 7608 of 8000 complete in 591.5 sec
[-----------------95%----------------  ] 7619 of 8000 complete in 592.0 sec
[-----------------95%----------------  ] 7631 of 8000 complete in 592.5 sec
[-----------------95%----------------  ] 7643 of 8000 complete in 593.0 sec
[-----------------95%----------------  ] 7656 of 8000 complete in 593.6 sec
[-----------------95%----------------  ] 7667 of 8000 complete in 594.1 sec
[-----------------96%----------------  ] 7680 of 8000 complete in 594.6 sec
[-----------------96%----------------  ] 7693 of 8000 complete in 595.1 sec
[-----------------96%----------------  ] 7705 of 8000 complete in 595.6 sec
[-----------------96%----------------  ] 7717 of 8000 complete in 596.2 sec
[-----------------96%----------------  ] 7728 of 8000 complete in 596.7 sec
[-----------------96%----------------  ] 7740 of 8000 complete in 597.2 sec
[-----------------96%----------------  ] 7752 of 8000 complete in 597.7 sec
[-----------------97%----------------  ] 7764 of 8000 complete in 598.2 sec
[-----------------97%----------------  ] 7776 of 8000 complete in 598.7 sec
[-----------------97%----------------  ] 7788 of 8000 complete in 599.3 sec
[-----------------97%----------------- ] 7800 of 8000 complete in 599.8 sec
[-----------------97%----------------- ] 7812 of 8000 complete in 600.3 sec
[-----------------97%----------------- ] 7823 of 8000 complete in 600.8 sec
[-----------------97%----------------- ] 7835 of 8000 complete in 601.3 sec
[-----------------98%----------------- ] 7845 of 8000 complete in 601.8 sec
[-----------------98%----------------- ] 7857 of 8000 complete in 602.4 sec
[-----------------98%----------------- ] 7869 of 8000 complete in 602.9 sec
[-----------------98%----------------- ] 7882 of 8000 complete in 603.4 sec
[-----------------98%----------------- ] 7894 of 8000 complete in 603.9 sec
[-----------------98%----------------- ] 7906 of 8000 complete in 604.5 sec
[-----------------98%----------------- ] 7917 of 8000 complete in 605.0 sec
[-----------------99%----------------- ] 7929 of 8000 complete in 605.5 sec
[-----------------99%----------------- ] 7942 of 8000 complete in 606.0 sec
[-----------------99%----------------- ] 7954 of 8000 complete in 606.5 sec
[-----------------99%----------------- ] 7966 of 8000 complete in 607.0 sec
[-----------------99%----------------- ] 7978 of 8000 complete in 607.5 sec
[-----------------99%----------------- ] 7991 of 8000 complete in 608.1 sec
[-----------------100%-----------------] 8000 of 8000 complete in 608.5 sec
hddm sampling elpased time:  608.581 s
