[chains] g8_refit: 11 被试 / 2860 试次 / chains=4 draws=8000 burn=2000 p_outlier=0.0
[chains] 设置 z 默认值失败（忽略）：'z'
No model attribute --> setting up standard HDDM
Set model to ddm
/opt/conda/lib/python3.9/site-packages/scipy/optimize/_optimize.py:2309: RuntimeWarning: invalid value encountered in double_scalars
  tmp2 = (x - v) * (fx - fw)
/opt/conda/lib/python3.9/site-packages/scipy/optimize/_optimize.py:2310: RuntimeWarning: invalid value encountered in double_scalars
  p = (x - v) * tmp2 - (x - w) * tmp1
/opt/conda/lib/python3.9/site-packages/scipy/optimize/_optimize.py:2309: RuntimeWarning: invalid value encountered in double_scalars
  tmp2 = (x - v) * (fx - fw)
/opt/conda/lib/python3.9/site-packages/scipy/optimize/_optimize.py:2310: RuntimeWarning: invalid value encountered in double_scalars
  p = (x - v) * tmp2 - (x - w) * tmp1
/opt/conda/lib/python3.9/site-packages/scipy/optimize/_optimize.py:2309: RuntimeWarning: invalid value encountered in double_scalars
  tmp2 = (x - v) * (fx - fw)
/opt/conda/lib/python3.9/site-packages/scipy/optimize/_optimize.py:2310: RuntimeWarning: invalid value encountered in double_scalars
  p = (x - v) * tmp2 - (x - w) * tmp1
/opt/conda/lib/python3.9/site-packages/scipy/optimize/_optimize.py:2309: RuntimeWarning: invalid value encountered in double_scalars
  tmp2 = (x - v) * (fx - fw)
/opt/conda/lib/python3.9/site-packages/scipy/optimize/_optimize.py:2310: RuntimeWarning: invalid value encountered in double_scalars
  p = (x - v) * tmp2 - (x - w) * tmp1
[                  0%                  ] 8 of 8000 complete in 0.5 sec
[                  0%                  ] 15 of 8000 complete in 1.1 sec
[                  0%                  ] 23 of 8000 complete in 1.6 sec
[                  0%                  ] 30 of 8000 complete in 2.2 sec
[                  0%                  ] 36 of 8000 complete in 2.7 sec
[                  0%                  ] 43 of 8000 complete in 3.2 sec
[                  0%                  ] 49 of 8000 complete in 3.8 sec
[                  0%                  ] 56 of 8000 complete in 4.3 sec
[                  0%                  ] 62 of 8000 complete in 4.8 sec
[                  0%                  ] 69 of 8000 complete in 5.3 sec
[                  0%                  ] 76 of 8000 complete in 5.8 sec
[                  1%                  ] 83 of 8000 complete in 6.3 sec
[                  1%                  ] 90 of 8000 complete in 6.8 sec
[                  1%                  ] 97 of 8000 complete in 7.4 sec
[                  1%                  ] 104 of 8000 complete in 7.9 sec
[                  1%                  ] 111 of 8000 complete in 8.5 sec
[                  1%                  ] 118 of 8000 complete in 9.0 sec
[                  1%                  ] 125 of 8000 complete in 9.5 sec
[                  1%                  ] 133 of 8000 complete in 10.1 sec
[                  1%                  ] 141 of 8000 complete in 10.6 sec
[                  1%                  ] 150 of 8000 complete in 11.2 sec
[                  1%                  ] 158 of 8000 complete in 11.7 sec
[                  2%                  ] 166 of 8000 complete in 12.2 sec
[                  2%                  ] 174 of 8000 complete in 12.8 sec
[                  2%                  ] 182 of 8000 complete in 13.3 sec
[                  2%                  ] 190 of 8000 complete in 13.9 sec
[                  2%                  ] 198 of 8000 complete in 14.4 sec
[                  2%                  ] 206 of 8000 complete in 14.9 sec
[-                 2%                  ] 214 of 8000 complete in 15.5 sec
[-                 2%                  ] 222 of 8000 complete in 16.0 sec
[-                 2%                  ] 230 of 8000 complete in 16.6 sec
[-                 2%                  ] 238 of 8000 complete in 17.1 sec
[-                 3%                  ] 246 of 8000 complete in 17.6 sec
[-                 3%                  ] 253 of 8000 complete in 18.1 sec
[-                 3%                  ] 261 of 8000 complete in 18.7 sec
[-                 3%                  ] 268 of 8000 complete in 19.2 sec
[-                 3%                  ] 275 of 8000 complete in 19.8 sec
[-                 3%                  ] 283 of 8000 complete in 20.3 sec
[-                 3%                  ] 291 of 8000 complete in 20.8 sec
[-                 3%                  ] 299 of 8000 complete in 21.4 sec
[-                 3%                  ] 307 of 8000 complete in 21.9 sec
[-                 3%                  ] 315 of 8000 complete in 22.5 sec
[-                 4%                  ] 323 of 8000 complete in 23.0 sec
[-                 4%                  ] 331 of 8000 complete in 23.5 sec
[-                 4%                  ] 339 of 8000 complete in 24.1 sec
[-                 4%                  ] 348 of 8000 complete in 24.6 sec
[-                 4%                  ] 355 of 8000 complete in 25.1 sec
[-                 4%                  ] 362 of 8000 complete in 25.6 sec
[-                 4%                  ] 370 of 8000 complete in 26.2 sec
[-                 4%                  ] 378 of 8000 complete in 26.7 sec
[-                 4%                  ] 386 of 8000 complete in 27.2 sec
[-                 4%                  ] 393 of 8000 complete in 27.7 sec
[-                 5%                  ] 401 of 8000 complete in 28.3 sec
[-                 5%                  ] 409 of 8000 complete in 28.8 sec
[-                 5%                  ] 416 of 8000 complete in 29.4 sec
[--                5%                  ] 423 of 8000 complete in 29.9 sec
[--                5%                  ] 429 of 8000 complete in 30.5 sec
[--                5%                  ] 436 of 8000 complete in 31.0 sec
[--                5%                  ] 443 of 8000 complete in 31.5 sec
[--                5%                  ] 450 of 8000 complete in 32.1 sec
[--                5%                  ] 456 of 8000 complete in 32.6 sec
[--                5%                  ] 463 of 8000 complete in 33.1 sec
[--                5%                  ] 471 of 8000 complete in 33.7 sec
[--                5%                  ] 478 of 8000 complete in 34.2 sec
[--                6%                  ] 485 of 8000 complete in 34.8 sec
[--                6%                  ] 492 of 8000 complete in 35.3 sec
[--                6%                  ] 499 of 8000 complete in 35.8 sec
[--                6%                  ] 505 of 8000 complete in 36.3 sec
[--                6%                  ] 511 of 8000 complete in 36.8 sec
[--                6%                  ] 517 of 8000 complete in 37.3 sec
[--                6%                  ] 525 of 8000 complete in 37.9 sec
[--                6%                  ] 533 of 8000 complete in 38.4 sec
[--                6%                  ] 541 of 8000 complete in 39.0 sec
[--                6%                  ] 549 of 8000 complete in 39.5 sec
[--                6%                  ] 557 of 8000 complete in 40.0 sec
[--                7%                  ] 564 of 8000 complete in 40.6 sec
[--                7%                  ] 571 of 8000 complete in 41.1 sec
[--                7%                  ] 579 of 8000 complete in 41.6 sec
[--                7%                  ] 587 of 8000 complete in 42.2 sec
[--                7%                  ] 594 of 8000 complete in 42.7 sec
[--                7%                  ] 602 of 8000 complete in 43.2 sec
[--                7%                  ] 610 of 8000 complete in 43.8 sec
[--                7%                  ] 618 of 8000 complete in 44.3 sec
[--                7%                  ] 626 of 8000 complete in 44.8 sec
[---               7%                  ] 634 of 8000 complete in 45.4 sec
[---               8%                  ] 642 of 8000 complete in 45.9 sec
[---               8%                  ] 650 of 8000 complete in 46.5 sec
[---               8%                  ] 656 of 8000 complete in 47.0 sec
[---               8%                  ] 663 of 8000 complete in 47.5 sec
[---               8%                  ] 670 of 8000 complete in 48.1 sec
[---               8%                  ] 677 of 8000 complete in 48.6 sec
[---               8%                  ] 685 of 8000 complete in 49.2 sec
[---               8%                  ] 693 of 8000 complete in 49.7 sec
[---               8%                  ] 701 of 8000 complete in 50.2 sec
[---               8%                  ] 709 of 8000 complete in 50.7 sec
[---               8%                  ] 717 of 8000 complete in 51.3 sec
[---               9%                  ] 725 of 8000 complete in 51.8 sec
[---               9%                  ] 733 of 8000 complete in 52.3 sec
[---               9%                  ] 740 of 8000 complete in 52.8 sec
[---               9%                  ] 748 of 8000 complete in 53.3 sec
[---               9%                  ] 756 of 8000 complete in 53.9 sec
[---               9%                  ] 764 of 8000 complete in 54.4 sec
[---               9%                  ] 772 of 8000 complete in 54.9 sec
[---               9%                  ] 780 of 8000 complete in 55.4 sec
[---               9%                  ] 788 of 8000 complete in 56.0 sec
[---               9%                  ] 796 of 8000 complete in 56.5 sec
[---              10%                  ] 804 of 8000 complete in 57.0 sec
[---              10%                  ] 812 of 8000 complete in 57.6 sec
[---              10%                  ] 819 of 8000 complete in 58.1 sec
[---              10%                  ] 826 of 8000 complete in 58.6 sec
[---              10%                  ] 834 of 8000 complete in 59.1 sec
[                  0%                  ] 8 of 8000 complete in 0.5 sec
[                  0%                  ] 15 of 8000 complete in 1.1 sec
[                  0%                  ] 22 of 8000 complete in 1.6 sec
[                  0%                  ] 29 of 8000 complete in 2.2 sec
[                  0%                  ] 35 of 8000 complete in 2.7 sec
[                  0%                  ] 42 of 8000 complete in 3.2 sec
[                  0%                  ] 48 of 8000 complete in 3.8 sec
[                  0%                  ] 55 of 8000 complete in 4.3 sec
[                  0%                  ] 61 of 8000 complete in 4.8 sec
[                  0%                  ] 68 of 8000 complete in 5.4 sec
[                  0%                  ] 75 of 8000 complete in 5.9 sec
[                  1%                  ] 82 of 8000 complete in 6.5 sec
[                  1%                  ] 89 of 8000 complete in 7.0 sec
[                  1%                  ] 96 of 8000 complete in 7.6 sec
[                  1%                  ] 102 of 8000 complete in 8.1 sec
[                  1%                  ] 109 of 8000 complete in 8.6 sec
[                  1%                  ] 116 of 8000 complete in 9.1 sec
[                  1%                  ] 123 of 8000 complete in 9.7 sec
[                  1%                  ] 131 of 8000 complete in 10.2 sec
[                  1%                  ] 139 of 8000 complete in 10.7 sec
[                  1%                  ] 147 of 8000 complete in 11.3 sec
[                  1%                  ] 155 of 8000 complete in 11.8 sec
[                  2%                  ] 163 of 8000 complete in 12.4 sec
[                  2%                  ] 171 of 8000 complete in 12.9 sec
[                  2%                  ] 179 of 8000 complete in 13.5 sec
[                  2%                  ] 186 of 8000 complete in 14.0 sec
[                  2%                  ] 193 of 8000 complete in 14.5 sec
[                  2%                  ] 201 of 8000 complete in 15.0 sec
[                  2%                  ] 209 of 8000 complete in 15.5 sec
[-                 2%                  ] 217 of 8000 complete in 16.1 sec
[-                 2%                  ] 225 of 8000 complete in 16.6 sec
[-                 2%                  ] 232 of 8000 complete in 17.1 sec
[-                 2%                  ] 239 of 8000 complete in 17.6 sec
[-                 3%                  ] 247 of 8000 complete in 18.2 sec
[-                 3%                  ] 254 of 8000 complete in 18.7 sec
[-                 3%                  ] 261 of 8000 complete in 19.2 sec
[-                 3%                  ] 268 of 8000 complete in 19.8 sec
[-                 3%                  ] 277 of 8000 complete in 20.3 sec
[-                 3%                  ] 285 of 8000 complete in 20.9 sec
[-                 3%                  ] 293 of 8000 complete in 21.4 sec
[-                 3%                  ] 301 of 8000 complete in 22.0 sec
[-                 3%                  ] 309 of 8000 complete in 22.5 sec
[-                 3%                  ] 316 of 8000 complete in 23.0 sec
[-                 4%                  ] 324 of 8000 complete in 23.6 sec
[-                 4%                  ] 332 of 8000 complete in 24.1 sec
[-                 4%                  ] 340 of 8000 complete in 24.7 sec
[-                 4%                  ] 348 of 8000 complete in 25.2 sec
[-                 4%                  ] 356 of 8000 complete in 25.8 sec
[-                 4%                  ] 364 of 8000 complete in 26.3 sec
[-                 4%                  ] 372 of 8000 complete in 26.9 sec
[-                 4%                  ] 379 of 8000 complete in 27.4 sec
[-                 4%                  ] 386 of 8000 complete in 27.9 sec
[-                 4%                  ] 394 of 8000 complete in 28.4 sec
[-                 5%                  ] 402 of 8000 complete in 29.0 sec
[-                 5%                  ] 409 of 8000 complete in 29.5 sec
[-                 5%                  ] 415 of 8000 complete in 30.1 sec
[-                 5%                  ] 421 of 8000 complete in 30.7 sec
[--                5%                  ] 427 of 8000 complete in 31.2 sec
[--                5%                  ] 434 of 8000 complete in 31.7 sec
[--                5%                  ] 441 of 8000 complete in 32.2 sec
[--                5%                  ] 447 of 8000 complete in 32.8 sec
[--                5%                  ] 453 of 8000 complete in 33.3 sec
[--                5%                  ] 460 of 8000 complete in 33.8 sec
[--                5%                  ] 466 of 8000 complete in 34.3 sec
[--                5%                  ] 473 of 8000 complete in 34.9 sec
[--                6%                  ] 480 of 8000 complete in 35.5 sec
[--                6%                  ] 487 of 8000 complete in 36.0 sec
[--                6%                  ] 493 of 8000 complete in 36.5 sec
[--                6%                  ] 499 of 8000 complete in 37.0 sec
[--                6%                  ] 505 of 8000 complete in 37.6 sec
[--                6%                  ] 512 of 8000 complete in 38.1 sec
[--                6%                  ] 520 of 8000 complete in 38.7 sec
[--                6%                  ] 528 of 8000 complete in 39.2 sec
[--                6%                  ] 536 of 8000 complete in 39.7 sec
[--                6%                  ] 543 of 8000 complete in 40.2 sec
[--                6%                  ] 550 of 8000 complete in 40.8 sec
[--                6%                  ] 557 of 8000 complete in 41.3 sec
[--                7%                  ] 565 of 8000 complete in 41.8 sec
[--                7%                  ] 573 of 8000 complete in 42.4 sec
[--                7%                  ] 580 of 8000 complete in 42.9 sec
[--                7%                  ] 588 of 8000 complete in 43.4 sec
[--                7%                  ] 596 of 8000 complete in 44.0 sec
[--                7%                  ] 604 of 8000 complete in 44.5 sec
[--                7%                  ] 612 of 8000 complete in 45.0 sec
[--                7%                  ] 620 of 8000 complete in 45.5 sec
[--                7%                  ] 628 of 8000 complete in 46.1 sec
[---               7%                  ] 635 of 8000 complete in 46.6 sec
[---               8%                  ] 641 of 8000 complete in 47.2 sec
[---               8%                  ] 648 of 8000 complete in 47.7 sec
[---               8%                  ] 655 of 8000 complete in 48.2 sec
[---               8%                  ] 662 of 8000 complete in 48.7 sec
[---               8%                  ] 670 of 8000 complete in 49.3 sec
[---               8%                  ] 678 of 8000 complete in 49.8 sec
[---               8%                  ] 686 of 8000 complete in 50.4 sec
[---               8%                  ] 694 of 8000 complete in 50.9 sec
[---               8%                  ] 702 of 8000 complete in 51.4 sec
[---               8%                  ] 710 of 8000 complete in 52.0 sec
[---               8%                  ] 717 of 8000 complete in 52.5 sec
[---               9%                  ] 724 of 8000 complete in 53.0 sec
[---               9%                  ] 732 of 8000 complete in 53.6 sec
[---               9%                  ] 740 of 8000 complete in 54.1 sec
[---               9%                  ] 748 of 8000 complete in 54.7 sec
[---               9%                  ] 756 of 8000 complete in 55.2 sec
[---               9%                  ] 764 of 8000 complete in 55.8 sec
[---               9%                  ] 772 of 8000 complete in 56.3 sec
[---               9%                  ] 779 of 8000 complete in 56.8 sec
[---               9%                  ] 787 of 8000 complete in 57.3 sec
[---               9%                  ] 794 of 8000 complete in 57.8 sec
[---              10%                  ] 800 of 8000 complete in 58.3 sec
[---              10%                  ] 808 of 8000 complete in 58.9 sec
[---              10%                  ] 816 of 8000 complete in 59.5 sec
[                  0%                  ] 8 of 8000 complete in 0.5 sec
[                  0%                  ] 15 of 8000 complete in 1.1 sec
[                  0%                  ] 22 of 8000 complete in 1.6 sec
[                  0%                  ] 29 of 8000 complete in 2.2 sec
[                  0%                  ] 35 of 8000 complete in 2.8 sec
[                  0%                  ] 41 of 8000 complete in 3.3 sec
[                  0%                  ] 48 of 8000 complete in 3.9 sec
[                  0%                  ] 55 of 8000 complete in 4.4 sec
[                  0%                  ] 62 of 8000 complete in 5.0 sec
[                  0%                  ] 69 of 8000 complete in 5.5 sec
[                  0%                  ] 76 of 8000 complete in 6.1 sec
[                  1%                  ] 83 of 8000 complete in 6.6 sec
[                  1%                  ] 90 of 8000 complete in 7.2 sec
[                  1%                  ] 97 of 8000 complete in 7.7 sec
[                  1%                  ] 103 of 8000 complete in 8.2 sec
[                  1%                  ] 110 of 8000 complete in 8.7 sec
[                  1%                  ] 117 of 8000 complete in 9.3 sec
[                  1%                  ] 124 of 8000 complete in 9.8 sec
[                  1%                  ] 131 of 8000 complete in 10.3 sec
[                  1%                  ] 139 of 8000 complete in 10.8 sec
[                  1%                  ] 147 of 8000 complete in 11.4 sec
[                  1%                  ] 155 of 8000 complete in 11.9 sec
[                  2%                  ] 162 of 8000 complete in 12.5 sec
[                  2%                  ] 170 of 8000 complete in 13.0 sec
[                  2%                  ] 177 of 8000 complete in 13.5 sec
[                  2%                  ] 184 of 8000 complete in 14.1 sec
[                  2%                  ] 191 of 8000 complete in 14.6 sec
[                  2%                  ] 199 of 8000 complete in 15.1 sec
[                  2%                  ] 207 of 8000 complete in 15.6 sec
[-                 2%                  ] 215 of 8000 complete in 16.2 sec
[-                 2%                  ] 222 of 8000 complete in 16.7 sec
[-                 2%                  ] 230 of 8000 complete in 17.2 sec
[-                 2%                  ] 238 of 8000 complete in 17.8 sec
[-                 3%                  ] 246 of 8000 complete in 18.3 sec
[-                 3%                  ] 253 of 8000 complete in 18.9 sec
[-                 3%                  ] 261 of 8000 complete in 19.5 sec
[-                 3%                  ] 268 of 8000 complete in 20.0 sec
[-                 3%                  ] 276 of 8000 complete in 20.6 sec
[-                 3%                  ] 284 of 8000 complete in 21.1 sec
[-                 3%                  ] 292 of 8000 complete in 21.7 sec
[-                 3%                  ] 300 of 8000 complete in 22.2 sec
[-                 3%                  ] 307 of 8000 complete in 22.7 sec
[-                 3%                  ] 315 of 8000 complete in 23.3 sec
[-                 4%                  ] 322 of 8000 complete in 23.8 sec
[-                 4%                  ] 330 of 8000 complete in 24.3 sec
[-                 4%                  ] 338 of 8000 complete in 24.9 sec
[-                 4%                  ] 345 of 8000 complete in 25.4 sec
[-                 4%                  ] 353 of 8000 complete in 25.9 sec
[-                 4%                  ] 360 of 8000 complete in 26.5 sec
[-                 4%                  ] 367 of 8000 complete in 27.0 sec
[-                 4%                  ] 375 of 8000 complete in 27.6 sec
[-                 4%                  ] 383 of 8000 complete in 28.1 sec
[-                 4%                  ] 390 of 8000 complete in 28.6 sec
[-                 4%                  ] 397 of 8000 complete in 29.2 sec
[-                 5%                  ] 403 of 8000 complete in 29.7 sec
[-                 5%                  ] 409 of 8000 complete in 30.3 sec
[-                 5%                  ] 415 of 8000 complete in 30.9 sec
[--                5%                  ] 422 of 8000 complete in 31.4 sec
[--                5%                  ] 429 of 8000 complete in 32.0 sec
[--                5%                  ] 436 of 8000 complete in 32.6 sec
[--                5%                  ] 442 of 8000 complete in 33.1 sec
[--                5%                  ] 449 of 8000 complete in 33.7 sec
[--                5%                  ] 456 of 8000 complete in 34.2 sec
[--                5%                  ] 463 of 8000 complete in 34.7 sec
[--                5%                  ] 470 of 8000 complete in 35.3 sec
[--                5%                  ] 476 of 8000 complete in 35.8 sec
[--                6%                  ] 482 of 8000 complete in 36.3 sec
[--                6%                  ] 488 of 8000 complete in 36.8 sec
[--                6%                  ] 494 of 8000 complete in 37.4 sec
[--                6%                  ] 501 of 8000 complete in 37.9 sec
[--                6%                  ] 509 of 8000 complete in 38.5 sec
[--                6%                  ] 517 of 8000 complete in 39.1 sec
[--                6%                  ] 525 of 8000 complete in 39.6 sec
[--                6%                  ] 532 of 8000 complete in 40.1 sec
[--                6%                  ] 539 of 8000 complete in 40.7 sec
[--                6%                  ] 546 of 8000 complete in 41.3 sec
[--                6%                  ] 554 of 8000 complete in 41.8 sec
[--                7%                  ] 561 of 8000 complete in 42.3 sec
[--                7%                  ] 568 of 8000 complete in 42.8 sec
[--                7%                  ] 575 of 8000 complete in 43.3 sec
[--                7%                  ] 583 of 8000 complete in 43.9 sec
[--                7%                  ] 591 of 8000 complete in 44.4 sec
[--                7%                  ] 598 of 8000 complete in 45.0 sec
[--                7%                  ] 606 of 8000 complete in 45.5 sec
[--                7%                  ] 613 of 8000 complete in 46.0 sec
[--                7%                  ] 620 of 8000 complete in 46.6 sec
[--                7%                  ] 625 of 8000 complete in 47.1 sec
[--                7%                  ] 631 of 8000 complete in 47.6 sec
[---               7%                  ] 638 of 8000 complete in 48.1 sec
[---               8%                  ] 645 of 8000 complete in 48.6 sec
[---               8%                  ] 653 of 8000 complete in 49.2 sec
[---               8%                  ] 661 of 8000 complete in 49.7 sec
[---               8%                  ] 669 of 8000 complete in 50.3 sec
[---               8%                  ] 677 of 8000 complete in 50.8 sec
[---               8%                  ] 685 of 8000 complete in 51.4 sec
[---               8%                  ] 693 of 8000 complete in 51.9 sec
[---               8%                  ] 700 of 8000 complete in 52.5 sec
[---               8%                  ] 708 of 8000 complete in 53.0 sec
[---               8%                  ] 716 of 8000 complete in 53.5 sec
[---               9%                  ] 724 of 8000 complete in 54.1 sec
[---               9%                  ] 732 of 8000 complete in 54.6 sec
[---               9%                  ] 740 of 8000 complete in 55.2 sec
[---               9%                  ] 748 of 8000 complete in 55.7 sec
[---               9%                  ] 756 of 8000 complete in 56.2 sec
[---               9%                  ] 763 of 8000 complete in 56.7 sec
[---               9%                  ] 771 of 8000 complete in 57.3 sec
[---               9%                  ] 778 of 8000 complete in 57.8 sec
[---               9%                  ] 784 of 8000 complete in 58.3 sec
[---               9%                  ] 792 of 8000 complete in 58.9 sec
[---               9%                  ] 799 of 8000 complete in 59.4 sec
[---              10%                  ] 806 of 8000 complete in 59.9 sec
[                  0%                  ] 8 of 8000 complete in 0.6 sec
[                  0%                  ] 15 of 8000 complete in 1.1 sec
[                  0%                  ] 23 of 8000 complete in 1.7 sec
[                  0%                  ] 29 of 8000 complete in 2.2 sec
[                  0%                  ] 35 of 8000 complete in 2.7 sec
[                  0%                  ] 42 of 8000 complete in 3.3 sec
[                  0%                  ] 49 of 8000 complete in 3.8 sec
[                  0%                  ] 56 of 8000 complete in 4.4 sec
[                  0%                  ] 63 of 8000 complete in 4.9 sec
[                  0%                  ] 70 of 8000 complete in 5.5 sec
[                  0%                  ] 77 of 8000 complete in 6.0 sec
[                  1%                  ] 84 of 8000 complete in 6.5 sec
[                  1%                  ] 92 of 8000 complete in 7.1 sec
[                  1%                  ] 99 of 8000 complete in 7.6 sec
[                  1%                  ] 106 of 8000 complete in 8.2 sec
[                  1%                  ] 114 of 8000 complete in 8.7 sec
[                  1%                  ] 121 of 8000 complete in 9.3 sec
[                  1%                  ] 129 of 8000 complete in 9.8 sec
[                  1%                  ] 137 of 8000 complete in 10.3 sec
[                  1%                  ] 145 of 8000 complete in 10.9 sec
[                  1%                  ] 153 of 8000 complete in 11.4 sec
[                  2%                  ] 161 of 8000 complete in 12.0 sec
[                  2%                  ] 168 of 8000 complete in 12.5 sec
[                  2%                  ] 176 of 8000 complete in 13.0 sec
[                  2%                  ] 183 of 8000 complete in 13.5 sec
[                  2%                  ] 190 of 8000 complete in 14.1 sec
[                  2%                  ] 197 of 8000 complete in 14.6 sec
[                  2%                  ] 205 of 8000 complete in 15.1 sec
[-                 2%                  ] 213 of 8000 complete in 15.6 sec
[-                 2%                  ] 221 of 8000 complete in 16.2 sec
[-                 2%                  ] 229 of 8000 complete in 16.7 sec
[-                 2%                  ] 236 of 8000 complete in 17.2 sec
[-                 3%                  ] 244 of 8000 complete in 17.8 sec
[-                 3%                  ] 251 of 8000 complete in 18.3 sec
[-                 3%                  ] 258 of 8000 complete in 18.8 sec
[-                 3%                  ] 266 of 8000 complete in 19.4 sec
[-                 3%                  ] 274 of 8000 complete in 19.9 sec
[-                 3%                  ] 282 of 8000 complete in 20.5 sec
[-                 3%                  ] 290 of 8000 complete in 21.0 sec
[-                 3%                  ] 298 of 8000 complete in 21.5 sec
[-                 3%                  ] 306 of 8000 complete in 22.1 sec
[-                 3%                  ] 313 of 8000 complete in 22.6 sec
[-                 4%                  ] 321 of 8000 complete in 23.1 sec
[-                 4%                  ] 328 of 8000 complete in 23.6 sec
[-                 4%                  ] 335 of 8000 complete in 24.1 sec
[-                 4%                  ] 343 of 8000 complete in 24.7 sec
[-                 4%                  ] 350 of 8000 complete in 25.2 sec
[-                 4%                  ] 358 of 8000 complete in 25.7 sec
[-                 4%                  ] 366 of 8000 complete in 26.2 sec
[-                 4%                  ] 374 of 8000 complete in 26.8 sec
[-                 4%                  ] 382 of 8000 complete in 27.3 sec
[-                 4%                  ] 389 of 8000 complete in 27.9 sec
[-                 4%                  ] 398 of 8000 complete in 28.4 sec
[-                 5%                  ] 405 of 8000 complete in 29.0 sec
[-                 5%                  ] 412 of 8000 complete in 29.6 sec
[-                 5%                  ] 418 of 8000 complete in 30.1 sec
[--                5%                  ] 424 of 8000 complete in 30.7 sec
[--                5%                  ] 431 of 8000 complete in 31.2 sec
[--                5%                  ] 438 of 8000 complete in 31.8 sec
[--                5%                  ] 445 of 8000 complete in 32.3 sec
[--                5%                  ] 451 of 8000 complete in 32.8 sec
[--                5%                  ] 458 of 8000 complete in 33.4 sec
[--                5%                  ] 466 of 8000 complete in 33.9 sec
[--                5%                  ] 473 of 8000 complete in 34.5 sec
[--                6%                  ] 480 of 8000 complete in 35.0 sec
[--                6%                  ] 487 of 8000 complete in 35.5 sec
[--                6%                  ] 493 of 8000 complete in 36.1 sec
[--                6%                  ] 499 of 8000 complete in 36.6 sec
[--                6%                  ] 505 of 8000 complete in 37.1 sec
[--                6%                  ] 512 of 8000 complete in 37.6 sec
[--                6%                  ] 519 of 8000 complete in 38.1 sec
[--                6%                  ] 527 of 8000 complete in 38.7 sec
[--                6%                  ] 535 of 8000 complete in 39.2 sec
[--                6%                  ] 543 of 8000 complete in 39.8 sec
[--                6%                  ] 551 of 8000 complete in 40.3 sec
[--                6%                  ] 558 of 8000 complete in 40.9 sec
[--                7%                  ] 566 of 8000 complete in 41.4 sec
[--                7%                  ] 574 of 8000 complete in 42.0 sec
[--                7%                  ] 581 of 8000 complete in 42.5 sec
[--                7%                  ] 589 of 8000 complete in 43.0 sec
[--                7%                  ] 597 of 8000 complete in 43.6 sec
[--                7%                  ] 605 of 8000 complete in 44.1 sec
[--                7%                  ] 613 of 8000 complete in 44.6 sec
[--                7%                  ] 621 of 8000 complete in 45.2 sec
[--                7%                  ] 629 of 8000 complete in 45.7 sec
[---               7%                  ] 637 of 8000 complete in 46.3 sec
[---               8%                  ] 643 of 8000 complete in 46.8 sec
[---               8%                  ] 650 of 8000 complete in 47.4 sec
[---               8%                  ] 657 of 8000 complete in 47.9 sec
[---               8%                  ] 664 of 8000 complete in 48.4 sec
[---               8%                  ] 672 of 8000 complete in 48.9 sec
[---               8%                  ] 681 of 8000 complete in 49.5 sec
[---               8%                  ] 689 of 8000 complete in 50.0 sec
[---               8%                  ] 697 of 8000 complete in 50.6 sec
[---               8%                  ] 705 of 8000 complete in 51.1 sec
[---               8%                  ] 713 of 8000 complete in 51.7 sec
[---               9%                  ] 721 of 8000 complete in 52.2 sec
[---               9%                  ] 729 of 8000 complete in 52.8 sec
[---               9%                  ] 737 of 8000 complete in 53.3 sec
[---               9%                  ] 745 of 8000 complete in 53.8 sec
[---               9%                  ] 753 of 8000 complete in 54.3 sec
[---               9%                  ] 761 of 8000 complete in 54.9 sec
[---               9%                  ] 769 of 8000 complete in 55.4 sec
[---               9%                  ] 777 of 8000 complete in 55.9 sec
[---               9%                  ] 785 of 8000 complete in 56.5 sec
[---               9%                  ] 793 of 8000 complete in 57.0 sec
[---              10%                  ] 801 of 8000 complete in 57.6 sec
[---              10%                  ] 808 of 8000 complete in 58.1 sec
[---              10%                  ] 816 of 8000 complete in 58.7 sec
[---              10%                  ] 824 of 8000 complete in 59.2 sec
[---              10%                  ] 832 of 8000 complete in 59.8 sec
[---              10%                  ] 841 of 8000 complete in 59.6 sec
[----             10%                  ] 848 of 8000 complete in 60.1 sec
[----             10%                  ] 854 of 8000 complete in 60.6 sec
[----             10%                  ] 861 of 8000 complete in 61.2 sec
[----             10%                  ] 868 of 8000 complete in 61.7 sec
[----             10%                  ] 876 of 8000 complete in 62.3 sec
[----             11%                  ] 882 of 8000 complete in 62.8 sec
[----             11%                  ] 888 of 8000 complete in 63.3 sec
[----             11%                  ] 895 of 8000 complete in 63.8 sec
[----             11%                  ] 902 of 8000 complete in 64.4 sec
[----             11%                  ] 909 of 8000 complete in 64.9 sec
[----             11%                  ] 916 of 8000 complete in 65.5 sec
[----             11%                  ] 923 of 8000 complete in 66.0 sec
[----             11%                  ] 931 of 8000 complete in 66.5 sec
[----             11%                  ] 939 of 8000 complete in 67.1 sec
[----             11%                  ] 947 of 8000 complete in 67.7 sec
[----             11%                  ] 954 of 8000 complete in 68.2 sec
[----             12%                  ] 962 of 8000 complete in 68.7 sec
[----             12%                  ] 969 of 8000 complete in 69.2 sec
[----             12%                  ] 977 of 8000 complete in 69.8 sec
[----             12%                  ] 985 of 8000 complete in 70.3 sec
[----             12%                  ] 993 of 8000 complete in 70.8 sec
[----             12%                  ] 1001 of 8000 complete in 71.3 sec
[----             12%                  ] 1009 of 8000 complete in 71.9 sec
[----             12%                  ] 1017 of 8000 complete in 72.5 sec
[----             12%                  ] 1025 of 8000 complete in 73.0 sec
[----             12%                  ] 1032 of 8000 complete in 73.5 sec
[----             13%                  ] 1040 of 8000 complete in 74.0 sec
[----             13%                  ] 1047 of 8000 complete in 74.6 sec
[-----            13%                  ] 1054 of 8000 complete in 75.1 sec
[-----            13%                  ] 1061 of 8000 complete in 75.6 sec
[-----            13%                  ] 1069 of 8000 complete in 76.1 sec
[-----            13%                  ] 1077 of 8000 complete in 76.6 sec
[-----            13%                  ] 1085 of 8000 complete in 77.1 sec
[-----            13%                  ] 1093 of 8000 complete in 77.7 sec
[-----            13%                  ] 1101 of 8000 complete in 78.2 sec
[-----            13%                  ] 1109 of 8000 complete in 78.8 sec
[-----            13%                  ] 1117 of 8000 complete in 79.3 sec
[-----            14%                  ] 1125 of 8000 complete in 79.9 sec
[-----            14%                  ] 1132 of 8000 complete in 80.4 sec
[-----            14%                  ] 1140 of 8000 complete in 80.9 sec
[-----            14%                  ] 1149 of 8000 complete in 81.5 sec
[-----            14%                  ] 1157 of 8000 complete in 82.0 sec
[-----            14%                  ] 1164 of 8000 complete in 82.5 sec
[-----            14%                  ] 1172 of 8000 complete in 83.1 sec
[-----            14%                  ] 1180 of 8000 complete in 83.6 sec
[-----            14%                  ] 1188 of 8000 complete in 84.2 sec
[-----            14%                  ] 1196 of 8000 complete in 84.7 sec
[-----            15%                  ] 1204 of 8000 complete in 85.2 sec
[-----            15%                  ] 1212 of 8000 complete in 85.8 sec
[-----            15%                  ] 1219 of 8000 complete in 86.3 sec
[-----            15%                  ] 1227 of 8000 complete in 86.9 sec
[-----            15%                  ] 1235 of 8000 complete in 87.4 sec
[-----            15%                  ] 1243 of 8000 complete in 87.9 sec
[-----            15%                  ] 1251 of 8000 complete in 88.5 sec
[-----            15%                  ] 1258 of 8000 complete in 89.0 sec
[------           15%                  ] 1266 of 8000 complete in 89.5 sec
[------           15%                  ] 1274 of 8000 complete in 90.1 sec
[------           16%                  ] 1281 of 8000 complete in 90.7 sec
[------           16%                  ] 1287 of 8000 complete in 91.2 sec
[------           16%                  ] 1294 of 8000 complete in 91.7 sec
[------           16%                  ] 1301 of 8000 complete in 92.2 sec
[------           16%                  ] 1307 of 8000 complete in 92.8 sec
[------           16%                  ] 1314 of 8000 complete in 93.4 sec
[------           16%                  ] 1321 of 8000 complete in 93.9 sec
[------           16%                  ] 1328 of 8000 complete in 94.4 sec
[------           16%                  ] 1335 of 8000 complete in 94.9 sec
[------           16%                  ] 1342 of 8000 complete in 95.4 sec
[------           16%                  ] 1349 of 8000 complete in 96.0 sec
[------           16%                  ] 1356 of 8000 complete in 96.5 sec
[------           17%                  ] 1363 of 8000 complete in 97.0 sec
[------           17%                  ] 1370 of 8000 complete in 97.5 sec
[------           17%                  ] 1377 of 8000 complete in 98.1 sec
[------           17%                  ] 1384 of 8000 complete in 98.6 sec
[------           17%                  ] 1391 of 8000 complete in 99.1 sec
[------           17%                  ] 1399 of 8000 complete in 99.6 sec
[------           17%                  ] 1406 of 8000 complete in 100.2 sec
[------           17%                  ] 1414 of 8000 complete in 100.7 sec
[------           17%                  ] 1423 of 8000 complete in 101.2 sec
[------           17%                  ] 1430 of 8000 complete in 101.7 sec
[------           17%                  ] 1437 of 8000 complete in 102.3 sec
[------           18%                  ] 1443 of 8000 complete in 102.8 sec
[------           18%                  ] 1451 of 8000 complete in 103.3 sec
[------           18%                  ] 1459 of 8000 complete in 103.9 sec
[------           18%                  ] 1467 of 8000 complete in 104.4 sec
[-------          18%                  ] 1475 of 8000 complete in 105.0 sec
[-------          18%                  ] 1483 of 8000 complete in 105.5 sec
[-------          18%                  ] 1490 of 8000 complete in 106.0 sec
[-------          18%                  ] 1498 of 8000 complete in 106.6 sec
[-------          18%                  ] 1506 of 8000 complete in 107.1 sec
[-------          18%                  ] 1514 of 8000 complete in 107.7 sec
[-------          19%                  ] 1522 of 8000 complete in 108.2 sec
[-------          19%                  ] 1529 of 8000 complete in 108.7 sec
[-------          19%                  ] 1537 of 8000 complete in 109.2 sec
[-------          19%                  ] 1545 of 8000 complete in 109.8 sec
[-------          19%                  ] 1553 of 8000 complete in 110.3 sec
[-------          19%                  ] 1560 of 8000 complete in 110.8 sec
[-------          19%                  ] 1568 of 8000 complete in 111.3 sec
[-------          19%                  ] 1576 of 8000 complete in 111.9 sec
[-------          19%                  ] 1584 of 8000 complete in 112.4 sec
[-------          19%                  ] 1591 of 8000 complete in 113.0 sec
[-------          19%                  ] 1598 of 8000 complete in 113.5 sec
[-------          20%                  ] 1606 of 8000 complete in 114.0 sec
[-------          20%                  ] 1614 of 8000 complete in 114.6 sec
[-------          20%                  ] 1621 of 8000 complete in 115.1 sec
[-------          20%                  ] 1628 of 8000 complete in 115.6 sec
[-------          20%                  ] 1635 of 8000 complete in 116.2 sec
[-------          20%                  ] 1642 of 8000 complete in 116.7 sec
[-------          20%                  ] 1650 of 8000 complete in 117.2 sec
[---              10%                  ] 824 of 8000 complete in 60.0 sec
[---              10%                  ] 831 of 8000 complete in 60.6 sec
[---              10%                  ] 837 of 8000 complete in 61.1 sec
[----             10%                  ] 844 of 8000 complete in 61.7 sec
[----             10%                  ] 851 of 8000 complete in 62.2 sec
[----             10%                  ] 858 of 8000 complete in 62.7 sec
[----             10%                  ] 865 of 8000 complete in 63.3 sec
[----             10%                  ] 871 of 8000 complete in 63.8 sec
[----             10%                  ] 877 of 8000 complete in 64.3 sec
[----             11%                  ] 883 of 8000 complete in 64.8 sec
[----             11%                  ] 889 of 8000 complete in 65.3 sec
[----             11%                  ] 896 of 8000 complete in 65.9 sec
[----             11%                  ] 903 of 8000 complete in 66.4 sec
[----             11%                  ] 911 of 8000 complete in 66.9 sec
[----             11%                  ] 918 of 8000 complete in 67.4 sec
[----             11%                  ] 925 of 8000 complete in 68.0 sec
[----             11%                  ] 933 of 8000 complete in 68.5 sec
[----             11%                  ] 940 of 8000 complete in 69.0 sec
[----             11%                  ] 947 of 8000 complete in 69.5 sec
[----             11%                  ] 955 of 8000 complete in 70.0 sec
[----             12%                  ] 963 of 8000 complete in 70.6 sec
[----             12%                  ] 971 of 8000 complete in 71.1 sec
[----             12%                  ] 979 of 8000 complete in 71.6 sec
[----             12%                  ] 987 of 8000 complete in 72.2 sec
[----             12%                  ] 993 of 8000 complete in 72.7 sec
[----             12%                  ] 1000 of 8000 complete in 73.2 sec
[----             12%                  ] 1007 of 8000 complete in 73.8 sec
[----             12%                  ] 1015 of 8000 complete in 74.3 sec
[----             12%                  ] 1022 of 8000 complete in 74.9 sec
[----             12%                  ] 1030 of 8000 complete in 75.4 sec
[----             12%                  ] 1038 of 8000 complete in 75.9 sec
[----             13%                  ] 1046 of 8000 complete in 76.5 sec
[-----            13%                  ] 1054 of 8000 complete in 77.0 sec
[-----            13%                  ] 1062 of 8000 complete in 77.5 sec
[-----            13%                  ] 1069 of 8000 complete in 78.0 sec
[-----            13%                  ] 1077 of 8000 complete in 78.5 sec
[-----            13%                  ] 1085 of 8000 complete in 79.1 sec
[-----            13%                  ] 1093 of 8000 complete in 79.6 sec
[-----            13%                  ] 1101 of 8000 complete in 80.2 sec
[-----            13%                  ] 1109 of 8000 complete in 80.7 sec
[-----            13%                  ] 1117 of 8000 complete in 81.3 sec
[-----            14%                  ] 1125 of 8000 complete in 81.8 sec
[-----            14%                  ] 1133 of 8000 complete in 82.4 sec
[-----            14%                  ] 1140 of 8000 complete in 82.9 sec
[-----            14%                  ] 1148 of 8000 complete in 83.4 sec
[-----            14%                  ] 1156 of 8000 complete in 84.0 sec
[-----            14%                  ] 1164 of 8000 complete in 84.5 sec
[-----            14%                  ] 1172 of 8000 complete in 85.1 sec
[-----            14%                  ] 1180 of 8000 complete in 85.6 sec
[-----            14%                  ] 1187 of 8000 complete in 86.1 sec
[-----            14%                  ] 1195 of 8000 complete in 86.6 sec
[-----            15%                  ] 1203 of 8000 complete in 87.2 sec
[-----            15%                  ] 1211 of 8000 complete in 87.7 sec
[-----            15%                  ] 1219 of 8000 complete in 88.3 sec
[-----            15%                  ] 1226 of 8000 complete in 88.8 sec
[-----            15%                  ] 1233 of 8000 complete in 89.3 sec
[-----            15%                  ] 1241 of 8000 complete in 89.9 sec
[-----            15%                  ] 1248 of 8000 complete in 90.4 sec
[-----            15%                  ] 1254 of 8000 complete in 90.9 sec
[-----            15%                  ] 1261 of 8000 complete in 91.5 sec
[------           15%                  ] 1268 of 8000 complete in 92.1 sec
[------           15%                  ] 1274 of 8000 complete in 92.6 sec
[------           16%                  ] 1280 of 8000 complete in 93.1 sec
[------           16%                  ] 1287 of 8000 complete in 93.7 sec
[------           16%                  ] 1294 of 8000 complete in 94.2 sec
[------           16%                  ] 1301 of 8000 complete in 94.8 sec
[------           16%                  ] 1308 of 8000 complete in 95.3 sec
[------           16%                  ] 1315 of 8000 complete in 95.8 sec
[------           16%                  ] 1322 of 8000 complete in 96.3 sec
[------           16%                  ] 1329 of 8000 complete in 96.8 sec
[------           16%                  ] 1336 of 8000 complete in 97.4 sec
[------           16%                  ] 1343 of 8000 complete in 97.9 sec
[------           16%                  ] 1350 of 8000 complete in 98.4 sec
[------           16%                  ] 1358 of 8000 complete in 99.0 sec
[------           17%                  ] 1365 of 8000 complete in 99.5 sec
[------           17%                  ] 1372 of 8000 complete in 100.0 sec
[------           17%                  ] 1379 of 8000 complete in 100.5 sec
[------           17%                  ] 1387 of 8000 complete in 101.1 sec
[------           17%                  ] 1395 of 8000 complete in 101.6 sec
[------           17%                  ] 1402 of 8000 complete in 102.1 sec
[------           17%                  ] 1408 of 8000 complete in 102.7 sec
[------           17%                  ] 1415 of 8000 complete in 103.2 sec
[------           17%                  ] 1423 of 8000 complete in 103.8 sec
[------           17%                  ] 1431 of 8000 complete in 104.3 sec
[------           17%                  ] 1438 of 8000 complete in 104.8 sec
[------           18%                  ] 1445 of 8000 complete in 105.3 sec
[------           18%                  ] 1452 of 8000 complete in 105.9 sec
[------           18%                  ] 1460 of 8000 complete in 106.4 sec
[------           18%                  ] 1468 of 8000 complete in 107.0 sec
[-------          18%                  ] 1475 of 8000 complete in 107.5 sec
[-------          18%                  ] 1482 of 8000 complete in 108.0 sec
[-------          18%                  ] 1489 of 8000 complete in 108.5 sec
[-------          18%                  ] 1497 of 8000 complete in 109.0 sec
[-------          18%                  ] 1506 of 8000 complete in 109.6 sec
[-------          18%                  ] 1514 of 8000 complete in 110.1 sec
[-------          19%                  ] 1522 of 8000 complete in 110.6 sec
[-------          19%                  ] 1530 of 8000 complete in 111.2 sec
[-------          19%                  ] 1538 of 8000 complete in 111.7 sec
[-------          19%                  ] 1546 of 8000 complete in 112.3 sec
[-------          19%                  ] 1553 of 8000 complete in 112.8 sec
[-------          19%                  ] 1560 of 8000 complete in 113.3 sec
[-------          19%                  ] 1567 of 8000 complete in 113.8 sec
[-------          19%                  ] 1574 of 8000 complete in 114.4 sec
[-------          19%                  ] 1581 of 8000 complete in 114.9 sec
[-------          19%                  ] 1588 of 8000 complete in 115.4 sec
[-------          19%                  ] 1595 of 8000 complete in 116.0 sec
[-------          20%                  ] 1602 of 8000 complete in 116.5 sec
[-------          20%                  ] 1609 of 8000 complete in 117.1 sec
[-------          20%                  ] 1616 of 8000 complete in 117.6 sec
[---              10%                  ] 839 of 8000 complete in 60.3 sec
[----             10%                  ] 845 of 8000 complete in 60.8 sec
[----             10%                  ] 852 of 8000 complete in 61.4 sec
[----             10%                  ] 859 of 8000 complete in 61.9 sec
[----             10%                  ] 866 of 8000 complete in 62.4 sec
[----             10%                  ] 873 of 8000 complete in 63.0 sec
[----             11%                  ] 880 of 8000 complete in 63.5 sec
[----             11%                  ] 887 of 8000 complete in 64.1 sec
[----             11%                  ] 894 of 8000 complete in 64.6 sec
[----             11%                  ] 900 of 8000 complete in 65.2 sec
[----             11%                  ] 907 of 8000 complete in 65.7 sec
[----             11%                  ] 915 of 8000 complete in 66.3 sec
[----             11%                  ] 922 of 8000 complete in 66.8 sec
[----             11%                  ] 929 of 8000 complete in 67.3 sec
[----             11%                  ] 936 of 8000 complete in 67.8 sec
[----             11%                  ] 944 of 8000 complete in 68.4 sec
[----             11%                  ] 952 of 8000 complete in 68.9 sec
[----             11%                  ] 959 of 8000 complete in 69.4 sec
[----             12%                  ] 967 of 8000 complete in 69.9 sec
[----             12%                  ] 975 of 8000 complete in 70.4 sec
[----             12%                  ] 983 of 8000 complete in 71.0 sec
[----             12%                  ] 991 of 8000 complete in 71.5 sec
[----             12%                  ] 998 of 8000 complete in 72.0 sec
[----             12%                  ] 1005 of 8000 complete in 72.6 sec
[----             12%                  ] 1012 of 8000 complete in 73.1 sec
[----             12%                  ] 1019 of 8000 complete in 73.6 sec
[----             12%                  ] 1027 of 8000 complete in 74.2 sec
[----             12%                  ] 1034 of 8000 complete in 74.7 sec
[----             13%                  ] 1042 of 8000 complete in 75.3 sec
[----             13%                  ] 1050 of 8000 complete in 75.8 sec
[-----            13%                  ] 1058 of 8000 complete in 76.3 sec
[-----            13%                  ] 1065 of 8000 complete in 76.9 sec
[-----            13%                  ] 1073 of 8000 complete in 77.4 sec
[-----            13%                  ] 1081 of 8000 complete in 77.9 sec
[-----            13%                  ] 1089 of 8000 complete in 78.5 sec
[-----            13%                  ] 1098 of 8000 complete in 79.1 sec
[-----            13%                  ] 1106 of 8000 complete in 79.6 sec
[-----            13%                  ] 1114 of 8000 complete in 80.2 sec
[-----            14%                  ] 1121 of 8000 complete in 80.7 sec
[-----            14%                  ] 1129 of 8000 complete in 81.2 sec
[-----            14%                  ] 1137 of 8000 complete in 81.8 sec
[-----            14%                  ] 1145 of 8000 complete in 82.3 sec
[-----            14%                  ] 1153 of 8000 complete in 82.9 sec
[-----            14%                  ] 1160 of 8000 complete in 83.4 sec
[-----            14%                  ] 1168 of 8000 complete in 83.9 sec
[-----            14%                  ] 1176 of 8000 complete in 84.4 sec
[-----            14%                  ] 1184 of 8000 complete in 85.0 sec
[-----            14%                  ] 1192 of 8000 complete in 85.5 sec
[-----            14%                  ] 1199 of 8000 complete in 86.1 sec
[-----            15%                  ] 1207 of 8000 complete in 86.6 sec
[-----            15%                  ] 1215 of 8000 complete in 87.1 sec
[-----            15%                  ] 1223 of 8000 complete in 87.7 sec
[-----            15%                  ] 1231 of 8000 complete in 88.2 sec
[-----            15%                  ] 1239 of 8000 complete in 88.8 sec
[-----            15%                  ] 1247 of 8000 complete in 89.3 sec
[-----            15%                  ] 1255 of 8000 complete in 89.9 sec
[-----            15%                  ] 1262 of 8000 complete in 90.5 sec
[------           15%                  ] 1269 of 8000 complete in 91.1 sec
[------           15%                  ] 1276 of 8000 complete in 91.6 sec
[------           16%                  ] 1283 of 8000 complete in 92.2 sec
[------           16%                  ] 1289 of 8000 complete in 92.7 sec
[------           16%                  ] 1295 of 8000 complete in 93.2 sec
[------           16%                  ] 1302 of 8000 complete in 93.7 sec
[------           16%                  ] 1309 of 8000 complete in 94.2 sec
[------           16%                  ] 1317 of 8000 complete in 94.7 sec
[------           16%                  ] 1324 of 8000 complete in 95.2 sec
[------           16%                  ] 1332 of 8000 complete in 95.8 sec
[------           16%                  ] 1339 of 8000 complete in 96.3 sec
[------           16%                  ] 1347 of 8000 complete in 96.9 sec
[------           16%                  ] 1354 of 8000 complete in 97.4 sec
[------           17%                  ] 1361 of 8000 complete in 97.9 sec
[------           17%                  ] 1368 of 8000 complete in 98.4 sec
[------           17%                  ] 1375 of 8000 complete in 98.9 sec
[------           17%                  ] 1383 of 8000 complete in 99.5 sec
[------           17%                  ] 1390 of 8000 complete in 100.0 sec
[------           17%                  ] 1398 of 8000 complete in 100.6 sec
[------           17%                  ] 1406 of 8000 complete in 101.1 sec
[------           17%                  ] 1414 of 8000 complete in 101.7 sec
[------           17%                  ] 1421 of 8000 complete in 102.2 sec
[------           17%                  ] 1427 of 8000 complete in 102.7 sec
[------           17%                  ] 1435 of 8000 complete in 103.3 sec
[------           18%                  ] 1443 of 8000 complete in 103.8 sec
[------           18%                  ] 1450 of 8000 complete in 104.3 sec
[------           18%                  ] 1457 of 8000 complete in 104.9 sec
[------           18%                  ] 1465 of 8000 complete in 105.4 sec
[------           18%                  ] 1473 of 8000 complete in 106.0 sec
[-------          18%                  ] 1481 of 8000 complete in 106.5 sec
[-------          18%                  ] 1489 of 8000 complete in 107.1 sec
[-------          18%                  ] 1496 of 8000 complete in 107.6 sec
[-------          18%                  ] 1504 of 8000 complete in 108.1 sec
[-------          18%                  ] 1512 of 8000 complete in 108.7 sec
[-------          19%                  ] 1520 of 8000 complete in 109.2 sec
[-------          19%                  ] 1528 of 8000 complete in 109.8 sec
[-------          19%                  ] 1536 of 8000 complete in 110.3 sec
[-------          19%                  ] 1544 of 8000 complete in 110.9 sec
[-------          19%                  ] 1552 of 8000 complete in 111.4 sec
[-------          19%                  ] 1559 of 8000 complete in 111.9 sec
[-------          19%                  ] 1566 of 8000 complete in 112.5 sec
[-------          19%                  ] 1573 of 8000 complete in 113.0 sec
[-------          19%                  ] 1580 of 8000 complete in 113.6 sec
[-------          19%                  ] 1587 of 8000 complete in 114.1 sec
[-------          19%                  ] 1594 of 8000 complete in 114.6 sec
[-------          20%                  ] 1601 of 8000 complete in 115.1 sec
[-------          20%                  ] 1608 of 8000 complete in 115.7 sec
[-------          20%                  ] 1615 of 8000 complete in 116.2 sec
[-------          20%                  ] 1622 of 8000 complete in 116.7 sec
[-------          20%                  ] 1629 of 8000 complete in 117.3 sec
[-------          20%                  ] 1637 of 8000 complete in 117.8 sec
[-------          20%                  ] 1644 of 8000 complete in 118.3 sec
[---              10%                  ] 813 of 8000 complete in 60.4 sec
[---              10%                  ] 819 of 8000 complete in 61.0 sec
[---              10%                  ] 826 of 8000 complete in 61.6 sec
[---              10%                  ] 833 of 8000 complete in 62.1 sec
[---              10%                  ] 840 of 8000 complete in 62.6 sec
[----             10%                  ] 847 of 8000 complete in 63.2 sec
[----             10%                  ] 854 of 8000 complete in 63.8 sec
[----             10%                  ] 861 of 8000 complete in 64.4 sec
[----             10%                  ] 868 of 8000 complete in 65.0 sec
[----             10%                  ] 875 of 8000 complete in 65.5 sec
[----             11%                  ] 881 of 8000 complete in 66.1 sec
[----             11%                  ] 888 of 8000 complete in 66.6 sec
[----             11%                  ] 895 of 8000 complete in 67.1 sec
[----             11%                  ] 903 of 8000 complete in 67.7 sec
[----             11%                  ] 910 of 8000 complete in 68.2 sec
[----             11%                  ] 918 of 8000 complete in 68.8 sec
[----             11%                  ] 926 of 8000 complete in 69.3 sec
[----             11%                  ] 934 of 8000 complete in 69.9 sec
[----             11%                  ] 942 of 8000 complete in 70.5 sec
[----             11%                  ] 950 of 8000 complete in 71.0 sec
[----             11%                  ] 958 of 8000 complete in 71.6 sec
[----             12%                  ] 965 of 8000 complete in 72.1 sec
[----             12%                  ] 972 of 8000 complete in 72.6 sec
[----             12%                  ] 980 of 8000 complete in 73.2 sec
[----             12%                  ] 987 of 8000 complete in 73.8 sec
[----             12%                  ] 995 of 8000 complete in 74.3 sec
[----             12%                  ] 1001 of 8000 complete in 74.8 sec
[----             12%                  ] 1009 of 8000 complete in 75.4 sec
[----             12%                  ] 1016 of 8000 complete in 75.9 sec
[----             12%                  ] 1024 of 8000 complete in 76.4 sec
[----             12%                  ] 1032 of 8000 complete in 77.0 sec
[----             13%                  ] 1040 of 8000 complete in 77.5 sec
[----             13%                  ] 1048 of 8000 complete in 78.1 sec
[-----            13%                  ] 1056 of 8000 complete in 78.6 sec
[-----            13%                  ] 1063 of 8000 complete in 79.1 sec
[-----            13%                  ] 1070 of 8000 complete in 79.6 sec
[-----            13%                  ] 1077 of 8000 complete in 80.1 sec
[-----            13%                  ] 1085 of 8000 complete in 80.7 sec
[-----            13%                  ] 1093 of 8000 complete in 81.3 sec
[-----            13%                  ] 1100 of 8000 complete in 81.8 sec
[-----            13%                  ] 1108 of 8000 complete in 82.3 sec
[-----            13%                  ] 1115 of 8000 complete in 82.8 sec
[-----            14%                  ] 1123 of 8000 complete in 83.4 sec
[-----            14%                  ] 1131 of 8000 complete in 83.9 sec
[-----            14%                  ] 1139 of 8000 complete in 84.5 sec
[-----            14%                  ] 1146 of 8000 complete in 85.0 sec
[-----            14%                  ] 1154 of 8000 complete in 85.5 sec
[-----            14%                  ] 1161 of 8000 complete in 86.1 sec
[-----            14%                  ] 1169 of 8000 complete in 86.7 sec
[-----            14%                  ] 1177 of 8000 complete in 87.3 sec
[-----            14%                  ] 1184 of 8000 complete in 87.8 sec
[-----            14%                  ] 1192 of 8000 complete in 88.3 sec
[-----            15%                  ] 1200 of 8000 complete in 88.9 sec
[-----            15%                  ] 1208 of 8000 complete in 89.4 sec
[-----            15%                  ] 1216 of 8000 complete in 90.0 sec
[-----            15%                  ] 1223 of 8000 complete in 90.5 sec
[-----            15%                  ] 1229 of 8000 complete in 91.1 sec
[-----            15%                  ] 1236 of 8000 complete in 91.7 sec
[-----            15%                  ] 1243 of 8000 complete in 92.3 sec
[-----            15%                  ] 1249 of 8000 complete in 92.8 sec
[-----            15%                  ] 1255 of 8000 complete in 93.4 sec
[-----            15%                  ] 1262 of 8000 complete in 93.9 sec
[------           15%                  ] 1269 of 8000 complete in 94.5 sec
[------           15%                  ] 1276 of 8000 complete in 95.0 sec
[------           16%                  ] 1283 of 8000 complete in 95.6 sec
[------           16%                  ] 1290 of 8000 complete in 96.1 sec
[------           16%                  ] 1297 of 8000 complete in 96.6 sec
[------           16%                  ] 1304 of 8000 complete in 97.2 sec
[------           16%                  ] 1311 of 8000 complete in 97.7 sec
[------           16%                  ] 1318 of 8000 complete in 98.3 sec
[------           16%                  ] 1325 of 8000 complete in 98.8 sec
[------           16%                  ] 1332 of 8000 complete in 99.3 sec
[------           16%                  ] 1339 of 8000 complete in 99.9 sec
[------           16%                  ] 1346 of 8000 complete in 100.4 sec
[------           16%                  ] 1353 of 8000 complete in 100.9 sec
[------           17%                  ] 1361 of 8000 complete in 101.4 sec
[------           17%                  ] 1368 of 8000 complete in 101.9 sec
[------           17%                  ] 1374 of 8000 complete in 102.4 sec
[------           17%                  ] 1380 of 8000 complete in 103.0 sec
[------           17%                  ] 1388 of 8000 complete in 103.5 sec
[------           17%                  ] 1395 of 8000 complete in 104.0 sec
[------           17%                  ] 1403 of 8000 complete in 104.6 sec
[------           17%                  ] 1411 of 8000 complete in 105.1 sec
[------           17%                  ] 1419 of 8000 complete in 105.7 sec
[------           17%                  ] 1427 of 8000 complete in 106.3 sec
[------           17%                  ] 1435 of 8000 complete in 106.8 sec
[------           18%                  ] 1442 of 8000 complete in 107.3 sec
[------           18%                  ] 1449 of 8000 complete in 107.8 sec
[------           18%                  ] 1457 of 8000 complete in 108.4 sec
[------           18%                  ] 1465 of 8000 complete in 108.9 sec
[------           18%                  ] 1473 of 8000 complete in 109.5 sec
[-------          18%                  ] 1481 of 8000 complete in 110.0 sec
[-------          18%                  ] 1489 of 8000 complete in 110.6 sec
[-------          18%                  ] 1497 of 8000 complete in 111.1 sec
[-------          18%                  ] 1505 of 8000 complete in 111.7 sec
[-------          18%                  ] 1513 of 8000 complete in 112.2 sec
[-------          19%                  ] 1520 of 8000 complete in 112.8 sec
[-------          19%                  ] 1528 of 8000 complete in 113.3 sec
[-------          19%                  ] 1535 of 8000 complete in 113.8 sec
[-------          19%                  ] 1542 of 8000 complete in 114.4 sec
[-------          19%                  ] 1549 of 8000 complete in 114.9 sec
[-------          19%                  ] 1556 of 8000 complete in 115.5 sec
[-------          19%                  ] 1563 of 8000 complete in 116.0 sec
[-------          19%                  ] 1569 of 8000 complete in 116.6 sec
[-------          19%                  ] 1576 of 8000 complete in 117.1 sec
[-------          19%                  ] 1583 of 8000 complete in 117.7 sec
[-------          19%                  ] 1591 of 8000 complete in 118.2 sec
[-------          19%                  ] 1599 of 8000 complete in 118.8 sec
[-------          20%                  ] 1607 of 8000 complete in 119.3 sec
[-------          20%                  ] 1658 of 8000 complete in 117.8 sec
[-------          20%                  ] 1666 of 8000 complete in 118.3 sec
[-------          20%                  ] 1674 of 8000 complete in 118.9 sec
[-------          21%                  ] 1682 of 8000 complete in 119.4 sec
[--------         21%                  ] 1690 of 8000 complete in 120.0 sec
[--------         21%                  ] 1696 of 8000 complete in 120.5 sec
[--------         21%                  ] 1702 of 8000 complete in 121.0 sec
[--------         21%                  ] 1709 of 8000 complete in 121.6 sec
[--------         21%                  ] 1716 of 8000 complete in 122.1 sec
[--------         21%                  ] 1723 of 8000 complete in 122.7 sec
[--------         21%                  ] 1730 of 8000 complete in 123.2 sec
[--------         21%                  ] 1736 of 8000 complete in 123.7 sec
[--------         21%                  ] 1743 of 8000 complete in 124.2 sec
[--------         21%                  ] 1750 of 8000 complete in 124.8 sec
[--------         21%                  ] 1757 of 8000 complete in 125.3 sec
[--------         22%                  ] 1765 of 8000 complete in 125.9 sec
[--------         22%                  ] 1773 of 8000 complete in 126.5 sec
[--------         22%                  ] 1781 of 8000 complete in 127.0 sec
[--------         22%                  ] 1788 of 8000 complete in 127.5 sec
[--------         22%                  ] 1796 of 8000 complete in 128.1 sec
[--------         22%                  ] 1804 of 8000 complete in 128.6 sec
[--------         22%                  ] 1812 of 8000 complete in 129.2 sec
[--------         22%                  ] 1820 of 8000 complete in 129.8 sec
[--------         22%                  ] 1827 of 8000 complete in 130.3 sec
[--------         22%                  ] 1833 of 8000 complete in 130.8 sec
[--------         23%                  ] 1841 of 8000 complete in 131.4 sec
[--------         23%                  ] 1848 of 8000 complete in 131.9 sec
[--------         23%                  ] 1855 of 8000 complete in 132.4 sec
[--------         23%                  ] 1862 of 8000 complete in 133.0 sec
[--------         23%                  ] 1869 of 8000 complete in 133.5 sec
[--------         23%                  ] 1877 of 8000 complete in 134.1 sec
[--------         23%                  ] 1885 of 8000 complete in 134.6 sec
[--------         23%                  ] 1893 of 8000 complete in 135.2 sec
[---------        23%                  ] 1901 of 8000 complete in 135.8 sec
[---------        23%                  ] 1909 of 8000 complete in 136.3 sec
[---------        23%                  ] 1917 of 8000 complete in 136.8 sec
[---------        24%                  ] 1926 of 8000 complete in 137.4 sec
[---------        24%                  ] 1934 of 8000 complete in 137.9 sec
[---------        24%                  ] 1942 of 8000 complete in 138.4 sec
[---------        24%                  ] 1949 of 8000 complete in 139.0 sec
[---------        24%                  ] 1957 of 8000 complete in 139.5 sec
[---------        24%                  ] 1965 of 8000 complete in 140.0 sec
[---------        24%                  ] 1973 of 8000 complete in 140.5 sec
[---------        24%                  ] 1981 of 8000 complete in 141.1 sec
[---------        24%                  ] 1989 of 8000 complete in 141.6 sec
[---------        24%                  ] 1996 of 8000 complete in 142.1 sec
[---------        25%                  ] 2004 of 8000 complete in 142.7 sec
[---------        25%                  ] 2012 of 8000 complete in 143.2 sec
[---------        25%                  ] 2019 of 8000 complete in 143.7 sec
[---------        25%                  ] 2026 of 8000 complete in 144.2 sec
[---------        25%                  ] 2034 of 8000 complete in 144.8 sec
[---------        25%                  ] 2041 of 8000 complete in 145.3 sec
[---------        25%                  ] 2048 of 8000 complete in 145.8 sec
[---------        25%                  ] 2056 of 8000 complete in 146.4 sec
[---------        25%                  ] 2064 of 8000 complete in 147.0 sec
[---------        25%                  ] 2071 of 8000 complete in 147.5 sec
[---------        25%                  ] 2079 of 8000 complete in 148.0 sec
[---------        26%                  ] 2086 of 8000 complete in 148.6 sec
[---------        26%                  ] 2093 of 8000 complete in 149.1 sec
[---------        26%                  ] 2101 of 8000 complete in 149.7 sec
[----------       26%                  ] 2108 of 8000 complete in 150.2 sec
[----------       26%                  ] 2115 of 8000 complete in 150.8 sec
[----------       26%                  ] 2122 of 8000 complete in 151.3 sec
[----------       26%                  ] 2129 of 8000 complete in 151.8 sec
[----------       26%                  ] 2136 of 8000 complete in 152.3 sec
[----------       26%                  ] 2143 of 8000 complete in 152.9 sec
[----------       26%                  ] 2150 of 8000 complete in 153.4 sec
[----------       26%                  ] 2157 of 8000 complete in 153.9 sec
[----------       27%                  ] 2164 of 8000 complete in 154.4 sec
[----------       27%                  ] 2171 of 8000 complete in 154.9 sec
[----------       27%                  ] 2178 of 8000 complete in 155.5 sec
[----------       27%                  ] 2186 of 8000 complete in 156.0 sec
[----------       27%                  ] 2193 of 8000 complete in 156.5 sec
[----------       27%                  ] 2200 of 8000 complete in 157.1 sec
[----------       27%                  ] 2207 of 8000 complete in 157.6 sec
[----------       27%                  ] 2213 of 8000 complete in 158.1 sec
[----------       27%                  ] 2219 of 8000 complete in 158.7 sec
[----------       27%                  ] 2226 of 8000 complete in 159.2 sec
[----------       27%                  ] 2233 of 8000 complete in 159.7 sec
[----------       28%                  ] 2241 of 8000 complete in 160.3 sec
[----------       28%                  ] 2249 of 8000 complete in 160.8 sec
[----------       28%                  ] 2257 of 8000 complete in 161.4 sec
[----------       28%                  ] 2265 of 8000 complete in 161.9 sec
[----------       28%                  ] 2273 of 8000 complete in 162.4 sec
[----------       28%                  ] 2281 of 8000 complete in 163.0 sec
[----------       28%                  ] 2289 of 8000 complete in 163.5 sec
[----------       28%                  ] 2297 of 8000 complete in 164.0 sec
[----------       28%                  ] 2305 of 8000 complete in 164.6 sec
[----------       28%                  ] 2313 of 8000 complete in 165.1 sec
[-----------      29%                  ] 2321 of 8000 complete in 165.6 sec
[-----------      29%                  ] 2329 of 8000 complete in 166.2 sec
[-----------      29%                  ] 2337 of 8000 complete in 166.7 sec
[-----------      29%                  ] 2345 of 8000 complete in 167.3 sec
[-----------      29%                  ] 2352 of 8000 complete in 167.9 sec
[-----------      29%                  ] 2359 of 8000 complete in 168.4 sec
[-----------      29%                  ] 2367 of 8000 complete in 168.9 sec
[-----------      29%                  ] 2375 of 8000 complete in 169.4 sec
[-----------      29%                  ] 2382 of 8000 complete in 170.0 sec
[-----------      29%                  ] 2390 of 8000 complete in 170.5 sec
[-----------      29%                  ] 2398 of 8000 complete in 171.1 sec
[-----------      30%                  ] 2406 of 8000 complete in 171.6 sec
[-----------      30%                  ] 2414 of 8000 complete in 172.2 sec
[-----------      30%                  ] 2421 of 8000 complete in 172.7 sec
[-----------      30%                  ] 2429 of 8000 complete in 173.3 sec
[-----------      30%                  ] 2437 of 8000 complete in 173.8 sec
[-----------      30%                  ] 2444 of 8000 complete in 174.3 sec
[-----------      30%                  ] 2452 of 8000 complete in 174.9 sec
[-------          20%                  ] 1624 of 8000 complete in 118.2 sec
[-------          20%                  ] 1632 of 8000 complete in 118.7 sec
[-------          20%                  ] 1640 of 8000 complete in 119.3 sec
[-------          20%                  ] 1647 of 8000 complete in 119.8 sec
[-------          20%                  ] 1654 of 8000 complete in 120.3 sec
[-------          20%                  ] 1660 of 8000 complete in 120.9 sec
[-------          20%                  ] 1666 of 8000 complete in 121.4 sec
[-------          20%                  ] 1673 of 8000 complete in 121.9 sec
[-------          21%                  ] 1680 of 8000 complete in 122.4 sec
[--------         21%                  ] 1687 of 8000 complete in 123.0 sec
[--------         21%                  ] 1694 of 8000 complete in 123.5 sec
[--------         21%                  ] 1701 of 8000 complete in 124.1 sec
[--------         21%                  ] 1708 of 8000 complete in 124.6 sec
[--------         21%                  ] 1715 of 8000 complete in 125.2 sec
[--------         21%                  ] 1723 of 8000 complete in 125.7 sec
[--------         21%                  ] 1730 of 8000 complete in 126.3 sec
[--------         21%                  ] 1737 of 8000 complete in 126.8 sec
[--------         21%                  ] 1744 of 8000 complete in 127.3 sec
[--------         21%                  ] 1751 of 8000 complete in 127.8 sec
[--------         21%                  ] 1759 of 8000 complete in 128.4 sec
[--------         22%                  ] 1767 of 8000 complete in 128.9 sec
[--------         22%                  ] 1774 of 8000 complete in 129.5 sec
[--------         22%                  ] 1781 of 8000 complete in 130.0 sec
[--------         22%                  ] 1788 of 8000 complete in 130.5 sec
[--------         22%                  ] 1794 of 8000 complete in 131.0 sec
[--------         22%                  ] 1801 of 8000 complete in 131.6 sec
[--------         22%                  ] 1808 of 8000 complete in 132.1 sec
[--------         22%                  ] 1815 of 8000 complete in 132.7 sec
[--------         22%                  ] 1821 of 8000 complete in 133.2 sec
[--------         22%                  ] 1828 of 8000 complete in 133.8 sec
[--------         22%                  ] 1835 of 8000 complete in 134.3 sec
[--------         23%                  ] 1842 of 8000 complete in 134.8 sec
[--------         23%                  ] 1850 of 8000 complete in 135.3 sec
[--------         23%                  ] 1858 of 8000 complete in 135.9 sec
[--------         23%                  ] 1865 of 8000 complete in 136.4 sec
[--------         23%                  ] 1873 of 8000 complete in 136.9 sec
[--------         23%                  ] 1882 of 8000 complete in 137.5 sec
[--------         23%                  ] 1890 of 8000 complete in 138.1 sec
[---------        23%                  ] 1898 of 8000 complete in 138.6 sec
[---------        23%                  ] 1906 of 8000 complete in 139.2 sec
[---------        23%                  ] 1914 of 8000 complete in 139.7 sec
[---------        24%                  ] 1922 of 8000 complete in 140.2 sec
[---------        24%                  ] 1930 of 8000 complete in 140.8 sec
[---------        24%                  ] 1938 of 8000 complete in 141.3 sec
[---------        24%                  ] 1945 of 8000 complete in 141.9 sec
[---------        24%                  ] 1952 of 8000 complete in 142.4 sec
[---------        24%                  ] 1960 of 8000 complete in 143.0 sec
[---------        24%                  ] 1967 of 8000 complete in 143.5 sec
[---------        24%                  ] 1974 of 8000 complete in 144.0 sec
[---------        24%                  ] 1982 of 8000 complete in 144.6 sec
[---------        24%                  ] 1989 of 8000 complete in 145.1 sec
[---------        24%                  ] 1996 of 8000 complete in 145.6 sec
[---------        25%                  ] 2004 of 8000 complete in 146.2 sec
[---------        25%                  ] 2011 of 8000 complete in 146.7 sec
[---------        25%                  ] 2018 of 8000 complete in 147.3 sec
[---------        25%                  ] 2025 of 8000 complete in 147.8 sec
[---------        25%                  ] 2033 of 8000 complete in 148.4 sec
[---------        25%                  ] 2040 of 8000 complete in 148.9 sec
[---------        25%                  ] 2047 of 8000 complete in 149.5 sec
[---------        25%                  ] 2055 of 8000 complete in 150.0 sec
[---------        25%                  ] 2062 of 8000 complete in 150.5 sec
[---------        25%                  ] 2069 of 8000 complete in 151.1 sec
[---------        25%                  ] 2076 of 8000 complete in 151.6 sec
[---------        26%                  ] 2083 of 8000 complete in 152.1 sec
[---------        26%                  ] 2090 of 8000 complete in 152.7 sec
[---------        26%                  ] 2098 of 8000 complete in 153.2 sec
[---------        26%                  ] 2105 of 8000 complete in 153.8 sec
[----------       26%                  ] 2112 of 8000 complete in 154.3 sec
[----------       26%                  ] 2119 of 8000 complete in 154.8 sec
[----------       26%                  ] 2126 of 8000 complete in 155.3 sec
[----------       26%                  ] 2134 of 8000 complete in 155.9 sec
[----------       26%                  ] 2141 of 8000 complete in 156.5 sec
[----------       26%                  ] 2148 of 8000 complete in 157.0 sec
[----------       26%                  ] 2155 of 8000 complete in 157.5 sec
[----------       27%                  ] 2161 of 8000 complete in 158.0 sec
[----------       27%                  ] 2167 of 8000 complete in 158.5 sec
[----------       27%                  ] 2174 of 8000 complete in 159.1 sec
[----------       27%                  ] 2182 of 8000 complete in 159.7 sec
[----------       27%                  ] 2190 of 8000 complete in 160.2 sec
[----------       27%                  ] 2198 of 8000 complete in 160.7 sec
[----------       27%                  ] 2206 of 8000 complete in 161.3 sec
[----------       27%                  ] 2214 of 8000 complete in 161.8 sec
[----------       27%                  ] 2221 of 8000 complete in 162.3 sec
[----------       27%                  ] 2228 of 8000 complete in 162.8 sec
[----------       27%                  ] 2236 of 8000 complete in 163.4 sec
[----------       28%                  ] 2243 of 8000 complete in 163.9 sec
[----------       28%                  ] 2251 of 8000 complete in 164.5 sec
[----------       28%                  ] 2259 of 8000 complete in 165.0 sec
[----------       28%                  ] 2267 of 8000 complete in 165.6 sec
[----------       28%                  ] 2275 of 8000 complete in 166.1 sec
[----------       28%                  ] 2283 of 8000 complete in 166.7 sec
[----------       28%                  ] 2291 of 8000 complete in 167.2 sec
[----------       28%                  ] 2298 of 8000 complete in 167.8 sec
[----------       28%                  ] 2305 of 8000 complete in 168.3 sec
[----------       28%                  ] 2312 of 8000 complete in 168.8 sec
[-----------      29%                  ] 2320 of 8000 complete in 169.3 sec
[-----------      29%                  ] 2328 of 8000 complete in 169.9 sec
[-----------      29%                  ] 2335 of 8000 complete in 170.4 sec
[-----------      29%                  ] 2342 of 8000 complete in 170.9 sec
[-----------      29%                  ] 2350 of 8000 complete in 171.5 sec
[-----------      29%                  ] 2358 of 8000 complete in 172.1 sec
[-----------      29%                  ] 2365 of 8000 complete in 172.6 sec
[-----------      29%                  ] 2372 of 8000 complete in 173.1 sec
[-----------      29%                  ] 2379 of 8000 complete in 173.6 sec
[-----------      29%                  ] 2387 of 8000 complete in 174.2 sec
[-----------      29%                  ] 2394 of 8000 complete in 174.7 sec
[-----------      30%                  ] 2401 of 8000 complete in 175.2 sec
[-------          20%                  ] 1651 of 8000 complete in 118.8 sec
[-------          20%                  ] 1659 of 8000 complete in 119.4 sec
[-------          20%                  ] 1667 of 8000 complete in 119.9 sec
[-------          20%                  ] 1673 of 8000 complete in 120.5 sec
[-------          20%                  ] 1679 of 8000 complete in 121.0 sec
[--------         21%                  ] 1686 of 8000 complete in 121.6 sec
[--------         21%                  ] 1694 of 8000 complete in 122.2 sec
[--------         21%                  ] 1701 of 8000 complete in 122.7 sec
[--------         21%                  ] 1708 of 8000 complete in 123.2 sec
[--------         21%                  ] 1714 of 8000 complete in 123.8 sec
[--------         21%                  ] 1721 of 8000 complete in 124.3 sec
[--------         21%                  ] 1728 of 8000 complete in 124.8 sec
[--------         21%                  ] 1735 of 8000 complete in 125.4 sec
[--------         21%                  ] 1743 of 8000 complete in 125.9 sec
[--------         21%                  ] 1750 of 8000 complete in 126.5 sec
[--------         21%                  ] 1757 of 8000 complete in 127.0 sec
[--------         22%                  ] 1764 of 8000 complete in 127.5 sec
[--------         22%                  ] 1771 of 8000 complete in 128.0 sec
[--------         22%                  ] 1778 of 8000 complete in 128.6 sec
[--------         22%                  ] 1785 of 8000 complete in 129.1 sec
[--------         22%                  ] 1793 of 8000 complete in 129.7 sec
[--------         22%                  ] 1800 of 8000 complete in 130.2 sec
[--------         22%                  ] 1806 of 8000 complete in 130.7 sec
[--------         22%                  ] 1813 of 8000 complete in 131.3 sec
[--------         22%                  ] 1820 of 8000 complete in 131.8 sec
[--------         22%                  ] 1827 of 8000 complete in 132.4 sec
[--------         22%                  ] 1833 of 8000 complete in 132.9 sec
[--------         23%                  ] 1840 of 8000 complete in 133.5 sec
[--------         23%                  ] 1847 of 8000 complete in 134.0 sec
[--------         23%                  ] 1855 of 8000 complete in 134.5 sec
[--------         23%                  ] 1862 of 8000 complete in 135.0 sec
[--------         23%                  ] 1870 of 8000 complete in 135.6 sec
[--------         23%                  ] 1878 of 8000 complete in 136.1 sec
[--------         23%                  ] 1886 of 8000 complete in 136.7 sec
[--------         23%                  ] 1894 of 8000 complete in 137.2 sec
[---------        23%                  ] 1902 of 8000 complete in 137.7 sec
[---------        23%                  ] 1909 of 8000 complete in 138.3 sec
[---------        23%                  ] 1917 of 8000 complete in 138.8 sec
[---------        24%                  ] 1925 of 8000 complete in 139.4 sec
[---------        24%                  ] 1933 of 8000 complete in 139.9 sec
[---------        24%                  ] 1941 of 8000 complete in 140.4 sec
[---------        24%                  ] 1949 of 8000 complete in 141.0 sec
[---------        24%                  ] 1957 of 8000 complete in 141.6 sec
[---------        24%                  ] 1964 of 8000 complete in 142.1 sec
[---------        24%                  ] 1971 of 8000 complete in 142.6 sec
[---------        24%                  ] 1978 of 8000 complete in 143.1 sec
[---------        24%                  ] 1986 of 8000 complete in 143.7 sec
[---------        24%                  ] 1993 of 8000 complete in 144.2 sec
[---------        25%                  ] 2001 of 8000 complete in 144.8 sec
[---------        25%                  ] 2008 of 8000 complete in 145.3 sec
[---------        25%                  ] 2015 of 8000 complete in 145.8 sec
[---------        25%                  ] 2022 of 8000 complete in 146.3 sec
[---------        25%                  ] 2029 of 8000 complete in 146.9 sec
[---------        25%                  ] 2036 of 8000 complete in 147.4 sec
[---------        25%                  ] 2044 of 8000 complete in 147.9 sec
[---------        25%                  ] 2051 of 8000 complete in 148.5 sec
[---------        25%                  ] 2058 of 8000 complete in 149.0 sec
[---------        25%                  ] 2066 of 8000 complete in 149.6 sec
[---------        25%                  ] 2074 of 8000 complete in 150.1 sec
[---------        26%                  ] 2081 of 8000 complete in 150.7 sec
[---------        26%                  ] 2088 of 8000 complete in 151.2 sec
[---------        26%                  ] 2095 of 8000 complete in 151.8 sec
[---------        26%                  ] 2102 of 8000 complete in 152.3 sec
[----------       26%                  ] 2109 of 8000 complete in 152.8 sec
[----------       26%                  ] 2116 of 8000 complete in 153.4 sec
[----------       26%                  ] 2123 of 8000 complete in 153.9 sec
[----------       26%                  ] 2131 of 8000 complete in 154.4 sec
[----------       26%                  ] 2138 of 8000 complete in 155.0 sec
[----------       26%                  ] 2145 of 8000 complete in 155.5 sec
[----------       26%                  ] 2152 of 8000 complete in 156.1 sec
[----------       26%                  ] 2159 of 8000 complete in 156.6 sec
[----------       27%                  ] 2166 of 8000 complete in 157.2 sec
[----------       27%                  ] 2173 of 8000 complete in 157.8 sec
[----------       27%                  ] 2179 of 8000 complete in 158.3 sec
[----------       27%                  ] 2186 of 8000 complete in 158.8 sec
[----------       27%                  ] 2193 of 8000 complete in 159.4 sec
[----------       27%                  ] 2201 of 8000 complete in 159.9 sec
[----------       27%                  ] 2209 of 8000 complete in 160.4 sec
[----------       27%                  ] 2217 of 8000 complete in 161.0 sec
[----------       27%                  ] 2225 of 8000 complete in 161.6 sec
[----------       27%                  ] 2234 of 8000 complete in 162.1 sec
[----------       28%                  ] 2241 of 8000 complete in 162.7 sec
[----------       28%                  ] 2249 of 8000 complete in 163.2 sec
[----------       28%                  ] 2257 of 8000 complete in 163.7 sec
[----------       28%                  ] 2265 of 8000 complete in 164.3 sec
[----------       28%                  ] 2273 of 8000 complete in 164.9 sec
[----------       28%                  ] 2281 of 8000 complete in 165.4 sec
[----------       28%                  ] 2289 of 8000 complete in 165.9 sec
[----------       28%                  ] 2296 of 8000 complete in 166.4 sec
[----------       28%                  ] 2303 of 8000 complete in 166.9 sec
[----------       28%                  ] 2310 of 8000 complete in 167.5 sec
[-----------      28%                  ] 2317 of 8000 complete in 168.0 sec
[-----------      29%                  ] 2325 of 8000 complete in 168.6 sec
[-----------      29%                  ] 2333 of 8000 complete in 169.1 sec
[-----------      29%                  ] 2340 of 8000 complete in 169.6 sec
[-----------      29%                  ] 2348 of 8000 complete in 170.2 sec
[-----------      29%                  ] 2356 of 8000 complete in 170.7 sec
[-----------      29%                  ] 2363 of 8000 complete in 171.2 sec
[-----------      29%                  ] 2371 of 8000 complete in 171.8 sec
[-----------      29%                  ] 2379 of 8000 complete in 172.4 sec
[-----------      29%                  ] 2386 of 8000 complete in 172.9 sec
[-----------      29%                  ] 2394 of 8000 complete in 173.5 sec
[-----------      30%                  ] 2402 of 8000 complete in 174.0 sec
[-----------      30%                  ] 2410 of 8000 complete in 174.6 sec
[-----------      30%                  ] 2418 of 8000 complete in 175.1 sec
[-----------      30%                  ] 2425 of 8000 complete in 175.7 sec
[-----------      30%                  ] 2431 of 8000 complete in 176.2 sec
[-------          20%                  ] 1615 of 8000 complete in 119.9 sec
[-------          20%                  ] 1621 of 8000 complete in 120.4 sec
[-------          20%                  ] 1627 of 8000 complete in 121.0 sec
[-------          20%                  ] 1634 of 8000 complete in 121.6 sec
[-------          20%                  ] 1641 of 8000 complete in 122.1 sec
[-------          20%                  ] 1647 of 8000 complete in 122.6 sec
[-------          20%                  ] 1654 of 8000 complete in 123.2 sec
[-------          20%                  ] 1661 of 8000 complete in 123.7 sec
[-------          20%                  ] 1667 of 8000 complete in 124.3 sec
[-------          20%                  ] 1674 of 8000 complete in 124.8 sec
[-------          21%                  ] 1681 of 8000 complete in 125.3 sec
[--------         21%                  ] 1688 of 8000 complete in 125.9 sec
[--------         21%                  ] 1695 of 8000 complete in 126.4 sec
[--------         21%                  ] 1702 of 8000 complete in 127.0 sec
[--------         21%                  ] 1709 of 8000 complete in 127.5 sec
[--------         21%                  ] 1716 of 8000 complete in 128.1 sec
[--------         21%                  ] 1723 of 8000 complete in 128.6 sec
[--------         21%                  ] 1731 of 8000 complete in 129.1 sec
[--------         21%                  ] 1739 of 8000 complete in 129.7 sec
[--------         21%                  ] 1745 of 8000 complete in 130.2 sec
[--------         21%                  ] 1751 of 8000 complete in 130.8 sec
[--------         21%                  ] 1758 of 8000 complete in 131.3 sec
[--------         22%                  ] 1765 of 8000 complete in 131.8 sec
[--------         22%                  ] 1772 of 8000 complete in 132.4 sec
[--------         22%                  ] 1778 of 8000 complete in 133.0 sec
[--------         22%                  ] 1784 of 8000 complete in 133.5 sec
[--------         22%                  ] 1791 of 8000 complete in 134.0 sec
[--------         22%                  ] 1798 of 8000 complete in 134.5 sec
[--------         22%                  ] 1805 of 8000 complete in 135.0 sec
[--------         22%                  ] 1812 of 8000 complete in 135.5 sec
[--------         22%                  ] 1820 of 8000 complete in 136.1 sec
[--------         22%                  ] 1827 of 8000 complete in 136.6 sec
[--------         22%                  ] 1835 of 8000 complete in 137.2 sec
[--------         23%                  ] 1843 of 8000 complete in 137.7 sec
[--------         23%                  ] 1851 of 8000 complete in 138.3 sec
[--------         23%                  ] 1859 of 8000 complete in 138.8 sec
[--------         23%                  ] 1866 of 8000 complete in 139.3 sec
[--------         23%                  ] 1874 of 8000 complete in 139.9 sec
[--------         23%                  ] 1882 of 8000 complete in 140.4 sec
[--------         23%                  ] 1890 of 8000 complete in 141.0 sec
[---------        23%                  ] 1898 of 8000 complete in 141.6 sec
[---------        23%                  ] 1905 of 8000 complete in 142.1 sec
[---------        23%                  ] 1912 of 8000 complete in 142.7 sec
[---------        24%                  ] 1920 of 8000 complete in 143.2 sec
[---------        24%                  ] 1927 of 8000 complete in 143.8 sec
[---------        24%                  ] 1934 of 8000 complete in 144.3 sec
[---------        24%                  ] 1941 of 8000 complete in 144.8 sec
[---------        24%                  ] 1949 of 8000 complete in 145.4 sec
[---------        24%                  ] 1956 of 8000 complete in 145.9 sec
[---------        24%                  ] 1963 of 8000 complete in 146.5 sec
[---------        24%                  ] 1970 of 8000 complete in 147.0 sec
[---------        24%                  ] 1977 of 8000 complete in 147.5 sec
[---------        24%                  ] 1985 of 8000 complete in 148.1 sec
[---------        24%                  ] 1991 of 8000 complete in 148.6 sec
[---------        24%                  ] 1998 of 8000 complete in 149.2 sec
[---------        25%                  ] 2005 of 8000 complete in 149.7 sec
[---------        25%                  ] 2012 of 8000 complete in 150.2 sec
[---------        25%                  ] 2019 of 8000 complete in 150.8 sec
[---------        25%                  ] 2026 of 8000 complete in 151.3 sec
[---------        25%                  ] 2033 of 8000 complete in 151.8 sec
[---------        25%                  ] 2040 of 8000 complete in 152.4 sec
[---------        25%                  ] 2047 of 8000 complete in 152.9 sec
[---------        25%                  ] 2054 of 8000 complete in 153.5 sec
[---------        25%                  ] 2061 of 8000 complete in 154.0 sec
[---------        25%                  ] 2068 of 8000 complete in 154.6 sec
[---------        25%                  ] 2075 of 8000 complete in 155.1 sec
[---------        26%                  ] 2083 of 8000 complete in 155.7 sec
[---------        26%                  ] 2090 of 8000 complete in 156.2 sec
[---------        26%                  ] 2097 of 8000 complete in 156.7 sec
[---------        26%                  ] 2103 of 8000 complete in 157.3 sec
[----------       26%                  ] 2110 of 8000 complete in 157.8 sec
[----------       26%                  ] 2117 of 8000 complete in 158.4 sec
[----------       26%                  ] 2124 of 8000 complete in 159.0 sec
[----------       26%                  ] 2132 of 8000 complete in 159.5 sec
[----------       26%                  ] 2140 of 8000 complete in 160.1 sec
[----------       26%                  ] 2147 of 8000 complete in 160.6 sec
[----------       26%                  ] 2155 of 8000 complete in 161.1 sec
[----------       27%                  ] 2162 of 8000 complete in 161.7 sec
[----------       27%                  ] 2170 of 8000 complete in 162.2 sec
[----------       27%                  ] 2177 of 8000 complete in 162.7 sec
[----------       27%                  ] 2185 of 8000 complete in 163.2 sec
[----------       27%                  ] 2193 of 8000 complete in 163.8 sec
[----------       27%                  ] 2201 of 8000 complete in 164.3 sec
[----------       27%                  ] 2209 of 8000 complete in 164.9 sec
[----------       27%                  ] 2217 of 8000 complete in 165.4 sec
[----------       27%                  ] 2225 of 8000 complete in 165.9 sec
[----------       27%                  ] 2232 of 8000 complete in 166.5 sec
[----------       27%                  ] 2239 of 8000 complete in 167.0 sec
[----------       28%                  ] 2246 of 8000 complete in 167.5 sec
[----------       28%                  ] 2253 of 8000 complete in 168.1 sec
[----------       28%                  ] 2260 of 8000 complete in 168.7 sec
[----------       28%                  ] 2268 of 8000 complete in 169.2 sec
[----------       28%                  ] 2275 of 8000 complete in 169.8 sec
[----------       28%                  ] 2282 of 8000 complete in 170.3 sec
[----------       28%                  ] 2289 of 8000 complete in 170.8 sec
[----------       28%                  ] 2296 of 8000 complete in 171.3 sec
[----------       28%                  ] 2303 of 8000 complete in 171.9 sec
[----------       28%                  ] 2310 of 8000 complete in 172.4 sec
[-----------      28%                  ] 2317 of 8000 complete in 172.9 sec
[-----------      29%                  ] 2324 of 8000 complete in 173.5 sec
[-----------      29%                  ] 2332 of 8000 complete in 174.0 sec
[-----------      29%                  ] 2339 of 8000 complete in 174.5 sec
[-----------      29%                  ] 2346 of 8000 complete in 175.0 sec
[-----------      29%                  ] 2353 of 8000 complete in 175.5 sec
[-----------      29%                  ] 2359 of 8000 complete in 176.0 sec
[-----------      29%                  ] 2365 of 8000 complete in 176.5 sec
[-----------      29%                  ] 2371 of 8000 complete in 177.1 sec
[-----------      30%                  ] 2409 of 8000 complete in 175.8 sec
[-----------      30%                  ] 2416 of 8000 complete in 176.3 sec
[-----------      30%                  ] 2422 of 8000 complete in 176.9 sec
[-----------      30%                  ] 2429 of 8000 complete in 177.4 sec
[-----------      30%                  ] 2436 of 8000 complete in 177.9 sec
[-----------      30%                  ] 2444 of 8000 complete in 178.5 sec
[-----------      30%                  ] 2451 of 8000 complete in 179.0 sec
[-----------      30%                  ] 2458 of 8000 complete in 179.5 sec
[-----------      30%                  ] 2466 of 8000 complete in 180.1 sec
[-----------      30%                  ] 2473 of 8000 complete in 180.6 sec
[-----------      31%                  ] 2480 of 8000 complete in 181.2 sec
[-----------      31%                  ] 2488 of 8000 complete in 181.7 sec
[-----------      31%                  ] 2495 of 8000 complete in 182.2 sec
[-----------      31%                  ] 2502 of 8000 complete in 182.8 sec
[-----------      31%                  ] 2509 of 8000 complete in 183.3 sec
[-----------      31%                  ] 2516 of 8000 complete in 183.9 sec
[-----------      31%                  ] 2523 of 8000 complete in 184.4 sec
[------------     31%                  ] 2530 of 8000 complete in 184.9 sec
[------------     31%                  ] 2537 of 8000 complete in 185.4 sec
[------------     31%                  ] 2544 of 8000 complete in 186.0 sec
[------------     31%                  ] 2550 of 8000 complete in 186.5 sec
[------------     31%                  ] 2557 of 8000 complete in 187.1 sec
[------------     32%                  ] 2564 of 8000 complete in 187.6 sec
[------------     32%                  ] 2571 of 8000 complete in 188.1 sec
[------------     32%                  ] 2579 of 8000 complete in 188.7 sec
[------------     32%                  ] 2587 of 8000 complete in 189.2 sec
[------------     32%                  ] 2595 of 8000 complete in 189.8 sec
[------------     32%                  ] 2602 of 8000 complete in 190.3 sec
[------------     32%                  ] 2610 of 8000 complete in 190.8 sec
[------------     32%                  ] 2618 of 8000 complete in 191.4 sec
[------------     32%                  ] 2626 of 8000 complete in 191.9 sec
[------------     32%                  ] 2634 of 8000 complete in 192.4 sec
[------------     33%                  ] 2641 of 8000 complete in 192.9 sec
[------------     33%                  ] 2649 of 8000 complete in 193.5 sec
[------------     33%                  ] 2656 of 8000 complete in 194.0 sec
[------------     33%                  ] 2663 of 8000 complete in 194.5 sec
[------------     33%                  ] 2671 of 8000 complete in 195.1 sec
[------------     33%                  ] 2679 of 8000 complete in 195.6 sec
[------------     33%                  ] 2687 of 8000 complete in 196.2 sec
[------------     33%                  ] 2695 of 8000 complete in 196.7 sec
[------------     33%                  ] 2703 of 8000 complete in 197.3 sec
[------------     33%                  ] 2710 of 8000 complete in 197.8 sec
[------------     33%                  ] 2717 of 8000 complete in 198.3 sec
[------------     34%                  ] 2725 of 8000 complete in 198.9 sec
[------------     34%                  ] 2732 of 8000 complete in 199.4 sec
[-------------    34%                  ] 2740 of 8000 complete in 200.0 sec
[-------------    34%                  ] 2747 of 8000 complete in 200.5 sec
[-------------    34%                  ] 2754 of 8000 complete in 201.0 sec
[-------------    34%                  ] 2761 of 8000 complete in 201.5 sec
[-------------    34%                  ] 2769 of 8000 complete in 202.1 sec
[-------------    34%                  ] 2776 of 8000 complete in 202.6 sec
[-------------    34%                  ] 2783 of 8000 complete in 203.1 sec
[-------------    34%                  ] 2791 of 8000 complete in 203.7 sec
[-------------    34%                  ] 2798 of 8000 complete in 204.3 sec
[-------------    35%                  ] 2805 of 8000 complete in 204.8 sec
[-------------    35%                  ] 2812 of 8000 complete in 205.3 sec
[-------------    35%                  ] 2819 of 8000 complete in 205.9 sec
[-------------    35%                  ] 2827 of 8000 complete in 206.4 sec
[-------------    35%                  ] 2835 of 8000 complete in 206.9 sec
[-------------    35%                  ] 2843 of 8000 complete in 207.5 sec
[-------------    35%                  ] 2851 of 8000 complete in 208.0 sec
[-------------    35%                  ] 2859 of 8000 complete in 208.6 sec
[-------------    35%                  ] 2867 of 8000 complete in 209.1 sec
[-------------    35%                  ] 2875 of 8000 complete in 209.7 sec
[-------------    36%                  ] 2882 of 8000 complete in 210.2 sec
[-------------    36%                  ] 2889 of 8000 complete in 210.7 sec
[-------------    36%                  ] 2895 of 8000 complete in 211.3 sec
[-------------    36%                  ] 2902 of 8000 complete in 211.8 sec
[-------------    36%                  ] 2909 of 8000 complete in 212.4 sec
[-------------    36%                  ] 2916 of 8000 complete in 212.9 sec
[-------------    36%                  ] 2923 of 8000 complete in 213.4 sec
[-------------    36%                  ] 2930 of 8000 complete in 213.9 sec
[-------------    36%                  ] 2936 of 8000 complete in 214.5 sec
[-------------    36%                  ] 2942 of 8000 complete in 215.0 sec
[--------------   36%                  ] 2949 of 8000 complete in 215.5 sec
[--------------   36%                  ] 2957 of 8000 complete in 216.1 sec
[--------------   37%                  ] 2964 of 8000 complete in 216.7 sec
[--------------   37%                  ] 2971 of 8000 complete in 217.2 sec
[--------------   37%                  ] 2978 of 8000 complete in 217.7 sec
[--------------   37%                  ] 2985 of 8000 complete in 218.2 sec
[--------------   37%                  ] 2992 of 8000 complete in 218.8 sec
[--------------   37%                  ] 2999 of 8000 complete in 219.3 sec
[--------------   37%                  ] 3006 of 8000 complete in 219.8 sec
[--------------   37%                  ] 3013 of 8000 complete in 220.3 sec
[--------------   37%                  ] 3021 of 8000 complete in 220.9 sec
[--------------   37%                  ] 3029 of 8000 complete in 221.4 sec
[--------------   37%                  ] 3037 of 8000 complete in 222.0 sec
[--------------   38%                  ] 3044 of 8000 complete in 222.5 sec
[--------------   38%                  ] 3051 of 8000 complete in 223.1 sec
[--------------   38%                  ] 3059 of 8000 complete in 223.6 sec
[--------------   38%                  ] 3066 of 8000 complete in 224.1 sec
[--------------   38%                  ] 3074 of 8000 complete in 224.6 sec
[--------------   38%                  ] 3081 of 8000 complete in 225.1 sec
[--------------   38%                  ] 3088 of 8000 complete in 225.6 sec
[--------------   38%                  ] 3095 of 8000 complete in 226.2 sec
[--------------   38%                  ] 3102 of 8000 complete in 226.7 sec
[--------------   38%                  ] 3109 of 8000 complete in 227.2 sec
[--------------   38%                  ] 3116 of 8000 complete in 227.7 sec
[--------------   39%                  ] 3123 of 8000 complete in 228.3 sec
[--------------   39%                  ] 3130 of 8000 complete in 228.8 sec
[--------------   39%                  ] 3136 of 8000 complete in 229.3 sec
[--------------   39%                  ] 3143 of 8000 complete in 229.9 sec
[--------------   39%                  ] 3150 of 8000 complete in 230.4 sec
[---------------  39%                  ] 3158 of 8000 complete in 230.9 sec
[---------------  39%                  ] 3166 of 8000 complete in 231.5 sec
[---------------  39%                  ] 3173 of 8000 complete in 232.0 sec
[---------------  39%                  ] 3181 of 8000 complete in 232.5 sec
[-----------      30%                  ] 2460 of 8000 complete in 175.4 sec
[-----------      30%                  ] 2467 of 8000 complete in 176.0 sec
[-----------      30%                  ] 2473 of 8000 complete in 176.5 sec
[-----------      31%                  ] 2480 of 8000 complete in 177.1 sec
[-----------      31%                  ] 2488 of 8000 complete in 177.6 sec
[-----------      31%                  ] 2496 of 8000 complete in 178.2 sec
[-----------      31%                  ] 2504 of 8000 complete in 178.7 sec
[-----------      31%                  ] 2512 of 8000 complete in 179.3 sec
[-----------      31%                  ] 2520 of 8000 complete in 179.8 sec
[------------     31%                  ] 2528 of 8000 complete in 180.4 sec
[------------     31%                  ] 2535 of 8000 complete in 180.9 sec
[------------     31%                  ] 2543 of 8000 complete in 181.5 sec
[------------     31%                  ] 2550 of 8000 complete in 182.0 sec
[------------     31%                  ] 2557 of 8000 complete in 182.5 sec
[------------     32%                  ] 2565 of 8000 complete in 183.1 sec
[------------     32%                  ] 2572 of 8000 complete in 183.6 sec
[------------     32%                  ] 2579 of 8000 complete in 184.1 sec
[------------     32%                  ] 2587 of 8000 complete in 184.7 sec
[------------     32%                  ] 2594 of 8000 complete in 185.2 sec
[------------     32%                  ] 2601 of 8000 complete in 185.7 sec
[------------     32%                  ] 2607 of 8000 complete in 186.2 sec
[------------     32%                  ] 2614 of 8000 complete in 186.8 sec
[------------     32%                  ] 2621 of 8000 complete in 187.3 sec
[------------     32%                  ] 2628 of 8000 complete in 187.9 sec
[------------     32%                  ] 2636 of 8000 complete in 188.4 sec
[------------     33%                  ] 2644 of 8000 complete in 188.9 sec
[------------     33%                  ] 2652 of 8000 complete in 189.4 sec
[------------     33%                  ] 2660 of 8000 complete in 190.0 sec
[------------     33%                  ] 2668 of 8000 complete in 190.5 sec
[------------     33%                  ] 2676 of 8000 complete in 191.0 sec
[------------     33%                  ] 2684 of 8000 complete in 191.5 sec
[------------     33%                  ] 2692 of 8000 complete in 192.1 sec
[------------     33%                  ] 2700 of 8000 complete in 192.6 sec
[------------     33%                  ] 2708 of 8000 complete in 193.2 sec
[------------     33%                  ] 2715 of 8000 complete in 193.7 sec
[------------     34%                  ] 2723 of 8000 complete in 194.3 sec
[------------     34%                  ] 2731 of 8000 complete in 194.8 sec
[-------------    34%                  ] 2739 of 8000 complete in 195.4 sec
[-------------    34%                  ] 2747 of 8000 complete in 195.9 sec
[-------------    34%                  ] 2755 of 8000 complete in 196.4 sec
[-------------    34%                  ] 2763 of 8000 complete in 197.0 sec
[-------------    34%                  ] 2771 of 8000 complete in 197.5 sec
[-------------    34%                  ] 2778 of 8000 complete in 198.0 sec
[-------------    34%                  ] 2786 of 8000 complete in 198.6 sec
[-------------    34%                  ] 2794 of 8000 complete in 199.1 sec
[-------------    35%                  ] 2802 of 8000 complete in 199.6 sec
[-------------    35%                  ] 2809 of 8000 complete in 200.1 sec
[-------------    35%                  ] 2816 of 8000 complete in 200.7 sec
[-------------    35%                  ] 2824 of 8000 complete in 201.3 sec
[-------------    35%                  ] 2832 of 8000 complete in 201.8 sec
[-------------    35%                  ] 2840 of 8000 complete in 202.3 sec
[-------------    35%                  ] 2847 of 8000 complete in 202.9 sec
[-------------    35%                  ] 2855 of 8000 complete in 203.4 sec
[-------------    35%                  ] 2862 of 8000 complete in 204.0 sec
[-------------    35%                  ] 2869 of 8000 complete in 204.5 sec
[-------------    35%                  ] 2877 of 8000 complete in 205.0 sec
[-------------    36%                  ] 2884 of 8000 complete in 205.6 sec
[-------------    36%                  ] 2892 of 8000 complete in 206.1 sec
[-------------    36%                  ] 2900 of 8000 complete in 206.7 sec
[-------------    36%                  ] 2908 of 8000 complete in 207.2 sec
[-------------    36%                  ] 2916 of 8000 complete in 207.8 sec
[-------------    36%                  ] 2924 of 8000 complete in 208.3 sec
[-------------    36%                  ] 2932 of 8000 complete in 208.8 sec
[-------------    36%                  ] 2940 of 8000 complete in 209.4 sec
[--------------   36%                  ] 2948 of 8000 complete in 209.9 sec
[--------------   36%                  ] 2955 of 8000 complete in 210.4 sec
[--------------   37%                  ] 2962 of 8000 complete in 211.0 sec
[--------------   37%                  ] 2969 of 8000 complete in 211.5 sec
[--------------   37%                  ] 2976 of 8000 complete in 212.1 sec
[--------------   37%                  ] 2983 of 8000 complete in 212.6 sec
[--------------   37%                  ] 2991 of 8000 complete in 213.2 sec
[--------------   37%                  ] 2998 of 8000 complete in 213.7 sec
[--------------   37%                  ] 3005 of 8000 complete in 214.3 sec
[--------------   37%                  ] 3011 of 8000 complete in 214.8 sec
[--------------   37%                  ] 3018 of 8000 complete in 215.3 sec
[--------------   37%                  ] 3025 of 8000 complete in 215.9 sec
[--------------   37%                  ] 3033 of 8000 complete in 216.4 sec
[--------------   38%                  ] 3040 of 8000 complete in 217.0 sec
[--------------   38%                  ] 3047 of 8000 complete in 217.5 sec
[--------------   38%                  ] 3054 of 8000 complete in 218.0 sec
[--------------   38%                  ] 3062 of 8000 complete in 218.5 sec
[--------------   38%                  ] 3069 of 8000 complete in 219.0 sec
[--------------   38%                  ] 3076 of 8000 complete in 219.5 sec
[--------------   38%                  ] 3084 of 8000 complete in 220.1 sec
[--------------   38%                  ] 3092 of 8000 complete in 220.6 sec
[--------------   38%                  ] 3100 of 8000 complete in 221.2 sec
[--------------   38%                  ] 3108 of 8000 complete in 221.7 sec
[--------------   38%                  ] 3116 of 8000 complete in 222.2 sec
[--------------   39%                  ] 3123 of 8000 complete in 222.8 sec
[--------------   39%                  ] 3131 of 8000 complete in 223.3 sec
[--------------   39%                  ] 3138 of 8000 complete in 223.9 sec
[--------------   39%                  ] 3146 of 8000 complete in 224.4 sec
[--------------   39%                  ] 3153 of 8000 complete in 224.9 sec
[---------------  39%                  ] 3161 of 8000 complete in 225.4 sec
[---------------  39%                  ] 3169 of 8000 complete in 225.9 sec
[---------------  39%                  ] 3177 of 8000 complete in 226.5 sec
[---------------  39%                  ] 3185 of 8000 complete in 227.0 sec
[---------------  39%                  ] 3192 of 8000 complete in 227.6 sec
[---------------  39%                  ] 3199 of 8000 complete in 228.1 sec
[---------------  40%                  ] 3206 of 8000 complete in 228.6 sec
[---------------  40%                  ] 3213 of 8000 complete in 229.2 sec
[---------------  40%                  ] 3220 of 8000 complete in 229.7 sec
[---------------  40%                  ] 3228 of 8000 complete in 230.2 sec
[---------------  40%                  ] 3236 of 8000 complete in 230.7 sec
[---------------  40%                  ] 3243 of 8000 complete in 231.2 sec
[---------------  40%                  ] 3251 of 8000 complete in 231.8 sec
[---------------  40%                  ] 3259 of 8000 complete in 232.4 sec
[-----------      30%                  ] 2437 of 8000 complete in 176.7 sec
[-----------      30%                  ] 2444 of 8000 complete in 177.2 sec
[-----------      30%                  ] 2451 of 8000 complete in 177.8 sec
[-----------      30%                  ] 2459 of 8000 complete in 178.3 sec
[-----------      30%                  ] 2466 of 8000 complete in 178.8 sec
[-----------      30%                  ] 2474 of 8000 complete in 179.4 sec
[-----------      31%                  ] 2482 of 8000 complete in 179.9 sec
[-----------      31%                  ] 2489 of 8000 complete in 180.4 sec
[-----------      31%                  ] 2496 of 8000 complete in 181.0 sec
[-----------      31%                  ] 2504 of 8000 complete in 181.5 sec
[-----------      31%                  ] 2511 of 8000 complete in 182.0 sec
[-----------      31%                  ] 2518 of 8000 complete in 182.6 sec
[-----------      31%                  ] 2525 of 8000 complete in 183.1 sec
[------------     31%                  ] 2532 of 8000 complete in 183.7 sec
[------------     31%                  ] 2540 of 8000 complete in 184.2 sec
[------------     31%                  ] 2548 of 8000 complete in 184.8 sec
[------------     31%                  ] 2555 of 8000 complete in 185.3 sec
[------------     32%                  ] 2562 of 8000 complete in 185.9 sec
[------------     32%                  ] 2568 of 8000 complete in 186.4 sec
[------------     32%                  ] 2575 of 8000 complete in 186.9 sec
[------------     32%                  ] 2582 of 8000 complete in 187.5 sec
[------------     32%                  ] 2589 of 8000 complete in 188.0 sec
[------------     32%                  ] 2597 of 8000 complete in 188.5 sec
[------------     32%                  ] 2604 of 8000 complete in 189.0 sec
[------------     32%                  ] 2611 of 8000 complete in 189.6 sec
[------------     32%                  ] 2618 of 8000 complete in 190.1 sec
[------------     32%                  ] 2627 of 8000 complete in 190.6 sec
[------------     32%                  ] 2635 of 8000 complete in 191.2 sec
[------------     33%                  ] 2643 of 8000 complete in 191.7 sec
[------------     33%                  ] 2651 of 8000 complete in 192.2 sec
[------------     33%                  ] 2658 of 8000 complete in 192.8 sec
[------------     33%                  ] 2665 of 8000 complete in 193.3 sec
[------------     33%                  ] 2672 of 8000 complete in 193.9 sec
[------------     33%                  ] 2679 of 8000 complete in 194.4 sec
[------------     33%                  ] 2687 of 8000 complete in 194.9 sec
[------------     33%                  ] 2695 of 8000 complete in 195.5 sec
[------------     33%                  ] 2702 of 8000 complete in 196.0 sec
[------------     33%                  ] 2710 of 8000 complete in 196.5 sec
[------------     33%                  ] 2718 of 8000 complete in 197.1 sec
[------------     34%                  ] 2725 of 8000 complete in 197.6 sec
[------------     34%                  ] 2732 of 8000 complete in 198.1 sec
[-------------    34%                  ] 2739 of 8000 complete in 198.7 sec
[-------------    34%                  ] 2746 of 8000 complete in 199.2 sec
[-------------    34%                  ] 2754 of 8000 complete in 199.7 sec
[-------------    34%                  ] 2761 of 8000 complete in 200.3 sec
[-------------    34%                  ] 2768 of 8000 complete in 200.8 sec
[-------------    34%                  ] 2775 of 8000 complete in 201.3 sec
[-------------    34%                  ] 2783 of 8000 complete in 201.8 sec
[-------------    34%                  ] 2790 of 8000 complete in 202.4 sec
[-------------    34%                  ] 2797 of 8000 complete in 202.9 sec
[-------------    35%                  ] 2804 of 8000 complete in 203.4 sec
[-------------    35%                  ] 2811 of 8000 complete in 203.9 sec
[-------------    35%                  ] 2818 of 8000 complete in 204.4 sec
[-------------    35%                  ] 2825 of 8000 complete in 205.0 sec
[-------------    35%                  ] 2832 of 8000 complete in 205.5 sec
[-------------    35%                  ] 2840 of 8000 complete in 206.1 sec
[-------------    35%                  ] 2848 of 8000 complete in 206.6 sec
[-------------    35%                  ] 2856 of 8000 complete in 207.2 sec
[-------------    35%                  ] 2864 of 8000 complete in 207.7 sec
[-------------    35%                  ] 2872 of 8000 complete in 208.3 sec
[-------------    36%                  ] 2880 of 8000 complete in 208.8 sec
[-------------    36%                  ] 2888 of 8000 complete in 209.4 sec
[-------------    36%                  ] 2895 of 8000 complete in 209.9 sec
[-------------    36%                  ] 2902 of 8000 complete in 210.5 sec
[-------------    36%                  ] 2908 of 8000 complete in 211.0 sec
[-------------    36%                  ] 2915 of 8000 complete in 211.6 sec
[-------------    36%                  ] 2922 of 8000 complete in 212.1 sec
[-------------    36%                  ] 2929 of 8000 complete in 212.6 sec
[-------------    36%                  ] 2937 of 8000 complete in 213.2 sec
[-------------    36%                  ] 2944 of 8000 complete in 213.8 sec
[--------------   36%                  ] 2950 of 8000 complete in 214.3 sec
[--------------   36%                  ] 2956 of 8000 complete in 214.8 sec
[--------------   37%                  ] 2963 of 8000 complete in 215.4 sec
[--------------   37%                  ] 2970 of 8000 complete in 215.9 sec
[--------------   37%                  ] 2977 of 8000 complete in 216.4 sec
[--------------   37%                  ] 2984 of 8000 complete in 216.9 sec
[--------------   37%                  ] 2991 of 8000 complete in 217.5 sec
[--------------   37%                  ] 2999 of 8000 complete in 218.0 sec
[--------------   37%                  ] 3007 of 8000 complete in 218.6 sec
[--------------   37%                  ] 3015 of 8000 complete in 219.1 sec
[--------------   37%                  ] 3022 of 8000 complete in 219.6 sec
[--------------   37%                  ] 3029 of 8000 complete in 220.1 sec
[--------------   37%                  ] 3037 of 8000 complete in 220.7 sec
[--------------   38%                  ] 3045 of 8000 complete in 221.2 sec
[--------------   38%                  ] 3053 of 8000 complete in 221.7 sec
[--------------   38%                  ] 3061 of 8000 complete in 222.3 sec
[--------------   38%                  ] 3068 of 8000 complete in 222.8 sec
[--------------   38%                  ] 3076 of 8000 complete in 223.4 sec
[--------------   38%                  ] 3084 of 8000 complete in 224.0 sec
[--------------   38%                  ] 3092 of 8000 complete in 224.5 sec
[--------------   38%                  ] 3100 of 8000 complete in 225.1 sec
[--------------   38%                  ] 3107 of 8000 complete in 225.6 sec
[--------------   38%                  ] 3115 of 8000 complete in 226.1 sec
[--------------   39%                  ] 3122 of 8000 complete in 226.6 sec
[--------------   39%                  ] 3129 of 8000 complete in 227.2 sec
[--------------   39%                  ] 3136 of 8000 complete in 227.7 sec
[--------------   39%                  ] 3143 of 8000 complete in 228.2 sec
[--------------   39%                  ] 3150 of 8000 complete in 228.8 sec
[--------------   39%                  ] 3157 of 8000 complete in 229.3 sec
[---------------  39%                  ] 3164 of 8000 complete in 229.8 sec
[---------------  39%                  ] 3171 of 8000 complete in 230.3 sec
[---------------  39%                  ] 3179 of 8000 complete in 230.9 sec
[---------------  39%                  ] 3187 of 8000 complete in 231.4 sec
[---------------  39%                  ] 3195 of 8000 complete in 232.0 sec
[---------------  40%                  ] 3202 of 8000 complete in 232.6 sec
[---------------  40%                  ] 3209 of 8000 complete in 233.1 sec
[---------------  40%                  ] 3216 of 8000 complete in 233.6 sec
[-----------      29%                  ] 2378 of 8000 complete in 177.6 sec
[-----------      29%                  ] 2386 of 8000 complete in 178.2 sec
[-----------      29%                  ] 2393 of 8000 complete in 178.7 sec
[-----------      30%                  ] 2401 of 8000 complete in 179.3 sec
[-----------      30%                  ] 2409 of 8000 complete in 179.8 sec
[-----------      30%                  ] 2416 of 8000 complete in 180.3 sec
[-----------      30%                  ] 2423 of 8000 complete in 180.9 sec
[-----------      30%                  ] 2430 of 8000 complete in 181.4 sec
[-----------      30%                  ] 2437 of 8000 complete in 181.9 sec
[-----------      30%                  ] 2445 of 8000 complete in 182.5 sec
[-----------      30%                  ] 2452 of 8000 complete in 183.1 sec
[-----------      30%                  ] 2460 of 8000 complete in 183.7 sec
[-----------      30%                  ] 2467 of 8000 complete in 184.2 sec
[-----------      30%                  ] 2474 of 8000 complete in 184.8 sec
[-----------      31%                  ] 2481 of 8000 complete in 185.3 sec
[-----------      31%                  ] 2488 of 8000 complete in 185.9 sec
[-----------      31%                  ] 2494 of 8000 complete in 186.4 sec
[-----------      31%                  ] 2501 of 8000 complete in 187.0 sec
[-----------      31%                  ] 2508 of 8000 complete in 187.6 sec
[-----------      31%                  ] 2515 of 8000 complete in 188.1 sec
[-----------      31%                  ] 2523 of 8000 complete in 188.6 sec
[------------     31%                  ] 2531 of 8000 complete in 189.2 sec
[------------     31%                  ] 2538 of 8000 complete in 189.7 sec
[------------     31%                  ] 2545 of 8000 complete in 190.2 sec
[------------     31%                  ] 2553 of 8000 complete in 190.8 sec
[------------     32%                  ] 2561 of 8000 complete in 191.3 sec
[------------     32%                  ] 2569 of 8000 complete in 191.9 sec
[------------     32%                  ] 2577 of 8000 complete in 192.4 sec
[------------     32%                  ] 2584 of 8000 complete in 193.0 sec
[------------     32%                  ] 2592 of 8000 complete in 193.5 sec
[------------     32%                  ] 2599 of 8000 complete in 194.1 sec
[------------     32%                  ] 2607 of 8000 complete in 194.7 sec
[------------     32%                  ] 2615 of 8000 complete in 195.2 sec
[------------     32%                  ] 2622 of 8000 complete in 195.7 sec
[------------     32%                  ] 2630 of 8000 complete in 196.2 sec
[------------     32%                  ] 2638 of 8000 complete in 196.8 sec
[------------     33%                  ] 2646 of 8000 complete in 197.3 sec
[------------     33%                  ] 2654 of 8000 complete in 197.9 sec
[------------     33%                  ] 2661 of 8000 complete in 198.4 sec
[------------     33%                  ] 2668 of 8000 complete in 198.9 sec
[------------     33%                  ] 2676 of 8000 complete in 199.5 sec
[------------     33%                  ] 2684 of 8000 complete in 200.1 sec
[------------     33%                  ] 2691 of 8000 complete in 200.6 sec
[------------     33%                  ] 2698 of 8000 complete in 201.2 sec
[------------     33%                  ] 2705 of 8000 complete in 201.7 sec
[------------     33%                  ] 2713 of 8000 complete in 202.2 sec
[------------     34%                  ] 2720 of 8000 complete in 202.7 sec
[------------     34%                  ] 2727 of 8000 complete in 203.3 sec
[------------     34%                  ] 2734 of 8000 complete in 203.8 sec
[-------------    34%                  ] 2741 of 8000 complete in 204.4 sec
[-------------    34%                  ] 2748 of 8000 complete in 204.9 sec
[-------------    34%                  ] 2755 of 8000 complete in 205.5 sec
[-------------    34%                  ] 2763 of 8000 complete in 206.0 sec
[-------------    34%                  ] 2771 of 8000 complete in 206.6 sec
[-------------    34%                  ] 2779 of 8000 complete in 207.2 sec
[-------------    34%                  ] 2787 of 8000 complete in 207.7 sec
[-------------    34%                  ] 2795 of 8000 complete in 208.3 sec
[-------------    35%                  ] 2802 of 8000 complete in 208.8 sec
[-------------    35%                  ] 2810 of 8000 complete in 209.3 sec
[-------------    35%                  ] 2817 of 8000 complete in 209.8 sec
[-------------    35%                  ] 2824 of 8000 complete in 210.4 sec
[-------------    35%                  ] 2830 of 8000 complete in 210.9 sec
[-------------    35%                  ] 2836 of 8000 complete in 211.4 sec
[-------------    35%                  ] 2843 of 8000 complete in 212.0 sec
[-------------    35%                  ] 2850 of 8000 complete in 212.6 sec
[-------------    35%                  ] 2857 of 8000 complete in 213.1 sec
[-------------    35%                  ] 2864 of 8000 complete in 213.6 sec
[-------------    35%                  ] 2871 of 8000 complete in 214.2 sec
[-------------    35%                  ] 2877 of 8000 complete in 214.7 sec
[-------------    36%                  ] 2885 of 8000 complete in 215.3 sec
[-------------    36%                  ] 2893 of 8000 complete in 215.9 sec
[-------------    36%                  ] 2900 of 8000 complete in 216.4 sec
[-------------    36%                  ] 2907 of 8000 complete in 216.9 sec
[-------------    36%                  ] 2914 of 8000 complete in 217.4 sec
[-------------    36%                  ] 2921 of 8000 complete in 217.9 sec
[-------------    36%                  ] 2929 of 8000 complete in 218.4 sec
[-------------    36%                  ] 2936 of 8000 complete in 218.9 sec
[-------------    36%                  ] 2943 of 8000 complete in 219.4 sec
[--------------   36%                  ] 2950 of 8000 complete in 220.0 sec
[--------------   36%                  ] 2958 of 8000 complete in 220.5 sec
[--------------   37%                  ] 2966 of 8000 complete in 221.1 sec
[--------------   37%                  ] 2974 of 8000 complete in 221.6 sec
[--------------   37%                  ] 2982 of 8000 complete in 222.2 sec
[--------------   37%                  ] 2989 of 8000 complete in 222.7 sec
[--------------   37%                  ] 2996 of 8000 complete in 223.2 sec
[--------------   37%                  ] 3004 of 8000 complete in 223.8 sec
[--------------   37%                  ] 3012 of 8000 complete in 224.4 sec
[--------------   37%                  ] 3020 of 8000 complete in 224.9 sec
[--------------   37%                  ] 3028 of 8000 complete in 225.5 sec
[--------------   37%                  ] 3035 of 8000 complete in 226.0 sec
[--------------   38%                  ] 3043 of 8000 complete in 226.6 sec
[--------------   38%                  ] 3050 of 8000 complete in 227.1 sec
[--------------   38%                  ] 3057 of 8000 complete in 227.7 sec
[--------------   38%                  ] 3064 of 8000 complete in 228.2 sec
[--------------   38%                  ] 3071 of 8000 complete in 228.8 sec
[--------------   38%                  ] 3078 of 8000 complete in 229.3 sec
[--------------   38%                  ] 3086 of 8000 complete in 229.9 sec
[--------------   38%                  ] 3094 of 8000 complete in 230.4 sec
[--------------   38%                  ] 3101 of 8000 complete in 231.0 sec
[--------------   38%                  ] 3109 of 8000 complete in 231.5 sec
[--------------   38%                  ] 3117 of 8000 complete in 232.1 sec
[--------------   39%                  ] 3124 of 8000 complete in 232.7 sec
[--------------   39%                  ] 3131 of 8000 complete in 233.2 sec
[--------------   39%                  ] 3137 of 8000 complete in 233.7 sec
[--------------   39%                  ] 3144 of 8000 complete in 234.3 sec
[--------------   39%                  ] 3151 of 8000 complete in 234.8 sec
[---------------  39%                  ] 3158 of 8000 complete in 235.3 sec
[---------------  39%                  ] 3187 of 8000 complete in 233.1 sec
[---------------  39%                  ] 3194 of 8000 complete in 233.6 sec
[---------------  40%                  ] 3201 of 8000 complete in 234.1 sec
[---------------  40%                  ] 3209 of 8000 complete in 234.7 sec
[---------------  40%                  ] 3217 of 8000 complete in 235.2 sec
[---------------  40%                  ] 3225 of 8000 complete in 235.7 sec
[---------------  40%                  ] 3232 of 8000 complete in 236.3 sec
[---------------  40%                  ] 3240 of 8000 complete in 236.8 sec
[---------------  40%                  ] 3247 of 8000 complete in 237.3 sec
[---------------  40%                  ] 3254 of 8000 complete in 237.8 sec
[---------------  40%                  ] 3261 of 8000 complete in 238.3 sec
[---------------  40%                  ] 3269 of 8000 complete in 238.9 sec
[---------------  40%                  ] 3277 of 8000 complete in 239.4 sec
[---------------  41%                  ] 3285 of 8000 complete in 239.9 sec
[---------------  41%                  ] 3292 of 8000 complete in 240.5 sec
[---------------  41%                  ] 3299 of 8000 complete in 241.0 sec
[---------------  41%                  ] 3306 of 8000 complete in 241.5 sec
[---------------  41%                  ] 3313 of 8000 complete in 242.0 sec
[---------------  41%                  ] 3320 of 8000 complete in 242.6 sec
[---------------  41%                  ] 3326 of 8000 complete in 243.1 sec
[---------------  41%                  ] 3333 of 8000 complete in 243.7 sec
[---------------  41%                  ] 3340 of 8000 complete in 244.2 sec
[---------------  41%                  ] 3347 of 8000 complete in 244.7 sec
[---------------  41%                  ] 3353 of 8000 complete in 245.2 sec
[---------------  42%                  ] 3360 of 8000 complete in 245.8 sec
[---------------  42%                  ] 3367 of 8000 complete in 246.3 sec
[---------------- 42%                  ] 3374 of 8000 complete in 246.8 sec
[---------------- 42%                  ] 3381 of 8000 complete in 247.3 sec
[---------------- 42%                  ] 3389 of 8000 complete in 247.9 sec
[---------------- 42%                  ] 3397 of 8000 complete in 248.5 sec
[---------------- 42%                  ] 3405 of 8000 complete in 249.0 sec
[---------------- 42%                  ] 3413 of 8000 complete in 249.6 sec
[---------------- 42%                  ] 3421 of 8000 complete in 250.1 sec
[---------------- 42%                  ] 3429 of 8000 complete in 250.6 sec
[---------------- 42%                  ] 3437 of 8000 complete in 251.1 sec
[---------------- 43%                  ] 3445 of 8000 complete in 251.6 sec
[---------------- 43%                  ] 3453 of 8000 complete in 252.2 sec
[---------------- 43%                  ] 3461 of 8000 complete in 252.8 sec
[---------------- 43%                  ] 3468 of 8000 complete in 253.3 sec
[---------------- 43%                  ] 3475 of 8000 complete in 253.8 sec
[---------------- 43%                  ] 3481 of 8000 complete in 254.3 sec
[---------------- 43%                  ] 3487 of 8000 complete in 254.9 sec
[---------------- 43%                  ] 3493 of 8000 complete in 255.4 sec
[---------------- 43%                  ] 3499 of 8000 complete in 255.9 sec
[---------------- 43%                  ] 3505 of 8000 complete in 256.4 sec
[---------------- 43%                  ] 3512 of 8000 complete in 257.0 sec
[---------------- 43%                  ] 3519 of 8000 complete in 257.5 sec
[---------------- 44%                  ] 3527 of 8000 complete in 258.1 sec
[---------------- 44%                  ] 3535 of 8000 complete in 258.6 sec
[---------------- 44%                  ] 3543 of 8000 complete in 259.2 sec
[---------------- 44%                  ] 3550 of 8000 complete in 259.7 sec
[---------------- 44%                  ] 3558 of 8000 complete in 260.3 sec
[---------------- 44%                  ] 3565 of 8000 complete in 260.8 sec
[---------------- 44%                  ] 3572 of 8000 complete in 261.4 sec
[-----------------44%                  ] 3580 of 8000 complete in 261.9 sec
[-----------------44%                  ] 3588 of 8000 complete in 262.5 sec
[-----------------44%                  ] 3595 of 8000 complete in 263.0 sec
[-----------------45%                  ] 3603 of 8000 complete in 263.6 sec
[-----------------45%                  ] 3610 of 8000 complete in 264.1 sec
[-----------------45%                  ] 3617 of 8000 complete in 264.6 sec
[-----------------45%                  ] 3625 of 8000 complete in 265.1 sec
[-----------------45%                  ] 3633 of 8000 complete in 265.6 sec
[-----------------45%                  ] 3641 of 8000 complete in 266.2 sec
[-----------------45%                  ] 3649 of 8000 complete in 266.7 sec
[-----------------45%                  ] 3656 of 8000 complete in 267.3 sec
[-----------------45%                  ] 3663 of 8000 complete in 267.8 sec
[-----------------45%                  ] 3671 of 8000 complete in 268.3 sec
[-----------------45%                  ] 3679 of 8000 complete in 268.8 sec
[-----------------46%                  ] 3687 of 8000 complete in 269.3 sec
[-----------------46%                  ] 3696 of 8000 complete in 269.9 sec
[-----------------46%                  ] 3703 of 8000 complete in 270.4 sec
[-----------------46%                  ] 3709 of 8000 complete in 271.0 sec
[-----------------46%                  ] 3716 of 8000 complete in 271.5 sec
[-----------------46%                  ] 3723 of 8000 complete in 272.1 sec
[-----------------46%                  ] 3731 of 8000 complete in 272.6 sec
[-----------------46%                  ] 3738 of 8000 complete in 273.2 sec
[-----------------46%                  ] 3745 of 8000 complete in 273.8 sec
[-----------------46%                  ] 3751 of 8000 complete in 274.3 sec
[-----------------46%                  ] 3757 of 8000 complete in 274.8 sec
[-----------------47%                  ] 3764 of 8000 complete in 275.3 sec
[-----------------47%                  ] 3771 of 8000 complete in 275.9 sec
[-----------------47%                  ] 3778 of 8000 complete in 276.5 sec
[-----------------47%                  ] 3785 of 8000 complete in 277.1 sec
[-----------------47%                  ] 3792 of 8000 complete in 277.6 sec
[-----------------47%                  ] 3798 of 8000 complete in 278.2 sec
[-----------------47%                  ] 3804 of 8000 complete in 278.7 sec
[-----------------47%                  ] 3812 of 8000 complete in 279.3 sec
[-----------------47%                  ] 3820 of 8000 complete in 279.8 sec
[-----------------47%                  ] 3827 of 8000 complete in 280.3 sec
[-----------------47%                  ] 3834 of 8000 complete in 280.8 sec
[-----------------48%                  ] 3841 of 8000 complete in 281.3 sec
[-----------------48%                  ] 3848 of 8000 complete in 281.8 sec
[-----------------48%                  ] 3855 of 8000 complete in 282.4 sec
[-----------------48%                  ] 3861 of 8000 complete in 282.9 sec
[-----------------48%                  ] 3868 of 8000 complete in 283.5 sec
[-----------------48%                  ] 3875 of 8000 complete in 284.1 sec
[-----------------48%                  ] 3882 of 8000 complete in 284.6 sec
[-----------------48%                  ] 3889 of 8000 complete in 285.2 sec
[-----------------48%                  ] 3897 of 8000 complete in 285.7 sec
[-----------------48%                  ] 3905 of 8000 complete in 286.2 sec
[-----------------48%                  ] 3913 of 8000 complete in 286.8 sec
[-----------------49%                  ] 3921 of 8000 complete in 287.4 sec
[-----------------49%                  ] 3928 of 8000 complete in 287.9 sec
[-----------------49%                  ] 3936 of 8000 complete in 288.4 sec
[-----------------49%                  ] 3943 of 8000 complete in 288.9 sec
[-----------------49%                  ] 3949 of 8000 complete in 289.4 sec
[-----------------49%                  ] 3956 of 8000 complete in 290.0 sec
[---------------  40%                  ] 3266 of 8000 complete in 233.0 sec
[---------------  40%                  ] 3273 of 8000 complete in 233.5 sec
[---------------  41%                  ] 3280 of 8000 complete in 234.0 sec
[---------------  41%                  ] 3288 of 8000 complete in 234.6 sec
[---------------  41%                  ] 3296 of 8000 complete in 235.1 sec
[---------------  41%                  ] 3304 of 8000 complete in 235.6 sec
[---------------  41%                  ] 3312 of 8000 complete in 236.1 sec
[---------------  41%                  ] 3320 of 8000 complete in 236.7 sec
[---------------  41%                  ] 3327 of 8000 complete in 237.2 sec
[---------------  41%                  ] 3334 of 8000 complete in 237.7 sec
[---------------  41%                  ] 3341 of 8000 complete in 238.3 sec
[---------------  41%                  ] 3349 of 8000 complete in 238.8 sec
[---------------  41%                  ] 3357 of 8000 complete in 239.3 sec
[---------------  42%                  ] 3365 of 8000 complete in 239.9 sec
[---------------- 42%                  ] 3373 of 8000 complete in 240.4 sec
[---------------- 42%                  ] 3380 of 8000 complete in 241.0 sec
[---------------- 42%                  ] 3388 of 8000 complete in 241.5 sec
[---------------- 42%                  ] 3396 of 8000 complete in 242.1 sec
[---------------- 42%                  ] 3402 of 8000 complete in 242.6 sec
[---------------- 42%                  ] 3408 of 8000 complete in 243.1 sec
[---------------- 42%                  ] 3415 of 8000 complete in 243.7 sec
[---------------- 42%                  ] 3422 of 8000 complete in 244.2 sec
[---------------- 42%                  ] 3429 of 8000 complete in 244.7 sec
[---------------- 42%                  ] 3436 of 8000 complete in 245.3 sec
[---------------- 43%                  ] 3443 of 8000 complete in 245.8 sec
[---------------- 43%                  ] 3450 of 8000 complete in 246.3 sec
[---------------- 43%                  ] 3457 of 8000 complete in 246.9 sec
[---------------- 43%                  ] 3464 of 8000 complete in 247.4 sec
[---------------- 43%                  ] 3472 of 8000 complete in 247.9 sec
[---------------- 43%                  ] 3480 of 8000 complete in 248.5 sec
[---------------- 43%                  ] 3488 of 8000 complete in 249.0 sec
[---------------- 43%                  ] 3496 of 8000 complete in 249.5 sec
[---------------- 43%                  ] 3504 of 8000 complete in 250.1 sec
[---------------- 43%                  ] 3512 of 8000 complete in 250.6 sec
[---------------- 44%                  ] 3520 of 8000 complete in 251.1 sec
[---------------- 44%                  ] 3528 of 8000 complete in 251.7 sec
[---------------- 44%                  ] 3536 of 8000 complete in 252.2 sec
[---------------- 44%                  ] 3543 of 8000 complete in 252.7 sec
[---------------- 44%                  ] 3551 of 8000 complete in 253.2 sec
[---------------- 44%                  ] 3559 of 8000 complete in 253.8 sec
[---------------- 44%                  ] 3565 of 8000 complete in 254.3 sec
[---------------- 44%                  ] 3572 of 8000 complete in 254.8 sec
[---------------- 44%                  ] 3578 of 8000 complete in 255.4 sec
[-----------------44%                  ] 3584 of 8000 complete in 255.9 sec
[-----------------44%                  ] 3591 of 8000 complete in 256.5 sec
[-----------------44%                  ] 3598 of 8000 complete in 257.0 sec
[-----------------45%                  ] 3606 of 8000 complete in 257.5 sec
[-----------------45%                  ] 3614 of 8000 complete in 258.1 sec
[-----------------45%                  ] 3622 of 8000 complete in 258.6 sec
[-----------------45%                  ] 3629 of 8000 complete in 259.1 sec
[-----------------45%                  ] 3636 of 8000 complete in 259.7 sec
[-----------------45%                  ] 3644 of 8000 complete in 260.2 sec
[-----------------45%                  ] 3651 of 8000 complete in 260.7 sec
[-----------------45%                  ] 3658 of 8000 complete in 261.3 sec
[-----------------45%                  ] 3666 of 8000 complete in 261.8 sec
[-----------------45%                  ] 3674 of 8000 complete in 262.3 sec
[-----------------46%                  ] 3681 of 8000 complete in 262.9 sec
[-----------------46%                  ] 3688 of 8000 complete in 263.4 sec
[-----------------46%                  ] 3695 of 8000 complete in 263.9 sec
[-----------------46%                  ] 3703 of 8000 complete in 264.5 sec
[-----------------46%                  ] 3711 of 8000 complete in 265.0 sec
[-----------------46%                  ] 3719 of 8000 complete in 265.5 sec
[-----------------46%                  ] 3728 of 8000 complete in 266.1 sec
[-----------------46%                  ] 3735 of 8000 complete in 266.6 sec
[-----------------46%                  ] 3743 of 8000 complete in 267.2 sec
[-----------------46%                  ] 3751 of 8000 complete in 267.7 sec
[-----------------46%                  ] 3759 of 8000 complete in 268.3 sec
[-----------------47%                  ] 3767 of 8000 complete in 268.8 sec
[-----------------47%                  ] 3775 of 8000 complete in 269.3 sec
[-----------------47%                  ] 3783 of 8000 complete in 269.9 sec
[-----------------47%                  ] 3790 of 8000 complete in 270.4 sec
[-----------------47%                  ] 3796 of 8000 complete in 270.9 sec
[-----------------47%                  ] 3803 of 8000 complete in 271.4 sec
[-----------------47%                  ] 3810 of 8000 complete in 271.9 sec
[-----------------47%                  ] 3818 of 8000 complete in 272.5 sec
[-----------------47%                  ] 3825 of 8000 complete in 273.0 sec
[-----------------47%                  ] 3832 of 8000 complete in 273.6 sec
[-----------------47%                  ] 3839 of 8000 complete in 274.2 sec
[-----------------48%                  ] 3846 of 8000 complete in 274.7 sec
[-----------------48%                  ] 3853 of 8000 complete in 275.3 sec
[-----------------48%                  ] 3860 of 8000 complete in 275.8 sec
[-----------------48%                  ] 3867 of 8000 complete in 276.4 sec
[-----------------48%                  ] 3874 of 8000 complete in 276.9 sec
[-----------------48%                  ] 3881 of 8000 complete in 277.5 sec
[-----------------48%                  ] 3888 of 8000 complete in 278.0 sec
[-----------------48%                  ] 3895 of 8000 complete in 278.6 sec
[-----------------48%                  ] 3903 of 8000 complete in 279.1 sec
[-----------------48%                  ] 3911 of 8000 complete in 279.6 sec
[-----------------48%                  ] 3919 of 8000 complete in 280.2 sec
[-----------------49%                  ] 3927 of 8000 complete in 280.7 sec
[-----------------49%                  ] 3935 of 8000 complete in 281.2 sec
[-----------------49%                  ] 3943 of 8000 complete in 281.8 sec
[-----------------49%                  ] 3950 of 8000 complete in 282.4 sec
[-----------------49%                  ] 3957 of 8000 complete in 282.9 sec
[-----------------49%                  ] 3964 of 8000 complete in 283.4 sec
[-----------------49%                  ] 3970 of 8000 complete in 284.0 sec
[-----------------49%                  ] 3976 of 8000 complete in 284.5 sec
[-----------------49%                  ] 3983 of 8000 complete in 285.0 sec
[-----------------49%                  ] 3991 of 8000 complete in 285.6 sec
[-----------------49%                  ] 3999 of 8000 complete in 286.1 sec
[-----------------50%                  ] 4007 of 8000 complete in 286.6 sec
[-----------------50%                  ] 4015 of 8000 complete in 287.2 sec
[-----------------50%                  ] 4023 of 8000 complete in 287.7 sec
[-----------------50%                  ] 4031 of 8000 complete in 288.2 sec
[-----------------50%                  ] 4038 of 8000 complete in 288.8 sec
[-----------------50%                  ] 4045 of 8000 complete in 289.3 sec
[-----------------50%                  ] 4053 of 8000 complete in 289.9 sec
[---------------  40%                  ] 3223 of 8000 complete in 234.2 sec
[---------------  40%                  ] 3231 of 8000 complete in 234.7 sec
[---------------  40%                  ] 3239 of 8000 complete in 235.3 sec
[---------------  40%                  ] 3247 of 8000 complete in 235.8 sec
[---------------  40%                  ] 3255 of 8000 complete in 236.4 sec
[---------------  40%                  ] 3262 of 8000 complete in 236.9 sec
[---------------  40%                  ] 3269 of 8000 complete in 237.4 sec
[---------------  40%                  ] 3276 of 8000 complete in 237.9 sec
[---------------  41%                  ] 3284 of 8000 complete in 238.5 sec
[---------------  41%                  ] 3292 of 8000 complete in 239.1 sec
[---------------  41%                  ] 3300 of 8000 complete in 239.6 sec
[---------------  41%                  ] 3308 of 8000 complete in 240.2 sec
[---------------  41%                  ] 3315 of 8000 complete in 240.7 sec
[---------------  41%                  ] 3322 of 8000 complete in 241.2 sec
[---------------  41%                  ] 3329 of 8000 complete in 241.7 sec
[---------------  41%                  ] 3336 of 8000 complete in 242.2 sec
[---------------  41%                  ] 3341 of 8000 complete in 242.7 sec
[---------------  41%                  ] 3348 of 8000 complete in 243.3 sec
[---------------  41%                  ] 3356 of 8000 complete in 243.8 sec
[---------------  42%                  ] 3363 of 8000 complete in 244.4 sec
[---------------- 42%                  ] 3370 of 8000 complete in 244.9 sec
[---------------- 42%                  ] 3377 of 8000 complete in 245.4 sec
[---------------- 42%                  ] 3384 of 8000 complete in 246.0 sec
[---------------- 42%                  ] 3391 of 8000 complete in 246.5 sec
[---------------- 42%                  ] 3399 of 8000 complete in 247.1 sec
[---------------- 42%                  ] 3406 of 8000 complete in 247.6 sec
[---------------- 42%                  ] 3414 of 8000 complete in 248.2 sec
[---------------- 42%                  ] 3422 of 8000 complete in 248.7 sec
[---------------- 42%                  ] 3430 of 8000 complete in 249.2 sec
[---------------- 42%                  ] 3438 of 8000 complete in 249.8 sec
[---------------- 43%                  ] 3445 of 8000 complete in 250.3 sec
[---------------- 43%                  ] 3453 of 8000 complete in 250.8 sec
[---------------- 43%                  ] 3461 of 8000 complete in 251.3 sec
[---------------- 43%                  ] 3469 of 8000 complete in 251.9 sec
[---------------- 43%                  ] 3477 of 8000 complete in 252.4 sec
[---------------- 43%                  ] 3484 of 8000 complete in 252.9 sec
[---------------- 43%                  ] 3492 of 8000 complete in 253.5 sec
[---------------- 43%                  ] 3498 of 8000 complete in 254.0 sec
[---------------- 43%                  ] 3504 of 8000 complete in 254.5 sec
[---------------- 43%                  ] 3510 of 8000 complete in 255.0 sec
[---------------- 43%                  ] 3516 of 8000 complete in 255.6 sec
[---------------- 44%                  ] 3522 of 8000 complete in 256.1 sec
[---------------- 44%                  ] 3528 of 8000 complete in 256.6 sec
[---------------- 44%                  ] 3536 of 8000 complete in 257.2 sec
[---------------- 44%                  ] 3543 of 8000 complete in 257.7 sec
[---------------- 44%                  ] 3551 of 8000 complete in 258.2 sec
[---------------- 44%                  ] 3558 of 8000 complete in 258.7 sec
[---------------- 44%                  ] 3565 of 8000 complete in 259.3 sec
[---------------- 44%                  ] 3573 of 8000 complete in 259.8 sec
[-----------------44%                  ] 3580 of 8000 complete in 260.3 sec
[-----------------44%                  ] 3587 of 8000 complete in 260.8 sec
[-----------------44%                  ] 3593 of 8000 complete in 261.3 sec
[-----------------45%                  ] 3601 of 8000 complete in 261.9 sec
[-----------------45%                  ] 3609 of 8000 complete in 262.5 sec
[-----------------45%                  ] 3616 of 8000 complete in 263.0 sec
[-----------------45%                  ] 3623 of 8000 complete in 263.5 sec
[-----------------45%                  ] 3630 of 8000 complete in 264.1 sec
[-----------------45%                  ] 3637 of 8000 complete in 264.6 sec
[-----------------45%                  ] 3644 of 8000 complete in 265.1 sec
[-----------------45%                  ] 3652 of 8000 complete in 265.6 sec
[-----------------45%                  ] 3660 of 8000 complete in 266.2 sec
[-----------------45%                  ] 3667 of 8000 complete in 266.7 sec
[-----------------45%                  ] 3674 of 8000 complete in 267.2 sec
[-----------------46%                  ] 3682 of 8000 complete in 267.8 sec
[-----------------46%                  ] 3689 of 8000 complete in 268.3 sec
[-----------------46%                  ] 3697 of 8000 complete in 268.8 sec
[-----------------46%                  ] 3705 of 8000 complete in 269.4 sec
[-----------------46%                  ] 3713 of 8000 complete in 269.9 sec
[-----------------46%                  ] 3719 of 8000 complete in 270.4 sec
[-----------------46%                  ] 3725 of 8000 complete in 271.0 sec
[-----------------46%                  ] 3732 of 8000 complete in 271.5 sec
[-----------------46%                  ] 3739 of 8000 complete in 272.0 sec
[-----------------46%                  ] 3746 of 8000 complete in 272.6 sec
[-----------------46%                  ] 3753 of 8000 complete in 273.2 sec
[-----------------46%                  ] 3759 of 8000 complete in 273.7 sec
[-----------------47%                  ] 3765 of 8000 complete in 274.2 sec
[-----------------47%                  ] 3771 of 8000 complete in 274.7 sec
[-----------------47%                  ] 3778 of 8000 complete in 275.3 sec
[-----------------47%                  ] 3785 of 8000 complete in 275.8 sec
[-----------------47%                  ] 3792 of 8000 complete in 276.4 sec
[-----------------47%                  ] 3799 of 8000 complete in 277.0 sec
[-----------------47%                  ] 3805 of 8000 complete in 277.5 sec
[-----------------47%                  ] 3811 of 8000 complete in 278.0 sec
[-----------------47%                  ] 3818 of 8000 complete in 278.6 sec
[-----------------47%                  ] 3826 of 8000 complete in 279.1 sec
[-----------------47%                  ] 3834 of 8000 complete in 279.7 sec
[-----------------48%                  ] 3841 of 8000 complete in 280.2 sec
[-----------------48%                  ] 3849 of 8000 complete in 280.8 sec
[-----------------48%                  ] 3857 of 8000 complete in 281.3 sec
[-----------------48%                  ] 3864 of 8000 complete in 281.8 sec
[-----------------48%                  ] 3871 of 8000 complete in 282.4 sec
[-----------------48%                  ] 3878 of 8000 complete in 283.0 sec
[-----------------48%                  ] 3884 of 8000 complete in 283.5 sec
[-----------------48%                  ] 3890 of 8000 complete in 284.0 sec
[-----------------48%                  ] 3897 of 8000 complete in 284.6 sec
[-----------------48%                  ] 3904 of 8000 complete in 285.1 sec
[-----------------48%                  ] 3912 of 8000 complete in 285.7 sec
[-----------------49%                  ] 3920 of 8000 complete in 286.2 sec
[-----------------49%                  ] 3928 of 8000 complete in 286.8 sec
[-----------------49%                  ] 3935 of 8000 complete in 287.3 sec
[-----------------49%                  ] 3943 of 8000 complete in 287.8 sec
[-----------------49%                  ] 3951 of 8000 complete in 288.4 sec
[-----------------49%                  ] 3957 of 8000 complete in 288.9 sec
[-----------------49%                  ] 3963 of 8000 complete in 289.5 sec
[-----------------49%                  ] 3970 of 8000 complete in 290.0 sec
[-----------------49%                  ] 3978 of 8000 complete in 290.5 sec
[-----------------49%                  ] 3986 of 8000 complete in 291.0 sec
[---------------  39%                  ] 3166 of 8000 complete in 235.8 sec
[---------------  39%                  ] 3173 of 8000 complete in 236.3 sec
[---------------  39%                  ] 3180 of 8000 complete in 236.8 sec
[---------------  39%                  ] 3187 of 8000 complete in 237.4 sec
[---------------  39%                  ] 3194 of 8000 complete in 237.9 sec
[---------------  40%                  ] 3202 of 8000 complete in 238.4 sec
[---------------  40%                  ] 3210 of 8000 complete in 239.0 sec
[---------------  40%                  ] 3217 of 8000 complete in 239.5 sec
[---------------  40%                  ] 3225 of 8000 complete in 240.0 sec
[---------------  40%                  ] 3232 of 8000 complete in 240.6 sec
[---------------  40%                  ] 3239 of 8000 complete in 241.1 sec
[---------------  40%                  ] 3246 of 8000 complete in 241.7 sec
[---------------  40%                  ] 3253 of 8000 complete in 242.2 sec
[---------------  40%                  ] 3259 of 8000 complete in 242.8 sec
[---------------  40%                  ] 3266 of 8000 complete in 243.4 sec
[---------------  40%                  ] 3273 of 8000 complete in 243.9 sec
[---------------  41%                  ] 3280 of 8000 complete in 244.4 sec
[---------------  41%                  ] 3286 of 8000 complete in 244.9 sec
[---------------  41%                  ] 3293 of 8000 complete in 245.5 sec
[---------------  41%                  ] 3300 of 8000 complete in 246.1 sec
[---------------  41%                  ] 3307 of 8000 complete in 246.6 sec
[---------------  41%                  ] 3314 of 8000 complete in 247.1 sec
[---------------  41%                  ] 3321 of 8000 complete in 247.7 sec
[---------------  41%                  ] 3328 of 8000 complete in 248.2 sec
[---------------  41%                  ] 3336 of 8000 complete in 248.8 sec
[---------------  41%                  ] 3344 of 8000 complete in 249.3 sec
[---------------  41%                  ] 3352 of 8000 complete in 249.8 sec
[---------------  42%                  ] 3360 of 8000 complete in 250.3 sec
[---------------  42%                  ] 3368 of 8000 complete in 250.8 sec
[---------------- 42%                  ] 3376 of 8000 complete in 251.4 sec
[---------------- 42%                  ] 3383 of 8000 complete in 251.9 sec
[---------------- 42%                  ] 3391 of 8000 complete in 252.4 sec
[---------------- 42%                  ] 3399 of 8000 complete in 253.0 sec
[---------------- 42%                  ] 3406 of 8000 complete in 253.5 sec
[---------------- 42%                  ] 3413 of 8000 complete in 254.1 sec
[---------------- 42%                  ] 3419 of 8000 complete in 254.6 sec
[---------------- 42%                  ] 3425 of 8000 complete in 255.2 sec
[---------------- 42%                  ] 3431 of 8000 complete in 255.8 sec
[---------------- 42%                  ] 3437 of 8000 complete in 256.3 sec
[---------------- 43%                  ] 3444 of 8000 complete in 256.9 sec
[---------------- 43%                  ] 3451 of 8000 complete in 257.4 sec
[---------------- 43%                  ] 3458 of 8000 complete in 257.9 sec
[---------------- 43%                  ] 3466 of 8000 complete in 258.5 sec
[---------------- 43%                  ] 3473 of 8000 complete in 259.0 sec
[---------------- 43%                  ] 3480 of 8000 complete in 259.5 sec
[---------------- 43%                  ] 3488 of 8000 complete in 260.1 sec
[---------------- 43%                  ] 3495 of 8000 complete in 260.6 sec
[---------------- 43%                  ] 3502 of 8000 complete in 261.2 sec
[---------------- 43%                  ] 3509 of 8000 complete in 261.7 sec
[---------------- 43%                  ] 3517 of 8000 complete in 262.3 sec
[---------------- 44%                  ] 3524 of 8000 complete in 262.9 sec
[---------------- 44%                  ] 3531 of 8000 complete in 263.4 sec
[---------------- 44%                  ] 3538 of 8000 complete in 263.9 sec
[---------------- 44%                  ] 3545 of 8000 complete in 264.4 sec
[---------------- 44%                  ] 3552 of 8000 complete in 265.0 sec
[---------------- 44%                  ] 3560 of 8000 complete in 265.5 sec
[---------------- 44%                  ] 3568 of 8000 complete in 266.1 sec
[---------------- 44%                  ] 3576 of 8000 complete in 266.7 sec
[-----------------44%                  ] 3583 of 8000 complete in 267.2 sec
[-----------------44%                  ] 3591 of 8000 complete in 267.8 sec
[-----------------44%                  ] 3599 of 8000 complete in 268.3 sec
[-----------------45%                  ] 3607 of 8000 complete in 268.9 sec
[-----------------45%                  ] 3615 of 8000 complete in 269.4 sec
[-----------------45%                  ] 3623 of 8000 complete in 270.0 sec
[-----------------45%                  ] 3630 of 8000 complete in 270.5 sec
[-----------------45%                  ] 3636 of 8000 complete in 271.1 sec
[-----------------45%                  ] 3643 of 8000 complete in 271.6 sec
[-----------------45%                  ] 3650 of 8000 complete in 272.1 sec
[-----------------45%                  ] 3657 of 8000 complete in 272.7 sec
[-----------------45%                  ] 3664 of 8000 complete in 273.2 sec
[-----------------45%                  ] 3670 of 8000 complete in 273.8 sec
[-----------------45%                  ] 3676 of 8000 complete in 274.3 sec
[-----------------46%                  ] 3683 of 8000 complete in 274.9 sec
[-----------------46%                  ] 3690 of 8000 complete in 275.4 sec
[-----------------46%                  ] 3696 of 8000 complete in 276.0 sec
[-----------------46%                  ] 3703 of 8000 complete in 276.5 sec
[-----------------46%                  ] 3710 of 8000 complete in 277.1 sec
[-----------------46%                  ] 3716 of 8000 complete in 277.6 sec
[-----------------46%                  ] 3722 of 8000 complete in 278.1 sec
[-----------------46%                  ] 3728 of 8000 complete in 278.6 sec
[-----------------46%                  ] 3736 of 8000 complete in 279.2 sec
[-----------------46%                  ] 3744 of 8000 complete in 279.7 sec
[-----------------46%                  ] 3751 of 8000 complete in 280.3 sec
[-----------------46%                  ] 3759 of 8000 complete in 280.8 sec
[-----------------47%                  ] 3766 of 8000 complete in 281.3 sec
[-----------------47%                  ] 3774 of 8000 complete in 281.9 sec
[-----------------47%                  ] 3780 of 8000 complete in 282.4 sec
[-----------------47%                  ] 3786 of 8000 complete in 282.9 sec
[-----------------47%                  ] 3793 of 8000 complete in 283.5 sec
[-----------------47%                  ] 3799 of 8000 complete in 284.0 sec
[-----------------47%                  ] 3806 of 8000 complete in 284.6 sec
[-----------------47%                  ] 3813 of 8000 complete in 285.1 sec
[-----------------47%                  ] 3820 of 8000 complete in 285.6 sec
[-----------------47%                  ] 3828 of 8000 complete in 286.1 sec
[-----------------47%                  ] 3836 of 8000 complete in 286.7 sec
[-----------------48%                  ] 3844 of 8000 complete in 287.2 sec
[-----------------48%                  ] 3852 of 8000 complete in 287.8 sec
[-----------------48%                  ] 3859 of 8000 complete in 288.3 sec
[-----------------48%                  ] 3866 of 8000 complete in 288.9 sec
[-----------------48%                  ] 3872 of 8000 complete in 289.4 sec
[-----------------48%                  ] 3880 of 8000 complete in 290.0 sec
[-----------------48%                  ] 3888 of 8000 complete in 290.5 sec
[-----------------48%                  ] 3896 of 8000 complete in 291.0 sec
[-----------------48%                  ] 3904 of 8000 complete in 291.6 sec
[-----------------48%                  ] 3912 of 8000 complete in 292.1 sec
[-----------------48%                  ] 3919 of 8000 complete in 292.7 sec
[-----------------49%                  ] 3926 of 8000 complete in 293.2 sec
[-----------------50%                  ] 4061 of 8000 complete in 290.4 sec
[-----------------50%                  ] 4069 of 8000 complete in 291.0 sec
[-----------------50%                  ] 4077 of 8000 complete in 291.5 sec
[-----------------51%                  ] 4085 of 8000 complete in 292.0 sec
[-----------------51%                  ] 4093 of 8000 complete in 292.6 sec
[-----------------51%                  ] 4101 of 8000 complete in 293.1 sec
[-----------------51%                  ] 4110 of 8000 complete in 293.7 sec
[-----------------51%                  ] 4118 of 8000 complete in 294.2 sec
[-----------------51%                  ] 4126 of 8000 complete in 294.7 sec
[-----------------51%                  ] 4134 of 8000 complete in 295.3 sec
[-----------------51%                  ] 4142 of 8000 complete in 295.8 sec
[-----------------51%                  ] 4151 of 8000 complete in 296.3 sec
[-----------------51%                  ] 4159 of 8000 complete in 296.8 sec
[-----------------52%                  ] 4166 of 8000 complete in 297.4 sec
[-----------------52%                  ] 4173 of 8000 complete in 297.9 sec
[-----------------52%                  ] 4180 of 8000 complete in 298.4 sec
[-----------------52%                  ] 4188 of 8000 complete in 299.0 sec
[-----------------52%                  ] 4195 of 8000 complete in 299.5 sec
[-----------------52%                  ] 4202 of 8000 complete in 300.0 sec
[-----------------52%                  ] 4209 of 8000 complete in 300.5 sec
[-----------------52%                  ] 4216 of 8000 complete in 301.1 sec
[-----------------52%                  ] 4224 of 8000 complete in 301.7 sec
[-----------------52%                  ] 4232 of 8000 complete in 302.2 sec
[-----------------52%                  ] 4239 of 8000 complete in 302.8 sec
[-----------------53%                  ] 4247 of 8000 complete in 303.3 sec
[-----------------53%                  ] 4254 of 8000 complete in 303.8 sec
[-----------------53%                  ] 4261 of 8000 complete in 304.4 sec
[-----------------53%                  ] 4268 of 8000 complete in 304.9 sec
[-----------------53%                  ] 4275 of 8000 complete in 305.4 sec
[-----------------53%                  ] 4282 of 8000 complete in 305.9 sec
[-----------------53%                  ] 4289 of 8000 complete in 306.4 sec
[-----------------53%                  ] 4297 of 8000 complete in 307.0 sec
[-----------------53%                  ] 4304 of 8000 complete in 307.5 sec
[-----------------53%                  ] 4310 of 8000 complete in 308.0 sec
[-----------------53%                  ] 4318 of 8000 complete in 308.6 sec
[-----------------54%                  ] 4326 of 8000 complete in 309.1 sec
[-----------------54%                  ] 4334 of 8000 complete in 309.6 sec
[-----------------54%                  ] 4342 of 8000 complete in 310.2 sec
[-----------------54%                  ] 4350 of 8000 complete in 310.8 sec
[-----------------54%                  ] 4357 of 8000 complete in 311.3 sec
[-----------------54%                  ] 4365 of 8000 complete in 311.8 sec
[-----------------54%                  ] 4372 of 8000 complete in 312.3 sec
[-----------------54%                  ] 4379 of 8000 complete in 312.8 sec
[-----------------54%                  ] 4386 of 8000 complete in 313.4 sec
[-----------------54%                  ] 4392 of 8000 complete in 313.9 sec
[-----------------54%                  ] 4399 of 8000 complete in 314.5 sec
[-----------------55%                  ] 4405 of 8000 complete in 315.0 sec
[-----------------55%                  ] 4411 of 8000 complete in 315.5 sec
[-----------------55%                  ] 4418 of 8000 complete in 316.0 sec
[-----------------55%-                 ] 4425 of 8000 complete in 316.6 sec
[-----------------55%-                 ] 4432 of 8000 complete in 317.1 sec
[-----------------55%-                 ] 4439 of 8000 complete in 317.7 sec
[-----------------55%-                 ] 4447 of 8000 complete in 318.2 sec
[-----------------55%-                 ] 4455 of 8000 complete in 318.8 sec
[-----------------55%-                 ] 4463 of 8000 complete in 319.3 sec
[-----------------55%-                 ] 4471 of 8000 complete in 319.8 sec
[-----------------55%-                 ] 4479 of 8000 complete in 320.4 sec
[-----------------56%-                 ] 4487 of 8000 complete in 320.9 sec
[-----------------56%-                 ] 4495 of 8000 complete in 321.4 sec
[-----------------56%-                 ] 4502 of 8000 complete in 322.0 sec
[-----------------56%-                 ] 4509 of 8000 complete in 322.5 sec
[-----------------56%-                 ] 4516 of 8000 complete in 323.0 sec
[-----------------56%-                 ] 4524 of 8000 complete in 323.6 sec
[-----------------56%-                 ] 4531 of 8000 complete in 324.1 sec
[-----------------56%-                 ] 4539 of 8000 complete in 324.6 sec
[-----------------56%-                 ] 4547 of 8000 complete in 325.1 sec
[-----------------56%-                 ] 4555 of 8000 complete in 325.7 sec
[-----------------57%-                 ] 4563 of 8000 complete in 326.3 sec
[-----------------57%-                 ] 4570 of 8000 complete in 326.8 sec
[-----------------57%-                 ] 4578 of 8000 complete in 327.4 sec
[-----------------57%-                 ] 4585 of 8000 complete in 327.9 sec
[-----------------57%-                 ] 4593 of 8000 complete in 328.5 sec
[-----------------57%-                 ] 4601 of 8000 complete in 329.0 sec
[-----------------57%-                 ] 4609 of 8000 complete in 329.5 sec
[-----------------57%-                 ] 4617 of 8000 complete in 330.0 sec
[-----------------57%-                 ] 4624 of 8000 complete in 330.5 sec
[-----------------57%--                ] 4632 of 8000 complete in 331.1 sec
[-----------------58%--                ] 4640 of 8000 complete in 331.7 sec
[-----------------58%--                ] 4647 of 8000 complete in 332.2 sec
[-----------------58%--                ] 4654 of 8000 complete in 332.8 sec
[-----------------58%--                ] 4660 of 8000 complete in 333.3 sec
[-----------------58%--                ] 4667 of 8000 complete in 333.9 sec
[-----------------58%--                ] 4674 of 8000 complete in 334.5 sec
[-----------------58%--                ] 4680 of 8000 complete in 335.0 sec
[-----------------58%--                ] 4687 of 8000 complete in 335.5 sec
[-----------------58%--                ] 4693 of 8000 complete in 336.0 sec
[-----------------58%--                ] 4700 of 8000 complete in 336.6 sec
[-----------------58%--                ] 4706 of 8000 complete in 337.1 sec
[-----------------58%--                ] 4713 of 8000 complete in 337.6 sec
[-----------------59%--                ] 4720 of 8000 complete in 338.2 sec
[-----------------59%--                ] 4726 of 8000 complete in 338.7 sec
[-----------------59%--                ] 4733 of 8000 complete in 339.2 sec
[-----------------59%--                ] 4740 of 8000 complete in 339.8 sec
[-----------------59%--                ] 4747 of 8000 complete in 340.3 sec
[-----------------59%--                ] 4754 of 8000 complete in 340.8 sec
[-----------------59%--                ] 4762 of 8000 complete in 341.4 sec
[-----------------59%--                ] 4770 of 8000 complete in 341.9 sec
[-----------------59%--                ] 4778 of 8000 complete in 342.5 sec
[-----------------59%--                ] 4785 of 8000 complete in 343.0 sec
[-----------------59%--                ] 4793 of 8000 complete in 343.5 sec
[-----------------60%--                ] 4801 of 8000 complete in 344.1 sec
[-----------------60%--                ] 4808 of 8000 complete in 344.6 sec
[-----------------60%--                ] 4815 of 8000 complete in 345.2 sec
[-----------------60%--                ] 4822 of 8000 complete in 345.7 sec
[-----------------60%--                ] 4830 of 8000 complete in 346.2 sec
[-----------------60%--                ] 4838 of 8000 complete in 346.8 sec
[-----------------60%---               ] 4846 of 8000 complete in 347.3 sec
[-----------------49%                  ] 3964 of 8000 complete in 290.5 sec
[-----------------49%                  ] 3972 of 8000 complete in 291.0 sec
[-----------------49%                  ] 3980 of 8000 complete in 291.5 sec
[-----------------49%                  ] 3988 of 8000 complete in 292.0 sec
[-----------------49%                  ] 3996 of 8000 complete in 292.6 sec
[-----------------50%                  ] 4003 of 8000 complete in 293.1 sec
[-----------------50%                  ] 4011 of 8000 complete in 293.6 sec
[-----------------50%                  ] 4019 of 8000 complete in 294.2 sec
[-----------------50%                  ] 4027 of 8000 complete in 294.7 sec
[-----------------50%                  ] 4035 of 8000 complete in 295.2 sec
[-----------------50%                  ] 4042 of 8000 complete in 295.7 sec
[-----------------50%                  ] 4050 of 8000 complete in 296.3 sec
[-----------------50%                  ] 4058 of 8000 complete in 296.8 sec
[-----------------50%                  ] 4066 of 8000 complete in 297.3 sec
[-----------------50%                  ] 4073 of 8000 complete in 297.8 sec
[-----------------51%                  ] 4080 of 8000 complete in 298.4 sec
[-----------------51%                  ] 4088 of 8000 complete in 299.0 sec
[-----------------51%                  ] 4096 of 8000 complete in 299.5 sec
[-----------------51%                  ] 4103 of 8000 complete in 300.1 sec
[-----------------51%                  ] 4110 of 8000 complete in 300.6 sec
[-----------------51%                  ] 4117 of 8000 complete in 301.1 sec
[-----------------51%                  ] 4124 of 8000 complete in 301.7 sec
[-----------------51%                  ] 4131 of 8000 complete in 302.2 sec
[-----------------51%                  ] 4138 of 8000 complete in 302.7 sec
[-----------------51%                  ] 4145 of 8000 complete in 303.2 sec
[-----------------51%                  ] 4153 of 8000 complete in 303.8 sec
[-----------------52%                  ] 4160 of 8000 complete in 304.3 sec
[-----------------52%                  ] 4167 of 8000 complete in 304.9 sec
[-----------------52%                  ] 4174 of 8000 complete in 305.4 sec
[-----------------52%                  ] 4181 of 8000 complete in 305.9 sec
[-----------------52%                  ] 4189 of 8000 complete in 306.4 sec
[-----------------52%                  ] 4197 of 8000 complete in 307.0 sec
[-----------------52%                  ] 4204 of 8000 complete in 307.5 sec
[-----------------52%                  ] 4211 of 8000 complete in 308.1 sec
[-----------------52%                  ] 4218 of 8000 complete in 308.6 sec
[-----------------52%                  ] 4226 of 8000 complete in 309.1 sec
[-----------------52%                  ] 4234 of 8000 complete in 309.7 sec
[-----------------53%                  ] 4241 of 8000 complete in 310.2 sec
[-----------------53%                  ] 4248 of 8000 complete in 310.7 sec
[-----------------53%                  ] 4255 of 8000 complete in 311.2 sec
[-----------------53%                  ] 4262 of 8000 complete in 311.8 sec
[-----------------53%                  ] 4270 of 8000 complete in 312.3 sec
[-----------------53%                  ] 4277 of 8000 complete in 312.9 sec
[-----------------53%                  ] 4284 of 8000 complete in 313.4 sec
[-----------------53%                  ] 4290 of 8000 complete in 314.0 sec
[-----------------53%                  ] 4297 of 8000 complete in 314.5 sec
[-----------------53%                  ] 4303 of 8000 complete in 315.0 sec
[-----------------53%                  ] 4310 of 8000 complete in 315.6 sec
[-----------------53%                  ] 4317 of 8000 complete in 316.2 sec
[-----------------54%                  ] 4324 of 8000 complete in 316.7 sec
[-----------------54%                  ] 4331 of 8000 complete in 317.2 sec
[-----------------54%                  ] 4338 of 8000 complete in 317.8 sec
[-----------------54%                  ] 4345 of 8000 complete in 318.3 sec
[-----------------54%                  ] 4353 of 8000 complete in 318.8 sec
[-----------------54%                  ] 4361 of 8000 complete in 319.4 sec
[-----------------54%                  ] 4368 of 8000 complete in 319.9 sec
[-----------------54%                  ] 4376 of 8000 complete in 320.4 sec
[-----------------54%                  ] 4383 of 8000 complete in 320.9 sec
[-----------------54%                  ] 4391 of 8000 complete in 321.5 sec
[-----------------54%                  ] 4399 of 8000 complete in 322.0 sec
[-----------------55%                  ] 4406 of 8000 complete in 322.6 sec
[-----------------55%                  ] 4413 of 8000 complete in 323.1 sec
[-----------------55%                  ] 4421 of 8000 complete in 323.6 sec
[-----------------55%-                 ] 4429 of 8000 complete in 324.2 sec
[-----------------55%-                 ] 4437 of 8000 complete in 324.7 sec
[-----------------55%-                 ] 4445 of 8000 complete in 325.3 sec
[-----------------55%-                 ] 4452 of 8000 complete in 325.8 sec
[-----------------55%-                 ] 4459 of 8000 complete in 326.3 sec
[-----------------55%-                 ] 4465 of 8000 complete in 326.8 sec
[-----------------55%-                 ] 4472 of 8000 complete in 327.4 sec
[-----------------55%-                 ] 4479 of 8000 complete in 327.9 sec
[-----------------56%-                 ] 4486 of 8000 complete in 328.4 sec
[-----------------56%-                 ] 4494 of 8000 complete in 328.9 sec
[-----------------56%-                 ] 4502 of 8000 complete in 329.5 sec
[-----------------56%-                 ] 4510 of 8000 complete in 330.0 sec
[-----------------56%-                 ] 4518 of 8000 complete in 330.6 sec
[-----------------56%-                 ] 4524 of 8000 complete in 331.1 sec
[-----------------56%-                 ] 4531 of 8000 complete in 331.6 sec
[-----------------56%-                 ] 4538 of 8000 complete in 332.2 sec
[-----------------56%-                 ] 4544 of 8000 complete in 332.7 sec
[-----------------56%-                 ] 4550 of 8000 complete in 333.3 sec
[-----------------56%-                 ] 4557 of 8000 complete in 333.8 sec
[-----------------57%-                 ] 4564 of 8000 complete in 334.4 sec
[-----------------57%-                 ] 4570 of 8000 complete in 334.9 sec
[-----------------57%-                 ] 4577 of 8000 complete in 335.5 sec
[-----------------57%-                 ] 4584 of 8000 complete in 336.0 sec
[-----------------57%-                 ] 4591 of 8000 complete in 336.6 sec
[-----------------57%-                 ] 4598 of 8000 complete in 337.2 sec
[-----------------57%-                 ] 4605 of 8000 complete in 337.7 sec
[-----------------57%-                 ] 4612 of 8000 complete in 338.3 sec
[-----------------57%-                 ] 4618 of 8000 complete in 338.8 sec
[-----------------57%-                 ] 4625 of 8000 complete in 339.4 sec
[-----------------57%--                ] 4632 of 8000 complete in 340.0 sec
[-----------------57%--                ] 4639 of 8000 complete in 340.5 sec
[-----------------58%--                ] 4646 of 8000 complete in 341.1 sec
[-----------------58%--                ] 4654 of 8000 complete in 341.6 sec
[-----------------58%--                ] 4662 of 8000 complete in 342.2 sec
[-----------------58%--                ] 4670 of 8000 complete in 342.7 sec
[-----------------58%--                ] 4677 of 8000 complete in 343.2 sec
[-----------------58%--                ] 4685 of 8000 complete in 343.8 sec
[-----------------58%--                ] 4692 of 8000 complete in 344.3 sec
[-----------------58%--                ] 4699 of 8000 complete in 344.9 sec
[-----------------58%--                ] 4705 of 8000 complete in 345.4 sec
[-----------------58%--                ] 4712 of 8000 complete in 345.9 sec
[-----------------58%--                ] 4719 of 8000 complete in 346.5 sec
[-----------------59%--                ] 4727 of 8000 complete in 347.0 sec
[-----------------59%--                ] 4735 of 8000 complete in 347.5 sec
[-----------------49%                  ] 3994 of 8000 complete in 291.6 sec
[-----------------50%                  ] 4002 of 8000 complete in 292.1 sec
[-----------------50%                  ] 4009 of 8000 complete in 292.6 sec
[-----------------50%                  ] 4017 of 8000 complete in 293.2 sec
[-----------------50%                  ] 4025 of 8000 complete in 293.7 sec
[-----------------50%                  ] 4033 of 8000 complete in 294.2 sec
[-----------------50%                  ] 4041 of 8000 complete in 294.8 sec
[-----------------50%                  ] 4049 of 8000 complete in 295.3 sec
[-----------------50%                  ] 4056 of 8000 complete in 295.8 sec
[-----------------50%                  ] 4064 of 8000 complete in 296.4 sec
[-----------------50%                  ] 4071 of 8000 complete in 296.9 sec
[-----------------50%                  ] 4078 of 8000 complete in 297.4 sec
[-----------------51%                  ] 4085 of 8000 complete in 297.9 sec
[-----------------51%                  ] 4092 of 8000 complete in 298.4 sec
[-----------------51%                  ] 4099 of 8000 complete in 299.0 sec
[-----------------51%                  ] 4106 of 8000 complete in 299.5 sec
[-----------------51%                  ] 4114 of 8000 complete in 300.1 sec
[-----------------51%                  ] 4121 of 8000 complete in 300.6 sec
[-----------------51%                  ] 4128 of 8000 complete in 301.2 sec
[-----------------51%                  ] 4135 of 8000 complete in 301.7 sec
[-----------------51%                  ] 4142 of 8000 complete in 302.2 sec
[-----------------51%                  ] 4149 of 8000 complete in 302.8 sec
[-----------------51%                  ] 4157 of 8000 complete in 303.3 sec
[-----------------52%                  ] 4164 of 8000 complete in 303.9 sec
[-----------------52%                  ] 4171 of 8000 complete in 304.4 sec
[-----------------52%                  ] 4179 of 8000 complete in 305.0 sec
[-----------------52%                  ] 4186 of 8000 complete in 305.5 sec
[-----------------52%                  ] 4194 of 8000 complete in 306.1 sec
[-----------------52%                  ] 4202 of 8000 complete in 306.6 sec
[-----------------52%                  ] 4210 of 8000 complete in 307.2 sec
[-----------------52%                  ] 4217 of 8000 complete in 307.8 sec
[-----------------52%                  ] 4224 of 8000 complete in 308.3 sec
[-----------------52%                  ] 4232 of 8000 complete in 308.9 sec
[-----------------53%                  ] 4240 of 8000 complete in 309.4 sec
[-----------------53%                  ] 4248 of 8000 complete in 310.0 sec
[-----------------53%                  ] 4255 of 8000 complete in 310.5 sec
[-----------------53%                  ] 4262 of 8000 complete in 311.0 sec
[-----------------53%                  ] 4269 of 8000 complete in 311.5 sec
[-----------------53%                  ] 4276 of 8000 complete in 312.0 sec
[-----------------53%                  ] 4283 of 8000 complete in 312.6 sec
[-----------------53%                  ] 4290 of 8000 complete in 313.1 sec
[-----------------53%                  ] 4297 of 8000 complete in 313.7 sec
[-----------------53%                  ] 4304 of 8000 complete in 314.2 sec
[-----------------53%                  ] 4310 of 8000 complete in 314.8 sec
[-----------------53%                  ] 4317 of 8000 complete in 315.4 sec
[-----------------54%                  ] 4323 of 8000 complete in 315.9 sec
[-----------------54%                  ] 4330 of 8000 complete in 316.4 sec
[-----------------54%                  ] 4336 of 8000 complete in 316.9 sec
[-----------------54%                  ] 4343 of 8000 complete in 317.5 sec
[-----------------54%                  ] 4350 of 8000 complete in 318.0 sec
[-----------------54%                  ] 4358 of 8000 complete in 318.5 sec
[-----------------54%                  ] 4366 of 8000 complete in 319.1 sec
[-----------------54%                  ] 4374 of 8000 complete in 319.6 sec
[-----------------54%                  ] 4382 of 8000 complete in 320.2 sec
[-----------------54%                  ] 4389 of 8000 complete in 320.7 sec
[-----------------54%                  ] 4397 of 8000 complete in 321.3 sec
[-----------------55%                  ] 4404 of 8000 complete in 321.8 sec
[-----------------55%                  ] 4411 of 8000 complete in 322.3 sec
[-----------------55%                  ] 4418 of 8000 complete in 322.9 sec
[-----------------55%-                 ] 4426 of 8000 complete in 323.4 sec
[-----------------55%-                 ] 4433 of 8000 complete in 323.9 sec
[-----------------55%-                 ] 4441 of 8000 complete in 324.5 sec
[-----------------55%-                 ] 4449 of 8000 complete in 325.0 sec
[-----------------55%-                 ] 4457 of 8000 complete in 325.5 sec
[-----------------55%-                 ] 4464 of 8000 complete in 326.1 sec
[-----------------55%-                 ] 4470 of 8000 complete in 326.6 sec
[-----------------55%-                 ] 4477 of 8000 complete in 327.1 sec
[-----------------56%-                 ] 4484 of 8000 complete in 327.7 sec
[-----------------56%-                 ] 4491 of 8000 complete in 328.2 sec
[-----------------56%-                 ] 4498 of 8000 complete in 328.8 sec
[-----------------56%-                 ] 4506 of 8000 complete in 329.3 sec
[-----------------56%-                 ] 4514 of 8000 complete in 329.8 sec
[-----------------56%-                 ] 4521 of 8000 complete in 330.4 sec
[-----------------56%-                 ] 4528 of 8000 complete in 330.9 sec
[-----------------56%-                 ] 4535 of 8000 complete in 331.4 sec
[-----------------56%-                 ] 4542 of 8000 complete in 332.0 sec
[-----------------56%-                 ] 4549 of 8000 complete in 332.6 sec
[-----------------56%-                 ] 4555 of 8000 complete in 333.1 sec
[-----------------57%-                 ] 4561 of 8000 complete in 333.6 sec
[-----------------57%-                 ] 4567 of 8000 complete in 334.1 sec
[-----------------57%-                 ] 4573 of 8000 complete in 334.6 sec
[-----------------57%-                 ] 4580 of 8000 complete in 335.2 sec
[-----------------57%-                 ] 4587 of 8000 complete in 335.8 sec
[-----------------57%-                 ] 4593 of 8000 complete in 336.3 sec
[-----------------57%-                 ] 4600 of 8000 complete in 336.8 sec
[-----------------57%-                 ] 4607 of 8000 complete in 337.4 sec
[-----------------57%-                 ] 4613 of 8000 complete in 337.9 sec
[-----------------57%-                 ] 4619 of 8000 complete in 338.4 sec
[-----------------57%-                 ] 4626 of 8000 complete in 339.0 sec
[-----------------57%--                ] 4633 of 8000 complete in 339.5 sec
[-----------------58%--                ] 4640 of 8000 complete in 340.0 sec
[-----------------58%--                ] 4647 of 8000 complete in 340.6 sec
[-----------------58%--                ] 4654 of 8000 complete in 341.1 sec
[-----------------58%--                ] 4662 of 8000 complete in 341.7 sec
[-----------------58%--                ] 4670 of 8000 complete in 342.2 sec
[-----------------58%--                ] 4677 of 8000 complete in 342.8 sec
[-----------------58%--                ] 4685 of 8000 complete in 343.3 sec
[-----------------58%--                ] 4692 of 8000 complete in 343.9 sec
[-----------------58%--                ] 4699 of 8000 complete in 344.5 sec
[-----------------58%--                ] 4706 of 8000 complete in 345.0 sec
[-----------------58%--                ] 4713 of 8000 complete in 345.5 sec
[-----------------59%--                ] 4721 of 8000 complete in 346.1 sec
[-----------------59%--                ] 4729 of 8000 complete in 346.6 sec
[-----------------59%--                ] 4736 of 8000 complete in 347.1 sec
[-----------------59%--                ] 4743 of 8000 complete in 347.6 sec
[-----------------59%--                ] 4751 of 8000 complete in 348.2 sec
[-----------------59%--                ] 4758 of 8000 complete in 348.7 sec
[-----------------49%                  ] 3934 of 8000 complete in 293.7 sec
[-----------------49%                  ] 3942 of 8000 complete in 294.3 sec
[-----------------49%                  ] 3950 of 8000 complete in 294.8 sec
[-----------------49%                  ] 3958 of 8000 complete in 295.3 sec
[-----------------49%                  ] 3966 of 8000 complete in 295.9 sec
[-----------------49%                  ] 3974 of 8000 complete in 296.4 sec
[-----------------49%                  ] 3981 of 8000 complete in 296.9 sec
[-----------------49%                  ] 3988 of 8000 complete in 297.5 sec
[-----------------49%                  ] 3995 of 8000 complete in 298.0 sec
[-----------------50%                  ] 4002 of 8000 complete in 298.6 sec
[-----------------50%                  ] 4009 of 8000 complete in 299.1 sec
[-----------------50%                  ] 4016 of 8000 complete in 299.6 sec
[-----------------50%                  ] 4023 of 8000 complete in 300.1 sec
[-----------------50%                  ] 4029 of 8000 complete in 300.6 sec
[-----------------50%                  ] 4036 of 8000 complete in 301.2 sec
[-----------------50%                  ] 4043 of 8000 complete in 301.7 sec
[-----------------50%                  ] 4050 of 8000 complete in 302.2 sec
[-----------------50%                  ] 4057 of 8000 complete in 302.8 sec
[-----------------50%                  ] 4064 of 8000 complete in 303.3 sec
[-----------------50%                  ] 4072 of 8000 complete in 303.9 sec
[-----------------50%                  ] 4078 of 8000 complete in 304.4 sec
[-----------------51%                  ] 4085 of 8000 complete in 304.9 sec
[-----------------51%                  ] 4092 of 8000 complete in 305.4 sec
[-----------------51%                  ] 4099 of 8000 complete in 306.0 sec
[-----------------51%                  ] 4106 of 8000 complete in 306.5 sec
[-----------------51%                  ] 4113 of 8000 complete in 307.0 sec
[-----------------51%                  ] 4120 of 8000 complete in 307.6 sec
[-----------------51%                  ] 4126 of 8000 complete in 308.1 sec
[-----------------51%                  ] 4133 of 8000 complete in 308.6 sec
[-----------------51%                  ] 4141 of 8000 complete in 309.2 sec
[-----------------51%                  ] 4149 of 8000 complete in 309.7 sec
[-----------------51%                  ] 4156 of 8000 complete in 310.3 sec
[-----------------52%                  ] 4163 of 8000 complete in 310.8 sec
[-----------------52%                  ] 4170 of 8000 complete in 311.3 sec
[-----------------52%                  ] 4177 of 8000 complete in 311.8 sec
[-----------------52%                  ] 4184 of 8000 complete in 312.4 sec
[-----------------52%                  ] 4191 of 8000 complete in 312.9 sec
[-----------------52%                  ] 4198 of 8000 complete in 313.4 sec
[-----------------52%                  ] 4204 of 8000 complete in 313.9 sec
[-----------------52%                  ] 4210 of 8000 complete in 314.5 sec
[-----------------52%                  ] 4216 of 8000 complete in 315.0 sec
[-----------------52%                  ] 4222 of 8000 complete in 315.5 sec
[-----------------52%                  ] 4229 of 8000 complete in 316.1 sec
[-----------------52%                  ] 4236 of 8000 complete in 316.6 sec
[-----------------53%                  ] 4243 of 8000 complete in 317.1 sec
[-----------------53%                  ] 4250 of 8000 complete in 317.7 sec
[-----------------53%                  ] 4257 of 8000 complete in 318.3 sec
[-----------------53%                  ] 4264 of 8000 complete in 318.8 sec
[-----------------53%                  ] 4271 of 8000 complete in 319.3 sec
[-----------------53%                  ] 4279 of 8000 complete in 319.8 sec
[-----------------53%                  ] 4286 of 8000 complete in 320.3 sec
[-----------------53%                  ] 4294 of 8000 complete in 320.9 sec
[-----------------53%                  ] 4302 of 8000 complete in 321.4 sec
[-----------------53%                  ] 4309 of 8000 complete in 322.0 sec
[-----------------53%                  ] 4316 of 8000 complete in 322.5 sec
[-----------------54%                  ] 4323 of 8000 complete in 323.0 sec
[-----------------54%                  ] 4331 of 8000 complete in 323.6 sec
[-----------------54%                  ] 4339 of 8000 complete in 324.1 sec
[-----------------54%                  ] 4347 of 8000 complete in 324.6 sec
[-----------------54%                  ] 4354 of 8000 complete in 325.1 sec
[-----------------54%                  ] 4361 of 8000 complete in 325.7 sec
[-----------------54%                  ] 4368 of 8000 complete in 326.2 sec
[-----------------54%                  ] 4374 of 8000 complete in 326.8 sec
[-----------------54%                  ] 4380 of 8000 complete in 327.3 sec
[-----------------54%                  ] 4387 of 8000 complete in 327.8 sec
[-----------------54%                  ] 4394 of 8000 complete in 328.3 sec
[-----------------55%                  ] 4402 of 8000 complete in 328.9 sec
[-----------------55%                  ] 4410 of 8000 complete in 329.4 sec
[-----------------55%                  ] 4418 of 8000 complete in 330.0 sec
[-----------------55%-                 ] 4425 of 8000 complete in 330.5 sec
[-----------------55%-                 ] 4431 of 8000 complete in 331.0 sec
[-----------------55%-                 ] 4438 of 8000 complete in 331.6 sec
[-----------------55%-                 ] 4445 of 8000 complete in 332.1 sec
[-----------------55%-                 ] 4452 of 8000 complete in 332.7 sec
[-----------------55%-                 ] 4458 of 8000 complete in 333.3 sec
[-----------------55%-                 ] 4464 of 8000 complete in 333.8 sec
[-----------------55%-                 ] 4471 of 8000 complete in 334.3 sec
[-----------------55%-                 ] 4477 of 8000 complete in 334.8 sec
[-----------------56%-                 ] 4484 of 8000 complete in 335.4 sec
[-----------------56%-                 ] 4490 of 8000 complete in 335.9 sec
[-----------------56%-                 ] 4497 of 8000 complete in 336.5 sec
[-----------------56%-                 ] 4503 of 8000 complete in 337.0 sec
[-----------------56%-                 ] 4509 of 8000 complete in 337.6 sec
[-----------------56%-                 ] 4516 of 8000 complete in 338.2 sec
[-----------------56%-                 ] 4522 of 8000 complete in 338.8 sec
[-----------------56%-                 ] 4528 of 8000 complete in 339.3 sec
[-----------------56%-                 ] 4535 of 8000 complete in 339.9 sec
[-----------------56%-                 ] 4542 of 8000 complete in 340.4 sec
[-----------------56%-                 ] 4549 of 8000 complete in 341.0 sec
[-----------------56%-                 ] 4557 of 8000 complete in 341.5 sec
[-----------------57%-                 ] 4565 of 8000 complete in 342.1 sec
[-----------------57%-                 ] 4573 of 8000 complete in 342.6 sec
[-----------------57%-                 ] 4580 of 8000 complete in 343.1 sec
[-----------------57%-                 ] 4587 of 8000 complete in 343.6 sec
[-----------------57%-                 ] 4594 of 8000 complete in 344.1 sec
[-----------------57%-                 ] 4601 of 8000 complete in 344.7 sec
[-----------------57%-                 ] 4608 of 8000 complete in 345.3 sec
[-----------------57%-                 ] 4615 of 8000 complete in 345.8 sec
[-----------------57%-                 ] 4623 of 8000 complete in 346.4 sec
[-----------------57%-                 ] 4631 of 8000 complete in 346.9 sec
[-----------------57%--                ] 4639 of 8000 complete in 347.4 sec
[-----------------58%--                ] 4647 of 8000 complete in 348.0 sec
[-----------------58%--                ] 4654 of 8000 complete in 348.5 sec
[-----------------58%--                ] 4661 of 8000 complete in 349.0 sec
[-----------------58%--                ] 4669 of 8000 complete in 349.5 sec
[-----------------58%--                ] 4677 of 8000 complete in 350.1 sec
[-----------------58%--                ] 4685 of 8000 complete in 350.6 sec
[-----------------60%---               ] 4854 of 8000 complete in 347.8 sec
[-----------------60%---               ] 4862 of 8000 complete in 348.4 sec
[-----------------60%---               ] 4869 of 8000 complete in 348.9 sec
[-----------------60%---               ] 4877 of 8000 complete in 349.4 sec
[-----------------61%---               ] 4885 of 8000 complete in 349.9 sec
[-----------------61%---               ] 4893 of 8000 complete in 350.5 sec
[-----------------61%---               ] 4900 of 8000 complete in 351.0 sec
[-----------------61%---               ] 4907 of 8000 complete in 351.5 sec
[-----------------61%---               ] 4914 of 8000 complete in 352.0 sec
[-----------------61%---               ] 4922 of 8000 complete in 352.6 sec
[-----------------61%---               ] 4929 of 8000 complete in 353.1 sec
[-----------------61%---               ] 4937 of 8000 complete in 353.7 sec
[-----------------61%---               ] 4944 of 8000 complete in 354.2 sec
[-----------------61%---               ] 4950 of 8000 complete in 354.7 sec
[-----------------61%---               ] 4956 of 8000 complete in 355.3 sec
[-----------------62%---               ] 4963 of 8000 complete in 355.8 sec
[-----------------62%---               ] 4970 of 8000 complete in 356.3 sec
[-----------------62%---               ] 4977 of 8000 complete in 356.9 sec
[-----------------62%---               ] 4984 of 8000 complete in 357.4 sec
[-----------------62%---               ] 4991 of 8000 complete in 357.9 sec
[-----------------62%---               ] 4999 of 8000 complete in 358.4 sec
[-----------------62%---               ] 5006 of 8000 complete in 358.9 sec
[-----------------62%---               ] 5013 of 8000 complete in 359.5 sec
[-----------------62%---               ] 5020 of 8000 complete in 360.0 sec
[-----------------62%---               ] 5027 of 8000 complete in 360.5 sec
[-----------------62%---               ] 5034 of 8000 complete in 361.1 sec
[-----------------63%---               ] 5041 of 8000 complete in 361.7 sec
[-----------------63%---               ] 5048 of 8000 complete in 362.2 sec
[-----------------63%----              ] 5055 of 8000 complete in 362.8 sec
[-----------------63%----              ] 5062 of 8000 complete in 363.3 sec
[-----------------63%----              ] 5069 of 8000 complete in 363.8 sec
[-----------------63%----              ] 5076 of 8000 complete in 364.4 sec
[-----------------63%----              ] 5083 of 8000 complete in 365.0 sec
[-----------------63%----              ] 5090 of 8000 complete in 365.5 sec
[-----------------63%----              ] 5096 of 8000 complete in 366.1 sec
[-----------------63%----              ] 5101 of 8000 complete in 366.7 sec
[-----------------63%----              ] 5106 of 8000 complete in 367.2 sec
[-----------------63%----              ] 5111 of 8000 complete in 367.7 sec
[-----------------63%----              ] 5116 of 8000 complete in 368.3 sec
[-----------------64%----              ] 5121 of 8000 complete in 368.8 sec
[-----------------64%----              ] 5127 of 8000 complete in 369.3 sec
[-----------------64%----              ] 5134 of 8000 complete in 369.8 sec
[-----------------64%----              ] 5143 of 8000 complete in 370.4 sec
[-----------------64%----              ] 5150 of 8000 complete in 370.9 sec
[-----------------64%----              ] 5158 of 8000 complete in 371.4 sec
[-----------------64%----              ] 5166 of 8000 complete in 371.9 sec
[-----------------64%----              ] 5174 of 8000 complete in 372.5 sec
[-----------------64%----              ] 5181 of 8000 complete in 373.0 sec
[-----------------64%----              ] 5189 of 8000 complete in 373.5 sec
[-----------------64%----              ] 5196 of 8000 complete in 374.0 sec
[-----------------65%----              ] 5204 of 8000 complete in 374.5 sec
[-----------------65%----              ] 5212 of 8000 complete in 375.1 sec
[-----------------65%----              ] 5220 of 8000 complete in 375.6 sec
[-----------------65%----              ] 5228 of 8000 complete in 376.1 sec
[-----------------65%----              ] 5236 of 8000 complete in 376.6 sec
[-----------------65%----              ] 5244 of 8000 complete in 377.2 sec
[-----------------65%----              ] 5252 of 8000 complete in 377.7 sec
[-----------------65%----              ] 5260 of 8000 complete in 378.2 sec
[-----------------65%-----             ] 5268 of 8000 complete in 378.8 sec
[-----------------65%-----             ] 5276 of 8000 complete in 379.3 sec
[-----------------66%-----             ] 5284 of 8000 complete in 379.9 sec
[-----------------66%-----             ] 5292 of 8000 complete in 380.4 sec
[-----------------66%-----             ] 5300 of 8000 complete in 380.9 sec
[-----------------66%-----             ] 5308 of 8000 complete in 381.5 sec
[-----------------66%-----             ] 5316 of 8000 complete in 382.0 sec
[-----------------66%-----             ] 5324 of 8000 complete in 382.5 sec
[-----------------66%-----             ] 5331 of 8000 complete in 383.1 sec
[-----------------66%-----             ] 5338 of 8000 complete in 383.6 sec
[-----------------66%-----             ] 5346 of 8000 complete in 384.1 sec
[-----------------66%-----             ] 5354 of 8000 complete in 384.6 sec
[-----------------67%-----             ] 5362 of 8000 complete in 385.2 sec
[-----------------67%-----             ] 5370 of 8000 complete in 385.7 sec
[-----------------67%-----             ] 5378 of 8000 complete in 386.2 sec
[-----------------67%-----             ] 5386 of 8000 complete in 386.8 sec
[-----------------67%-----             ] 5395 of 8000 complete in 387.3 sec
[-----------------67%-----             ] 5403 of 8000 complete in 387.8 sec
[-----------------67%-----             ] 5411 of 8000 complete in 388.4 sec
[-----------------67%-----             ] 5418 of 8000 complete in 388.9 sec
[-----------------67%-----             ] 5425 of 8000 complete in 389.4 sec
[-----------------67%-----             ] 5433 of 8000 complete in 390.0 sec
[-----------------68%-----             ] 5440 of 8000 complete in 390.5 sec
[-----------------68%-----             ] 5447 of 8000 complete in 391.0 sec
[-----------------68%-----             ] 5455 of 8000 complete in 391.6 sec
[-----------------68%-----             ] 5462 of 8000 complete in 392.1 sec
[-----------------68%-----             ] 5469 of 8000 complete in 392.6 sec
[-----------------68%------            ] 5476 of 8000 complete in 393.1 sec
[-----------------68%------            ] 5484 of 8000 complete in 393.7 sec
[-----------------68%------            ] 5491 of 8000 complete in 394.2 sec
[-----------------68%------            ] 5497 of 8000 complete in 394.7 sec
[-----------------68%------            ] 5504 of 8000 complete in 395.2 sec
[-----------------68%------            ] 5511 of 8000 complete in 395.7 sec
[-----------------68%------            ] 5518 of 8000 complete in 396.3 sec
[-----------------69%------            ] 5525 of 8000 complete in 396.8 sec
[-----------------69%------            ] 5532 of 8000 complete in 397.3 sec
[-----------------69%------            ] 5539 of 8000 complete in 397.9 sec
[-----------------69%------            ] 5548 of 8000 complete in 398.4 sec
[-----------------69%------            ] 5555 of 8000 complete in 399.0 sec
[-----------------69%------            ] 5562 of 8000 complete in 399.5 sec
[-----------------69%------            ] 5569 of 8000 complete in 400.0 sec
[-----------------69%------            ] 5577 of 8000 complete in 400.6 sec
[-----------------69%------            ] 5584 of 8000 complete in 401.1 sec
[-----------------69%------            ] 5592 of 8000 complete in 401.7 sec
[-----------------70%------            ] 5600 of 8000 complete in 402.3 sec
[-----------------70%------            ] 5608 of 8000 complete in 402.8 sec
[-----------------70%------            ] 5616 of 8000 complete in 403.3 sec
[-----------------70%------            ] 5624 of 8000 complete in 403.8 sec
[-----------------70%------            ] 5631 of 8000 complete in 404.3 sec
[-----------------59%--                ] 4743 of 8000 complete in 348.1 sec
[-----------------59%--                ] 4751 of 8000 complete in 348.6 sec
[-----------------59%--                ] 4758 of 8000 complete in 349.1 sec
[-----------------59%--                ] 4766 of 8000 complete in 349.7 sec
[-----------------59%--                ] 4774 of 8000 complete in 350.2 sec
[-----------------59%--                ] 4782 of 8000 complete in 350.8 sec
[-----------------59%--                ] 4789 of 8000 complete in 351.3 sec
[-----------------59%--                ] 4796 of 8000 complete in 351.8 sec
[-----------------60%--                ] 4803 of 8000 complete in 352.3 sec
[-----------------60%--                ] 4810 of 8000 complete in 352.8 sec
[-----------------60%--                ] 4817 of 8000 complete in 353.4 sec
[-----------------60%--                ] 4824 of 8000 complete in 353.9 sec
[-----------------60%--                ] 4831 of 8000 complete in 354.4 sec
[-----------------60%--                ] 4838 of 8000 complete in 355.0 sec
[-----------------60%---               ] 4844 of 8000 complete in 355.5 sec
[-----------------60%---               ] 4851 of 8000 complete in 356.1 sec
[-----------------60%---               ] 4858 of 8000 complete in 356.6 sec
[-----------------60%---               ] 4865 of 8000 complete in 357.1 sec
[-----------------60%---               ] 4872 of 8000 complete in 357.6 sec
[-----------------60%---               ] 4879 of 8000 complete in 358.2 sec
[-----------------61%---               ] 4886 of 8000 complete in 358.7 sec
[-----------------61%---               ] 4893 of 8000 complete in 359.2 sec
[-----------------61%---               ] 4900 of 8000 complete in 359.8 sec
[-----------------61%---               ] 4908 of 8000 complete in 360.3 sec
[-----------------61%---               ] 4914 of 8000 complete in 360.8 sec
[-----------------61%---               ] 4921 of 8000 complete in 361.4 sec
[-----------------61%---               ] 4928 of 8000 complete in 361.9 sec
[-----------------61%---               ] 4934 of 8000 complete in 362.4 sec
[-----------------61%---               ] 4940 of 8000 complete in 363.0 sec
[-----------------61%---               ] 4947 of 8000 complete in 363.5 sec
[-----------------61%---               ] 4954 of 8000 complete in 364.1 sec
[-----------------62%---               ] 4961 of 8000 complete in 364.6 sec
[-----------------62%---               ] 4967 of 8000 complete in 365.1 sec
[-----------------62%---               ] 4974 of 8000 complete in 365.7 sec
[-----------------62%---               ] 4980 of 8000 complete in 366.2 sec
[-----------------62%---               ] 4985 of 8000 complete in 366.8 sec
[-----------------62%---               ] 4990 of 8000 complete in 367.3 sec
[-----------------62%---               ] 4995 of 8000 complete in 367.8 sec
[-----------------62%---               ] 5001 of 8000 complete in 368.4 sec
[-----------------62%---               ] 5006 of 8000 complete in 368.9 sec
[-----------------62%---               ] 5013 of 8000 complete in 369.5 sec
[-----------------62%---               ] 5021 of 8000 complete in 370.1 sec
[-----------------62%---               ] 5029 of 8000 complete in 370.6 sec
[-----------------62%---               ] 5037 of 8000 complete in 371.1 sec
[-----------------63%---               ] 5045 of 8000 complete in 371.7 sec
[-----------------63%----              ] 5053 of 8000 complete in 372.2 sec
[-----------------63%----              ] 5060 of 8000 complete in 372.7 sec
[-----------------63%----              ] 5067 of 8000 complete in 373.3 sec
[-----------------63%----              ] 5075 of 8000 complete in 373.8 sec
[-----------------63%----              ] 5082 of 8000 complete in 374.4 sec
[-----------------63%----              ] 5090 of 8000 complete in 374.9 sec
[-----------------63%----              ] 5098 of 8000 complete in 375.4 sec
[-----------------63%----              ] 5106 of 8000 complete in 375.9 sec
[-----------------63%----              ] 5114 of 8000 complete in 376.5 sec
[-----------------64%----              ] 5122 of 8000 complete in 377.0 sec
[-----------------64%----              ] 5130 of 8000 complete in 377.5 sec
[-----------------64%----              ] 5137 of 8000 complete in 378.0 sec
[-----------------64%----              ] 5145 of 8000 complete in 378.6 sec
[-----------------64%----              ] 5153 of 8000 complete in 379.1 sec
[-----------------64%----              ] 5161 of 8000 complete in 379.6 sec
[-----------------64%----              ] 5169 of 8000 complete in 380.2 sec
[-----------------64%----              ] 5177 of 8000 complete in 380.7 sec
[-----------------64%----              ] 5185 of 8000 complete in 381.2 sec
[-----------------64%----              ] 5193 of 8000 complete in 381.7 sec
[-----------------65%----              ] 5201 of 8000 complete in 382.3 sec
[-----------------65%----              ] 5208 of 8000 complete in 382.8 sec
[-----------------65%----              ] 5215 of 8000 complete in 383.4 sec
[-----------------65%----              ] 5224 of 8000 complete in 384.0 sec
[-----------------65%----              ] 5231 of 8000 complete in 384.5 sec
[-----------------65%----              ] 5239 of 8000 complete in 385.0 sec
[-----------------65%----              ] 5246 of 8000 complete in 385.5 sec
[-----------------65%----              ] 5254 of 8000 complete in 386.0 sec
[-----------------65%----              ] 5262 of 8000 complete in 386.6 sec
[-----------------65%-----             ] 5270 of 8000 complete in 387.1 sec
[-----------------65%-----             ] 5278 of 8000 complete in 387.7 sec
[-----------------66%-----             ] 5286 of 8000 complete in 388.2 sec
[-----------------66%-----             ] 5294 of 8000 complete in 388.8 sec
[-----------------66%-----             ] 5301 of 8000 complete in 389.3 sec
[-----------------66%-----             ] 5309 of 8000 complete in 389.9 sec
[-----------------66%-----             ] 5316 of 8000 complete in 390.4 sec
[-----------------66%-----             ] 5323 of 8000 complete in 390.9 sec
[-----------------66%-----             ] 5331 of 8000 complete in 391.4 sec
[-----------------66%-----             ] 5339 of 8000 complete in 392.0 sec
[-----------------66%-----             ] 5346 of 8000 complete in 392.5 sec
[-----------------66%-----             ] 5352 of 8000 complete in 393.0 sec
[-----------------67%-----             ] 5360 of 8000 complete in 393.6 sec
[-----------------67%-----             ] 5367 of 8000 complete in 394.1 sec
[-----------------67%-----             ] 5374 of 8000 complete in 394.7 sec
[-----------------67%-----             ] 5381 of 8000 complete in 395.2 sec
[-----------------67%-----             ] 5388 of 8000 complete in 395.7 sec
[-----------------67%-----             ] 5395 of 8000 complete in 396.3 sec
[-----------------67%-----             ] 5402 of 8000 complete in 396.9 sec
[-----------------67%-----             ] 5409 of 8000 complete in 397.4 sec
[-----------------67%-----             ] 5416 of 8000 complete in 398.0 sec
[-----------------67%-----             ] 5423 of 8000 complete in 398.5 sec
[-----------------67%-----             ] 5431 of 8000 complete in 399.0 sec
[-----------------67%-----             ] 5438 of 8000 complete in 399.6 sec
[-----------------68%-----             ] 5445 of 8000 complete in 400.1 sec
[-----------------68%-----             ] 5452 of 8000 complete in 400.6 sec
[-----------------68%-----             ] 5459 of 8000 complete in 401.1 sec
[-----------------68%-----             ] 5467 of 8000 complete in 401.7 sec
[-----------------68%------            ] 5474 of 8000 complete in 402.2 sec
[-----------------68%------            ] 5482 of 8000 complete in 402.8 sec
[-----------------68%------            ] 5489 of 8000 complete in 403.3 sec
[-----------------68%------            ] 5496 of 8000 complete in 403.8 sec
[-----------------68%------            ] 5503 of 8000 complete in 404.3 sec
[-----------------68%------            ] 5510 of 8000 complete in 404.9 sec
[-----------------59%--                ] 4766 of 8000 complete in 349.3 sec
[-----------------59%--                ] 4773 of 8000 complete in 349.8 sec
[-----------------59%--                ] 4781 of 8000 complete in 350.3 sec
[-----------------59%--                ] 4788 of 8000 complete in 350.8 sec
[-----------------59%--                ] 4795 of 8000 complete in 351.3 sec
[-----------------60%--                ] 4802 of 8000 complete in 351.9 sec
[-----------------60%--                ] 4809 of 8000 complete in 352.4 sec
[-----------------60%--                ] 4815 of 8000 complete in 352.9 sec
[-----------------60%--                ] 4822 of 8000 complete in 353.4 sec
[-----------------60%--                ] 4829 of 8000 complete in 354.0 sec
[-----------------60%--                ] 4836 of 8000 complete in 354.5 sec
[-----------------60%--                ] 4842 of 8000 complete in 355.1 sec
[-----------------60%---               ] 4848 of 8000 complete in 355.6 sec
[-----------------60%---               ] 4855 of 8000 complete in 356.1 sec
[-----------------60%---               ] 4862 of 8000 complete in 356.7 sec
[-----------------60%---               ] 4869 of 8000 complete in 357.2 sec
[-----------------60%---               ] 4876 of 8000 complete in 357.7 sec
[-----------------61%---               ] 4883 of 8000 complete in 358.3 sec
[-----------------61%---               ] 4890 of 8000 complete in 358.8 sec
[-----------------61%---               ] 4897 of 8000 complete in 359.3 sec
[-----------------61%---               ] 4904 of 8000 complete in 359.8 sec
[-----------------61%---               ] 4910 of 8000 complete in 360.3 sec
[-----------------61%---               ] 4916 of 8000 complete in 360.8 sec
[-----------------61%---               ] 4922 of 8000 complete in 361.4 sec
[-----------------61%---               ] 4929 of 8000 complete in 361.9 sec
[-----------------61%---               ] 4936 of 8000 complete in 362.5 sec
[-----------------61%---               ] 4943 of 8000 complete in 363.1 sec
[-----------------61%---               ] 4950 of 8000 complete in 363.7 sec
[-----------------61%---               ] 4956 of 8000 complete in 364.2 sec
[-----------------62%---               ] 4962 of 8000 complete in 364.7 sec
[-----------------62%---               ] 4969 of 8000 complete in 365.2 sec
[-----------------62%---               ] 4975 of 8000 complete in 365.8 sec
[-----------------62%---               ] 4981 of 8000 complete in 366.4 sec
[-----------------62%---               ] 4986 of 8000 complete in 367.0 sec
[-----------------62%---               ] 4991 of 8000 complete in 367.5 sec
[-----------------62%---               ] 4996 of 8000 complete in 368.0 sec
[-----------------62%---               ] 5001 of 8000 complete in 368.5 sec
[-----------------62%---               ] 5006 of 8000 complete in 369.0 sec
[-----------------62%---               ] 5014 of 8000 complete in 369.6 sec
[-----------------62%---               ] 5022 of 8000 complete in 370.1 sec
[-----------------62%---               ] 5030 of 8000 complete in 370.6 sec
[-----------------62%---               ] 5038 of 8000 complete in 371.2 sec
[-----------------63%---               ] 5046 of 8000 complete in 371.7 sec
[-----------------63%----              ] 5054 of 8000 complete in 372.3 sec
[-----------------63%----              ] 5061 of 8000 complete in 372.8 sec
[-----------------63%----              ] 5069 of 8000 complete in 373.4 sec
[-----------------63%----              ] 5076 of 8000 complete in 373.9 sec
[-----------------63%----              ] 5084 of 8000 complete in 374.5 sec
[-----------------63%----              ] 5092 of 8000 complete in 375.0 sec
[-----------------63%----              ] 5100 of 8000 complete in 375.5 sec
[-----------------63%----              ] 5108 of 8000 complete in 376.1 sec
[-----------------63%----              ] 5116 of 8000 complete in 376.6 sec
[-----------------64%----              ] 5124 of 8000 complete in 377.1 sec
[-----------------64%----              ] 5132 of 8000 complete in 377.7 sec
[-----------------64%----              ] 5140 of 8000 complete in 378.2 sec
[-----------------64%----              ] 5148 of 8000 complete in 378.8 sec
[-----------------64%----              ] 5156 of 8000 complete in 379.3 sec
[-----------------64%----              ] 5163 of 8000 complete in 379.8 sec
[-----------------64%----              ] 5171 of 8000 complete in 380.4 sec
[-----------------64%----              ] 5179 of 8000 complete in 380.9 sec
[-----------------64%----              ] 5187 of 8000 complete in 381.5 sec
[-----------------64%----              ] 5195 of 8000 complete in 382.0 sec
[-----------------65%----              ] 5203 of 8000 complete in 382.6 sec
[-----------------65%----              ] 5210 of 8000 complete in 383.2 sec
[-----------------65%----              ] 5218 of 8000 complete in 383.7 sec
[-----------------65%----              ] 5226 of 8000 complete in 384.3 sec
[-----------------65%----              ] 5235 of 8000 complete in 384.8 sec
[-----------------65%----              ] 5243 of 8000 complete in 385.4 sec
[-----------------65%----              ] 5251 of 8000 complete in 385.9 sec
[-----------------65%----              ] 5259 of 8000 complete in 386.5 sec
[-----------------65%-----             ] 5267 of 8000 complete in 387.0 sec
[-----------------65%-----             ] 5275 of 8000 complete in 387.5 sec
[-----------------66%-----             ] 5283 of 8000 complete in 388.1 sec
[-----------------66%-----             ] 5290 of 8000 complete in 388.6 sec
[-----------------66%-----             ] 5297 of 8000 complete in 389.2 sec
[-----------------66%-----             ] 5305 of 8000 complete in 389.7 sec
[-----------------66%-----             ] 5313 of 8000 complete in 390.3 sec
[-----------------66%-----             ] 5320 of 8000 complete in 390.8 sec
[-----------------66%-----             ] 5327 of 8000 complete in 391.3 sec
[-----------------66%-----             ] 5334 of 8000 complete in 391.9 sec
[-----------------66%-----             ] 5342 of 8000 complete in 392.5 sec
[-----------------66%-----             ] 5349 of 8000 complete in 393.0 sec
[-----------------66%-----             ] 5356 of 8000 complete in 393.5 sec
[-----------------67%-----             ] 5363 of 8000 complete in 394.0 sec
[-----------------67%-----             ] 5369 of 8000 complete in 394.6 sec
[-----------------67%-----             ] 5376 of 8000 complete in 395.1 sec
[-----------------67%-----             ] 5383 of 8000 complete in 395.6 sec
[-----------------67%-----             ] 5390 of 8000 complete in 396.2 sec
[-----------------67%-----             ] 5397 of 8000 complete in 396.8 sec
[-----------------67%-----             ] 5404 of 8000 complete in 397.3 sec
[-----------------67%-----             ] 5412 of 8000 complete in 397.9 sec
[-----------------67%-----             ] 5420 of 8000 complete in 398.5 sec
[-----------------67%-----             ] 5427 of 8000 complete in 399.0 sec
[-----------------67%-----             ] 5434 of 8000 complete in 399.5 sec
[-----------------68%-----             ] 5441 of 8000 complete in 400.0 sec
[-----------------68%-----             ] 5448 of 8000 complete in 400.6 sec
[-----------------68%-----             ] 5455 of 8000 complete in 401.1 sec
[-----------------68%-----             ] 5462 of 8000 complete in 401.7 sec
[-----------------68%-----             ] 5469 of 8000 complete in 402.2 sec
[-----------------68%------            ] 5476 of 8000 complete in 402.7 sec
[-----------------68%------            ] 5484 of 8000 complete in 403.2 sec
[-----------------68%------            ] 5491 of 8000 complete in 403.7 sec
[-----------------68%------            ] 5498 of 8000 complete in 404.3 sec
[-----------------68%------            ] 5505 of 8000 complete in 404.8 sec
[-----------------68%------            ] 5512 of 8000 complete in 405.4 sec
[-----------------68%------            ] 5519 of 8000 complete in 405.9 sec
[-----------------69%------            ] 5526 of 8000 complete in 406.4 sec
[-----------------58%--                ] 4692 of 8000 complete in 351.1 sec
[-----------------58%--                ] 4699 of 8000 complete in 351.7 sec
[-----------------58%--                ] 4706 of 8000 complete in 352.2 sec
[-----------------58%--                ] 4713 of 8000 complete in 352.8 sec
[-----------------59%--                ] 4720 of 8000 complete in 353.3 sec
[-----------------59%--                ] 4727 of 8000 complete in 353.8 sec
[-----------------59%--                ] 4734 of 8000 complete in 354.4 sec
[-----------------59%--                ] 4740 of 8000 complete in 354.9 sec
[-----------------59%--                ] 4746 of 8000 complete in 355.5 sec
[-----------------59%--                ] 4752 of 8000 complete in 356.0 sec
[-----------------59%--                ] 4760 of 8000 complete in 356.6 sec
[-----------------59%--                ] 4767 of 8000 complete in 357.1 sec
[-----------------59%--                ] 4774 of 8000 complete in 357.6 sec
[-----------------59%--                ] 4781 of 8000 complete in 358.2 sec
[-----------------59%--                ] 4788 of 8000 complete in 358.7 sec
[-----------------59%--                ] 4795 of 8000 complete in 359.2 sec
[-----------------60%--                ] 4802 of 8000 complete in 359.7 sec
[-----------------60%--                ] 4809 of 8000 complete in 360.3 sec
[-----------------60%--                ] 4815 of 8000 complete in 360.8 sec
[-----------------60%--                ] 4821 of 8000 complete in 361.4 sec
[-----------------60%--                ] 4828 of 8000 complete in 361.9 sec
[-----------------60%--                ] 4835 of 8000 complete in 362.5 sec
[-----------------60%--                ] 4841 of 8000 complete in 363.0 sec
[-----------------60%---               ] 4848 of 8000 complete in 363.6 sec
[-----------------60%---               ] 4855 of 8000 complete in 364.2 sec
[-----------------60%---               ] 4861 of 8000 complete in 364.7 sec
[-----------------60%---               ] 4868 of 8000 complete in 365.3 sec
[-----------------60%---               ] 4875 of 8000 complete in 365.8 sec
[-----------------61%---               ] 4881 of 8000 complete in 366.4 sec
[-----------------61%---               ] 4886 of 8000 complete in 367.0 sec
[-----------------61%---               ] 4891 of 8000 complete in 367.6 sec
[-----------------61%---               ] 4896 of 8000 complete in 368.1 sec
[-----------------61%---               ] 4901 of 8000 complete in 368.6 sec
[-----------------61%---               ] 4907 of 8000 complete in 369.2 sec
[-----------------61%---               ] 4915 of 8000 complete in 369.8 sec
[-----------------61%---               ] 4923 of 8000 complete in 370.3 sec
[-----------------61%---               ] 4931 of 8000 complete in 370.9 sec
[-----------------61%---               ] 4939 of 8000 complete in 371.4 sec
[-----------------61%---               ] 4947 of 8000 complete in 372.0 sec
[-----------------61%---               ] 4955 of 8000 complete in 372.5 sec
[-----------------62%---               ] 4962 of 8000 complete in 373.1 sec
[-----------------62%---               ] 4969 of 8000 complete in 373.6 sec
[-----------------62%---               ] 4976 of 8000 complete in 374.1 sec
[-----------------62%---               ] 4984 of 8000 complete in 374.6 sec
[-----------------62%---               ] 4992 of 8000 complete in 375.2 sec
[-----------------62%---               ] 5000 of 8000 complete in 375.7 sec
[-----------------62%---               ] 5008 of 8000 complete in 376.3 sec
[-----------------62%---               ] 5016 of 8000 complete in 376.8 sec
[-----------------62%---               ] 5024 of 8000 complete in 377.4 sec
[-----------------62%---               ] 5031 of 8000 complete in 377.9 sec
[-----------------62%---               ] 5039 of 8000 complete in 378.5 sec
[-----------------63%---               ] 5047 of 8000 complete in 379.0 sec
[-----------------63%----              ] 5055 of 8000 complete in 379.5 sec
[-----------------63%----              ] 5063 of 8000 complete in 380.1 sec
[-----------------63%----              ] 5071 of 8000 complete in 380.6 sec
[-----------------63%----              ] 5079 of 8000 complete in 381.2 sec
[-----------------63%----              ] 5087 of 8000 complete in 381.7 sec
[-----------------63%----              ] 5095 of 8000 complete in 382.2 sec
[-----------------63%----              ] 5102 of 8000 complete in 382.8 sec
[-----------------63%----              ] 5109 of 8000 complete in 383.4 sec
[-----------------63%----              ] 5116 of 8000 complete in 383.9 sec
[-----------------64%----              ] 5123 of 8000 complete in 384.4 sec
[-----------------64%----              ] 5130 of 8000 complete in 384.9 sec
[-----------------64%----              ] 5138 of 8000 complete in 385.4 sec
[-----------------64%----              ] 5146 of 8000 complete in 386.0 sec
[-----------------64%----              ] 5154 of 8000 complete in 386.5 sec
[-----------------64%----              ] 5162 of 8000 complete in 387.1 sec
[-----------------64%----              ] 5170 of 8000 complete in 387.6 sec
[-----------------64%----              ] 5178 of 8000 complete in 388.2 sec
[-----------------64%----              ] 5185 of 8000 complete in 388.8 sec
[-----------------64%----              ] 5191 of 8000 complete in 389.3 sec
[-----------------64%----              ] 5198 of 8000 complete in 389.8 sec
[-----------------65%----              ] 5205 of 8000 complete in 390.3 sec
[-----------------65%----              ] 5212 of 8000 complete in 390.9 sec
[-----------------65%----              ] 5219 of 8000 complete in 391.4 sec
[-----------------65%----              ] 5226 of 8000 complete in 391.9 sec
[-----------------65%----              ] 5234 of 8000 complete in 392.5 sec
[-----------------65%----              ] 5241 of 8000 complete in 393.1 sec
[-----------------65%----              ] 5248 of 8000 complete in 393.6 sec
[-----------------65%----              ] 5255 of 8000 complete in 394.1 sec
[-----------------65%----              ] 5261 of 8000 complete in 394.7 sec
[-----------------65%-----             ] 5268 of 8000 complete in 395.2 sec
[-----------------65%-----             ] 5275 of 8000 complete in 395.8 sec
[-----------------66%-----             ] 5282 of 8000 complete in 396.3 sec
[-----------------66%-----             ] 5289 of 8000 complete in 396.9 sec
[-----------------66%-----             ] 5296 of 8000 complete in 397.4 sec
[-----------------66%-----             ] 5303 of 8000 complete in 397.9 sec
[-----------------66%-----             ] 5310 of 8000 complete in 398.5 sec
[-----------------66%-----             ] 5317 of 8000 complete in 399.0 sec
[-----------------66%-----             ] 5324 of 8000 complete in 399.6 sec
[-----------------66%-----             ] 5331 of 8000 complete in 400.1 sec
[-----------------66%-----             ] 5338 of 8000 complete in 400.7 sec
[-----------------66%-----             ] 5345 of 8000 complete in 401.2 sec
[-----------------66%-----             ] 5352 of 8000 complete in 401.8 sec
[-----------------66%-----             ] 5359 of 8000 complete in 402.3 sec
[-----------------67%-----             ] 5366 of 8000 complete in 402.8 sec
[-----------------67%-----             ] 5374 of 8000 complete in 403.4 sec
[-----------------67%-----             ] 5381 of 8000 complete in 403.9 sec
[-----------------67%-----             ] 5389 of 8000 complete in 404.5 sec
[-----------------67%-----             ] 5396 of 8000 complete in 405.0 sec
[-----------------67%-----             ] 5403 of 8000 complete in 405.6 sec
[-----------------67%-----             ] 5410 of 8000 complete in 406.1 sec
[-----------------67%-----             ] 5417 of 8000 complete in 406.6 sec
[-----------------67%-----             ] 5424 of 8000 complete in 407.2 sec
[-----------------67%-----             ] 5431 of 8000 complete in 407.7 sec
[-----------------67%-----             ] 5438 of 8000 complete in 408.2 sec
[-----------------68%-----             ] 5445 of 8000 complete in 408.8 sec
[-----------------70%------            ] 5638 of 8000 complete in 404.9 sec
[-----------------70%------            ] 5646 of 8000 complete in 405.4 sec
[-----------------70%------            ] 5653 of 8000 complete in 406.0 sec
[-----------------70%------            ] 5661 of 8000 complete in 406.5 sec
[-----------------70%------            ] 5668 of 8000 complete in 407.1 sec
[-----------------70%------            ] 5676 of 8000 complete in 407.6 sec
[-----------------71%------            ] 5683 of 8000 complete in 408.1 sec
[-----------------71%-------           ] 5690 of 8000 complete in 408.7 sec
[-----------------71%-------           ] 5698 of 8000 complete in 409.2 sec
[-----------------71%-------           ] 5705 of 8000 complete in 409.8 sec
[-----------------71%-------           ] 5712 of 8000 complete in 410.3 sec
[-----------------71%-------           ] 5719 of 8000 complete in 410.9 sec
[-----------------71%-------           ] 5725 of 8000 complete in 411.4 sec
[-----------------71%-------           ] 5732 of 8000 complete in 412.0 sec
[-----------------71%-------           ] 5740 of 8000 complete in 412.6 sec
[-----------------71%-------           ] 5748 of 8000 complete in 413.1 sec
[-----------------71%-------           ] 5756 of 8000 complete in 413.6 sec
[-----------------72%-------           ] 5764 of 8000 complete in 414.2 sec
[-----------------72%-------           ] 5772 of 8000 complete in 414.7 sec
[-----------------72%-------           ] 5780 of 8000 complete in 415.2 sec
[-----------------72%-------           ] 5788 of 8000 complete in 415.8 sec
[-----------------72%-------           ] 5796 of 8000 complete in 416.3 sec
[-----------------72%-------           ] 5804 of 8000 complete in 416.8 sec
[-----------------72%-------           ] 5812 of 8000 complete in 417.3 sec
[-----------------72%-------           ] 5820 of 8000 complete in 417.9 sec
[-----------------72%-------           ] 5828 of 8000 complete in 418.4 sec
[-----------------72%-------           ] 5836 of 8000 complete in 418.9 sec
[-----------------73%-------           ] 5843 of 8000 complete in 419.4 sec
[-----------------73%-------           ] 5850 of 8000 complete in 419.9 sec
[-----------------73%-------           ] 5857 of 8000 complete in 420.4 sec
[-----------------73%-------           ] 5863 of 8000 complete in 421.0 sec
[-----------------73%-------           ] 5870 of 8000 complete in 421.5 sec
[-----------------73%-------           ] 5877 of 8000 complete in 422.1 sec
[-----------------73%-------           ] 5884 of 8000 complete in 422.7 sec
[-----------------73%-------           ] 5891 of 8000 complete in 423.2 sec
[-----------------73%--------          ] 5899 of 8000 complete in 423.7 sec
[-----------------73%--------          ] 5906 of 8000 complete in 424.3 sec
[-----------------73%--------          ] 5913 of 8000 complete in 424.8 sec
[-----------------73%--------          ] 5919 of 8000 complete in 425.4 sec
[-----------------74%--------          ] 5926 of 8000 complete in 425.9 sec
[-----------------74%--------          ] 5933 of 8000 complete in 426.5 sec
[-----------------74%--------          ] 5939 of 8000 complete in 427.0 sec
[-----------------74%--------          ] 5945 of 8000 complete in 427.5 sec
[-----------------74%--------          ] 5952 of 8000 complete in 428.1 sec
[-----------------74%--------          ] 5959 of 8000 complete in 428.7 sec
[-----------------74%--------          ] 5965 of 8000 complete in 429.2 sec
[-----------------74%--------          ] 5971 of 8000 complete in 429.7 sec
[-----------------74%--------          ] 5978 of 8000 complete in 430.3 sec
[-----------------74%--------          ] 5984 of 8000 complete in 430.8 sec
[-----------------74%--------          ] 5990 of 8000 complete in 431.3 sec
[-----------------74%--------          ] 5996 of 8000 complete in 431.8 sec
[-----------------75%--------          ] 6002 of 8000 complete in 432.3 sec
[-----------------75%--------          ] 6007 of 8000 complete in 432.9 sec
[-----------------75%--------          ] 6012 of 8000 complete in 433.4 sec
[-----------------75%--------          ] 6018 of 8000 complete in 434.0 sec
[-----------------75%--------          ] 6024 of 8000 complete in 434.5 sec
[-----------------75%--------          ] 6030 of 8000 complete in 435.1 sec
[-----------------75%--------          ] 6036 of 8000 complete in 435.6 sec
[-----------------75%--------          ] 6042 of 8000 complete in 436.1 sec
[-----------------75%--------          ] 6048 of 8000 complete in 436.7 sec
[-----------------75%--------          ] 6054 of 8000 complete in 437.2 sec
[-----------------75%--------          ] 6060 of 8000 complete in 437.7 sec
[-----------------75%--------          ] 6066 of 8000 complete in 438.3 sec
[-----------------75%--------          ] 6072 of 8000 complete in 438.8 sec
[-----------------75%--------          ] 6078 of 8000 complete in 439.4 sec
[-----------------76%--------          ] 6083 of 8000 complete in 439.9 sec
[-----------------76%--------          ] 6089 of 8000 complete in 440.4 sec
[-----------------76%--------          ] 6096 of 8000 complete in 440.9 sec
[-----------------76%--------          ] 6104 of 8000 complete in 441.4 sec
[-----------------76%---------         ] 6113 of 8000 complete in 442.0 sec
[-----------------76%---------         ] 6121 of 8000 complete in 442.5 sec
[-----------------76%---------         ] 6129 of 8000 complete in 443.1 sec
[-----------------76%---------         ] 6137 of 8000 complete in 443.6 sec
[-----------------76%---------         ] 6144 of 8000 complete in 444.1 sec
[-----------------76%---------         ] 6153 of 8000 complete in 444.7 sec
[-----------------77%---------         ] 6161 of 8000 complete in 445.2 sec
[-----------------77%---------         ] 6169 of 8000 complete in 445.8 sec
[-----------------77%---------         ] 6177 of 8000 complete in 446.3 sec
[-----------------77%---------         ] 6185 of 8000 complete in 446.9 sec
[-----------------77%---------         ] 6194 of 8000 complete in 447.4 sec
[-----------------77%---------         ] 6203 of 8000 complete in 448.0 sec
[-----------------77%---------         ] 6212 of 8000 complete in 448.5 sec
[-----------------77%---------         ] 6220 of 8000 complete in 449.0 sec
[-----------------77%---------         ] 6228 of 8000 complete in 449.6 sec
[-----------------77%---------         ] 6236 of 8000 complete in 450.1 sec
[-----------------78%---------         ] 6243 of 8000 complete in 450.7 sec
[-----------------78%---------         ] 6250 of 8000 complete in 451.2 sec
[-----------------78%---------         ] 6258 of 8000 complete in 451.7 sec
[-----------------78%---------         ] 6265 of 8000 complete in 452.3 sec
[-----------------78%---------         ] 6272 of 8000 complete in 452.8 sec
[-----------------78%---------         ] 6279 of 8000 complete in 453.4 sec
[-----------------78%---------         ] 6286 of 8000 complete in 453.9 sec
[-----------------78%---------         ] 6293 of 8000 complete in 454.4 sec
[-----------------78%---------         ] 6299 of 8000 complete in 454.9 sec
[-----------------78%---------         ] 6306 of 8000 complete in 455.4 sec
[-----------------78%---------         ] 6313 of 8000 complete in 456.0 sec
[-----------------79%----------        ] 6320 of 8000 complete in 456.5 sec
[-----------------79%----------        ] 6328 of 8000 complete in 457.0 sec
[-----------------79%----------        ] 6335 of 8000 complete in 457.6 sec
[-----------------79%----------        ] 6342 of 8000 complete in 458.1 sec
[-----------------79%----------        ] 6349 of 8000 complete in 458.6 sec
[-----------------79%----------        ] 6357 of 8000 complete in 459.1 sec
[-----------------79%----------        ] 6365 of 8000 complete in 459.7 sec
[-----------------79%----------        ] 6373 of 8000 complete in 460.2 sec
[-----------------79%----------        ] 6382 of 8000 complete in 460.8 sec
[-----------------79%----------        ] 6390 of 8000 complete in 461.3 sec
[-----------------79%----------        ] 6398 of 8000 complete in 461.9 sec
[-----------------68%------            ] 5517 of 8000 complete in 405.4 sec
[-----------------69%------            ] 5524 of 8000 complete in 405.9 sec
[-----------------69%------            ] 5531 of 8000 complete in 406.4 sec
[-----------------69%------            ] 5538 of 8000 complete in 407.0 sec
[-----------------69%------            ] 5546 of 8000 complete in 407.5 sec
[-----------------69%------            ] 5554 of 8000 complete in 408.1 sec
[-----------------69%------            ] 5561 of 8000 complete in 408.6 sec
[-----------------69%------            ] 5569 of 8000 complete in 409.1 sec
[-----------------69%------            ] 5576 of 8000 complete in 409.7 sec
[-----------------69%------            ] 5583 of 8000 complete in 410.2 sec
[-----------------69%------            ] 5589 of 8000 complete in 410.7 sec
[-----------------69%------            ] 5595 of 8000 complete in 411.2 sec
[-----------------70%------            ] 5602 of 8000 complete in 411.8 sec
[-----------------70%------            ] 5609 of 8000 complete in 412.4 sec
[-----------------70%------            ] 5616 of 8000 complete in 412.9 sec
[-----------------70%------            ] 5624 of 8000 complete in 413.5 sec
[-----------------70%------            ] 5632 of 8000 complete in 414.0 sec
[-----------------70%------            ] 5640 of 8000 complete in 414.5 sec
[-----------------70%------            ] 5648 of 8000 complete in 415.1 sec
[-----------------70%------            ] 5656 of 8000 complete in 415.6 sec
[-----------------70%------            ] 5664 of 8000 complete in 416.1 sec
[-----------------70%------            ] 5671 of 8000 complete in 416.6 sec
[-----------------70%------            ] 5679 of 8000 complete in 417.2 sec
[-----------------71%-------           ] 5687 of 8000 complete in 417.7 sec
[-----------------71%-------           ] 5695 of 8000 complete in 418.3 sec
[-----------------71%-------           ] 5703 of 8000 complete in 418.8 sec
[-----------------71%-------           ] 5710 of 8000 complete in 419.3 sec
[-----------------71%-------           ] 5717 of 8000 complete in 419.9 sec
[-----------------71%-------           ] 5724 of 8000 complete in 420.4 sec
[-----------------71%-------           ] 5730 of 8000 complete in 421.0 sec
[-----------------71%-------           ] 5736 of 8000 complete in 421.5 sec
[-----------------71%-------           ] 5743 of 8000 complete in 422.1 sec
[-----------------71%-------           ] 5750 of 8000 complete in 422.7 sec
[-----------------71%-------           ] 5756 of 8000 complete in 423.2 sec
[-----------------72%-------           ] 5763 of 8000 complete in 423.7 sec
[-----------------72%-------           ] 5770 of 8000 complete in 424.3 sec
[-----------------72%-------           ] 5777 of 8000 complete in 424.8 sec
[-----------------72%-------           ] 5783 of 8000 complete in 425.3 sec
[-----------------72%-------           ] 5790 of 8000 complete in 425.9 sec
[-----------------72%-------           ] 5797 of 8000 complete in 426.5 sec
[-----------------72%-------           ] 5803 of 8000 complete in 427.0 sec
[-----------------72%-------           ] 5809 of 8000 complete in 427.5 sec
[-----------------72%-------           ] 5816 of 8000 complete in 428.1 sec
[-----------------72%-------           ] 5823 of 8000 complete in 428.7 sec
[-----------------72%-------           ] 5830 of 8000 complete in 429.2 sec
[-----------------72%-------           ] 5835 of 8000 complete in 429.8 sec
[-----------------73%-------           ] 5841 of 8000 complete in 430.3 sec
[-----------------73%-------           ] 5847 of 8000 complete in 430.8 sec
[-----------------73%-------           ] 5853 of 8000 complete in 431.4 sec
[-----------------73%-------           ] 5859 of 8000 complete in 431.9 sec
[-----------------73%-------           ] 5865 of 8000 complete in 432.4 sec
[-----------------73%-------           ] 5870 of 8000 complete in 432.9 sec
[-----------------73%-------           ] 5875 of 8000 complete in 433.5 sec
[-----------------73%-------           ] 5881 of 8000 complete in 434.0 sec
[-----------------73%-------           ] 5887 of 8000 complete in 434.6 sec
[-----------------73%-------           ] 5893 of 8000 complete in 435.2 sec
[-----------------73%--------          ] 5899 of 8000 complete in 435.7 sec
[-----------------73%--------          ] 5905 of 8000 complete in 436.2 sec
[-----------------73%--------          ] 5911 of 8000 complete in 436.8 sec
[-----------------73%--------          ] 5918 of 8000 complete in 437.4 sec
[-----------------74%--------          ] 5925 of 8000 complete in 437.9 sec
[-----------------74%--------          ] 5931 of 8000 complete in 438.5 sec
[-----------------74%--------          ] 5937 of 8000 complete in 439.1 sec
[-----------------74%--------          ] 5942 of 8000 complete in 439.6 sec
[-----------------74%--------          ] 5947 of 8000 complete in 440.1 sec
[-----------------74%--------          ] 5953 of 8000 complete in 440.6 sec
[-----------------74%--------          ] 5961 of 8000 complete in 441.2 sec
[-----------------74%--------          ] 5969 of 8000 complete in 441.7 sec
[-----------------74%--------          ] 5977 of 8000 complete in 442.2 sec
[-----------------74%--------          ] 5985 of 8000 complete in 442.8 sec
[-----------------74%--------          ] 5993 of 8000 complete in 443.3 sec
[-----------------75%--------          ] 6001 of 8000 complete in 443.9 sec
[-----------------75%--------          ] 6009 of 8000 complete in 444.4 sec
[-----------------75%--------          ] 6017 of 8000 complete in 444.9 sec
[-----------------75%--------          ] 6025 of 8000 complete in 445.5 sec
[-----------------75%--------          ] 6033 of 8000 complete in 446.0 sec
[-----------------75%--------          ] 6041 of 8000 complete in 446.5 sec
[-----------------75%--------          ] 6049 of 8000 complete in 447.0 sec
[-----------------75%--------          ] 6057 of 8000 complete in 447.6 sec
[-----------------75%--------          ] 6065 of 8000 complete in 448.1 sec
[-----------------75%--------          ] 6073 of 8000 complete in 448.6 sec
[-----------------76%--------          ] 6081 of 8000 complete in 449.2 sec
[-----------------76%--------          ] 6090 of 8000 complete in 449.7 sec
[-----------------76%--------          ] 6098 of 8000 complete in 450.3 sec
[-----------------76%--------          ] 6105 of 8000 complete in 450.9 sec
[-----------------76%---------         ] 6112 of 8000 complete in 451.4 sec
[-----------------76%---------         ] 6120 of 8000 complete in 452.0 sec
[-----------------76%---------         ] 6127 of 8000 complete in 452.5 sec
[-----------------76%---------         ] 6134 of 8000 complete in 453.1 sec
[-----------------76%---------         ] 6141 of 8000 complete in 453.6 sec
[-----------------76%---------         ] 6148 of 8000 complete in 454.2 sec
[-----------------76%---------         ] 6156 of 8000 complete in 454.7 sec
[-----------------77%---------         ] 6162 of 8000 complete in 455.2 sec
[-----------------77%---------         ] 6169 of 8000 complete in 455.8 sec
[-----------------77%---------         ] 6176 of 8000 complete in 456.3 sec
[-----------------77%---------         ] 6183 of 8000 complete in 456.9 sec
[-----------------77%---------         ] 6190 of 8000 complete in 457.4 sec
[-----------------77%---------         ] 6197 of 8000 complete in 458.0 sec
[-----------------77%---------         ] 6204 of 8000 complete in 458.5 sec
[-----------------77%---------         ] 6211 of 8000 complete in 459.0 sec
[-----------------77%---------         ] 6219 of 8000 complete in 459.6 sec
[-----------------77%---------         ] 6227 of 8000 complete in 460.1 sec
[-----------------77%---------         ] 6235 of 8000 complete in 460.7 sec
[-----------------78%---------         ] 6243 of 8000 complete in 461.2 sec
[-----------------78%---------         ] 6250 of 8000 complete in 461.8 sec
[-----------------78%---------         ] 6258 of 8000 complete in 462.3 sec
[-----------------78%---------         ] 6266 of 8000 complete in 462.8 sec
[-----------------69%------            ] 5533 of 8000 complete in 406.9 sec
[-----------------69%------            ] 5540 of 8000 complete in 407.5 sec
[-----------------69%------            ] 5547 of 8000 complete in 408.0 sec
[-----------------69%------            ] 5554 of 8000 complete in 408.5 sec
[-----------------69%------            ] 5561 of 8000 complete in 409.0 sec
[-----------------69%------            ] 5568 of 8000 complete in 409.6 sec
[-----------------69%------            ] 5575 of 8000 complete in 410.1 sec
[-----------------69%------            ] 5582 of 8000 complete in 410.7 sec
[-----------------69%------            ] 5588 of 8000 complete in 411.2 sec
[-----------------69%------            ] 5595 of 8000 complete in 411.8 sec
[-----------------70%------            ] 5602 of 8000 complete in 412.3 sec
[-----------------70%------            ] 5609 of 8000 complete in 412.8 sec
[-----------------70%------            ] 5617 of 8000 complete in 413.4 sec
[-----------------70%------            ] 5625 of 8000 complete in 413.9 sec
[-----------------70%------            ] 5633 of 8000 complete in 414.5 sec
[-----------------70%------            ] 5640 of 8000 complete in 415.0 sec
[-----------------70%------            ] 5648 of 8000 complete in 415.5 sec
[-----------------70%------            ] 5656 of 8000 complete in 416.0 sec
[-----------------70%------            ] 5664 of 8000 complete in 416.6 sec
[-----------------70%------            ] 5672 of 8000 complete in 417.2 sec
[-----------------71%------            ] 5680 of 8000 complete in 417.7 sec
[-----------------71%-------           ] 5688 of 8000 complete in 418.2 sec
[-----------------71%-------           ] 5696 of 8000 complete in 418.8 sec
[-----------------71%-------           ] 5703 of 8000 complete in 419.3 sec
[-----------------71%-------           ] 5711 of 8000 complete in 419.8 sec
[-----------------71%-------           ] 5718 of 8000 complete in 420.4 sec
[-----------------71%-------           ] 5724 of 8000 complete in 420.9 sec
[-----------------71%-------           ] 5730 of 8000 complete in 421.5 sec
[-----------------71%-------           ] 5736 of 8000 complete in 422.0 sec
[-----------------71%-------           ] 5743 of 8000 complete in 422.6 sec
[-----------------71%-------           ] 5750 of 8000 complete in 423.1 sec
[-----------------71%-------           ] 5758 of 8000 complete in 423.7 sec
[-----------------72%-------           ] 5765 of 8000 complete in 424.2 sec
[-----------------72%-------           ] 5771 of 8000 complete in 424.7 sec
[-----------------72%-------           ] 5777 of 8000 complete in 425.3 sec
[-----------------72%-------           ] 5783 of 8000 complete in 425.8 sec
[-----------------72%-------           ] 5789 of 8000 complete in 426.4 sec
[-----------------72%-------           ] 5795 of 8000 complete in 426.9 sec
[-----------------72%-------           ] 5801 of 8000 complete in 427.4 sec
[-----------------72%-------           ] 5807 of 8000 complete in 427.9 sec
[-----------------72%-------           ] 5813 of 8000 complete in 428.4 sec
[-----------------72%-------           ] 5819 of 8000 complete in 429.0 sec
[-----------------72%-------           ] 5825 of 8000 complete in 429.6 sec
[-----------------72%-------           ] 5832 of 8000 complete in 430.2 sec
[-----------------72%-------           ] 5838 of 8000 complete in 430.7 sec
[-----------------73%-------           ] 5844 of 8000 complete in 431.2 sec
[-----------------73%-------           ] 5850 of 8000 complete in 431.7 sec
[-----------------73%-------           ] 5856 of 8000 complete in 432.3 sec
[-----------------73%-------           ] 5861 of 8000 complete in 432.8 sec
[-----------------73%-------           ] 5866 of 8000 complete in 433.3 sec
[-----------------73%-------           ] 5871 of 8000 complete in 433.9 sec
[-----------------73%-------           ] 5877 of 8000 complete in 434.4 sec
[-----------------73%-------           ] 5883 of 8000 complete in 434.9 sec
[-----------------73%-------           ] 5889 of 8000 complete in 435.4 sec
[-----------------73%--------          ] 5895 of 8000 complete in 436.0 sec
[-----------------73%--------          ] 5901 of 8000 complete in 436.6 sec
[-----------------73%--------          ] 5907 of 8000 complete in 437.1 sec
[-----------------73%--------          ] 5913 of 8000 complete in 437.6 sec
[-----------------73%--------          ] 5919 of 8000 complete in 438.1 sec
[-----------------74%--------          ] 5925 of 8000 complete in 438.7 sec
[-----------------74%--------          ] 5931 of 8000 complete in 439.3 sec
[-----------------74%--------          ] 5936 of 8000 complete in 439.8 sec
[-----------------74%--------          ] 5942 of 8000 complete in 440.4 sec
[-----------------74%--------          ] 5949 of 8000 complete in 440.9 sec
[-----------------74%--------          ] 5957 of 8000 complete in 441.4 sec
[-----------------74%--------          ] 5965 of 8000 complete in 441.9 sec
[-----------------74%--------          ] 5973 of 8000 complete in 442.5 sec
[-----------------74%--------          ] 5981 of 8000 complete in 443.1 sec
[-----------------74%--------          ] 5989 of 8000 complete in 443.6 sec
[-----------------74%--------          ] 5997 of 8000 complete in 444.1 sec
[-----------------75%--------          ] 6005 of 8000 complete in 444.6 sec
[-----------------75%--------          ] 6013 of 8000 complete in 445.1 sec
[-----------------75%--------          ] 6021 of 8000 complete in 445.7 sec
[-----------------75%--------          ] 6029 of 8000 complete in 446.2 sec
[-----------------75%--------          ] 6037 of 8000 complete in 446.7 sec
[-----------------75%--------          ] 6045 of 8000 complete in 447.2 sec
[-----------------75%--------          ] 6054 of 8000 complete in 447.8 sec
[-----------------75%--------          ] 6062 of 8000 complete in 448.3 sec
[-----------------75%--------          ] 6070 of 8000 complete in 448.9 sec
[-----------------75%--------          ] 6078 of 8000 complete in 449.4 sec
[-----------------76%--------          ] 6086 of 8000 complete in 449.9 sec
[-----------------76%--------          ] 6094 of 8000 complete in 450.5 sec
[-----------------76%--------          ] 6101 of 8000 complete in 451.0 sec
[-----------------76%---------         ] 6109 of 8000 complete in 451.6 sec
[-----------------76%---------         ] 6116 of 8000 complete in 452.1 sec
[-----------------76%---------         ] 6123 of 8000 complete in 452.7 sec
[-----------------76%---------         ] 6130 of 8000 complete in 453.2 sec
[-----------------76%---------         ] 6137 of 8000 complete in 453.8 sec
[-----------------76%---------         ] 6145 of 8000 complete in 454.4 sec
[-----------------76%---------         ] 6151 of 8000 complete in 454.9 sec
[-----------------76%---------         ] 6157 of 8000 complete in 455.4 sec
[-----------------77%---------         ] 6164 of 8000 complete in 455.9 sec
[-----------------77%---------         ] 6171 of 8000 complete in 456.5 sec
[-----------------77%---------         ] 6178 of 8000 complete in 457.1 sec
[-----------------77%---------         ] 6184 of 8000 complete in 457.6 sec
[-----------------77%---------         ] 6191 of 8000 complete in 458.2 sec
[-----------------77%---------         ] 6198 of 8000 complete in 458.7 sec
[-----------------77%---------         ] 6206 of 8000 complete in 459.3 sec
[-----------------77%---------         ] 6213 of 8000 complete in 459.8 sec
[-----------------77%---------         ] 6221 of 8000 complete in 460.3 sec
[-----------------77%---------         ] 6228 of 8000 complete in 460.8 sec
[-----------------77%---------         ] 6236 of 8000 complete in 461.4 sec
[-----------------78%---------         ] 6244 of 8000 complete in 461.9 sec
[-----------------78%---------         ] 6252 of 8000 complete in 462.5 sec
[-----------------78%---------         ] 6260 of 8000 complete in 463.0 sec
[-----------------78%---------         ] 6268 of 8000 complete in 463.5 sec
[-----------------78%---------         ] 6276 of 8000 complete in 464.1 sec
[-----------------68%-----             ] 5452 of 8000 complete in 409.3 sec
[-----------------68%-----             ] 5459 of 8000 complete in 409.8 sec
[-----------------68%-----             ] 5466 of 8000 complete in 410.4 sec
[-----------------68%-----             ] 5472 of 8000 complete in 410.9 sec
[-----------------68%------            ] 5477 of 8000 complete in 411.5 sec
[-----------------68%------            ] 5484 of 8000 complete in 412.0 sec
[-----------------68%------            ] 5491 of 8000 complete in 412.6 sec
[-----------------68%------            ] 5498 of 8000 complete in 413.1 sec
[-----------------68%------            ] 5505 of 8000 complete in 413.6 sec
[-----------------68%------            ] 5513 of 8000 complete in 414.2 sec
[-----------------69%------            ] 5521 of 8000 complete in 414.7 sec
[-----------------69%------            ] 5529 of 8000 complete in 415.3 sec
[-----------------69%------            ] 5537 of 8000 complete in 415.8 sec
[-----------------69%------            ] 5545 of 8000 complete in 416.4 sec
[-----------------69%------            ] 5552 of 8000 complete in 416.9 sec
[-----------------69%------            ] 5560 of 8000 complete in 417.4 sec
[-----------------69%------            ] 5568 of 8000 complete in 417.9 sec
[-----------------69%------            ] 5576 of 8000 complete in 418.5 sec
[-----------------69%------            ] 5583 of 8000 complete in 419.0 sec
[-----------------69%------            ] 5590 of 8000 complete in 419.5 sec
[-----------------69%------            ] 5598 of 8000 complete in 420.1 sec
[-----------------70%------            ] 5604 of 8000 complete in 420.6 sec
[-----------------70%------            ] 5610 of 8000 complete in 421.2 sec
[-----------------70%------            ] 5616 of 8000 complete in 421.7 sec
[-----------------70%------            ] 5623 of 8000 complete in 422.3 sec
[-----------------70%------            ] 5629 of 8000 complete in 422.8 sec
[-----------------70%------            ] 5636 of 8000 complete in 423.4 sec
[-----------------70%------            ] 5643 of 8000 complete in 423.9 sec
[-----------------70%------            ] 5650 of 8000 complete in 424.5 sec
[-----------------70%------            ] 5656 of 8000 complete in 425.0 sec
[-----------------70%------            ] 5662 of 8000 complete in 425.5 sec
[-----------------70%------            ] 5668 of 8000 complete in 426.1 sec
[-----------------70%------            ] 5674 of 8000 complete in 426.6 sec
[-----------------71%------            ] 5680 of 8000 complete in 427.2 sec
[-----------------71%-------           ] 5686 of 8000 complete in 427.7 sec
[-----------------71%-------           ] 5693 of 8000 complete in 428.3 sec
[-----------------71%-------           ] 5699 of 8000 complete in 428.8 sec
[-----------------71%-------           ] 5705 of 8000 complete in 429.4 sec
[-----------------71%-------           ] 5712 of 8000 complete in 430.0 sec
[-----------------71%-------           ] 5718 of 8000 complete in 430.5 sec
[-----------------71%-------           ] 5724 of 8000 complete in 431.1 sec
[-----------------71%-------           ] 5730 of 8000 complete in 431.6 sec
[-----------------71%-------           ] 5736 of 8000 complete in 432.2 sec
[-----------------71%-------           ] 5742 of 8000 complete in 432.8 sec
[-----------------71%-------           ] 5747 of 8000 complete in 433.3 sec
[-----------------71%-------           ] 5752 of 8000 complete in 433.9 sec
[-----------------71%-------           ] 5758 of 8000 complete in 434.4 sec
[-----------------72%-------           ] 5764 of 8000 complete in 434.9 sec
[-----------------72%-------           ] 5770 of 8000 complete in 435.5 sec
[-----------------72%-------           ] 5776 of 8000 complete in 436.0 sec
[-----------------72%-------           ] 5782 of 8000 complete in 436.6 sec
[-----------------72%-------           ] 5788 of 8000 complete in 437.1 sec
[-----------------72%-------           ] 5794 of 8000 complete in 437.6 sec
[-----------------72%-------           ] 5800 of 8000 complete in 438.1 sec
[-----------------72%-------           ] 5806 of 8000 complete in 438.7 sec
[-----------------72%-------           ] 5812 of 8000 complete in 439.3 sec
[-----------------72%-------           ] 5817 of 8000 complete in 439.8 sec
[-----------------72%-------           ] 5823 of 8000 complete in 440.4 sec
[-----------------72%-------           ] 5830 of 8000 complete in 441.0 sec
[-----------------72%-------           ] 5838 of 8000 complete in 441.5 sec
[-----------------73%-------           ] 5846 of 8000 complete in 442.0 sec
[-----------------73%-------           ] 5854 of 8000 complete in 442.6 sec
[-----------------73%-------           ] 5861 of 8000 complete in 443.1 sec
[-----------------73%-------           ] 5869 of 8000 complete in 443.7 sec
[-----------------73%-------           ] 5877 of 8000 complete in 444.2 sec
[-----------------73%-------           ] 5885 of 8000 complete in 444.8 sec
[-----------------73%-------           ] 5893 of 8000 complete in 445.3 sec
[-----------------73%--------          ] 5901 of 8000 complete in 445.9 sec
[-----------------73%--------          ] 5909 of 8000 complete in 446.4 sec
[-----------------73%--------          ] 5917 of 8000 complete in 446.9 sec
[-----------------74%--------          ] 5925 of 8000 complete in 447.4 sec
[-----------------74%--------          ] 5933 of 8000 complete in 448.0 sec
[-----------------74%--------          ] 5941 of 8000 complete in 448.5 sec
[-----------------74%--------          ] 5949 of 8000 complete in 449.0 sec
[-----------------74%--------          ] 5957 of 8000 complete in 449.6 sec
[-----------------74%--------          ] 5965 of 8000 complete in 450.1 sec
[-----------------74%--------          ] 5972 of 8000 complete in 450.7 sec
[-----------------74%--------          ] 5979 of 8000 complete in 451.3 sec
[-----------------74%--------          ] 5987 of 8000 complete in 451.9 sec
[-----------------74%--------          ] 5994 of 8000 complete in 452.4 sec
[-----------------75%--------          ] 6000 of 8000 complete in 452.9 sec
[-----------------75%--------          ] 6007 of 8000 complete in 453.4 sec
[-----------------75%--------          ] 6014 of 8000 complete in 454.0 sec
[-----------------75%--------          ] 6021 of 8000 complete in 454.5 sec
[-----------------75%--------          ] 6027 of 8000 complete in 455.0 sec
[-----------------75%--------          ] 6034 of 8000 complete in 455.6 sec
[-----------------75%--------          ] 6041 of 8000 complete in 456.2 sec
[-----------------75%--------          ] 6048 of 8000 complete in 456.7 sec
[-----------------75%--------          ] 6055 of 8000 complete in 457.3 sec
[-----------------75%--------          ] 6062 of 8000 complete in 457.9 sec
[-----------------75%--------          ] 6069 of 8000 complete in 458.4 sec
[-----------------75%--------          ] 6076 of 8000 complete in 458.9 sec
[-----------------76%--------          ] 6084 of 8000 complete in 459.5 sec
[-----------------76%--------          ] 6092 of 8000 complete in 460.0 sec
[-----------------76%--------          ] 6100 of 8000 complete in 460.6 sec
[-----------------76%---------         ] 6108 of 8000 complete in 461.1 sec
[-----------------76%---------         ] 6116 of 8000 complete in 461.7 sec
[-----------------76%---------         ] 6124 of 8000 complete in 462.2 sec
[-----------------76%---------         ] 6132 of 8000 complete in 462.8 sec
[-----------------76%---------         ] 6140 of 8000 complete in 463.3 sec
[-----------------76%---------         ] 6149 of 8000 complete in 463.9 sec
[-----------------76%---------         ] 6158 of 8000 complete in 464.4 sec
[-----------------77%---------         ] 6167 of 8000 complete in 464.9 sec
[-----------------77%---------         ] 6175 of 8000 complete in 465.4 sec
[-----------------77%---------         ] 6184 of 8000 complete in 466.0 sec
[-----------------77%---------         ] 6193 of 8000 complete in 466.5 sec
[-----------------77%---------         ] 6202 of 8000 complete in 467.0 sec
[-----------------80%----------        ] 6406 of 8000 complete in 462.4 sec
[-----------------80%----------        ] 6414 of 8000 complete in 462.9 sec
[-----------------80%----------        ] 6422 of 8000 complete in 463.5 sec
[-----------------80%----------        ] 6431 of 8000 complete in 464.0 sec
[-----------------80%----------        ] 6439 of 8000 complete in 464.5 sec
[-----------------80%----------        ] 6448 of 8000 complete in 465.1 sec
[-----------------80%----------        ] 6457 of 8000 complete in 465.6 sec
[-----------------80%----------        ] 6467 of 8000 complete in 466.2 sec
[-----------------80%----------        ] 6476 of 8000 complete in 466.7 sec
[-----------------81%----------        ] 6485 of 8000 complete in 467.2 sec
[-----------------81%----------        ] 6494 of 8000 complete in 467.7 sec
[-----------------81%----------        ] 6504 of 8000 complete in 468.3 sec
[-----------------81%----------        ] 6514 of 8000 complete in 468.8 sec
[-----------------81%----------        ] 6523 of 8000 complete in 469.4 sec
[-----------------81%-----------       ] 6532 of 8000 complete in 469.9 sec
[-----------------81%-----------       ] 6541 of 8000 complete in 470.4 sec
[-----------------81%-----------       ] 6550 of 8000 complete in 471.0 sec
[-----------------81%-----------       ] 6557 of 8000 complete in 471.5 sec
[-----------------82%-----------       ] 6566 of 8000 complete in 472.0 sec
[-----------------82%-----------       ] 6575 of 8000 complete in 472.5 sec
[-----------------82%-----------       ] 6584 of 8000 complete in 473.1 sec
[-----------------82%-----------       ] 6593 of 8000 complete in 473.6 sec
[-----------------82%-----------       ] 6602 of 8000 complete in 474.1 sec
[-----------------82%-----------       ] 6611 of 8000 complete in 474.6 sec
[-----------------82%-----------       ] 6619 of 8000 complete in 475.1 sec
[-----------------82%-----------       ] 6626 of 8000 complete in 475.6 sec
[-----------------82%-----------       ] 6635 of 8000 complete in 476.2 sec
[-----------------83%-----------       ] 6644 of 8000 complete in 476.7 sec
[-----------------83%-----------       ] 6653 of 8000 complete in 477.3 sec
[-----------------83%-----------       ] 6662 of 8000 complete in 477.8 sec
[-----------------83%-----------       ] 6671 of 8000 complete in 478.3 sec
[-----------------83%-----------       ] 6681 of 8000 complete in 478.8 sec
[-----------------83%-----------       ] 6691 of 8000 complete in 479.4 sec
[-----------------83%-----------       ] 6701 of 8000 complete in 479.9 sec
[-----------------83%-----------       ] 6708 of 8000 complete in 480.4 sec
[-----------------83%-----------       ] 6714 of 8000 complete in 481.0 sec
[-----------------83%-----------       ] 6719 of 8000 complete in 481.5 sec
[-----------------84%-----------       ] 6726 of 8000 complete in 482.0 sec
[-----------------84%-----------       ] 6733 of 8000 complete in 482.6 sec
[-----------------84%------------      ] 6740 of 8000 complete in 483.1 sec
[-----------------84%------------      ] 6747 of 8000 complete in 483.6 sec
[-----------------84%------------      ] 6754 of 8000 complete in 484.2 sec
[-----------------84%------------      ] 6763 of 8000 complete in 484.7 sec
[-----------------84%------------      ] 6771 of 8000 complete in 485.3 sec
[-----------------84%------------      ] 6779 of 8000 complete in 485.8 sec
[-----------------84%------------      ] 6788 of 8000 complete in 486.3 sec
[-----------------84%------------      ] 6798 of 8000 complete in 486.8 sec
[-----------------85%------------      ] 6808 of 8000 complete in 487.3 sec
[-----------------85%------------      ] 6818 of 8000 complete in 487.9 sec
[-----------------85%------------      ] 6828 of 8000 complete in 488.4 sec
[-----------------85%------------      ] 6839 of 8000 complete in 488.9 sec
[-----------------85%------------      ] 6849 of 8000 complete in 489.4 sec
[-----------------85%------------      ] 6860 of 8000 complete in 489.9 sec
[-----------------85%------------      ] 6870 of 8000 complete in 490.4 sec
[-----------------86%------------      ] 6881 of 8000 complete in 491.0 sec
[-----------------86%------------      ] 6891 of 8000 complete in 491.5 sec
[-----------------86%------------      ] 6901 of 8000 complete in 492.0 sec
[-----------------86%------------      ] 6912 of 8000 complete in 492.5 sec
[-----------------86%------------      ] 6922 of 8000 complete in 493.0 sec
[-----------------86%------------      ] 6933 of 8000 complete in 493.6 sec
[-----------------86%------------      ] 6943 of 8000 complete in 494.1 sec
[-----------------86%-------------     ] 6953 of 8000 complete in 494.6 sec
[-----------------87%-------------     ] 6962 of 8000 complete in 495.1 sec
[-----------------87%-------------     ] 6971 of 8000 complete in 495.6 sec
[-----------------87%-------------     ] 6982 of 8000 complete in 496.2 sec
[-----------------87%-------------     ] 6992 of 8000 complete in 496.7 sec
[-----------------87%-------------     ] 7003 of 8000 complete in 497.2 sec
[-----------------87%-------------     ] 7014 of 8000 complete in 497.8 sec
[-----------------87%-------------     ] 7025 of 8000 complete in 498.3 sec
[-----------------87%-------------     ] 7035 of 8000 complete in 498.8 sec
[-----------------88%-------------     ] 7045 of 8000 complete in 499.3 sec
[-----------------88%-------------     ] 7055 of 8000 complete in 499.9 sec
[-----------------88%-------------     ] 7064 of 8000 complete in 500.4 sec
[-----------------88%-------------     ] 7075 of 8000 complete in 500.9 sec
[-----------------88%-------------     ] 7086 of 8000 complete in 501.4 sec
[-----------------88%-------------     ] 7096 of 8000 complete in 501.9 sec
[-----------------88%-------------     ] 7106 of 8000 complete in 502.4 sec
[-----------------88%-------------     ] 7116 of 8000 complete in 503.0 sec
[-----------------89%-------------     ] 7126 of 8000 complete in 503.5 sec
[-----------------89%-------------     ] 7137 of 8000 complete in 504.0 sec
[-----------------89%-------------     ] 7147 of 8000 complete in 504.5 sec
[-----------------89%--------------    ] 7158 of 8000 complete in 505.1 sec
[-----------------89%--------------    ] 7168 of 8000 complete in 505.6 sec
[-----------------89%--------------    ] 7177 of 8000 complete in 506.1 sec
[-----------------89%--------------    ] 7188 of 8000 complete in 506.6 sec
[-----------------89%--------------    ] 7198 of 8000 complete in 507.2 sec
[-----------------90%--------------    ] 7208 of 8000 complete in 507.7 sec
[-----------------90%--------------    ] 7218 of 8000 complete in 508.2 sec
[-----------------90%--------------    ] 7228 of 8000 complete in 508.7 sec
[-----------------90%--------------    ] 7238 of 8000 complete in 509.3 sec
[-----------------90%--------------    ] 7247 of 8000 complete in 509.8 sec
[-----------------90%--------------    ] 7256 of 8000 complete in 510.4 sec
[-----------------90%--------------    ] 7263 of 8000 complete in 510.9 sec
[-----------------90%--------------    ] 7272 of 8000 complete in 511.5 sec
[-----------------91%--------------    ] 7280 of 8000 complete in 512.0 sec
[-----------------91%--------------    ] 7287 of 8000 complete in 512.5 sec
[-----------------91%--------------    ] 7295 of 8000 complete in 513.0 sec
[-----------------91%--------------    ] 7303 of 8000 complete in 513.5 sec
[-----------------91%--------------    ] 7312 of 8000 complete in 514.1 sec
[-----------------91%--------------    ] 7321 of 8000 complete in 514.6 sec
[-----------------91%--------------    ] 7330 of 8000 complete in 515.1 sec
[-----------------91%--------------    ] 7339 of 8000 complete in 515.7 sec
[-----------------91%--------------    ] 7348 of 8000 complete in 516.2 sec
[-----------------91%--------------    ] 7358 of 8000 complete in 516.8 sec
[-----------------92%--------------    ] 7368 of 8000 complete in 517.3 sec
[-----------------92%---------------   ] 7377 of 8000 complete in 517.8 sec
[-----------------92%---------------   ] 7387 of 8000 complete in 518.3 sec
[-----------------78%---------         ] 6273 of 8000 complete in 463.3 sec
[-----------------78%---------         ] 6281 of 8000 complete in 463.9 sec
[-----------------78%---------         ] 6289 of 8000 complete in 464.4 sec
[-----------------78%---------         ] 6298 of 8000 complete in 464.9 sec
[-----------------78%---------         ] 6307 of 8000 complete in 465.5 sec
[-----------------78%----------        ] 6316 of 8000 complete in 466.0 sec
[-----------------79%----------        ] 6325 of 8000 complete in 466.5 sec
[-----------------79%----------        ] 6334 of 8000 complete in 467.1 sec
[-----------------79%----------        ] 6343 of 8000 complete in 467.6 sec
[-----------------79%----------        ] 6352 of 8000 complete in 468.2 sec
[-----------------79%----------        ] 6362 of 8000 complete in 468.7 sec
[-----------------79%----------        ] 6371 of 8000 complete in 469.2 sec
[-----------------79%----------        ] 6380 of 8000 complete in 469.8 sec
[-----------------79%----------        ] 6389 of 8000 complete in 470.3 sec
[-----------------79%----------        ] 6398 of 8000 complete in 470.9 sec
[-----------------80%----------        ] 6407 of 8000 complete in 471.4 sec
[-----------------80%----------        ] 6414 of 8000 complete in 471.9 sec
[-----------------80%----------        ] 6423 of 8000 complete in 472.4 sec
[-----------------80%----------        ] 6432 of 8000 complete in 473.0 sec
[-----------------80%----------        ] 6440 of 8000 complete in 473.5 sec
[-----------------80%----------        ] 6449 of 8000 complete in 474.0 sec
[-----------------80%----------        ] 6458 of 8000 complete in 474.5 sec
[-----------------80%----------        ] 6466 of 8000 complete in 475.0 sec
[-----------------80%----------        ] 6473 of 8000 complete in 475.5 sec
[-----------------81%----------        ] 6481 of 8000 complete in 476.1 sec
[-----------------81%----------        ] 6490 of 8000 complete in 476.6 sec
[-----------------81%----------        ] 6498 of 8000 complete in 477.2 sec
[-----------------81%----------        ] 6507 of 8000 complete in 477.7 sec
[-----------------81%----------        ] 6517 of 8000 complete in 478.2 sec
[-----------------81%----------        ] 6525 of 8000 complete in 478.7 sec
[-----------------81%-----------       ] 6535 of 8000 complete in 479.3 sec
[-----------------81%-----------       ] 6544 of 8000 complete in 479.8 sec
[-----------------81%-----------       ] 6552 of 8000 complete in 480.3 sec
[-----------------81%-----------       ] 6558 of 8000 complete in 480.9 sec
[-----------------82%-----------       ] 6563 of 8000 complete in 481.4 sec
[-----------------82%-----------       ] 6569 of 8000 complete in 481.9 sec
[-----------------82%-----------       ] 6576 of 8000 complete in 482.4 sec
[-----------------82%-----------       ] 6583 of 8000 complete in 483.0 sec
[-----------------82%-----------       ] 6590 of 8000 complete in 483.5 sec
[-----------------82%-----------       ] 6597 of 8000 complete in 484.0 sec
[-----------------82%-----------       ] 6605 of 8000 complete in 484.6 sec
[-----------------82%-----------       ] 6614 of 8000 complete in 485.1 sec
[-----------------82%-----------       ] 6623 of 8000 complete in 485.6 sec
[-----------------82%-----------       ] 6631 of 8000 complete in 486.1 sec
[-----------------83%-----------       ] 6640 of 8000 complete in 486.6 sec
[-----------------83%-----------       ] 6650 of 8000 complete in 487.2 sec
[-----------------83%-----------       ] 6659 of 8000 complete in 487.7 sec
[-----------------83%-----------       ] 6668 of 8000 complete in 488.2 sec
[-----------------83%-----------       ] 6679 of 8000 complete in 488.7 sec
[-----------------83%-----------       ] 6690 of 8000 complete in 489.3 sec
[-----------------83%-----------       ] 6700 of 8000 complete in 489.8 sec
[-----------------83%-----------       ] 6710 of 8000 complete in 490.3 sec
[-----------------84%-----------       ] 6721 of 8000 complete in 490.8 sec
[-----------------84%-----------       ] 6731 of 8000 complete in 491.4 sec
[-----------------84%------------      ] 6741 of 8000 complete in 491.9 sec
[-----------------84%------------      ] 6751 of 8000 complete in 492.5 sec
[-----------------84%------------      ] 6761 of 8000 complete in 493.0 sec
[-----------------84%------------      ] 6772 of 8000 complete in 493.5 sec
[-----------------84%------------      ] 6783 of 8000 complete in 494.0 sec
[-----------------84%------------      ] 6793 of 8000 complete in 494.6 sec
[-----------------85%------------      ] 6802 of 8000 complete in 495.1 sec
[-----------------85%------------      ] 6812 of 8000 complete in 495.6 sec
[-----------------85%------------      ] 6822 of 8000 complete in 496.1 sec
[-----------------85%------------      ] 6832 of 8000 complete in 496.6 sec
[-----------------85%------------      ] 6842 of 8000 complete in 497.1 sec
[-----------------85%------------      ] 6852 of 8000 complete in 497.7 sec
[-----------------85%------------      ] 6862 of 8000 complete in 498.2 sec
[-----------------85%------------      ] 6872 of 8000 complete in 498.7 sec
[-----------------86%------------      ] 6882 of 8000 complete in 499.2 sec
[-----------------86%------------      ] 6892 of 8000 complete in 499.7 sec
[-----------------86%------------      ] 6901 of 8000 complete in 500.3 sec
[-----------------86%------------      ] 6911 of 8000 complete in 500.8 sec
[-----------------86%------------      ] 6922 of 8000 complete in 501.3 sec
[-----------------86%------------      ] 6932 of 8000 complete in 501.9 sec
[-----------------86%------------      ] 6942 of 8000 complete in 502.4 sec
[-----------------86%-------------     ] 6952 of 8000 complete in 502.9 sec
[-----------------87%-------------     ] 6962 of 8000 complete in 503.4 sec
[-----------------87%-------------     ] 6972 of 8000 complete in 503.9 sec
[-----------------87%-------------     ] 6982 of 8000 complete in 504.4 sec
[-----------------87%-------------     ] 6992 of 8000 complete in 504.9 sec
[-----------------87%-------------     ] 7002 of 8000 complete in 505.5 sec
[-----------------87%-------------     ] 7012 of 8000 complete in 506.0 sec
[-----------------87%-------------     ] 7022 of 8000 complete in 506.5 sec
[-----------------87%-------------     ] 7033 of 8000 complete in 507.1 sec
[-----------------88%-------------     ] 7043 of 8000 complete in 507.6 sec
[-----------------88%-------------     ] 7054 of 8000 complete in 508.1 sec
[-----------------88%-------------     ] 7064 of 8000 complete in 508.6 sec
[-----------------88%-------------     ] 7075 of 8000 complete in 509.1 sec
[-----------------88%-------------     ] 7084 of 8000 complete in 509.7 sec
[-----------------88%-------------     ] 7093 of 8000 complete in 510.2 sec
[-----------------88%-------------     ] 7100 of 8000 complete in 510.7 sec
[-----------------88%-------------     ] 7107 of 8000 complete in 511.2 sec
[-----------------88%-------------     ] 7116 of 8000 complete in 511.8 sec
[-----------------89%-------------     ] 7124 of 8000 complete in 512.3 sec
[-----------------89%-------------     ] 7131 of 8000 complete in 512.8 sec
[-----------------89%-------------     ] 7138 of 8000 complete in 513.3 sec
[-----------------89%-------------     ] 7146 of 8000 complete in 513.8 sec
[-----------------89%-------------     ] 7155 of 8000 complete in 514.3 sec
[-----------------89%--------------    ] 7164 of 8000 complete in 514.9 sec
[-----------------89%--------------    ] 7172 of 8000 complete in 515.4 sec
[-----------------89%--------------    ] 7181 of 8000 complete in 515.9 sec
[-----------------89%--------------    ] 7190 of 8000 complete in 516.4 sec
[-----------------89%--------------    ] 7199 of 8000 complete in 517.0 sec
[-----------------90%--------------    ] 7208 of 8000 complete in 517.5 sec
[-----------------90%--------------    ] 7218 of 8000 complete in 518.0 sec
[-----------------90%--------------    ] 7228 of 8000 complete in 518.5 sec
[-----------------90%--------------    ] 7239 of 8000 complete in 519.1 sec
[-----------------78%---------         ] 6285 of 8000 complete in 464.6 sec
[-----------------78%---------         ] 6294 of 8000 complete in 465.1 sec
[-----------------78%---------         ] 6303 of 8000 complete in 465.7 sec
[-----------------78%---------         ] 6313 of 8000 complete in 466.2 sec
[-----------------79%----------        ] 6322 of 8000 complete in 466.8 sec
[-----------------79%----------        ] 6330 of 8000 complete in 467.3 sec
[-----------------79%----------        ] 6339 of 8000 complete in 467.8 sec
[-----------------79%----------        ] 6349 of 8000 complete in 468.4 sec
[-----------------79%----------        ] 6359 of 8000 complete in 468.9 sec
[-----------------79%----------        ] 6368 of 8000 complete in 469.4 sec
[-----------------79%----------        ] 6377 of 8000 complete in 470.0 sec
[-----------------79%----------        ] 6386 of 8000 complete in 470.5 sec
[-----------------79%----------        ] 6395 of 8000 complete in 471.0 sec
[-----------------80%----------        ] 6402 of 8000 complete in 471.5 sec
[-----------------80%----------        ] 6411 of 8000 complete in 472.1 sec
[-----------------80%----------        ] 6420 of 8000 complete in 472.6 sec
[-----------------80%----------        ] 6429 of 8000 complete in 473.1 sec
[-----------------80%----------        ] 6438 of 8000 complete in 473.7 sec
[-----------------80%----------        ] 6447 of 8000 complete in 474.2 sec
[-----------------80%----------        ] 6455 of 8000 complete in 474.8 sec
[-----------------80%----------        ] 6463 of 8000 complete in 475.3 sec
[-----------------80%----------        ] 6471 of 8000 complete in 475.9 sec
[-----------------81%----------        ] 6480 of 8000 complete in 476.4 sec
[-----------------81%----------        ] 6488 of 8000 complete in 477.0 sec
[-----------------81%----------        ] 6497 of 8000 complete in 477.5 sec
[-----------------81%----------        ] 6506 of 8000 complete in 478.0 sec
[-----------------81%----------        ] 6514 of 8000 complete in 478.5 sec
[-----------------81%----------        ] 6523 of 8000 complete in 479.0 sec
[-----------------81%-----------       ] 6532 of 8000 complete in 479.5 sec
[-----------------81%-----------       ] 6540 of 8000 complete in 480.0 sec
[-----------------81%-----------       ] 6546 of 8000 complete in 480.5 sec
[-----------------81%-----------       ] 6551 of 8000 complete in 481.1 sec
[-----------------81%-----------       ] 6557 of 8000 complete in 481.6 sec
[-----------------82%-----------       ] 6564 of 8000 complete in 482.2 sec
[-----------------82%-----------       ] 6571 of 8000 complete in 482.7 sec
[-----------------82%-----------       ] 6578 of 8000 complete in 483.2 sec
[-----------------82%-----------       ] 6585 of 8000 complete in 483.8 sec
[-----------------82%-----------       ] 6592 of 8000 complete in 484.3 sec
[-----------------82%-----------       ] 6600 of 8000 complete in 484.8 sec
[-----------------82%-----------       ] 6608 of 8000 complete in 485.4 sec
[-----------------82%-----------       ] 6617 of 8000 complete in 485.9 sec
[-----------------82%-----------       ] 6627 of 8000 complete in 486.5 sec
[-----------------82%-----------       ] 6636 of 8000 complete in 487.0 sec
[-----------------83%-----------       ] 6645 of 8000 complete in 487.5 sec
[-----------------83%-----------       ] 6655 of 8000 complete in 488.0 sec
[-----------------83%-----------       ] 6666 of 8000 complete in 488.5 sec
[-----------------83%-----------       ] 6676 of 8000 complete in 489.1 sec
[-----------------83%-----------       ] 6687 of 8000 complete in 489.6 sec
[-----------------83%-----------       ] 6697 of 8000 complete in 490.1 sec
[-----------------83%-----------       ] 6708 of 8000 complete in 490.6 sec
[-----------------83%-----------       ] 6718 of 8000 complete in 491.2 sec
[-----------------84%-----------       ] 6729 of 8000 complete in 491.7 sec
[-----------------84%------------      ] 6739 of 8000 complete in 492.2 sec
[-----------------84%------------      ] 6749 of 8000 complete in 492.8 sec
[-----------------84%------------      ] 6760 of 8000 complete in 493.3 sec
[-----------------84%------------      ] 6770 of 8000 complete in 493.8 sec
[-----------------84%------------      ] 6780 of 8000 complete in 494.3 sec
[-----------------84%------------      ] 6790 of 8000 complete in 494.9 sec
[-----------------85%------------      ] 6800 of 8000 complete in 495.4 sec
[-----------------85%------------      ] 6810 of 8000 complete in 496.0 sec
[-----------------85%------------      ] 6821 of 8000 complete in 496.5 sec
[-----------------85%------------      ] 6832 of 8000 complete in 497.0 sec
[-----------------85%------------      ] 6842 of 8000 complete in 497.5 sec
[-----------------85%------------      ] 6852 of 8000 complete in 498.1 sec
[-----------------85%------------      ] 6862 of 8000 complete in 498.6 sec
[-----------------85%------------      ] 6872 of 8000 complete in 499.1 sec
[-----------------86%------------      ] 6882 of 8000 complete in 499.7 sec
[-----------------86%------------      ] 6891 of 8000 complete in 500.2 sec
[-----------------86%------------      ] 6901 of 8000 complete in 500.7 sec
[-----------------86%------------      ] 6912 of 8000 complete in 501.2 sec
[-----------------86%------------      ] 6922 of 8000 complete in 501.8 sec
[-----------------86%------------      ] 6933 of 8000 complete in 502.3 sec
[-----------------86%------------      ] 6943 of 8000 complete in 502.8 sec
[-----------------86%-------------     ] 6953 of 8000 complete in 503.3 sec
[-----------------87%-------------     ] 6963 of 8000 complete in 503.8 sec
[-----------------87%-------------     ] 6974 of 8000 complete in 504.4 sec
[-----------------87%-------------     ] 6985 of 8000 complete in 504.9 sec
[-----------------87%-------------     ] 6995 of 8000 complete in 505.4 sec
[-----------------87%-------------     ] 7004 of 8000 complete in 506.0 sec
[-----------------87%-------------     ] 7014 of 8000 complete in 506.5 sec
[-----------------87%-------------     ] 7024 of 8000 complete in 507.0 sec
[-----------------87%-------------     ] 7034 of 8000 complete in 507.5 sec
[-----------------88%-------------     ] 7044 of 8000 complete in 508.1 sec
[-----------------88%-------------     ] 7054 of 8000 complete in 508.6 sec
[-----------------88%-------------     ] 7063 of 8000 complete in 509.1 sec
[-----------------88%-------------     ] 7072 of 8000 complete in 509.6 sec
[-----------------88%-------------     ] 7081 of 8000 complete in 510.2 sec
[-----------------88%-------------     ] 7088 of 8000 complete in 510.7 sec
[-----------------88%-------------     ] 7095 of 8000 complete in 511.2 sec
[-----------------88%-------------     ] 7104 of 8000 complete in 511.7 sec
[-----------------88%-------------     ] 7112 of 8000 complete in 512.2 sec
[-----------------88%-------------     ] 7119 of 8000 complete in 512.8 sec
[-----------------89%-------------     ] 7127 of 8000 complete in 513.3 sec
[-----------------89%-------------     ] 7135 of 8000 complete in 513.8 sec
[-----------------89%-------------     ] 7144 of 8000 complete in 514.4 sec
[-----------------89%-------------     ] 7153 of 8000 complete in 514.9 sec
[-----------------89%--------------    ] 7161 of 8000 complete in 515.4 sec
[-----------------89%--------------    ] 7170 of 8000 complete in 515.9 sec
[-----------------89%--------------    ] 7179 of 8000 complete in 516.4 sec
[-----------------89%--------------    ] 7188 of 8000 complete in 517.0 sec
[-----------------89%--------------    ] 7198 of 8000 complete in 517.5 sec
[-----------------90%--------------    ] 7208 of 8000 complete in 518.0 sec
[-----------------90%--------------    ] 7218 of 8000 complete in 518.6 sec
[-----------------90%--------------    ] 7229 of 8000 complete in 519.1 sec
[-----------------90%--------------    ] 7240 of 8000 complete in 519.6 sec
[-----------------90%--------------    ] 7250 of 8000 complete in 520.1 sec
[-----------------90%--------------    ] 7260 of 8000 complete in 520.7 sec
[-----------------77%---------         ] 6210 of 8000 complete in 467.5 sec
[-----------------77%---------         ] 6219 of 8000 complete in 468.0 sec
[-----------------77%---------         ] 6229 of 8000 complete in 468.6 sec
[-----------------77%---------         ] 6238 of 8000 complete in 469.1 sec
[-----------------78%---------         ] 6247 of 8000 complete in 469.6 sec
[-----------------78%---------         ] 6256 of 8000 complete in 470.2 sec
[-----------------78%---------         ] 6265 of 8000 complete in 470.7 sec
[-----------------78%---------         ] 6274 of 8000 complete in 471.3 sec
[-----------------78%---------         ] 6282 of 8000 complete in 471.8 sec
[-----------------78%---------         ] 6292 of 8000 complete in 472.3 sec
[-----------------78%---------         ] 6300 of 8000 complete in 472.9 sec
[-----------------78%---------         ] 6309 of 8000 complete in 473.4 sec
[-----------------78%----------        ] 6318 of 8000 complete in 473.9 sec
[-----------------79%----------        ] 6327 of 8000 complete in 474.4 sec
[-----------------79%----------        ] 6335 of 8000 complete in 475.0 sec
[-----------------79%----------        ] 6342 of 8000 complete in 475.5 sec
[-----------------79%----------        ] 6350 of 8000 complete in 476.0 sec
[-----------------79%----------        ] 6358 of 8000 complete in 476.5 sec
[-----------------79%----------        ] 6366 of 8000 complete in 477.1 sec
[-----------------79%----------        ] 6375 of 8000 complete in 477.6 sec
[-----------------79%----------        ] 6385 of 8000 complete in 478.1 sec
[-----------------79%----------        ] 6394 of 8000 complete in 478.7 sec
[-----------------80%----------        ] 6404 of 8000 complete in 479.2 sec
[-----------------80%----------        ] 6414 of 8000 complete in 479.7 sec
[-----------------80%----------        ] 6422 of 8000 complete in 480.2 sec
[-----------------80%----------        ] 6428 of 8000 complete in 480.8 sec
[-----------------80%----------        ] 6433 of 8000 complete in 481.3 sec
[-----------------80%----------        ] 6439 of 8000 complete in 481.8 sec
[-----------------80%----------        ] 6446 of 8000 complete in 482.3 sec
[-----------------80%----------        ] 6453 of 8000 complete in 482.9 sec
[-----------------80%----------        ] 6460 of 8000 complete in 483.4 sec
[-----------------80%----------        ] 6467 of 8000 complete in 483.9 sec
[-----------------80%----------        ] 6474 of 8000 complete in 484.4 sec
[-----------------81%----------        ] 6483 of 8000 complete in 485.0 sec
[-----------------81%----------        ] 6491 of 8000 complete in 485.5 sec
[-----------------81%----------        ] 6499 of 8000 complete in 486.0 sec
[-----------------81%----------        ] 6509 of 8000 complete in 486.5 sec
[-----------------81%----------        ] 6519 of 8000 complete in 487.1 sec
[-----------------81%-----------       ] 6529 of 8000 complete in 487.6 sec
[-----------------81%-----------       ] 6539 of 8000 complete in 488.1 sec
[-----------------81%-----------       ] 6549 of 8000 complete in 488.6 sec
[-----------------82%-----------       ] 6560 of 8000 complete in 489.2 sec
[-----------------82%-----------       ] 6570 of 8000 complete in 489.7 sec
[-----------------82%-----------       ] 6580 of 8000 complete in 490.2 sec
[-----------------82%-----------       ] 6592 of 8000 complete in 490.7 sec
[-----------------82%-----------       ] 6602 of 8000 complete in 491.3 sec
[-----------------82%-----------       ] 6612 of 8000 complete in 491.8 sec
[-----------------82%-----------       ] 6623 of 8000 complete in 492.3 sec
[-----------------82%-----------       ] 6633 of 8000 complete in 492.8 sec
[-----------------83%-----------       ] 6643 of 8000 complete in 493.4 sec
[-----------------83%-----------       ] 6654 of 8000 complete in 493.9 sec
[-----------------83%-----------       ] 6665 of 8000 complete in 494.4 sec
[-----------------83%-----------       ] 6674 of 8000 complete in 494.9 sec
[-----------------83%-----------       ] 6685 of 8000 complete in 495.5 sec
[-----------------83%-----------       ] 6696 of 8000 complete in 496.0 sec
[-----------------83%-----------       ] 6707 of 8000 complete in 496.6 sec
[-----------------83%-----------       ] 6717 of 8000 complete in 497.1 sec
[-----------------84%-----------       ] 6727 of 8000 complete in 497.6 sec
[-----------------84%------------      ] 6738 of 8000 complete in 498.1 sec
[-----------------84%------------      ] 6749 of 8000 complete in 498.7 sec
[-----------------84%------------      ] 6758 of 8000 complete in 499.2 sec
[-----------------84%------------      ] 6770 of 8000 complete in 499.8 sec
[-----------------84%------------      ] 6779 of 8000 complete in 500.3 sec
[-----------------84%------------      ] 6790 of 8000 complete in 500.8 sec
[-----------------85%------------      ] 6800 of 8000 complete in 501.4 sec
[-----------------85%------------      ] 6810 of 8000 complete in 501.9 sec
[-----------------85%------------      ] 6821 of 8000 complete in 502.4 sec
[-----------------85%------------      ] 6830 of 8000 complete in 502.9 sec
[-----------------85%------------      ] 6842 of 8000 complete in 503.5 sec
[-----------------85%------------      ] 6852 of 8000 complete in 504.0 sec
[-----------------85%------------      ] 6862 of 8000 complete in 504.5 sec
[-----------------85%------------      ] 6873 of 8000 complete in 505.1 sec
[-----------------86%------------      ] 6883 of 8000 complete in 505.6 sec
[-----------------86%------------      ] 6892 of 8000 complete in 506.1 sec
[-----------------86%------------      ] 6901 of 8000 complete in 506.6 sec
[-----------------86%------------      ] 6911 of 8000 complete in 507.1 sec
[-----------------86%------------      ] 6921 of 8000 complete in 507.6 sec
[-----------------86%------------      ] 6932 of 8000 complete in 508.2 sec
[-----------------86%------------      ] 6943 of 8000 complete in 508.7 sec
[-----------------86%-------------     ] 6953 of 8000 complete in 509.2 sec
[-----------------87%-------------     ] 6962 of 8000 complete in 509.7 sec
[-----------------87%-------------     ] 6971 of 8000 complete in 510.3 sec
[-----------------87%-------------     ] 6979 of 8000 complete in 510.8 sec
[-----------------87%-------------     ] 6987 of 8000 complete in 511.3 sec
[-----------------87%-------------     ] 6996 of 8000 complete in 511.8 sec
[-----------------87%-------------     ] 7004 of 8000 complete in 512.3 sec
[-----------------87%-------------     ] 7013 of 8000 complete in 512.9 sec
[-----------------87%-------------     ] 7021 of 8000 complete in 513.4 sec
[-----------------87%-------------     ] 7030 of 8000 complete in 514.0 sec
[-----------------87%-------------     ] 7039 of 8000 complete in 514.5 sec
[-----------------88%-------------     ] 7048 of 8000 complete in 515.0 sec
[-----------------88%-------------     ] 7057 of 8000 complete in 515.6 sec
[-----------------88%-------------     ] 7066 of 8000 complete in 516.1 sec
[-----------------88%-------------     ] 7075 of 8000 complete in 516.6 sec
[-----------------88%-------------     ] 7085 of 8000 complete in 517.2 sec
[-----------------88%-------------     ] 7094 of 8000 complete in 517.7 sec
[-----------------88%-------------     ] 7104 of 8000 complete in 518.2 sec
[-----------------88%-------------     ] 7115 of 8000 complete in 518.7 sec
[-----------------89%-------------     ] 7126 of 8000 complete in 519.2 sec
[-----------------89%-------------     ] 7136 of 8000 complete in 519.7 sec
[-----------------89%-------------     ] 7146 of 8000 complete in 520.3 sec
[-----------------89%-------------     ] 7155 of 8000 complete in 520.8 sec
[-----------------89%--------------    ] 7165 of 8000 complete in 521.3 sec
[-----------------89%--------------    ] 7176 of 8000 complete in 521.8 sec
[-----------------89%--------------    ] 7186 of 8000 complete in 522.4 sec
[-----------------89%--------------    ] 7196 of 8000 complete in 522.9 sec
[-----------------90%--------------    ] 7206 of 8000 complete in 523.4 sec
hddm sampling elpased time:  581.268 s
Start converting to InferenceData...
[chains] 完成 g8_refit（9.7 分钟；迹线 idiata.posterior）
[-----------------92%---------------   ] 7398 of 8000 complete in 518.9 sec
[-----------------92%---------------   ] 7409 of 8000 complete in 519.4 sec
[-----------------92%---------------   ] 7419 of 8000 complete in 519.9 sec
[-----------------92%---------------   ] 7429 of 8000 complete in 520.5 sec
[-----------------92%---------------   ] 7439 of 8000 complete in 521.0 sec
[-----------------93%---------------   ] 7449 of 8000 complete in 521.5 sec
[-----------------93%---------------   ] 7458 of 8000 complete in 522.0 sec
[-----------------93%---------------   ] 7467 of 8000 complete in 522.5 sec
[-----------------93%---------------   ] 7476 of 8000 complete in 523.0 sec
[-----------------93%---------------   ] 7487 of 8000 complete in 523.6 sec
[-----------------93%---------------   ] 7497 of 8000 complete in 524.1 sec
[-----------------93%---------------   ] 7508 of 8000 complete in 524.7 sec
[-----------------93%---------------   ] 7517 of 8000 complete in 525.2 sec
[-----------------94%---------------   ] 7527 of 8000 complete in 525.7 sec
[-----------------94%---------------   ] 7538 of 8000 complete in 526.2 sec
[-----------------94%---------------   ] 7548 of 8000 complete in 526.8 sec
[-----------------94%---------------   ] 7558 of 8000 complete in 527.3 sec
[-----------------94%---------------   ] 7568 of 8000 complete in 527.8 sec
[-----------------94%---------------   ] 7578 of 8000 complete in 528.3 sec
[-----------------94%----------------  ] 7588 of 8000 complete in 528.9 sec
[-----------------94%----------------  ] 7599 of 8000 complete in 529.4 sec
[-----------------95%----------------  ] 7609 of 8000 complete in 529.9 sec
[-----------------95%----------------  ] 7619 of 8000 complete in 530.5 sec
[-----------------95%----------------  ] 7629 of 8000 complete in 531.0 sec
[-----------------95%----------------  ] 7639 of 8000 complete in 531.5 sec
[-----------------95%----------------  ] 7649 of 8000 complete in 532.0 sec
[-----------------95%----------------  ] 7660 of 8000 complete in 532.6 sec
[-----------------95%----------------  ] 7669 of 8000 complete in 533.1 sec
[-----------------95%----------------  ] 7678 of 8000 complete in 533.6 sec
[-----------------96%----------------  ] 7688 of 8000 complete in 534.1 sec
[-----------------96%----------------  ] 7698 of 8000 complete in 534.6 sec
[-----------------96%----------------  ] 7708 of 8000 complete in 535.2 sec
[-----------------96%----------------  ] 7717 of 8000 complete in 535.7 sec
[-----------------96%----------------  ] 7727 of 8000 complete in 536.2 sec
[-----------------96%----------------  ] 7737 of 8000 complete in 536.8 sec
[-----------------96%----------------  ] 7747 of 8000 complete in 537.3 sec
[-----------------96%----------------  ] 7758 of 8000 complete in 537.9 sec
[-----------------97%----------------  ] 7768 of 8000 complete in 538.4 sec
[-----------------97%----------------  ] 7779 of 8000 complete in 538.9 sec
[-----------------97%----------------  ] 7789 of 8000 complete in 539.4 sec
[-----------------97%----------------- ] 7798 of 8000 complete in 539.9 sec
[-----------------97%----------------- ] 7806 of 8000 complete in 540.5 sec
[-----------------97%----------------- ] 7813 of 8000 complete in 541.0 sec
[-----------------97%----------------- ] 7821 of 8000 complete in 541.6 sec
[-----------------97%----------------- ] 7829 of 8000 complete in 542.1 sec
[-----------------97%----------------- ] 7837 of 8000 complete in 542.6 sec
[-----------------98%----------------- ] 7843 of 8000 complete in 543.1 sec
[-----------------98%----------------- ] 7852 of 8000 complete in 543.7 sec
[-----------------98%----------------- ] 7862 of 8000 complete in 544.2 sec
[-----------------98%----------------- ] 7872 of 8000 complete in 544.7 sec
[-----------------98%----------------- ] 7882 of 8000 complete in 545.2 sec
[-----------------98%----------------- ] 7891 of 8000 complete in 545.7 sec
[-----------------98%----------------- ] 7901 of 8000 complete in 546.3 sec
[-----------------98%----------------- ] 7911 of 8000 complete in 546.8 sec
[-----------------99%----------------- ] 7920 of 8000 complete in 547.3 sec
[-----------------99%----------------- ] 7929 of 8000 complete in 547.8 sec
[-----------------99%----------------- ] 7939 of 8000 complete in 548.4 sec
[-----------------99%----------------- ] 7949 of 8000 complete in 548.9 sec
[-----------------99%----------------- ] 7959 of 8000 complete in 549.4 sec
[-----------------99%----------------- ] 7968 of 8000 complete in 550.0 sec
[-----------------99%----------------- ] 7978 of 8000 complete in 550.5 sec
[-----------------99%----------------- ] 7987 of 8000 complete in 551.1 sec
[-----------------99%----------------- ] 7995 of 8000 complete in 551.6 sec
[-----------------100%-----------------] 8000 of 8000 complete in 552.0 sec
hddm sampling elpased time:  552.108 s
[-----------------90%--------------    ] 7250 of 8000 complete in 519.6 sec
[-----------------90%--------------    ] 7261 of 8000 complete in 520.2 sec
[-----------------90%--------------    ] 7271 of 8000 complete in 520.7 sec
[-----------------91%--------------    ] 7280 of 8000 complete in 521.2 sec
[-----------------91%--------------    ] 7290 of 8000 complete in 521.7 sec
[-----------------91%--------------    ] 7300 of 8000 complete in 522.3 sec
[-----------------91%--------------    ] 7310 of 8000 complete in 522.8 sec
[-----------------91%--------------    ] 7319 of 8000 complete in 523.3 sec
[-----------------91%--------------    ] 7330 of 8000 complete in 523.8 sec
[-----------------91%--------------    ] 7340 of 8000 complete in 524.3 sec
[-----------------91%--------------    ] 7350 of 8000 complete in 524.9 sec
[-----------------91%--------------    ] 7359 of 8000 complete in 525.4 sec
[-----------------92%---------------   ] 7369 of 8000 complete in 525.9 sec
[-----------------92%---------------   ] 7379 of 8000 complete in 526.5 sec
[-----------------92%---------------   ] 7389 of 8000 complete in 527.0 sec
[-----------------92%---------------   ] 7399 of 8000 complete in 527.5 sec
[-----------------92%---------------   ] 7409 of 8000 complete in 528.1 sec
[-----------------92%---------------   ] 7419 of 8000 complete in 528.6 sec
[-----------------92%---------------   ] 7429 of 8000 complete in 529.1 sec
[-----------------92%---------------   ] 7439 of 8000 complete in 529.6 sec
[-----------------93%---------------   ] 7449 of 8000 complete in 530.2 sec
[-----------------93%---------------   ] 7458 of 8000 complete in 530.7 sec
[-----------------93%---------------   ] 7468 of 8000 complete in 531.2 sec
[-----------------93%---------------   ] 7478 of 8000 complete in 531.8 sec
[-----------------93%---------------   ] 7488 of 8000 complete in 532.3 sec
[-----------------93%---------------   ] 7499 of 8000 complete in 532.8 sec
[-----------------93%---------------   ] 7508 of 8000 complete in 533.3 sec
[-----------------93%---------------   ] 7517 of 8000 complete in 533.8 sec
[-----------------94%---------------   ] 7526 of 8000 complete in 534.4 sec
[-----------------94%---------------   ] 7536 of 8000 complete in 534.9 sec
[-----------------94%---------------   ] 7546 of 8000 complete in 535.4 sec
[-----------------94%---------------   ] 7556 of 8000 complete in 536.0 sec
[-----------------94%---------------   ] 7564 of 8000 complete in 536.5 sec
[-----------------94%---------------   ] 7573 of 8000 complete in 537.0 sec
[-----------------94%----------------  ] 7583 of 8000 complete in 537.5 sec
[-----------------94%----------------  ] 7593 of 8000 complete in 538.0 sec
[-----------------95%----------------  ] 7603 of 8000 complete in 538.6 sec
[-----------------95%----------------  ] 7613 of 8000 complete in 539.1 sec
[-----------------95%----------------  ] 7623 of 8000 complete in 539.7 sec
[-----------------95%----------------  ] 7632 of 8000 complete in 540.2 sec
[-----------------95%----------------  ] 7640 of 8000 complete in 540.8 sec
[-----------------95%----------------  ] 7647 of 8000 complete in 541.3 sec
[-----------------95%----------------  ] 7655 of 8000 complete in 541.8 sec
[-----------------95%----------------  ] 7662 of 8000 complete in 542.4 sec
[-----------------95%----------------  ] 7670 of 8000 complete in 542.9 sec
[-----------------95%----------------  ] 7677 of 8000 complete in 543.5 sec
[-----------------96%----------------  ] 7687 of 8000 complete in 544.0 sec
[-----------------96%----------------  ] 7696 of 8000 complete in 544.6 sec
[-----------------96%----------------  ] 7706 of 8000 complete in 545.1 sec
[-----------------96%----------------  ] 7715 of 8000 complete in 545.6 sec
[-----------------96%----------------  ] 7724 of 8000 complete in 546.1 sec
[-----------------96%----------------  ] 7734 of 8000 complete in 546.6 sec
[-----------------96%----------------  ] 7744 of 8000 complete in 547.2 sec
[-----------------96%----------------  ] 7753 of 8000 complete in 547.7 sec
[-----------------97%----------------  ] 7764 of 8000 complete in 548.2 sec
[-----------------97%----------------  ] 7774 of 8000 complete in 548.8 sec
[-----------------97%----------------  ] 7784 of 8000 complete in 549.3 sec
[-----------------97%----------------- ] 7793 of 8000 complete in 549.8 sec
[-----------------97%----------------- ] 7802 of 8000 complete in 550.4 sec
[-----------------97%----------------- ] 7810 of 8000 complete in 550.9 sec
[-----------------97%----------------- ] 7818 of 8000 complete in 551.4 sec
[-----------------97%----------------- ] 7826 of 8000 complete in 551.9 sec
[-----------------97%----------------- ] 7834 of 8000 complete in 552.5 sec
[-----------------98%----------------- ] 7842 of 8000 complete in 553.1 sec
[-----------------98%----------------- ] 7850 of 8000 complete in 553.6 sec
[-----------------98%----------------- ] 7858 of 8000 complete in 554.1 sec
[-----------------98%----------------- ] 7867 of 8000 complete in 554.6 sec
[-----------------98%----------------- ] 7875 of 8000 complete in 555.2 sec
[-----------------98%----------------- ] 7885 of 8000 complete in 555.7 sec
[-----------------98%----------------- ] 7894 of 8000 complete in 556.2 sec
[-----------------98%----------------- ] 7903 of 8000 complete in 556.8 sec
[-----------------98%----------------- ] 7912 of 8000 complete in 557.3 sec
[-----------------99%----------------- ] 7921 of 8000 complete in 557.9 sec
[-----------------99%----------------- ] 7930 of 8000 complete in 558.4 sec
[-----------------99%----------------- ] 7939 of 8000 complete in 558.9 sec
[-----------------99%----------------- ] 7948 of 8000 complete in 559.5 sec
[-----------------99%----------------- ] 7956 of 8000 complete in 560.0 sec
[-----------------99%----------------- ] 7964 of 8000 complete in 560.5 sec
[-----------------99%----------------- ] 7972 of 8000 complete in 561.0 sec
[-----------------99%----------------- ] 7980 of 8000 complete in 561.5 sec
[-----------------99%----------------- ] 7989 of 8000 complete in 562.0 sec
[-----------------99%----------------- ] 7999 of 8000 complete in 562.6 sec
[-----------------100%-----------------] 8000 of 8000 complete in 562.7 sec
hddm sampling elpased time:  562.79 s
[-----------------90%--------------    ] 7271 of 8000 complete in 521.2 sec
[-----------------91%--------------    ] 7281 of 8000 complete in 521.7 sec
[-----------------91%--------------    ] 7290 of 8000 complete in 522.2 sec
[-----------------91%--------------    ] 7300 of 8000 complete in 522.8 sec
[-----------------91%--------------    ] 7310 of 8000 complete in 523.3 sec
[-----------------91%--------------    ] 7320 of 8000 complete in 523.8 sec
[-----------------91%--------------    ] 7331 of 8000 complete in 524.3 sec
[-----------------91%--------------    ] 7341 of 8000 complete in 524.9 sec
[-----------------91%--------------    ] 7351 of 8000 complete in 525.4 sec
[-----------------92%--------------    ] 7361 of 8000 complete in 526.0 sec
[-----------------92%---------------   ] 7371 of 8000 complete in 526.5 sec
[-----------------92%---------------   ] 7381 of 8000 complete in 527.0 sec
[-----------------92%---------------   ] 7390 of 8000 complete in 527.5 sec
[-----------------92%---------------   ] 7400 of 8000 complete in 528.0 sec
[-----------------92%---------------   ] 7410 of 8000 complete in 528.5 sec
[-----------------92%---------------   ] 7420 of 8000 complete in 529.1 sec
[-----------------92%---------------   ] 7430 of 8000 complete in 529.6 sec
[-----------------92%---------------   ] 7439 of 8000 complete in 530.1 sec
[-----------------93%---------------   ] 7448 of 8000 complete in 530.6 sec
[-----------------93%---------------   ] 7458 of 8000 complete in 531.2 sec
[-----------------93%---------------   ] 7468 of 8000 complete in 531.7 sec
[-----------------93%---------------   ] 7478 of 8000 complete in 532.2 sec
[-----------------93%---------------   ] 7488 of 8000 complete in 532.7 sec
[-----------------93%---------------   ] 7498 of 8000 complete in 533.3 sec
[-----------------93%---------------   ] 7508 of 8000 complete in 533.8 sec
[-----------------93%---------------   ] 7518 of 8000 complete in 534.3 sec
[-----------------94%---------------   ] 7527 of 8000 complete in 534.9 sec
[-----------------94%---------------   ] 7537 of 8000 complete in 535.4 sec
[-----------------94%---------------   ] 7546 of 8000 complete in 535.9 sec
[-----------------94%---------------   ] 7555 of 8000 complete in 536.5 sec
[-----------------94%---------------   ] 7564 of 8000 complete in 537.0 sec
[-----------------94%---------------   ] 7575 of 8000 complete in 537.5 sec
[-----------------94%----------------  ] 7586 of 8000 complete in 538.1 sec
[-----------------94%----------------  ] 7596 of 8000 complete in 538.6 sec
[-----------------95%----------------  ] 7607 of 8000 complete in 539.1 sec
[-----------------95%----------------  ] 7616 of 8000 complete in 539.7 sec
[-----------------95%----------------  ] 7625 of 8000 complete in 540.2 sec
[-----------------95%----------------  ] 7632 of 8000 complete in 540.8 sec
[-----------------95%----------------  ] 7639 of 8000 complete in 541.3 sec
[-----------------95%----------------  ] 7647 of 8000 complete in 541.9 sec
[-----------------95%----------------  ] 7655 of 8000 complete in 542.4 sec
[-----------------95%----------------  ] 7662 of 8000 complete in 543.0 sec
[-----------------95%----------------  ] 7670 of 8000 complete in 543.5 sec
[-----------------96%----------------  ] 7680 of 8000 complete in 544.1 sec
[-----------------96%----------------  ] 7690 of 8000 complete in 544.6 sec
[-----------------96%----------------  ] 7700 of 8000 complete in 545.1 sec
[-----------------96%----------------  ] 7709 of 8000 complete in 545.7 sec
[-----------------96%----------------  ] 7719 of 8000 complete in 546.2 sec
[-----------------96%----------------  ] 7729 of 8000 complete in 546.7 sec
[-----------------96%----------------  ] 7739 of 8000 complete in 547.2 sec
[-----------------96%----------------  ] 7749 of 8000 complete in 547.8 sec
[-----------------96%----------------  ] 7758 of 8000 complete in 548.3 sec
[-----------------97%----------------  ] 7768 of 8000 complete in 548.8 sec
[-----------------97%----------------  ] 7778 of 8000 complete in 549.3 sec
[-----------------97%----------------  ] 7787 of 8000 complete in 549.9 sec
[-----------------97%----------------- ] 7796 of 8000 complete in 550.4 sec
[-----------------97%----------------- ] 7804 of 8000 complete in 550.9 sec
[-----------------97%----------------- ] 7812 of 8000 complete in 551.5 sec
[-----------------97%----------------- ] 7821 of 8000 complete in 552.0 sec
[-----------------97%----------------- ] 7828 of 8000 complete in 552.5 sec
[-----------------97%----------------- ] 7836 of 8000 complete in 553.1 sec
[-----------------98%----------------- ] 7844 of 8000 complete in 553.6 sec
[-----------------98%----------------- ] 7853 of 8000 complete in 554.2 sec
[-----------------98%----------------- ] 7862 of 8000 complete in 554.7 sec
[-----------------98%----------------- ] 7871 of 8000 complete in 555.2 sec
[-----------------98%----------------- ] 7880 of 8000 complete in 555.8 sec
[-----------------98%----------------- ] 7889 of 8000 complete in 556.3 sec
[-----------------98%----------------- ] 7897 of 8000 complete in 556.8 sec
[-----------------98%----------------- ] 7906 of 8000 complete in 557.4 sec
[-----------------98%----------------- ] 7915 of 8000 complete in 557.9 sec
[-----------------99%----------------- ] 7924 of 8000 complete in 558.4 sec
[-----------------99%----------------- ] 7933 of 8000 complete in 558.9 sec
[-----------------99%----------------- ] 7942 of 8000 complete in 559.5 sec
[-----------------99%----------------- ] 7951 of 8000 complete in 560.1 sec
[-----------------99%----------------- ] 7959 of 8000 complete in 560.6 sec
[-----------------99%----------------- ] 7967 of 8000 complete in 561.1 sec
[-----------------99%----------------- ] 7976 of 8000 complete in 561.6 sec
[-----------------99%----------------- ] 7985 of 8000 complete in 562.1 sec
[-----------------99%----------------- ] 7996 of 8000 complete in 562.7 sec
[-----------------100%-----------------] 8000 of 8000 complete in 562.9 sec
hddm sampling elpased time:  563.066 s
[-----------------90%--------------    ] 7216 of 8000 complete in 524.0 sec
[-----------------90%--------------    ] 7226 of 8000 complete in 524.5 sec
[-----------------90%--------------    ] 7236 of 8000 complete in 525.0 sec
[-----------------90%--------------    ] 7246 of 8000 complete in 525.5 sec
[-----------------90%--------------    ] 7256 of 8000 complete in 526.0 sec
[-----------------90%--------------    ] 7266 of 8000 complete in 526.6 sec
[-----------------90%--------------    ] 7276 of 8000 complete in 527.1 sec
[-----------------91%--------------    ] 7286 of 8000 complete in 527.6 sec
[-----------------91%--------------    ] 7296 of 8000 complete in 528.1 sec
[-----------------91%--------------    ] 7306 of 8000 complete in 528.7 sec
[-----------------91%--------------    ] 7316 of 8000 complete in 529.2 sec
[-----------------91%--------------    ] 7327 of 8000 complete in 529.7 sec
[-----------------91%--------------    ] 7337 of 8000 complete in 530.3 sec
[-----------------91%--------------    ] 7347 of 8000 complete in 530.8 sec
[-----------------91%--------------    ] 7357 of 8000 complete in 531.3 sec
[-----------------92%--------------    ] 7368 of 8000 complete in 531.8 sec
[-----------------92%---------------   ] 7378 of 8000 complete in 532.3 sec
[-----------------92%---------------   ] 7389 of 8000 complete in 532.9 sec
[-----------------92%---------------   ] 7399 of 8000 complete in 533.4 sec
[-----------------92%---------------   ] 7409 of 8000 complete in 533.9 sec
[-----------------92%---------------   ] 7420 of 8000 complete in 534.5 sec
[-----------------92%---------------   ] 7430 of 8000 complete in 535.0 sec
[-----------------92%---------------   ] 7439 of 8000 complete in 535.5 sec
[-----------------93%---------------   ] 7449 of 8000 complete in 536.1 sec
[-----------------93%---------------   ] 7458 of 8000 complete in 536.6 sec
[-----------------93%---------------   ] 7467 of 8000 complete in 537.1 sec
[-----------------93%---------------   ] 7477 of 8000 complete in 537.6 sec
[-----------------93%---------------   ] 7487 of 8000 complete in 538.2 sec
[-----------------93%---------------   ] 7497 of 8000 complete in 538.7 sec
[-----------------93%---------------   ] 7507 of 8000 complete in 539.2 sec
[-----------------93%---------------   ] 7517 of 8000 complete in 539.8 sec
[-----------------94%---------------   ] 7525 of 8000 complete in 540.3 sec
[-----------------94%---------------   ] 7532 of 8000 complete in 540.8 sec
[-----------------94%---------------   ] 7539 of 8000 complete in 541.3 sec
[-----------------94%---------------   ] 7548 of 8000 complete in 541.9 sec
[-----------------94%---------------   ] 7556 of 8000 complete in 542.4 sec
[-----------------94%---------------   ] 7563 of 8000 complete in 543.0 sec
[-----------------94%---------------   ] 7571 of 8000 complete in 543.5 sec
[-----------------94%----------------  ] 7581 of 8000 complete in 544.1 sec
[-----------------94%----------------  ] 7590 of 8000 complete in 544.6 sec
[-----------------95%----------------  ] 7600 of 8000 complete in 545.1 sec
[-----------------95%----------------  ] 7610 of 8000 complete in 545.6 sec
[-----------------95%----------------  ] 7620 of 8000 complete in 546.1 sec
[-----------------95%----------------  ] 7631 of 8000 complete in 546.7 sec
[-----------------95%----------------  ] 7640 of 8000 complete in 547.2 sec
[-----------------95%----------------  ] 7649 of 8000 complete in 547.7 sec
[-----------------95%----------------  ] 7659 of 8000 complete in 548.2 sec
[-----------------95%----------------  ] 7669 of 8000 complete in 548.8 sec
[-----------------95%----------------  ] 7679 of 8000 complete in 549.3 sec
[-----------------96%----------------  ] 7688 of 8000 complete in 549.9 sec
[-----------------96%----------------  ] 7697 of 8000 complete in 550.4 sec
[-----------------96%----------------  ] 7705 of 8000 complete in 550.9 sec
[-----------------96%----------------  ] 7713 of 8000 complete in 551.4 sec
[-----------------96%----------------  ] 7721 of 8000 complete in 552.0 sec
[-----------------96%----------------  ] 7729 of 8000 complete in 552.5 sec
[-----------------96%----------------  ] 7737 of 8000 complete in 553.0 sec
[-----------------96%----------------  ] 7745 of 8000 complete in 553.6 sec
[-----------------96%----------------  ] 7754 of 8000 complete in 554.1 sec
[-----------------97%----------------  ] 7763 of 8000 complete in 554.7 sec
[-----------------97%----------------  ] 7772 of 8000 complete in 555.2 sec
[-----------------97%----------------  ] 7781 of 8000 complete in 555.7 sec
[-----------------97%----------------- ] 7790 of 8000 complete in 556.2 sec
[-----------------97%----------------- ] 7798 of 8000 complete in 556.7 sec
[-----------------97%----------------- ] 7807 of 8000 complete in 557.3 sec
[-----------------97%----------------- ] 7816 of 8000 complete in 557.8 sec
[-----------------97%----------------- ] 7826 of 8000 complete in 558.4 sec
[-----------------97%----------------- ] 7835 of 8000 complete in 558.9 sec
[-----------------98%----------------- ] 7844 of 8000 complete in 559.4 sec
[-----------------98%----------------- ] 7853 of 8000 complete in 559.9 sec
[-----------------98%----------------- ] 7862 of 8000 complete in 560.5 sec
[-----------------98%----------------- ] 7871 of 8000 complete in 561.0 sec
[-----------------98%----------------- ] 7879 of 8000 complete in 561.6 sec
[-----------------98%----------------- ] 7888 of 8000 complete in 562.1 sec
[-----------------98%----------------- ] 7900 of 8000 complete in 562.6 sec
[-----------------98%----------------- ] 7911 of 8000 complete in 563.2 sec
[-----------------99%----------------- ] 7923 of 8000 complete in 563.7 sec
[-----------------99%----------------- ] 7935 of 8000 complete in 564.2 sec
[-----------------99%----------------- ] 7947 of 8000 complete in 564.7 sec
[-----------------99%----------------- ] 7960 of 8000 complete in 565.3 sec
[-----------------99%----------------- ] 7972 of 8000 complete in 565.8 sec
[-----------------99%----------------- ] 7984 of 8000 complete in 566.3 sec
[-----------------99%----------------- ] 7996 of 8000 complete in 566.8 sec
[-----------------100%-----------------] 8000 of 8000 complete in 567.0 sec
hddm sampling elpased time:  567.139 s
